;FLAVOR:Marlin
;TIME:2164
;Filament used: 1.62135m
;Layer height: 0.2
;MINX:81.682
;MINY:83.967
;MINZ:0.2
;MAXX:138.245
;MAXY:135.997
;MAXZ:16
;Generated with Creality Slicer 4.8.2-291
M140 S60
M105
M190 S60
M104 S205
M105
M109 S205
M82 ;absolute extrusion mode

G28 ;Home

G92 E0 ;Reset Extruder
G1 Z2.0 F3000 ;Move Z Axis up
G1 X10.1 Y20 Z0.28 F5000.0 ;Move to start position
G1 X10.1 Y200.0 Z0.28 F1500.0 E15 ;Draw the first line
G1 X10.4 Y200.0 Z0.28 F5000.0 ;Move to side a little
G1 X10.4 Y20 Z0.28 F1500.0 E30 ;Draw the second line
G92 E0 ;Reset Extruder
G1 Z2.0 F3000 ;Move Z Axis up

G92 E0
G92 E0
G1 F2400 E-0.8
;LAYER_COUNT:81
;LAYER:0
M107
G0 F7500 X84.039 Y91.192 Z0.2
;TYPE:SKIRT
G1 F2400 E0
G1 F1500 X84.628 Y90.665 E0.02629
G1 X85.025 Y90.365 E0.04284
G1 X92.023 Y85.417 E0.3279
G1 X92.69 Y84.995 E0.35415
G1 X93.396 Y84.641 E0.38042
G1 X94.135 Y84.361 E0.4067
G1 X94.194 Y84.342 E0.40876
G1 X94.957 Y84.139 E0.43502
G1 X95.737 Y84.013 E0.4613
G1 X96.585 Y83.967 E0.48955
G1 X117.527 Y83.967 E1.18608
G1 X117.937 Y83.988 E1.19974
G1 X118.042 Y83.977 E1.20325
G1 X118.444 Y83.967 E1.21662
G1 X130.328 Y83.967 E1.61189
G1 X131.117 Y84.007 E1.63816
G1 X131.897 Y84.126 E1.6644
G1 X132.662 Y84.324 E1.69069
G1 X133.402 Y84.598 E1.71693
G1 X134.111 Y84.946 E1.7432
G1 X134.782 Y85.364 E1.76949
G1 X135.406 Y85.847 E1.79574
G1 X135.843 Y86.252 E1.81556
G1 X135.96 Y86.369 E1.82106
G1 X136.49 Y86.955 E1.84734
G1 X136.957 Y87.591 E1.87358
G1 X137.358 Y88.271 E1.89984
G1 X137.688 Y88.989 E1.92612
G1 X137.943 Y89.736 E1.95238
G1 X138.122 Y90.505 E1.97864
G1 X138.222 Y91.289 E2.00492
G1 X138.245 Y91.884 E2.02473
G1 X138.245 Y113.529 E2.74464
G1 X138.192 Y114.44 E2.77499
G1 X138.176 Y114.576 E2.77955
G1 X138.044 Y115.355 E2.80583
G1 X138.004 Y115.675 E2.81655
G1 X137.926 Y116.239 E2.83549
G1 X137.784 Y116.871 E2.85704
G1 X137.642 Y117.723 E2.88576
G1 X137.632 Y117.766 E2.88723
G1 X137.471 Y118.331 E2.90677
G1 X137.401 Y118.722 E2.91998
G1 X137.391 Y118.761 E2.92132
G1 X137.233 Y119.269 E2.93902
G1 X137.088 Y119.828 E2.95823
G1 X136.962 Y120.224 E2.97205
G1 X136.718 Y120.975 E2.99831
G1 X136.445 Y121.694 E3.02389
G1 X136.393 Y121.848 E3.0293
G1 X136.263 Y122.175 E3.041
G1 X136.064 Y122.7 E3.05968
G1 X135.946 Y122.964 E3.06929
G1 X135.86 Y123.178 E3.07696
G1 X135.529 Y123.895 E3.10323
G1 X135.479 Y123.979 E3.10648
G1 X135.273 Y124.412 E3.12243
G1 X135.238 Y124.47 E3.12468
G1 X135.07 Y124.821 E3.13763
G1 X134.976 Y124.975 E3.14363
G1 X134.725 Y125.45 E3.16149
G1 X134.633 Y125.621 E3.16795
G1 X134.457 Y125.904 E3.17904
G1 X134.347 Y126.117 E3.18701
G1 X134.172 Y126.385 E3.19766
G1 X134.071 Y126.574 E3.20478
G1 X133.883 Y126.852 E3.21595
G1 X133.83 Y126.948 E3.21959
G1 X133.355 Y127.635 E3.24737
G1 X133.233 Y127.834 E3.25514
G1 X133.041 Y128.087 E3.2657
G1 X133 Y128.153 E3.26828
G1 X132.516 Y128.777 E3.29455
G1 X132.488 Y128.807 E3.29592
G1 X132.333 Y129.008 E3.30436
G1 X132.079 Y129.303 E3.3173
G1 X131.969 Y129.449 E3.32338
G1 X131.793 Y129.639 E3.332
G1 X131.591 Y129.889 E3.34269
G1 X131.314 Y130.183 E3.35612
G1 X131.073 Y130.428 E3.36755
G1 X130.935 Y130.579 E3.37436
G1 X130.545 Y130.977 E3.39289
G1 X130.231 Y131.272 E3.40722
G1 X129.965 Y131.511 E3.41912
G1 X129.666 Y131.776 E3.4324
G1 X129.469 Y131.946 E3.44106
G1 X129.265 Y132.117 E3.44991
G1 X129.07 Y132.274 E3.45824
G1 X128.779 Y132.497 E3.47043
G1 X128.329 Y132.847 E3.48939
G1 X128.129 Y132.991 E3.49759
G1 X127.827 Y133.198 E3.50977
G1 X127.635 Y133.323 E3.51739
G1 X127.413 Y133.462 E3.5261
G1 X126.952 Y133.745 E3.54409
G1 X125.988 Y134.317 E3.58137
G1 X125.282 Y134.631 E3.60707
G1 X125.161 Y134.702 E3.61174
G1 X124.442 Y135.03 E3.63802
G1 X124.276 Y135.086 E3.64385
G1 X123.648 Y135.334 E3.66631
G1 X123.214 Y135.466 E3.6814
G1 X122.971 Y135.558 E3.69004
G1 X122.208 Y135.762 E3.71631
G1 X121.707 Y135.852 E3.73324
G1 X121.228 Y135.922 E3.74934
G1 X120.442 Y135.997 E3.7756
G1 X119.652 Y135.991 E3.80187
G1 X118.867 Y135.906 E3.82814
G1 X118.095 Y135.742 E3.85439
G1 X117.343 Y135.5 E3.88066
G1 X116.619 Y135.184 E3.90694
G1 X115.931 Y134.796 E3.93321
G1 X115.286 Y134.341 E3.95946
G1 X114.69 Y133.823 E3.98572
G1 X114.15 Y133.247 E4.01198
G1 X113.67 Y132.62 E4.03825
G1 X113.257 Y131.947 E4.06451
G1 X112.913 Y131.236 E4.09078
G1 X112.555 Y130.182 E4.1278
G1 X112.131 Y128.565 E4.1834
G1 X111.97 Y127.792 E4.20967
G1 X111.887 Y127.007 E4.23592
G1 X111.858 Y126.692 E4.24644
G1 X103.655 Y126.692 E4.51927
G1 X102.866 Y126.652 E4.54555
G1 X102.086 Y126.533 E4.57179
G1 X101.264 Y126.317 E4.60006
G1 X101.205 Y126.298 E4.60212
G1 X100.467 Y126.018 E4.62838
G1 X99.76 Y125.665 E4.65466
G1 X99.093 Y125.242 E4.68093
G1 X87.067 Y116.738 E5.17082
G1 X86.446 Y116.25 E5.19709
G1 X85.79 Y115.607 E5.22764
G1 X85.761 Y115.575 E5.22907
G1 X85.261 Y114.964 E5.25533
G1 X84.811 Y114.279 E5.28259
G1 X82.765 Y110.786 E5.41723
G1 X82.4 Y110.086 E5.44349
G1 X82.109 Y109.352 E5.46975
G1 X81.966 Y108.883 E5.48606
G1 X81.953 Y108.835 E5.48771
G1 X81.786 Y108.063 E5.51398
G1 X81.697 Y107.279 E5.54023
G1 X81.682 Y106.796 E5.5563
G1 X81.682 Y96.821 E5.88807
G1 X81.722 Y96.032 E5.91435
G1 X81.841 Y95.252 E5.94059
G1 X82.039 Y94.487 E5.96687
G1 X82.313 Y93.747 E5.99312
G1 X82.587 Y93.175 E6.01421
G1 X82.633 Y93.088 E6.01749
G1 X83.037 Y92.41 E6.04374
G1 X83.507 Y91.775 E6.07001
G1 X84.039 Y91.192 E6.09626
G0 F7500 X84.364 Y91.434
G1 F1500 X84.942 Y90.927 E6.12183
G1 X85.256 Y90.692 E6.13488
G1 X92.254 Y85.744 E6.41994
G1 X92.904 Y85.333 E6.44552
G1 X93.593 Y84.992 E6.47108
G1 X94.258 Y84.742 E6.49471
G1 X94.317 Y84.723 E6.49678
G1 X95.06 Y84.526 E6.52234
G1 X95.82 Y84.407 E6.54793
G1 X96.585 Y84.367 E6.57341
G1 X117.527 Y84.367 E7.26994
G1 X118.009 Y84.392 E7.28599
G1 X118.444 Y84.367 E7.30048
G1 X130.328 Y84.367 E7.69575
G1 X131.096 Y84.407 E7.72133
G1 X131.856 Y84.526 E7.74691
G1 X132.599 Y84.724 E7.77249
G1 X133.318 Y84.998 E7.79808
G1 X134.004 Y85.345 E7.82365
G1 X134.651 Y85.761 E7.84923
G1 X135.251 Y86.242 E7.87481
G1 X135.561 Y86.534 E7.88897
G1 X135.678 Y86.651 E7.89448
G1 X136.192 Y87.223 E7.92005
G1 X136.645 Y87.845 E7.94565
G1 X137.031 Y88.51 E7.97122
G1 X137.346 Y89.212 E7.99681
G1 X137.586 Y89.943 E8.0224
G1 X137.749 Y90.694 E8.04796
G1 X137.833 Y91.459 E8.07356
G1 X137.845 Y91.884 E8.0877
G1 X137.845 Y113.529 E8.80762
G1 X137.794 Y114.394 E8.83644
G1 X137.778 Y114.53 E8.84099
G1 X137.649 Y115.288 E8.86656
G1 X137.604 Y115.654 E8.87883
G1 X137.532 Y116.171 E8.89619
G1 X137.4 Y116.755 E8.9161
G1 X137.253 Y117.632 E8.94568
G1 X137.243 Y117.675 E8.94715
G1 X137.084 Y118.226 E8.96622
G1 X137.013 Y118.623 E8.97964
G1 X137.003 Y118.662 E8.98098
G1 X136.859 Y119.125 E8.9971
G1 X136.688 Y119.765 E9.01914
G1 X136.576 Y120.12 E9.03152
G1 X136.337 Y120.851 E9.0571
G1 X136.068 Y121.561 E9.08235
G1 X136.014 Y121.72 E9.08793
G1 X135.89 Y122.031 E9.09907
G1 X135.895 Y122.033 E9.09925
G1 X135.692 Y122.556 E9.11791
G1 X135.574 Y122.818 E9.12747
G1 X135.489 Y123.029 E9.13503
G1 X135.166 Y123.726 E9.16058
G1 X135.117 Y123.808 E9.16376
G1 X134.911 Y124.24 E9.17968
G1 X134.882 Y124.288 E9.18154
G1 X134.709 Y124.648 E9.19483
G1 X134.624 Y124.786 E9.20022
G1 X134.371 Y125.262 E9.21815
G1 X134.273 Y125.444 E9.22502
G1 X134.109 Y125.706 E9.2353
G1 X133.991 Y125.933 E9.24381
G1 X133.823 Y126.188 E9.25397
G1 X133.718 Y126.384 E9.26136
G1 X133.543 Y126.641 E9.27171
G1 X133.48 Y126.755 E9.27604
G1 X133.02 Y127.415 E9.3028
G1 X132.892 Y127.625 E9.31098
G1 X132.702 Y127.873 E9.32137
G1 X132.66 Y127.94 E9.324
G1 X132.186 Y128.546 E9.34959
G1 X132.173 Y128.559 E9.3502
G1 X132.003 Y128.779 E9.35944
G1 X131.764 Y129.056 E9.37161
G1 X131.637 Y129.224 E9.37862
G1 X131.326 Y129.555 E9.39372
G1 X131.03 Y129.901 E9.40887
G1 X130.755 Y130.182 E9.42195
G1 X130.639 Y130.309 E9.42767
G1 X130.269 Y130.687 E9.44526
G1 X129.962 Y130.975 E9.45926
G1 X129.7 Y131.212 E9.47101
G1 X129.405 Y131.473 E9.48411
G1 X129.208 Y131.643 E9.49277
G1 X129.014 Y131.805 E9.50117
G1 X128.819 Y131.962 E9.5095
G1 X128.095 Y132.522 E9.53994
G1 X127.895 Y132.666 E9.54814
G1 X127.608 Y132.863 E9.55972
G1 X127.206 Y133.119 E9.57557
G1 X126.747 Y133.402 E9.5935
G1 X125.784 Y133.973 E9.63074
G1 X125.071 Y134.288 E9.65666
G1 X124.905 Y134.383 E9.66303
G1 X124.202 Y134.694 E9.68859
G1 X124.097 Y134.728 E9.69226
G1 X123.482 Y134.968 E9.71422
G1 X123.082 Y135.088 E9.72811
G1 X122.829 Y135.184 E9.73711
G1 X122.085 Y135.379 E9.76269
G1 X121.649 Y135.456 E9.77742
G1 X121.17 Y135.526 E9.79352
G1 X120.404 Y135.598 E9.81911
G1 X119.635 Y135.589 E9.84469
G1 X118.871 Y135.501 E9.87027
G1 X118.12 Y135.334 E9.89586
G1 X117.391 Y135.09 E9.92142
G1 X116.691 Y134.772 E9.947
G1 X116.027 Y134.382 E9.97261
G1 X115.408 Y133.926 E9.99818
G1 X114.839 Y133.408 E10.02377
G1 X114.328 Y132.834 E10.04933
G1 X113.878 Y132.21 E10.07492
G1 X113.496 Y131.543 E10.10049
G1 X113.185 Y130.839 E10.12608
G1 X112.942 Y130.081 E10.15256
G1 X112.518 Y128.464 E10.20816
G1 X112.362 Y127.711 E10.23374
G1 X112.285 Y126.946 E10.25931
G1 X112.285 Y126.778 E10.2649
G1 X112.183 Y126.292 E10.28141
G1 X103.655 Y126.292 E10.56506
G1 X102.887 Y126.252 E10.59063
G1 X102.127 Y126.133 E10.61622
G1 X101.387 Y125.936 E10.64169
G1 X101.328 Y125.917 E10.64375
G1 X100.609 Y125.643 E10.66934
G1 X99.922 Y125.297 E10.69493
G1 X99.323 Y124.915 E10.71856
G1 X87.297 Y116.411 E11.20844
G1 X86.693 Y115.935 E11.23402
G1 X86.087 Y115.338 E11.26231
G1 X86.058 Y115.306 E11.26375
G1 X85.572 Y114.71 E11.28933
G1 X85.156 Y114.077 E11.31452
G1 X83.11 Y110.584 E11.44916
G1 X82.756 Y109.901 E11.47475
G1 X82.475 Y109.185 E11.50033
G1 X82.339 Y108.73 E11.51613
G1 X82.177 Y107.979 E11.54168
G1 X82.094 Y107.214 E11.56727
G1 X82.082 Y106.796 E11.58118
G1 X82.082 Y96.821 E11.91295
G1 X82.122 Y96.053 E11.93853
G1 X82.241 Y95.293 E11.96412
G1 X82.439 Y94.55 E11.98969
G1 X82.713 Y93.831 E12.01528
G1 X82.94 Y93.362 E12.03261
G1 X82.986 Y93.275 E12.03589
G1 X83.381 Y92.615 E12.06147
G1 X83.841 Y91.999 E12.08704
G1 X84.364 Y91.434 E12.11265
G0 F7500 X84.687 Y91.678
G1 F1500 X85.487 Y91.018 E12.14714
G1 X92.485 Y86.07 E12.4322
G1 X93.118 Y85.672 E12.45707
G1 X93.79 Y85.343 E12.48195
G1 X94.38 Y85.123 E12.5029
G1 X94.439 Y85.104 E12.50496
G1 X95.163 Y84.913 E12.52986
G1 X95.902 Y84.8 E12.55473
G1 X96.585 Y84.767 E12.57747
G1 X117.527 Y84.767 E13.274
G1 X117.914 Y84.788 E13.2869
G1 X117.927 Y84.786 E13.28733
G1 X118.444 Y84.767 E13.30454
G1 X130.328 Y84.767 E13.6998
G1 X131.075 Y84.807 E13.72468
G1 X131.813 Y84.926 E13.74955
G1 X132.535 Y85.124 E13.77445
G1 X133.231 Y85.397 E13.79931
G1 X133.894 Y85.744 E13.8242
G1 X134.517 Y86.159 E13.8491
G1 X135.278 Y86.817 E13.88256
G1 X135.395 Y86.934 E13.88806
G1 X135.895 Y87.491 E13.91296
G1 X136.332 Y88.097 E13.93781
G1 X136.703 Y88.747 E13.9627
G1 X137.002 Y89.433 E13.98759
G1 X137.226 Y90.147 E14.01248
G1 X137.373 Y90.88 E14.03735
G1 X137.445 Y91.884 E14.07082
G1 X137.445 Y113.529 E14.79074
G1 X137.397 Y114.347 E14.81799
G1 X137.381 Y114.483 E14.82255
G1 X137.223 Y115.28 E14.84957
G1 X137.204 Y115.633 E14.86133
G1 X137.137 Y116.104 E14.87715
G1 X137.006 Y116.682 E14.89687
G1 X137.005 Y116.703 E14.89756
G1 X136.863 Y117.542 E14.92587
G1 X136.853 Y117.585 E14.92734
G1 X136.7 Y118.112 E14.94559
G1 X136.626 Y118.524 E14.95951
G1 X136.616 Y118.563 E14.96085
G1 X136.487 Y118.971 E14.97508
G1 X136.288 Y119.701 E15.00025
G1 X136.19 Y120.016 E15.01122
G1 X135.956 Y120.726 E15.03608
G1 X135.706 Y121.386 E15.05956
G1 X135.636 Y121.591 E15.06676
G1 X135.517 Y121.886 E15.07734
G1 X135.522 Y121.888 E15.07752
G1 X135.319 Y122.411 E15.09618
G1 X135.202 Y122.669 E15.1056
G1 X135.118 Y122.879 E15.11313
G1 X134.802 Y123.558 E15.13803
G1 X134.76 Y123.627 E15.14072
G1 X134.55 Y124.068 E15.15697
G1 X134.519 Y124.118 E15.15892
G1 X134.348 Y124.474 E15.17206
G1 X134.27 Y124.599 E15.17696
G1 X134.017 Y125.074 E15.19486
G1 X133.914 Y125.268 E15.20217
G1 X133.756 Y125.517 E15.21197
G1 X133.636 Y125.748 E15.22063
G1 X133.476 Y125.988 E15.23023
G1 X133.365 Y126.194 E15.23801
G1 X133.198 Y126.438 E15.24784
G1 X133.13 Y126.56 E15.25249
G1 X132.938 Y126.833 E15.26359
G1 X132.93 Y126.847 E15.26413
G1 X132.687 Y127.194 E15.27822
G1 X132.55 Y127.416 E15.28689
G1 X132.373 Y127.646 E15.29654
G1 X132.321 Y127.728 E15.29977
G1 X131.673 Y128.549 E15.33456
G1 X131.438 Y128.822 E15.34654
G1 X131.304 Y128.997 E15.35387
G1 X131.067 Y129.246 E15.36531
G1 X130.747 Y129.619 E15.38165
G1 X130.473 Y129.898 E15.39466
G1 X130.344 Y130.039 E15.40102
G1 X129.994 Y130.396 E15.41764
G1 X129.694 Y130.679 E15.43136
G1 X129.434 Y130.913 E15.44299
G1 X129.143 Y131.171 E15.45593
G1 X128.946 Y131.341 E15.46458
G1 X128.763 Y131.493 E15.4725
G1 X128.568 Y131.65 E15.48082
G1 X127.861 Y132.198 E15.51057
G1 X127.661 Y132.342 E15.51877
G1 X127.39 Y132.527 E15.52969
G1 X127 Y132.777 E15.54509
G1 X126.543 Y133.058 E15.56294
G1 X125.581 Y133.628 E15.60013
G1 X124.866 Y133.943 E15.62611
G1 X124.651 Y134.063 E15.6343
G1 X123.963 Y134.356 E15.65917
G1 X123.893 Y134.376 E15.6616
G1 X122.892 Y134.731 E15.69692
G1 X122.688 Y134.809 E15.70419
G1 X121.963 Y134.996 E15.72909
G1 X121.591 Y135.06 E15.74164
G1 X121.112 Y135.13 E15.75774
G1 X120.367 Y135.199 E15.78263
G1 X119.619 Y135.187 E15.80751
G1 X118.877 Y135.096 E15.83237
G1 X118.148 Y134.926 E15.85727
G1 X117.442 Y134.68 E15.88214
G1 X116.766 Y134.359 E15.90703
G1 X116.128 Y133.968 E15.93192
G1 X115.536 Y133.511 E15.95679
G1 X114.996 Y132.994 E15.98165
G1 X114.514 Y132.422 E16.00653
G1 X114.095 Y131.802 E16.03142
G1 X113.746 Y131.141 E16.05628
G1 X113.469 Y130.446 E16.08117
G1 X113.329 Y129.979 E16.09738
G1 X112.905 Y128.362 E16.15298
G1 X112.754 Y127.63 E16.17784
G1 X112.682 Y126.885 E16.20274
G1 X112.684 Y126.731 E16.20786
G1 X112.557 Y126.125 E16.22845
G1 X112.534 Y125.892 E16.23624
G1 X103.655 Y125.892 E16.53156
G1 X102.908 Y125.852 E16.55644
G1 X102.17 Y125.733 E16.5813
G1 X101.509 Y125.555 E16.60407
G1 X101.45 Y125.536 E16.60613
G1 X100.751 Y125.269 E16.63102
G1 X100.085 Y124.929 E16.65589
G1 X99.554 Y124.588 E16.67688
G1 X87.528 Y116.084 E17.16676
G1 X86.942 Y115.62 E17.19163
G1 X86.383 Y115.07 E17.21771
G1 X86.354 Y115.038 E17.21914
G1 X85.882 Y114.457 E17.24404
G1 X85.501 Y113.875 E17.26718
G1 X83.455 Y110.382 E17.40182
G1 X83.112 Y109.717 E17.42671
G1 X82.738 Y108.674 E17.46356
G1 X82.725 Y108.626 E17.46521
G1 X82.569 Y107.894 E17.49011
G1 X82.482 Y106.796 E17.52674
G1 X82.482 Y96.821 E17.85851
G1 X82.522 Y96.074 E17.88339
G1 X82.641 Y95.336 E17.90825
G1 X82.839 Y94.614 E17.93315
G1 X83.112 Y93.918 E17.95802
G1 X83.294 Y93.549 E17.97171
G1 X83.34 Y93.462 E17.97498
G1 X83.724 Y92.82 E17.99986
G1 X84.175 Y92.223 E18.02474
G1 X84.687 Y91.678 E18.04962
G0 F7500 X85.009 Y91.923
G1 F1500 X85.718 Y91.345 E18.08004
G1 X92.716 Y86.397 E18.3651
G1 X93.331 Y86.011 E18.38925
G1 X93.985 Y85.695 E18.41341
G1 X94.503 Y85.504 E18.43177
G1 X94.562 Y85.485 E18.43383
G1 X95.264 Y85.3 E18.45798
G1 X95.983 Y85.195 E18.48215
G1 X96.585 Y85.167 E18.50219
G1 X117.527 Y85.167 E19.19872
G1 X118.039 Y85.195 E19.21578
G1 X118.444 Y85.167 E19.22928
G1 X130.328 Y85.167 E19.62454
G1 X131.053 Y85.207 E19.64869
G1 X131.77 Y85.326 E19.67287
G1 X132.469 Y85.524 E19.69703
G1 X133.142 Y85.797 E19.72119
G1 X133.781 Y86.142 E19.74534
G1 X134.378 Y86.556 E19.7695
G1 X134.995 Y87.1 E19.79686
G1 X135.112 Y87.217 E19.80237
G1 X135.596 Y87.758 E19.82651
G1 X136.019 Y88.349 E19.85068
G1 X136.373 Y88.983 E19.87483
G1 X136.656 Y89.652 E19.89899
G1 X136.864 Y90.348 E19.92315
G1 X136.994 Y91.063 E19.94733
G1 X137.045 Y91.884 E19.97468
G1 X137.045 Y113.529 E20.6946
G1 X137 Y114.3 E20.72029
G1 X136.984 Y114.436 E20.72484
G1 X136.824 Y115.24 E20.75211
G1 X136.804 Y115.611 E20.76446
G1 X136.743 Y116.036 E20.77874
G1 X136.613 Y116.543 E20.79615
G1 X136.605 Y116.681 E20.80075
G1 X136.473 Y117.451 E20.82673
G1 X136.463 Y117.494 E20.8282
G1 X136.315 Y118.001 E20.84577
G1 X136.238 Y118.424 E20.86007
G1 X136.228 Y118.463 E20.86141
G1 X136.094 Y118.886 E20.87617
G1 X136.086 Y118.936 E20.87785
G1 X135.888 Y119.635 E20.90202
G1 X135.803 Y119.912 E20.91165
G1 X135.576 Y120.601 E20.93578
G1 X135.328 Y121.253 E20.95898
G1 X135.257 Y121.462 E20.96632
G1 X135.145 Y121.741 E20.97632
G1 X134.946 Y122.266 E20.995
G1 X134.836 Y122.509 E21.00387
G1 X134.747 Y122.73 E21.01179
G1 X134.439 Y123.388 E21.03596
G1 X134.406 Y123.441 E21.03803
G1 X134.189 Y123.895 E21.05477
G1 X134.161 Y123.94 E21.05653
G1 X133.987 Y124.3 E21.06983
G1 X133.922 Y124.403 E21.07388
G1 X133.664 Y124.885 E21.09207
G1 X133.554 Y125.09 E21.0998
G1 X133.411 Y125.314 E21.10864
G1 X133.281 Y125.563 E21.11798
G1 X133.128 Y125.79 E21.12709
G1 X133.013 Y126.003 E21.13514
G1 X132.852 Y126.236 E21.14456
G1 X132.779 Y126.366 E21.14952
G1 X132.595 Y126.625 E21.16009
G1 X132.579 Y126.653 E21.16116
G1 X132.355 Y126.97 E21.17407
G1 X132.209 Y127.206 E21.1833
G1 X132.038 Y127.425 E21.19254
G1 X131.982 Y127.514 E21.19604
G1 X131.344 Y128.318 E21.23018
G1 X131.124 Y128.574 E21.2414
G1 X130.973 Y128.769 E21.2496
G1 X130.784 Y128.965 E21.25866
G1 X130.463 Y129.337 E21.275
G1 X130.275 Y129.526 E21.28387
G1 X130.048 Y129.77 E21.29495
G1 X129.718 Y130.106 E21.31062
G1 X129.425 Y130.382 E21.32401
G1 X129.168 Y130.614 E21.33552
G1 X128.882 Y130.868 E21.34824
G1 X128.685 Y131.038 E21.3569
G1 X128.512 Y131.182 E21.36439
G1 X128.317 Y131.339 E21.37271
G1 X128.049 Y131.543 E21.38391
G1 X128.009 Y131.577 E21.38566
G1 X127.627 Y131.873 E21.40173
G1 X127.427 Y132.017 E21.40993
G1 X127.172 Y132.192 E21.42022
G1 X126.793 Y132.435 E21.43519
G1 X126.483 Y132.625 E21.44728
G1 X126.14 Y132.833 E21.46063
G1 X125.378 Y133.282 E21.49004
G1 X124.667 Y133.594 E21.51587
G1 X124.399 Y133.74 E21.52602
G1 X123.868 Y133.958 E21.54511
G1 X123.696 Y134.025 E21.55125
G1 X122.685 Y134.381 E21.5869
G1 X122.547 Y134.434 E21.59182
G1 X121.533 Y134.665 E21.62641
G1 X121.054 Y134.735 E21.64251
G1 X120.331 Y134.8 E21.66665
G1 X119.605 Y134.785 E21.6908
G1 X118.885 Y134.691 E21.71495
G1 X118.179 Y134.518 E21.73913
G1 X117.497 Y134.269 E21.76328
G1 X116.846 Y133.946 E21.78745
G1 X116.235 Y133.554 E21.81159
G1 X115.67 Y133.097 E21.83576
G1 X115.16 Y132.58 E21.85992
G1 X114.709 Y132.011 E21.88407
G1 X114.323 Y131.395 E21.90824
G1 X114.007 Y130.741 E21.9324
G1 X113.716 Y129.878 E21.96269
G1 X113.292 Y128.261 E22.01829
G1 X113.147 Y127.549 E22.04246
G1 X113.08 Y126.826 E22.06661
G1 X113.083 Y126.685 E22.0713
G1 X112.949 Y126.043 E22.09311
G1 X112.896 Y125.492 E22.11153
G1 X103.655 Y125.492 E22.41888
G1 X102.93 Y125.452 E22.44303
G1 X102.213 Y125.333 E22.46721
G1 X101.632 Y125.174 E22.48724
G1 X101.573 Y125.155 E22.4893
G1 X100.895 Y124.895 E22.51345
G1 X100.249 Y124.562 E22.53763
G1 X99.785 Y124.262 E22.556
G1 X87.759 Y115.758 E23.04589
G1 X87.19 Y115.306 E23.07006
G1 X86.679 Y114.801 E23.09396
G1 X86.65 Y114.769 E23.09539
G1 X86.193 Y114.205 E23.11954
G1 X85.846 Y113.673 E23.14066
G1 X83.8 Y110.18 E23.2753
G1 X83.468 Y109.534 E23.29946
G1 X83.125 Y108.569 E23.33352
G1 X83.112 Y108.521 E23.33518
G1 X82.96 Y107.811 E23.35933
G1 X82.882 Y106.796 E23.39319
G1 X82.882 Y96.821 E23.72496
G1 X82.922 Y96.096 E23.74911
G1 X83.041 Y95.379 E23.77328
G1 X83.239 Y94.68 E23.79744
G1 X83.647 Y93.736 E23.83165
G1 X83.693 Y93.649 E23.83492
G1 X84.068 Y93.027 E23.85908
G1 X84.508 Y92.449 E23.88324
G1 X85.009 Y91.923 E23.9074
G0 F7500 X85.331 Y92.171
G1 F1500 X85.949 Y91.672 E23.93382
G1 X92.947 Y86.724 E24.21888
G1 X93.544 Y86.35 E24.24231
G1 X94.179 Y86.047 E24.26571
G1 X94.626 Y85.884 E24.28153
G1 X94.685 Y85.865 E24.2836
G1 X95.366 Y85.688 E24.307
G1 X96.063 Y85.589 E24.33041
G1 X96.585 Y85.567 E24.34779
G1 X117.527 Y85.567 E25.04432
G1 X117.939 Y85.59 E25.05805
G1 X118.444 Y85.567 E25.07486
G1 X130.328 Y85.567 E25.47013
G1 X131.031 Y85.607 E25.49355
G1 X131.725 Y85.726 E25.51697
G1 X132.4 Y85.924 E25.54036
G1 X133.049 Y86.196 E25.56377
G1 X133.663 Y86.541 E25.58719
G1 X134.234 Y86.952 E25.61059
G1 X134.712 Y87.383 E25.632
G1 X134.829 Y87.5 E25.6375
G1 X135.298 Y88.025 E25.66092
G1 X135.704 Y88.6 E25.68433
G1 X136.042 Y89.218 E25.70776
G1 X136.309 Y89.869 E25.73116
G1 X136.499 Y90.547 E25.75458
G1 X136.612 Y91.242 E25.778
G1 X136.645 Y91.884 E25.79938
G1 X136.645 Y113.529 E26.51929
G1 X136.603 Y114.253 E26.54341
G1 X136.587 Y114.389 E26.54797
G1 X136.411 Y115.276 E26.57805
G1 X136.355 Y115.934 E26.60001
G1 X136.349 Y115.969 E26.60119
G1 X136.215 Y116.491 E26.61912
G1 X136.205 Y116.659 E26.62471
G1 X136.084 Y117.36 E26.64837
G1 X136.074 Y117.403 E26.64984
G1 X135.93 Y117.893 E26.66683
G1 X135.851 Y118.325 E26.68144
G1 X135.841 Y118.364 E26.68277
G1 X135.701 Y118.802 E26.69807
G1 X135.686 Y118.891 E26.70107
G1 X135.488 Y119.566 E26.72447
G1 X135.417 Y119.807 E26.73282
G1 X135.196 Y120.476 E26.75626
G1 X134.95 Y121.121 E26.77922
G1 X134.878 Y121.333 E26.78666
G1 X134.772 Y121.596 E26.79609
G1 X134.573 Y122.121 E26.81477
G1 X134.471 Y122.345 E26.82295
G1 X134.376 Y122.581 E26.83142
G1 X134.077 Y123.218 E26.85482
G1 X134.044 Y123.272 E26.85693
G1 X133.827 Y123.721 E26.87351
G1 X133.809 Y123.749 E26.87462
G1 X133.627 Y124.125 E26.88851
G1 X133.567 Y124.22 E26.89225
G1 X133.311 Y124.696 E26.91023
G1 X133.062 Y125.118 E26.92652
G1 X132.926 Y125.378 E26.93628
G1 X132.783 Y125.588 E26.94473
G1 X132.661 Y125.812 E26.95322
G1 X132.509 Y126.029 E26.96203
G1 X132.43 Y126.17 E26.9674
G1 X132.253 Y126.415 E26.97746
G1 X132.229 Y126.459 E26.97912
G1 X132.02 Y126.75 E26.99104
G1 X131.868 Y126.996 E27.00066
G1 X131.702 Y127.206 E27.00956
G1 X131.643 Y127.3 E27.01325
G1 X131.015 Y128.086 E27.04671
G1 X130.806 Y128.33 E27.0574
G1 X130.642 Y128.54 E27.06626
G1 X130.498 Y128.686 E27.07308
G1 X130.18 Y129.054 E27.08926
G1 X129.889 Y129.351 E27.10309
G1 X129.753 Y129.5 E27.1098
G1 X129.443 Y129.816 E27.12452
G1 X129.157 Y130.085 E27.13758
G1 X128.903 Y130.315 E27.14898
G1 X128.621 Y130.565 E27.16151
G1 X128.424 Y130.735 E27.17017
G1 X128.261 Y130.87 E27.17721
G1 X128.066 Y131.027 E27.18553
G1 X127.795 Y131.234 E27.19688
G1 X127.752 Y131.27 E27.19874
G1 X127.394 Y131.549 E27.21384
G1 X127.194 Y131.693 E27.22203
G1 X126.954 Y131.857 E27.2317
G1 X126.586 Y132.092 E27.24622
G1 X126.133 Y132.371 E27.26392
G1 X125.824 Y132.554 E27.27586
G1 X125.783 Y132.581 E27.2775
G1 X125.175 Y132.936 E27.30091
G1 X124.487 Y133.237 E27.32589
G1 X124.149 Y133.416 E27.33861
G1 X123.723 Y133.582 E27.35382
G1 X123.651 Y133.619 E27.35651
G1 X122.771 Y133.929 E27.38754
G1 X122.711 Y133.945 E27.38961
G1 X122.407 Y134.058 E27.40039
G1 X121.476 Y134.269 E27.43215
G1 X120.997 Y134.339 E27.44825
G1 X120.295 Y134.401 E27.47169
G1 X119.592 Y134.383 E27.49507
G1 X118.894 Y134.286 E27.51851
G1 X118.213 Y134.11 E27.54191
G1 X117.555 Y133.858 E27.56534
G1 X116.931 Y133.533 E27.58874
G1 X116.347 Y133.139 E27.61217
G1 X115.812 Y132.682 E27.63558
G1 X115.332 Y132.167 E27.65899
G1 X114.913 Y131.601 E27.68241
G1 X114.562 Y130.991 E27.70582
G1 X114.281 Y130.345 E27.72925
G1 X114.103 Y129.777 E27.74905
G1 X113.679 Y128.16 E27.80465
G1 X113.539 Y127.47 E27.82807
G1 X113.479 Y126.768 E27.8515
G1 X113.482 Y126.644 E27.85563
G1 X113.341 Y125.962 E27.87879
G1 X113.278 Y125.261 E27.9022
G1 X113.274 Y125.092 E27.90782
G1 X103.655 Y125.092 E28.22775
G1 X102.952 Y125.052 E28.25117
G1 X102.258 Y124.933 E28.27459
G1 X101.755 Y124.794 E28.29195
G1 X101.696 Y124.775 E28.29401
G1 X101.039 Y124.521 E28.31744
G1 X100.415 Y124.195 E28.34085
G1 X100.016 Y123.935 E28.35669
G1 X87.99 Y115.431 E28.84658
G1 X87.44 Y114.993 E28.86997
G1 X86.976 Y114.532 E28.89172
G1 X86.947 Y114.5 E28.89316
G1 X86.505 Y113.953 E28.91655
G1 X86.191 Y113.471 E28.93568
G1 X84.145 Y109.978 E29.07032
G1 X83.824 Y109.351 E29.09375
G1 X83.511 Y108.465 E29.125
G1 X83.498 Y108.417 E29.12666
G1 X83.352 Y107.728 E29.15008
G1 X83.282 Y106.796 E29.18117
G1 X83.282 Y96.821 E29.51294
G1 X83.322 Y96.118 E29.53636
G1 X83.441 Y95.424 E29.55978
G1 X83.639 Y94.749 E29.58317
G1 X84.001 Y93.923 E29.61317
G1 X84.047 Y93.836 E29.61644
G1 X84.411 Y93.233 E29.63987
G1 X84.841 Y92.676 E29.66327
G1 X85.331 Y92.171 E29.68668
G0 F7500 X85.651 Y92.42
G1 F1500 X86.18 Y91.998 E29.70918
G1 X93.178 Y87.05 E29.99424
G1 X93.756 Y86.69 E30.01689
G1 X94.372 Y86.401 E30.03952
G1 X94.748 Y86.265 E30.05282
G1 X94.807 Y86.246 E30.05488
G1 X95.466 Y86.076 E30.07752
G1 X96.141 Y85.984 E30.10017
G1 X96.585 Y85.967 E30.11495
G1 X117.527 Y85.967 E30.81149
G1 X118.057 Y85.998 E30.82914
G1 X118.444 Y85.967 E30.84206
G1 X130.328 Y85.967 E31.23732
G1 X131.008 Y86.007 E31.25998
G1 X131.678 Y86.126 E31.28261
G1 X132.33 Y86.323 E31.30526
G1 X132.954 Y86.595 E31.3279
G1 X133.542 Y86.939 E31.35056
G1 X134.086 Y87.349 E31.37322
G1 X134.429 Y87.666 E31.38875
G1 X134.546 Y87.783 E31.39426
G1 X134.999 Y88.292 E31.41692
G1 X135.388 Y88.85 E31.43954
G1 X135.71 Y89.45 E31.46219
G1 X135.959 Y90.084 E31.48485
G1 X136.132 Y90.743 E31.50751
G1 X136.226 Y91.417 E31.53014
G1 X136.245 Y91.884 E31.54569
G1 X136.245 Y113.529 E32.2656
G1 X136.205 Y114.207 E32.28819
G1 X136.189 Y114.343 E32.29275
G1 X136.016 Y115.219 E32.32245
G1 X135.961 Y115.866 E32.34404
G1 X135.955 Y115.901 E32.34522
G1 X135.817 Y116.438 E32.36367
G1 X135.805 Y116.636 E32.37026
G1 X135.694 Y117.27 E32.39167
G1 X135.684 Y117.313 E32.39314
G1 X135.547 Y117.778 E32.40926
G1 X135.463 Y118.226 E32.42442
G1 X135.453 Y118.265 E32.42576
G1 X135.308 Y118.717 E32.44155
G1 X135.286 Y118.844 E32.44584
G1 X135.089 Y119.496 E32.46849
G1 X135.031 Y119.703 E32.47564
G1 X134.815 Y120.349 E32.4983
G1 X134.763 Y120.497 E32.50351
G1 X134.573 Y120.988 E32.52102
G1 X134.499 Y121.205 E32.52865
G1 X134.399 Y121.452 E32.53751
G1 X134.2 Y121.977 E32.55619
G1 X134.1 Y122.195 E32.56416
G1 X134.005 Y122.432 E32.57266
G1 X133.714 Y123.047 E32.59529
G1 X133.689 Y123.086 E32.59683
G1 X133.467 Y123.547 E32.61384
G1 X133.45 Y123.574 E32.61491
G1 X133.266 Y123.95 E32.62883
G1 X133.22 Y124.022 E32.63167
G1 X132.958 Y124.506 E32.64998
G1 X132.837 Y124.734 E32.65856
G1 X132.71 Y124.928 E32.66627
G1 X132.571 Y125.191 E32.67617
G1 X132.44 Y125.381 E32.68384
G1 X132.309 Y125.62 E32.69291
G1 X132.08 Y125.974 E32.70693
G1 X131.913 Y126.203 E32.71636
G1 X131.879 Y126.264 E32.71868
G1 X131.687 Y126.528 E32.72954
G1 X131.528 Y126.785 E32.73959
G1 X131.305 Y127.086 E32.75205
G1 X131.124 Y127.308 E32.76157
G1 X131.115 Y127.322 E32.76213
G1 X130.683 Y127.856 E32.78497
G1 X130.484 Y128.092 E32.79524
G1 X130.312 Y128.309 E32.80445
G1 X130.208 Y128.412 E32.80932
G1 X129.896 Y128.772 E32.82516
G1 X129.606 Y129.067 E32.83892
G1 X129.458 Y129.23 E32.84625
G1 X129.168 Y129.526 E32.86003
G1 X128.888 Y129.789 E32.8728
G1 X128.637 Y130.016 E32.88406
G1 X128.359 Y130.262 E32.89641
G1 X128.162 Y130.432 E32.90506
G1 X128.01 Y130.559 E32.91165
G1 X127.815 Y130.716 E32.91998
G1 X127.544 Y130.922 E32.9313
G1 X127.495 Y130.963 E32.93342
G1 X127.16 Y131.224 E32.94755
G1 X126.96 Y131.368 E32.95574
G1 X126.735 Y131.522 E32.96481
G1 X126.379 Y131.75 E32.97887
G1 X125.928 Y132.027 E32.99648
G1 X125.614 Y132.213 E33.00862
G1 X125.562 Y132.248 E33.0107
G1 X124.974 Y132.59 E33.03333
G1 X124.339 Y132.865 E33.05634
G1 X123.901 Y133.089 E33.0727
G1 X123.565 Y133.214 E33.08463
G1 X123.47 Y133.262 E33.08817
G1 X122.667 Y133.543 E33.11646
G1 X122.591 Y133.563 E33.11908
G1 X122.268 Y133.683 E33.13054
G1 X121.418 Y133.873 E33.15951
G1 X120.939 Y133.943 E33.17561
G1 X120.26 Y134.002 E33.19828
G1 X119.58 Y133.981 E33.2209
G1 X118.906 Y133.88 E33.24357
G1 X118.249 Y133.701 E33.26622
G1 X117.618 Y133.446 E33.28886
G1 X117.021 Y133.119 E33.3115
G1 X116.466 Y132.724 E33.33415
G1 X115.961 Y132.267 E33.35681
G1 X115.514 Y131.754 E33.37944
G1 X115.129 Y131.192 E33.40209
G1 X114.813 Y130.589 E33.42474
G1 X114.49 Y129.675 E33.45698
G1 X114.066 Y128.058 E33.51258
G1 X113.932 Y127.39 E33.53524
G1 X113.877 Y126.712 E33.55786
G1 X113.87 Y126.549 E33.56329
G1 X113.734 Y125.882 E33.58593
G1 X113.677 Y125.203 E33.60859
G1 X113.668 Y125.023 E33.61459
G1 X113.601 Y124.692 E33.62582
G1 X103.655 Y124.692 E33.95663
G1 X102.975 Y124.652 E33.97928
G1 X102.305 Y124.533 E34.00192
G1 X101.877 Y124.413 E34.0167
G1 X101.818 Y124.394 E34.01876
G1 X101.183 Y124.147 E34.04142
G1 X100.582 Y123.828 E34.06405
G1 X100.247 Y123.609 E34.07737
G1 X88.221 Y115.105 E34.56725
G1 X87.689 Y114.68 E34.5899
G1 X87.272 Y114.264 E34.60949
G1 X87.243 Y114.232 E34.61093
G1 X86.816 Y113.701 E34.63359
G1 X86.536 Y113.268 E34.65074
G1 X84.49 Y109.775 E34.78538
G1 X84.181 Y109.169 E34.80801
G1 X83.897 Y108.36 E34.83652
G1 X83.884 Y108.312 E34.83818
G1 X83.745 Y107.646 E34.86081
G1 X83.682 Y106.796 E34.88916
G1 X83.682 Y96.821 E35.22092
G1 X83.722 Y96.141 E35.24358
G1 X83.841 Y95.471 E35.26621
G1 X84.038 Y94.819 E35.28887
G1 X84.355 Y94.11 E35.3147
G1 X84.401 Y94.023 E35.31797
G1 X84.754 Y93.441 E35.34061
G1 X85.172 Y92.904 E35.36325
G1 X85.651 Y92.42 E35.38589
G0 F7500 X85.503 Y93.134
G1 F1500 X85.97 Y92.671 E35.40777
G1 X86.41 Y92.325 E35.42638
G1 X93.408 Y87.377 E35.71144
G1 X93.967 Y87.031 E35.73331
G1 X94.871 Y86.646 E35.76599
G1 X94.93 Y86.627 E35.76805
G1 X95.566 Y86.464 E35.78989
G1 X96.218 Y86.38 E35.81175
G1 X96.585 Y86.367 E35.82397
G1 X117.527 Y86.367 E36.5205
G1 X117.965 Y86.394 E36.5351
G1 X118.444 Y86.367 E36.55105
G1 X130.328 Y86.367 E36.94632
G1 X130.984 Y86.407 E36.96818
G1 X131.63 Y86.526 E36.99002
G1 X132.257 Y86.723 E37.01188
G1 X132.855 Y86.995 E37.03373
G1 X133.416 Y87.337 E37.05558
G1 X134.146 Y87.949 E37.08727
G1 X134.263 Y88.066 E37.09277
G1 X134.699 Y88.558 E37.11464
G1 X135.071 Y89.099 E37.13647
G1 X135.375 Y89.681 E37.15831
G1 X135.606 Y90.296 E37.18016
G1 X135.761 Y90.935 E37.20203
G1 X135.845 Y91.884 E37.23372
G1 X135.845 Y113.529 E37.95364
G1 X135.808 Y114.16 E37.97466
G1 X135.792 Y114.296 E37.97921
G1 X135.622 Y115.148 E38.00811
G1 X135.566 Y115.798 E38.02981
G1 X135.56 Y115.833 E38.03099
G1 X135.419 Y116.382 E38.04984
G1 X135.405 Y116.612 E38.05751
G1 X135.305 Y117.179 E38.07666
G1 X135.295 Y117.222 E38.07812
G1 X135.163 Y117.665 E38.0935
G1 X135.076 Y118.126 E38.1091
G1 X135.066 Y118.165 E38.11044
G1 X134.918 Y118.624 E38.12648
G1 X134.886 Y118.796 E38.1323
G1 X134.713 Y119.345 E38.15145
G1 X134.645 Y119.599 E38.16019
G1 X134.435 Y120.222 E38.18206
G1 X134.382 Y120.375 E38.18744
G1 X134.207 Y120.824 E38.20347
G1 X134.121 Y121.076 E38.21233
G1 X134.026 Y121.308 E38.22067
G1 X133.827 Y121.832 E38.23931
G1 X133.73 Y122.043 E38.24703
G1 X133.634 Y122.282 E38.2556
G1 X133.352 Y122.876 E38.27747
G1 X133.333 Y122.905 E38.27862
G1 X133.106 Y123.372 E38.29589
G1 X133.096 Y123.387 E38.29649
G1 X132.906 Y123.774 E38.31083
G1 X132.867 Y123.834 E38.31321
G1 X132.606 Y124.315 E38.33141
G1 X132.478 Y124.555 E38.34046
G1 X132.363 Y124.729 E38.3474
G1 X132.217 Y125.004 E38.35775
G1 X132.095 Y125.178 E38.36482
G1 X131.958 Y125.428 E38.3743
G1 X131.731 Y125.777 E38.38815
G1 X131.573 Y125.991 E38.397
G1 X131.53 Y126.068 E38.39993
G1 X131.347 Y126.317 E38.41021
G1 X131.187 Y126.573 E38.42025
G1 X130.967 Y126.87 E38.43254
G1 X130.797 Y127.076 E38.44143
G1 X130.776 Y127.109 E38.44273
G1 X130.392 Y127.577 E38.46286
G1 X130.224 Y127.79 E38.47188
G1 X130.168 Y127.845 E38.47449
G1 X129.982 Y128.077 E38.48438
G1 X129.915 Y128.142 E38.48749
G1 X129.612 Y128.49 E38.50284
G1 X129.481 Y128.622 E38.50902
G1 X129.306 Y128.804 E38.51742
G1 X129.162 Y128.961 E38.52451
G1 X128.892 Y129.236 E38.53732
G1 X128.62 Y129.492 E38.54975
G1 X128.371 Y129.717 E38.56091
G1 X128.098 Y129.959 E38.57304
G1 X127.901 Y130.129 E38.5817
G1 X127.759 Y130.247 E38.58784
G1 X127.564 Y130.404 E38.59616
G1 X127.3 Y130.605 E38.6072
G1 X127.238 Y130.657 E38.60989
G1 X126.926 Y130.899 E38.62302
G1 X126.726 Y131.043 E38.63122
G1 X126.517 Y131.186 E38.63964
G1 X126.172 Y131.408 E38.65329
G1 X125.723 Y131.684 E38.67082
G1 X125.412 Y131.868 E38.68284
G1 X125.341 Y131.915 E38.68567
G1 X124.772 Y132.244 E38.70753
G1 X124.211 Y132.485 E38.72784
G1 X123.655 Y132.759 E38.74845
G1 X123.399 Y132.849 E38.75748
G1 X123.289 Y132.904 E38.76157
G1 X122.562 Y133.157 E38.78717
G1 X122.467 Y133.183 E38.79045
G1 X122.129 Y133.307 E38.80242
G1 X121.36 Y133.477 E38.82862
G1 X120.881 Y133.547 E38.84472
G1 X120.226 Y133.603 E38.86658
G1 X119.57 Y133.578 E38.88842
G1 X118.921 Y133.474 E38.91028
G1 X118.29 Y133.292 E38.93212
G1 X117.685 Y133.034 E38.954
G1 X117.117 Y132.705 E38.97583
G1 X116.592 Y132.31 E38.99768
G1 X116.12 Y131.853 E39.01953
G1 X115.706 Y131.343 E39.04138
G1 X115.357 Y130.786 E39.06324
G1 X115.079 Y130.191 E39.08509
G1 X114.877 Y129.574 E39.10668
G1 X114.453 Y127.957 E39.16228
G1 X114.325 Y127.312 E39.18415
G1 X114.276 Y126.657 E39.206
G1 X114.257 Y126.446 E39.21304
G1 X114.127 Y125.802 E39.2349
G1 X114.076 Y125.147 E39.25675
G1 X114.054 Y124.92 E39.26433
G1 X113.927 Y124.292 E39.28564
G1 X103.655 Y124.292 E39.62729
G1 X102.999 Y124.252 E39.64915
G1 X102.353 Y124.133 E39.671
G1 X102 Y124.032 E39.68321
G1 X101.941 Y124.013 E39.68527
G1 X101.329 Y123.774 E39.70712
G1 X100.478 Y123.282 E39.73982
G1 X88.452 Y114.778 E40.2297
G1 X87.94 Y114.367 E40.25154
G1 X87.569 Y113.995 E40.26902
G1 X87.54 Y113.963 E40.27045
G1 X87.129 Y113.45 E40.29232
G1 X86.881 Y113.066 E40.30752
G1 X84.835 Y109.573 E40.44216
G1 X84.539 Y108.987 E40.464
G1 X84.283 Y108.256 E40.48976
G1 X84.27 Y108.208 E40.49141
G1 X84.137 Y107.564 E40.51328
G1 X84.082 Y106.796 E40.53889
G1 X84.082 Y96.821 E40.87066
G1 X84.122 Y96.165 E40.89252
G1 X84.241 Y95.519 E40.91437
G1 X84.438 Y94.892 E40.93623
G1 X84.708 Y94.297 E40.95796
G1 X84.754 Y94.21 E40.96123
G1 X85.096 Y93.649 E40.98309
G1 X85.503 Y93.134 E41.00492
G0 F7500 X85.834 Y93.365
G1 F1500 X86.288 Y92.926 E41.02592
G1 X86.641 Y92.651 E41.04081
G1 X93.639 Y87.703 E41.32586
G1 X94.178 Y87.372 E41.3469
G1 X94.993 Y87.027 E41.37634
G1 X95.052 Y87.008 E41.3784
G1 X95.665 Y86.852 E41.39944
G1 X96.585 Y86.767 E41.43017
G1 X117.527 Y86.767 E42.1267
G1 X118.065 Y86.801 E42.14463
G1 X118.444 Y86.767 E42.15729
G1 X130.328 Y86.767 E42.55255
G1 X130.959 Y86.807 E42.57358
G1 X131.58 Y86.926 E42.59461
G1 X132.18 Y87.123 E42.61561
G1 X132.752 Y87.394 E42.63667
G1 X133.284 Y87.734 E42.65767
G1 X133.864 Y88.231 E42.68307
G1 X133.981 Y88.348 E42.68857
G1 X134.398 Y88.823 E42.7096
G1 X134.753 Y89.346 E42.73062
G1 X135.039 Y89.91 E42.75165
G1 X135.251 Y90.505 E42.77266
G1 X135.387 Y91.123 E42.79371
G1 X135.445 Y91.884 E42.81909
G1 X135.445 Y113.529 E43.53901
G1 X135.411 Y114.113 E43.55846
G1 X135.395 Y114.249 E43.56302
G1 X135.243 Y115.016 E43.58903
G1 X135.229 Y115.068 E43.59082
G1 X135.172 Y115.731 E43.61295
G1 X135.166 Y115.766 E43.61413
G1 X135.021 Y116.328 E43.63343
G1 X135.005 Y116.587 E43.64207
G1 X134.915 Y117.089 E43.65903
G1 X134.905 Y117.132 E43.6605
G1 X134.779 Y117.549 E43.67499
G1 X134.688 Y118.027 E43.69117
G1 X134.678 Y118.066 E43.69251
G1 X134.527 Y118.53 E43.70874
G1 X134.486 Y118.746 E43.71605
G1 X134.346 Y119.172 E43.73096
G1 X134.259 Y119.495 E43.74209
G1 X134.056 Y120.094 E43.76313
G1 X134.001 Y120.252 E43.76869
G1 X133.83 Y120.687 E43.78424
G1 X133.742 Y120.947 E43.79337
G1 X133.657 Y121.164 E43.80112
G1 X133.454 Y121.687 E43.81978
G1 X133.364 Y121.882 E43.82692
G1 X133.263 Y122.133 E43.83592
G1 X132.99 Y122.703 E43.85694
G1 X132.979 Y122.721 E43.85764
G1 X132.547 Y123.597 E43.89013
G1 X132.517 Y123.642 E43.89193
G1 X132.254 Y124.124 E43.91019
G1 X132.12 Y124.374 E43.91962
G1 X132.016 Y124.528 E43.9258
G1 X131.863 Y124.816 E43.93665
G1 X131.751 Y124.974 E43.94309
G1 X131.607 Y125.234 E43.95298
G1 X131.382 Y125.58 E43.9667
G1 X131.229 Y125.784 E43.97519
G1 X131.18 Y125.871 E43.97851
G1 X131.024 Y126.08 E43.98718
G1 X130.848 Y126.36 E43.99818
G1 X130.629 Y126.654 E44.01037
G1 X130.466 Y126.849 E44.01883
G1 X130.437 Y126.894 E44.02061
G1 X130.129 Y127.265 E44.03665
G1 X129.894 Y127.558 E44.04914
G1 X129.861 Y127.59 E44.05067
G1 X129.654 Y127.844 E44.06157
G1 X129.612 Y127.884 E44.06349
G1 X129.329 Y128.208 E44.0778
G1 X129.023 Y128.52 E44.09234
G1 X128.867 Y128.691 E44.10004
G1 X128.617 Y128.946 E44.11191
G1 X128.351 Y129.196 E44.12405
G1 X128.106 Y129.418 E44.13505
G1 X127.837 Y129.656 E44.147
G1 X127.509 Y129.936 E44.16134
G1 X127.314 Y130.093 E44.16967
G1 X127.049 Y130.293 E44.18071
G1 X126.981 Y130.35 E44.18366
G1 X126.693 Y130.575 E44.19582
G1 X126.299 Y130.851 E44.21182
G1 X125.965 Y131.065 E44.22501
G1 X125.519 Y131.34 E44.24244
G1 X125.189 Y131.535 E44.25519
G1 X125.12 Y131.581 E44.25794
G1 X124.572 Y131.897 E44.27898
G1 X124.079 Y132.108 E44.29682
G1 X123.984 Y132.156 E44.30036
G1 X123.412 Y132.426 E44.3214
G1 X123.109 Y132.546 E44.33224
G1 X122.458 Y132.77 E44.35514
G1 X122.353 Y132.798 E44.35875
G1 X121.991 Y132.93 E44.37157
G1 X121.302 Y133.081 E44.39503
G1 X120.823 Y133.151 E44.41113
G1 X120.193 Y133.203 E44.43215
G1 X119.561 Y133.175 E44.45319
G1 X118.939 Y133.067 E44.47419
G1 X118.334 Y132.882 E44.49523
G1 X117.758 Y132.622 E44.51625
G1 X117.219 Y132.291 E44.53729
G1 X116.727 Y131.895 E44.5583
G1 X116.288 Y131.44 E44.57932
G1 X115.91 Y130.933 E44.60036
G1 X115.599 Y130.382 E44.6214
G1 X115.361 Y129.797 E44.64241
G1 X115.264 Y129.472 E44.65369
G1 X114.84 Y127.855 E44.70929
G1 X114.718 Y127.235 E44.73031
G1 X114.676 Y126.604 E44.75134
G1 X114.643 Y126.343 E44.76009
G1 X114.52 Y125.723 E44.78111
G1 X114.475 Y125.092 E44.80215
G1 X114.441 Y124.817 E44.81137
G1 X114.317 Y124.197 E44.8324
G1 X114.296 Y123.892 E44.84257
G1 X103.655 Y123.892 E45.19649
G1 X103.024 Y123.852 E45.21752
G1 X102.122 Y123.651 E45.24825
G1 X102.063 Y123.632 E45.25032
G1 X101.475 Y123.401 E45.27133
G1 X100.709 Y122.955 E45.30081
G1 X88.683 Y114.451 E45.7907
G1 X88.191 Y114.055 E45.8117
G1 X87.865 Y113.727 E45.82708
G1 X87.836 Y113.695 E45.82852
G1 X87.442 Y113.2 E45.84956
G1 X87.227 Y112.864 E45.86283
G1 X85.181 Y109.371 E45.99747
G1 X84.896 Y108.807 E46.01849
G1 X84.669 Y108.151 E46.04158
G1 X84.656 Y108.103 E46.04323
G1 X84.53 Y107.484 E46.06424
G1 X84.482 Y106.796 E46.08718
G1 X84.482 Y96.821 E46.41895
G1 X84.522 Y96.19 E46.43998
G1 X84.641 Y95.569 E46.46101
G1 X84.838 Y94.969 E46.48201
G1 X85.062 Y94.484 E46.49978
G1 X85.108 Y94.397 E46.50305
G1 X85.438 Y93.858 E46.52407
G1 X85.834 Y93.365 E46.54511
G0 F7500 X86.163 Y93.598
G1 F1500 X86.604 Y93.183 E46.56525
G1 X86.872 Y92.978 E46.57647
G1 X93.87 Y88.03 E46.86153
G1 X94.387 Y87.713 E46.8817
G1 X95.116 Y87.407 E46.90799
G1 X95.175 Y87.388 E46.91006
G1 X95.763 Y87.241 E46.93022
G1 X96.585 Y87.167 E46.95767
G1 X117.527 Y87.167 E47.6542
G1 X117.963 Y87.196 E47.66873
G1 X118.444 Y87.167 E47.68476
G1 X130.328 Y87.167 E48.08002
G1 X130.933 Y87.207 E48.10019
G1 X131.527 Y87.326 E48.12034
G1 X132.101 Y87.522 E48.14051
G1 X132.644 Y87.793 E48.1607
G1 X133.147 Y88.132 E48.18087
G1 X133.581 Y88.514 E48.2001
G1 X133.698 Y88.631 E48.20561
G1 X134.097 Y89.087 E48.22576
G1 X134.433 Y89.592 E48.24593
G1 X134.7 Y90.136 E48.26609
G1 X134.893 Y90.711 E48.28626
G1 X135.009 Y91.306 E48.30642
G1 X135.045 Y91.884 E48.32568
G1 X135.045 Y113.529 E49.0456
G1 X135.013 Y114.066 E49.06349
G1 X134.997 Y114.202 E49.06805
G1 X134.858 Y114.908 E49.09198
G1 X134.835 Y114.989 E49.09478
G1 X134.778 Y115.663 E49.11728
G1 X134.772 Y115.698 E49.11846
G1 X134.624 Y116.273 E49.13821
G1 X134.605 Y116.561 E49.14781
G1 X134.525 Y116.998 E49.16258
G1 X134.515 Y117.041 E49.16405
G1 X134.398 Y117.427 E49.17747
G1 X134.301 Y117.928 E49.19444
G1 X134.291 Y117.967 E49.19578
G1 X134.138 Y118.433 E49.21209
G1 X134.086 Y118.693 E49.22091
G1 X133.963 Y119.052 E49.23353
G1 X133.872 Y119.391 E49.24521
G1 X133.676 Y119.964 E49.26535
G1 X133.62 Y120.13 E49.27118
G1 X133.455 Y120.547 E49.28609
G1 X133.363 Y120.818 E49.29561
G1 X133.284 Y121.019 E49.30279
G1 X133.081 Y121.542 E49.32145
G1 X132.999 Y121.719 E49.32794
G1 X132.892 Y121.984 E49.33745
G1 X132.626 Y122.535 E49.3578
G1 X132.188 Y123.419 E49.39061
G1 X132.164 Y123.455 E49.39205
G1 X131.822 Y124.074 E49.41557
G1 X131.763 Y124.193 E49.41999
G1 X131.669 Y124.329 E49.42549
G1 X131.509 Y124.628 E49.43677
G1 X131.407 Y124.77 E49.44258
G1 X131.257 Y125.04 E49.45285
G1 X131.034 Y125.381 E49.4664
G1 X130.832 Y125.673 E49.47821
G1 X130.687 Y125.864 E49.48619
G1 X130.508 Y126.147 E49.49733
G1 X130.292 Y126.437 E49.50935
G1 X130.099 Y126.678 E49.51962
G1 X129.92 Y126.89 E49.52885
G1 X129.565 Y127.324 E49.5475
G1 X129.319 Y127.615 E49.56017
G1 X129.045 Y127.926 E49.57396
G1 X128.722 Y128.255 E49.5893
G1 X128.571 Y128.421 E49.59676
G1 X128.341 Y128.656 E49.6077
G1 X128.083 Y128.899 E49.61948
G1 X127.84 Y129.119 E49.63039
G1 X127.575 Y129.354 E49.64217
G1 X127.378 Y129.524 E49.65082
G1 X127.258 Y129.624 E49.65602
G1 X127.063 Y129.781 E49.66434
G1 X126.813 Y129.97 E49.67477
G1 X126.725 Y130.043 E49.67857
G1 X126.459 Y130.25 E49.68978
G1 X126.081 Y130.516 E49.70515
G1 X125.758 Y130.723 E49.71791
G1 X125.415 Y130.934 E49.73131
G1 X124.98 Y131.195 E49.74818
G1 X124.899 Y131.248 E49.7514
G1 X124.373 Y131.549 E49.77156
G1 X123.942 Y131.732 E49.78713
G1 X123.725 Y131.841 E49.79521
G1 X123.172 Y132.09 E49.81538
G1 X122.93 Y132.187 E49.82405
G1 X122.354 Y132.384 E49.8443
G1 X122.234 Y132.416 E49.84843
G1 X121.855 Y132.554 E49.86184
G1 X121.244 Y132.686 E49.88263
G1 X120.765 Y132.756 E49.89873
G1 X120.161 Y132.804 E49.91889
G1 X119.555 Y132.772 E49.93907
G1 X118.959 Y132.66 E49.95924
G1 X118.383 Y132.472 E49.97939
G1 X117.837 Y132.209 E49.99955
G1 X117.33 Y131.876 E50.01973
G1 X116.871 Y131.48 E50.03989
G1 X116.468 Y131.027 E50.06005
G1 X116.128 Y130.525 E50.08022
G1 X115.858 Y129.982 E50.10039
G1 X115.65 Y129.371 E50.12186
G1 X115.226 Y127.754 E50.17746
G1 X115.112 Y127.158 E50.19764
G1 X115.076 Y126.553 E50.2178
G1 X115.03 Y126.24 E50.22832
G1 X114.913 Y125.645 E50.24849
G1 X114.875 Y125.04 E50.26865
G1 X114.883 Y124.919 E50.27268
G1 X114.828 Y124.714 E50.27974
G1 X114.711 Y124.119 E50.29991
G1 X114.673 Y123.514 E50.32007
G1 X114.675 Y123.492 E50.32081
G1 X103.655 Y123.492 E50.68733
G1 X103.05 Y123.452 E50.7075
G1 X102.245 Y123.271 E50.73494
G1 X102.186 Y123.252 E50.73701
G1 X101.622 Y123.028 E50.75719
G1 X100.94 Y122.629 E50.78347
G1 X88.914 Y114.125 E51.27336
G1 X88.443 Y113.743 E51.29353
G1 X88.161 Y113.458 E51.30686
G1 X88.132 Y113.426 E51.3083
G1 X87.756 Y112.951 E51.32845
G1 X87.572 Y112.662 E51.33984
G1 X85.526 Y109.169 E51.47448
G1 X85.254 Y108.627 E51.49465
G1 X85.055 Y108.047 E51.51505
G1 X85.042 Y107.999 E51.5167
G1 X84.922 Y107.404 E51.53689
G1 X84.882 Y106.796 E51.55716
G1 X84.882 Y96.821 E51.88893
G1 X84.922 Y96.216 E51.90909
G1 X85.041 Y95.622 E51.92924
G1 X85.237 Y95.048 E51.94942
G1 X85.415 Y94.671 E51.96328
G1 X85.461 Y94.584 E51.96656
G1 X85.78 Y94.068 E51.98673
G1 X86.163 Y93.598 E52.0069
G0 F7500 X86.491 Y93.833
G1 F1500 X87.103 Y93.305 E52.03378
G1 X94.101 Y88.357 E52.31884
G1 X94.596 Y88.056 E52.33811
G1 X95.239 Y87.788 E52.36128
G1 X95.298 Y87.769 E52.36334
G1 X95.86 Y87.63 E52.38259
G1 X96.585 Y87.567 E52.4068
G1 X117.527 Y87.567 E53.10333
G1 X118.059 Y87.604 E53.12107
G1 X118.444 Y87.567 E53.13393
G1 X130.328 Y87.567 E53.5292
G1 X130.906 Y87.607 E53.54847
G1 X131.473 Y87.726 E53.56774
G1 X132.018 Y87.922 E53.587
G1 X132.531 Y88.191 E53.60627
G1 X133.002 Y88.528 E53.62553
G1 X133.298 Y88.797 E53.63883
G1 X133.415 Y88.914 E53.64434
G1 X133.795 Y89.351 E53.6636
G1 X134.112 Y89.836 E53.68287
G1 X134.359 Y90.36 E53.70214
G1 X134.531 Y90.913 E53.7214
G1 X134.626 Y91.485 E53.74068
G1 X134.645 Y91.884 E53.75397
G1 X134.645 Y113.529 E54.47388
G1 X134.616 Y114.02 E54.49024
G1 X134.6 Y114.156 E54.4948
G1 X134.473 Y114.8 E54.51663
G1 X134.442 Y114.911 E54.52046
G1 X134.384 Y115.596 E54.54333
G1 X134.378 Y115.631 E54.54451
G1 X134.227 Y116.217 E54.56464
G1 X134.205 Y116.534 E54.57521
G1 X134.136 Y116.907 E54.58782
G1 X134.126 Y116.95 E54.58929
G1 X134.007 Y117.339 E54.60282
G1 X134.005 Y117.363 E54.60362
G1 X133.913 Y117.828 E54.61939
G1 X133.903 Y117.867 E54.62073
G1 X133.753 Y118.321 E54.63663
G1 X133.686 Y118.639 E54.64744
G1 X133.607 Y118.838 E54.65456
G1 X133.486 Y119.287 E54.67003
G1 X133.297 Y119.834 E54.68927
G1 X133.239 Y120.008 E54.69537
G1 X133.088 Y120.386 E54.70891
G1 X132.985 Y120.69 E54.71959
G1 X132.911 Y120.875 E54.72622
G1 X132.708 Y121.398 E54.74488
G1 X132.627 Y121.571 E54.75123
G1 X132.521 Y121.834 E54.76066
G1 X132.285 Y122.323 E54.77872
G1 X131.829 Y123.24 E54.81278
G1 X131.819 Y123.255 E54.81338
G1 X131.483 Y123.86 E54.8364
G1 X131.406 Y124.011 E54.84204
G1 X131.32 Y124.133 E54.847
G1 X131.156 Y124.438 E54.85852
G1 X131.065 Y124.561 E54.86361
G1 X130.907 Y124.844 E54.87439
G1 X130.687 Y125.182 E54.8878
G1 X130.484 Y125.474 E54.89963
G1 X130.357 Y125.637 E54.9065
G1 X130.17 Y125.932 E54.91812
G1 X129.956 Y126.219 E54.93003
G1 X129.762 Y126.462 E54.94037
G1 X129.608 Y126.644 E54.9483
G1 X129.113 Y127.237 E54.97399
G1 X129.085 Y127.278 E54.97564
G1 X128.762 Y127.644 E54.99188
G1 X128.439 Y127.973 E55.00721
G1 X128.276 Y128.152 E55.01526
G1 X128.066 Y128.366 E55.02524
G1 X127.815 Y128.603 E55.03672
G1 X127.574 Y128.82 E55.0475
G1 X127.314 Y129.051 E55.05907
G1 X127.117 Y129.221 E55.06773
G1 X126.812 Y129.469 E55.0808
G1 X126.561 Y129.659 E55.09127
G1 X126.468 Y129.737 E55.09531
G1 X126.225 Y129.925 E55.10553
G1 X125.863 Y130.181 E55.12027
G1 X125.551 Y130.381 E55.1326
G1 X125.202 Y130.596 E55.14623
G1 X124.885 Y130.786 E55.15853
G1 X124.678 Y130.914 E55.16662
G1 X124.174 Y131.201 E55.18591
G1 X123.804 Y131.357 E55.19927
G1 X123.469 Y131.524 E55.21172
G1 X122.935 Y131.75 E55.231
G1 X122.752 Y131.828 E55.23762
G1 X122.25 Y131.998 E55.25525
G1 X122.114 Y132.035 E55.25993
G1 X121.719 Y132.176 E55.27388
G1 X121.186 Y132.29 E55.29201
G1 X120.707 Y132.36 E55.30811
G1 X120.13 Y132.404 E55.32736
G1 X119.551 Y132.368 E55.34666
G1 X118.984 Y132.253 E55.3659
G1 X118.437 Y132.061 E55.38518
G1 X117.922 Y131.795 E55.40446
G1 X117.449 Y131.462 E55.4237
G1 X117.026 Y131.066 E55.44297
G1 X116.661 Y130.615 E55.46227
G1 X116.362 Y130.119 E55.48153
G1 X116.134 Y129.587 E55.50078
G1 X116.037 Y129.269 E55.51184
G1 X115.613 Y127.652 E55.56744
G1 X115.505 Y127.083 E55.5867
G1 X115.477 Y126.505 E55.60595
G1 X115.486 Y126.401 E55.60942
G1 X115.416 Y126.137 E55.6185
G1 X115.306 Y125.568 E55.63778
G1 X115.276 Y124.99 E55.65703
G1 X115.285 Y124.88 E55.6607
G1 X115.214 Y124.612 E55.66992
G1 X115.104 Y124.043 E55.6892
G1 X115.074 Y123.464 E55.70848
G1 X115.084 Y123.341 E55.71259
G1 X115.018 Y123.092 E55.72115
G1 X103.655 Y123.092 E56.09909
G1 X103.077 Y123.052 E56.11836
G1 X102.368 Y122.89 E56.14255
G1 X102.309 Y122.871 E56.14461
G1 X101.771 Y122.656 E56.16388
G1 X101.171 Y122.302 E56.18705
G1 X89.145 Y113.798 E56.67694
G1 X88.696 Y113.432 E56.6962
G1 X88.458 Y113.189 E56.70752
G1 X88.429 Y113.157 E56.70895
G1 X87.917 Y112.46 E56.73772
G1 X85.871 Y108.967 E56.87236
G1 X85.613 Y108.448 E56.89164
G1 X85.441 Y107.942 E56.90941
G1 X85.428 Y107.894 E56.91107
G1 X85.316 Y107.326 E56.93032
G1 X85.282 Y106.796 E56.94798
G1 X85.282 Y96.821 E57.27975
G1 X85.322 Y96.243 E57.29903
G1 X85.441 Y95.676 E57.31829
G1 X85.637 Y95.131 E57.33756
G1 X85.769 Y94.858 E57.34764
G1 X85.815 Y94.771 E57.35092
G1 X86.121 Y94.279 E57.37019
G1 X86.491 Y93.833 E57.38946
G0 F7500 X86.818 Y94.071
G1 F1500 X87.334 Y93.631 E57.41202
G1 X94.332 Y88.683 E57.69707
G1 X94.804 Y88.399 E57.7154
G1 X95.361 Y88.169 E57.73544
G1 X95.42 Y88.15 E57.7375
G1 X95.956 Y88.02 E57.75585
G1 X96.585 Y87.967 E57.77684
G1 X117.527 Y87.967 E58.47337
G1 X117.966 Y87.999 E58.48801
G1 X117.991 Y87.994 E58.48886
G1 X118.444 Y87.967 E58.50396
G1 X130.328 Y87.967 E58.89922
G1 X130.878 Y88.007 E58.91756
G1 X131.416 Y88.126 E58.93589
G1 X131.931 Y88.322 E58.95421
G1 X132.412 Y88.59 E58.97253
G1 X133.015 Y89.08 E58.99837
G1 X133.132 Y89.197 E59.00387
G1 X133.492 Y89.614 E59.0222
G1 X133.789 Y90.078 E59.04052
G1 X134.015 Y90.581 E59.05886
G1 X134.166 Y91.111 E59.07719
G1 X134.245 Y91.884 E59.10303
G1 X134.245 Y113.529 E59.82295
G1 X134.219 Y113.973 E59.83774
G1 X134.203 Y114.109 E59.8423
G1 X134.088 Y114.692 E59.86206
G1 X134.044 Y114.886 E59.86868
G1 X133.989 Y115.528 E59.89011
G1 X133.983 Y115.563 E59.89129
G1 X133.83 Y116.158 E59.91172
G1 X133.805 Y116.506 E59.92333
G1 X133.746 Y116.817 E59.93386
G1 X133.736 Y116.86 E59.93533
G1 X133.614 Y117.209 E59.94762
G1 X133.605 Y117.335 E59.95182
G1 X133.526 Y117.729 E59.96519
G1 X133.516 Y117.768 E59.96653
G1 X133.369 Y118.206 E59.98189
G1 X133.286 Y118.582 E59.9947
G1 X133.214 Y118.761 E60.00112
G1 X133.1 Y119.182 E60.01562
G1 X132.918 Y119.703 E60.03398
G1 X132.859 Y119.885 E60.04034
G1 X132.715 Y120.241 E60.05312
G1 X132.606 Y120.561 E60.06436
G1 X132.539 Y120.73 E60.07041
G1 X132.336 Y121.253 E60.08907
G1 X132.251 Y121.433 E60.09569
G1 X132.149 Y121.685 E60.10473
G1 X131.932 Y122.129 E60.12117
G1 X131.915 Y122.17 E60.12264
G1 X131.739 Y122.521 E60.1357
G1 X131.719 Y122.568 E60.1374
G1 X131.467 Y123.066 E60.15596
G1 X131.132 Y123.665 E60.17879
G1 X131.049 Y123.828 E60.18487
G1 X130.976 Y123.93 E60.18905
G1 X130.803 Y124.247 E60.20106
G1 X130.723 Y124.354 E60.2055
G1 X130.557 Y124.647 E60.2167
G1 X130.339 Y124.981 E60.22997
G1 X130.136 Y125.274 E60.24182
G1 X130.026 Y125.413 E60.24772
G1 X129.832 Y125.716 E60.25969
G1 X129.62 Y126 E60.27147
G1 X129.425 Y126.244 E60.28186
G1 X129.054 Y126.683 E60.30098
G1 X129.034 Y126.714 E60.30221
G1 X128.797 Y126.989 E60.31428
G1 X128.754 Y127.052 E60.31682
G1 X128.478 Y127.362 E60.33062
G1 X128.29 Y127.551 E60.33949
G1 X128.157 Y127.689 E60.34586
G1 X127.981 Y127.882 E60.35455
G1 X127.79 Y128.076 E60.36361
G1 X127.546 Y128.306 E60.37476
G1 X127.309 Y128.521 E60.3854
G1 X127.053 Y128.748 E60.39678
G1 X126.856 Y128.918 E60.40544
G1 X126.561 Y129.158 E60.41808
G1 X126.317 Y129.341 E60.42823
G1 X126.211 Y129.43 E60.43283
G1 X125.991 Y129.601 E60.4421
G1 X125.644 Y129.846 E60.45623
G1 X125.344 Y130.038 E60.46807
G1 X124.988 Y130.258 E60.48199
G1 X124.555 Y130.516 E60.49876
G1 X124.457 Y130.581 E60.50267
G1 X123.977 Y130.851 E60.52099
G1 X123.666 Y130.981 E60.5322
G1 X123.463 Y131.061 E60.53946
G1 X123.215 Y131.203 E60.54896
G1 X122.707 Y131.403 E60.56712
G1 X122.575 Y131.468 E60.57201
G1 X122.146 Y131.612 E60.58706
G1 X122.005 Y131.65 E60.59192
G1 X121.584 Y131.799 E60.60677
G1 X121.128 Y131.894 E60.62227
G1 X120.649 Y131.964 E60.63837
G1 X120.1 Y132.004 E60.65668
G1 X119.55 Y131.964 E60.67502
G1 X119.012 Y131.845 E60.69334
G1 X118.497 Y131.649 E60.71167
G1 X118.016 Y131.381 E60.72998
G1 X117.578 Y131.047 E60.7483
G1 X117.194 Y130.652 E60.76663
G1 X116.87 Y130.206 E60.78496
G1 X116.615 Y129.718 E60.80328
G1 X116.424 Y129.168 E60.82264
G1 X116 Y127.551 E60.87824
G1 X115.9 Y127.009 E60.89657
G1 X115.878 Y126.459 E60.91488
G1 X115.889 Y126.357 E60.91829
G1 X115.803 Y126.034 E60.92941
G1 X115.7 Y125.493 E60.94773
G1 X115.677 Y124.942 E60.96607
G1 X115.688 Y124.836 E60.96961
G1 X115.601 Y124.509 E60.98087
G1 X115.498 Y123.967 E60.99922
G1 X115.475 Y123.417 E61.01753
G1 X115.487 Y123.3 E61.02144
G1 X115.402 Y122.98 E61.03245
G1 X115.348 Y122.692 E61.0422
G1 X103.655 Y122.692 E61.43111
G1 X103.105 Y122.652 E61.44945
G1 X102.49 Y122.509 E61.47045
G1 X102.431 Y122.49 E61.47251
G1 X101.92 Y122.284 E61.49084
G1 X101.402 Y121.976 E61.51088
G1 X89.376 Y113.472 E62.00077
G1 X88.95 Y113.122 E62.0191
G1 X88.725 Y112.889 E62.02988
G1 X88.262 Y112.258 E62.05591
G1 X86.216 Y108.765 E62.19055
G1 X85.973 Y108.27 E62.20889
G1 X85.827 Y107.837 E62.22409
G1 X85.814 Y107.789 E62.22574
G1 X85.709 Y107.248 E62.24407
G1 X85.682 Y106.796 E62.25913
G1 X85.682 Y96.821 E62.5909
G1 X85.722 Y96.271 E62.60924
G1 X85.841 Y95.733 E62.62757
G1 X86.123 Y95.045 E62.6523
G1 X86.169 Y94.958 E62.65557
G1 X86.461 Y94.491 E62.67389
G1 X86.818 Y94.071 E62.69223
G0 F7500 X87.143 Y94.311
G1 F1500 X87.565 Y93.958 E62.71052
G1 X94.563 Y89.01 E62.99558
G1 X95.01 Y88.742 E63.01292
G1 X95.484 Y88.55 E63.02993
G1 X95.543 Y88.531 E63.03199
G1 X96.05 Y88.409 E63.04933
G1 X96.585 Y88.367 E63.06718
G1 X117.527 Y88.367 E63.76372
G1 X118.034 Y88.406 E63.78063
G1 X118.444 Y88.367 E63.79433
G1 X130.328 Y88.367 E64.18959
G1 X130.848 Y88.407 E64.20694
G1 X131.355 Y88.526 E64.22426
G1 X131.838 Y88.721 E64.24158
G1 X132.286 Y88.987 E64.25891
G1 X132.732 Y89.363 E64.27831
G1 X132.849 Y89.48 E64.28382
G1 X133.188 Y89.876 E64.30115
G1 X133.463 Y90.318 E64.31847
G1 X133.667 Y90.798 E64.33582
G1 X133.795 Y91.303 E64.35314
G1 X133.845 Y91.884 E64.37254
G1 X133.845 Y113.529 E65.09245
G1 X133.822 Y113.926 E65.10568
G1 X133.806 Y114.062 E65.11024
G1 X133.702 Y114.584 E65.12794
G1 X133.644 Y114.886 E65.13817
G1 X133.595 Y115.46 E65.15733
G1 X133.589 Y115.495 E65.15851
G1 X133.451 Y116.032 E65.17695
G1 X133.429 Y116.095 E65.17917
G1 X133.357 Y116.726 E65.20029
G1 X133.347 Y116.769 E65.20176
G1 X133.218 Y117.138 E65.21476
G1 X133.205 Y117.305 E65.22033
G1 X133.138 Y117.629 E65.23134
G1 X133.128 Y117.668 E65.23268
G1 X132.991 Y118.072 E65.24687
G1 X132.886 Y118.521 E65.2622
G1 X132.824 Y118.672 E65.26763
G1 X132.714 Y119.078 E65.28162
G1 X132.541 Y119.568 E65.29891
G1 X132.478 Y119.763 E65.30572
G1 X132.338 Y120.106 E65.31804
G1 X132.227 Y120.432 E65.3295
G1 X132.166 Y120.585 E65.33498
G1 X131.963 Y121.108 E65.35363
G1 X131.884 Y121.271 E65.35966
G1 X131.778 Y121.536 E65.36915
G1 X131.576 Y121.944 E65.38429
G1 X131.546 Y122.017 E65.38692
G1 X131.375 Y122.353 E65.39946
G1 X131.35 Y122.414 E65.40165
G1 X131.124 Y122.856 E65.41816
G1 X131.107 Y122.893 E65.41952
G1 X130.801 Y123.433 E65.44016
G1 X130.693 Y123.643 E65.44802
G1 X130.629 Y123.73 E65.45161
G1 X130.451 Y124.054 E65.4639
G1 X130.385 Y124.14 E65.46751
G1 X130.208 Y124.449 E65.47935
G1 X130.124 Y124.555 E65.48385
G1 X129.993 Y124.779 E65.49248
G1 X129.789 Y125.073 E65.50438
G1 X129.694 Y125.191 E65.50942
G1 X129.494 Y125.499 E65.52164
G1 X129.285 Y125.779 E65.53326
G1 X129.089 Y126.025 E65.54372
G1 X128.929 Y126.217 E65.55203
G1 X128.73 Y126.445 E65.5621
G1 X128.696 Y126.498 E65.56419
G1 X128.485 Y126.736 E65.57477
G1 X128.424 Y126.825 E65.57836
G1 X128.195 Y127.08 E65.58976
G1 X128.007 Y127.269 E65.59862
G1 X127.856 Y127.425 E65.60585
G1 X127.685 Y127.612 E65.61427
G1 X127.337 Y127.955 E65.63053
G1 X127.067 Y128.201 E65.64267
G1 X126.791 Y128.445 E65.65493
G1 X126.594 Y128.615 E65.66358
G1 X126.31 Y128.846 E65.67576
G1 X126.066 Y129.03 E65.68592
G1 X125.758 Y129.276 E65.69903
G1 X125.426 Y129.51 E65.71254
G1 X125.138 Y129.696 E65.72395
G1 X124.7 Y129.966 E65.74106
G1 X124.345 Y130.176 E65.75478
G1 X124.236 Y130.248 E65.75912
G1 X123.781 Y130.502 E65.77645
G1 X123.528 Y130.606 E65.78555
G1 X123.286 Y130.703 E65.79422
G1 X122.965 Y130.878 E65.80638
G1 X122.686 Y130.969 E65.81614
G1 X122.399 Y131.108 E65.82675
G1 X122.042 Y131.226 E65.83926
G1 X121.884 Y131.269 E65.8447
G1 X121.451 Y131.42 E65.85995
G1 X121.071 Y131.498 E65.87286
G1 X120.592 Y131.568 E65.88896
G1 X120.072 Y131.604 E65.90629
G1 X119.552 Y131.56 E65.92365
G1 X119.046 Y131.437 E65.94097
G1 X118.564 Y131.237 E65.95833
G1 X118.119 Y130.967 E65.97564
G1 X117.72 Y130.632 E65.99297
G1 X117.377 Y130.24 E66.01029
G1 X117.098 Y129.8 E66.02762
G1 X116.889 Y129.322 E66.04497
G1 X116.811 Y129.066 E66.05387
G1 X116.387 Y127.449 E66.10947
G1 X116.294 Y126.937 E66.12678
G1 X116.28 Y126.416 E66.14412
G1 X116.294 Y126.326 E66.14715
G1 X116.189 Y125.931 E66.16074
G1 X116.094 Y125.419 E66.17806
G1 X116.079 Y124.898 E66.19539
G1 X116.093 Y124.806 E66.19849
G1 X115.987 Y124.406 E66.21225
G1 X115.892 Y123.893 E66.22961
G1 X115.877 Y123.373 E66.24691
G1 X115.893 Y123.27 E66.25038
G1 X115.789 Y122.877 E66.2639
G1 X115.694 Y122.365 E66.28122
G1 X115.692 Y122.292 E66.28365
G1 X103.655 Y122.292 E66.684
G1 X103.135 Y122.252 E66.70134
G1 X102.613 Y122.128 E66.71919
G1 X102.554 Y122.109 E66.72125
G1 X102.071 Y121.912 E66.7386
G1 X101.633 Y121.649 E66.75559
G1 X89.607 Y113.145 E67.24548
G1 X89.051 Y112.652 E67.2702
G1 X89.022 Y112.62 E67.27163
G1 X88.607 Y112.055 E67.29495
G1 X86.561 Y108.562 E67.42959
G1 X86.333 Y108.094 E67.4469
G1 X86.213 Y107.733 E67.45956
G1 X86.2 Y107.685 E67.46121
G1 X86.103 Y107.173 E67.47854
G1 X86.082 Y106.796 E67.4911
G1 X86.082 Y96.821 E67.82287
G1 X86.122 Y96.301 E67.84022
G1 X86.241 Y95.794 E67.85754
G1 X86.476 Y95.232 E67.8778
G1 X86.522 Y95.145 E67.88107
G1 X86.8 Y94.704 E67.89841
G1 X87.143 Y94.311 E67.91576
G0 F7500 X87.466 Y94.555
G1 F1500 X87.796 Y94.284 E67.92996
G1 X94.794 Y89.336 E68.21502
G1 X95.215 Y89.087 E68.23129
G1 X95.606 Y88.93 E68.2453
G1 X95.665 Y88.911 E68.24737
G1 X96.142 Y88.8 E68.26365
G1 X96.585 Y88.767 E68.27843
G1 X117.527 Y88.767 E68.97496
G1 X118.009 Y88.807 E68.99105
G1 X118.142 Y88.782 E68.99555
G1 X118.444 Y88.767 E69.00561
G1 X130.328 Y88.767 E69.40087
G1 X130.816 Y88.807 E69.41716
G1 X131.291 Y88.926 E69.43344
G1 X131.74 Y89.12 E69.44971
G1 X132.152 Y89.385 E69.466
G1 X132.449 Y89.646 E69.47915
G1 X132.566 Y89.763 E69.48466
G1 X132.883 Y90.136 E69.50094
G1 X133.135 Y90.556 E69.51723
G1 X133.315 Y91.011 E69.5335
G1 X133.419 Y91.489 E69.54977
G1 X133.445 Y91.884 E69.56294
G1 X133.445 Y113.529 E70.28286
G1 X133.424 Y113.88 E70.29455
G1 X133.408 Y114.016 E70.29911
G1 X133.317 Y114.476 E70.3147
G1 X133.244 Y114.736 E70.32368
G1 X133.244 Y114.886 E70.32867
G1 X133.201 Y115.393 E70.3456
G1 X133.195 Y115.428 E70.34678
G1 X133.073 Y115.902 E70.36306
G1 X133.04 Y115.996 E70.36637
G1 X132.967 Y116.636 E70.3878
G1 X132.957 Y116.679 E70.38926
G1 X132.822 Y117.066 E70.4029
G1 X132.805 Y117.273 E70.4098
G1 X132.751 Y117.53 E70.41854
G1 X132.741 Y117.569 E70.41988
G1 X132.607 Y117.957 E70.43353
G1 X132.605 Y117.982 E70.43436
G1 X132.486 Y118.457 E70.45065
G1 X132.435 Y118.576 E70.45496
G1 X132.328 Y118.974 E70.46867
G1 X132.176 Y119.395 E70.48355
G1 X132.097 Y119.64 E70.49211
G1 X131.97 Y119.946 E70.50313
G1 X131.848 Y120.304 E70.51571
G1 X131.793 Y120.441 E70.52062
G1 X131.59 Y120.964 E70.53928
G1 X131.516 Y121.117 E70.54494
G1 X131.407 Y121.387 E70.55462
G1 X131.214 Y121.772 E70.56894
G1 X131.176 Y121.864 E70.57225
G1 X131.016 Y122.176 E70.58392
G1 X130.981 Y122.26 E70.58694
G1 X130.771 Y122.665 E70.60212
G1 X130.744 Y122.724 E70.60427
G1 X130.497 Y123.155 E70.6208
G1 X130.338 Y123.457 E70.63215
G1 X130.286 Y123.525 E70.635
G1 X130.1 Y123.86 E70.64774
G1 X130.046 Y123.928 E70.65063
G1 X129.86 Y124.25 E70.663
G1 X129.787 Y124.338 E70.6668
G1 X129.647 Y124.575 E70.67595
G1 X129.443 Y124.87 E70.68788
G1 X129.368 Y124.959 E70.69176
G1 X129.158 Y125.281 E70.70454
G1 X128.951 Y125.557 E70.71602
G1 X128.754 Y125.804 E70.72652
G1 X128.59 Y126.002 E70.73508
G1 X128.409 Y126.203 E70.74407
G1 X128.359 Y126.28 E70.74713
G1 X128.166 Y126.493 E70.75669
G1 X128.094 Y126.596 E70.76087
G1 X127.911 Y126.798 E70.76993
G1 X127.723 Y126.987 E70.7788
G1 X127.574 Y127.142 E70.78595
G1 X127.39 Y127.343 E70.79501
G1 X127.062 Y127.665 E70.8103
G1 X126.777 Y127.923 E70.82309
G1 X126.53 Y128.142 E70.83406
G1 X126.254 Y128.378 E70.84614
G1 X126.059 Y128.535 E70.85447
G1 X125.822 Y128.713 E70.86433
G1 X125.524 Y128.952 E70.87703
G1 X125.208 Y129.175 E70.8899
G1 X124.931 Y129.354 E70.90087
G1 X124.701 Y129.493 E70.9098
G1 X124.561 Y129.581 E70.9153
G1 X124.278 Y129.751 E70.92629
G1 X124.015 Y129.914 E70.93658
G1 X123.39 Y130.23 E70.95987
G1 X123.154 Y130.325 E70.96833
G1 X122.719 Y130.549 E70.9846
G1 X122.491 Y130.619 E70.99254
G1 X122.225 Y130.746 E71.00234
G1 X121.937 Y130.839 E71.01241
G1 X121.783 Y130.882 E71.01773
G1 X121.32 Y131.041 E71.03401
G1 X121.013 Y131.102 E71.04442
G1 X120.534 Y131.172 E71.06052
G1 X120.045 Y131.204 E71.07682
G1 X119.558 Y131.155 E71.0931
G1 X119.086 Y131.027 E71.10936
G1 X118.64 Y130.825 E71.12565
G1 X118.233 Y130.552 E71.14195
G1 X117.876 Y130.218 E71.15821
G1 X117.578 Y129.829 E71.17451
G1 X117.348 Y129.397 E71.19078
G1 X117.198 Y128.965 E71.20599
G1 X116.774 Y127.348 E71.26159
G1 X116.689 Y126.866 E71.27787
G1 X116.683 Y126.376 E71.29417
G1 X116.698 Y126.287 E71.29717
G1 X116.576 Y125.829 E71.31294
G1 X116.489 Y125.347 E71.32923
G1 X116.482 Y124.857 E71.34553
G1 X116.497 Y124.766 E71.34859
G1 X116.374 Y124.303 E71.36453
G1 X116.287 Y123.821 E71.38082
G1 X116.28 Y123.332 E71.39708
G1 X116.297 Y123.23 E71.40052
G1 X116.176 Y122.774 E71.41622
G1 X116.089 Y122.293 E71.43247
G1 X116.083 Y121.892 E71.44581
G1 X103.655 Y121.892 E71.85917
G1 X103.167 Y121.852 E71.87545
G1 X102.735 Y121.748 E71.89023
G1 X102.676 Y121.729 E71.89229
G1 X102.224 Y121.541 E71.90858
G1 X101.864 Y121.322 E71.92259
G1 X89.838 Y112.818 E72.41248
G1 X89.347 Y112.384 E72.43428
G1 X89.318 Y112.352 E72.43571
G1 X88.952 Y111.853 E72.45629
G1 X86.906 Y108.36 E72.59094
G1 X86.694 Y107.919 E72.60721
G1 X86.599 Y107.628 E72.61739
G1 X86.586 Y107.58 E72.61905
G1 X86.497 Y107.099 E72.63531
G1 X86.482 Y106.796 E72.6454
G1 X86.482 Y96.821 E72.97717
G1 X86.522 Y96.333 E72.99346
G1 X86.641 Y95.858 E73.00975
G1 X86.83 Y95.419 E73.02564
G1 X86.876 Y95.332 E73.02892
G1 X87.139 Y94.919 E73.0452
G1 X87.466 Y94.555 E73.06148
G0 F7500 X87.787 Y94.803
G1 F1500 X88.027 Y94.611 E73.0717
G1 X95.025 Y89.663 E73.35676
G1 X95.419 Y89.434 E73.37191
G1 X95.729 Y89.311 E73.38301
G1 X95.788 Y89.292 E73.38507
G1 X96.232 Y89.191 E73.40021
G1 X96.585 Y89.167 E73.41198
G1 X117.527 Y89.167 E74.10852
G1 X117.989 Y89.209 E74.12394
G1 X118.012 Y89.203 E74.12474
G1 X118.444 Y89.167 E74.13915
G1 X130.328 Y89.167 E74.53442
G1 X130.782 Y89.207 E74.54958
G1 X131.222 Y89.325 E74.56473
G1 X131.634 Y89.519 E74.57987
G1 X132.166 Y89.929 E74.60221
G1 X132.283 Y90.046 E74.60772
G1 X132.576 Y90.395 E74.62287
G1 X132.803 Y90.79 E74.63803
G1 X132.958 Y91.218 E74.65317
G1 X133.045 Y91.884 E74.6755
G1 X133.045 Y113.529 E75.39542
G1 X133.027 Y113.833 E75.40555
G1 X133.011 Y113.969 E75.4101
G1 X132.932 Y114.368 E75.42363
G1 X132.844 Y114.681 E75.43445
G1 X132.844 Y114.886 E75.44126
G1 X132.807 Y115.325 E75.45592
G1 X132.801 Y115.36 E75.4571
G1 X132.695 Y115.771 E75.47122
G1 X132.645 Y115.956 E75.47759
G1 X132.577 Y116.545 E75.49731
G1 X132.567 Y116.588 E75.49878
G1 X132.415 Y117.022 E75.51407
G1 X132.364 Y117.431 E75.52778
G1 X132.354 Y117.47 E75.52912
G1 X132.216 Y117.822 E75.5417
G1 X132.205 Y117.948 E75.5459
G1 X132.087 Y118.388 E75.56105
G1 X132.046 Y118.481 E75.56443
G1 X131.941 Y118.87 E75.57784
G1 X131.8 Y119.258 E75.59157
G1 X131.716 Y119.518 E75.60065
G1 X131.599 Y119.796 E75.61069
G1 X131.47 Y120.175 E75.624
G1 X131.42 Y120.296 E75.62836
G1 X131.217 Y120.819 E75.64702
G1 X131.148 Y120.957 E75.65215
G1 X131.036 Y121.237 E75.66218
G1 X130.856 Y121.593 E75.67545
G1 X130.807 Y121.711 E75.6797
G1 X130.657 Y121.998 E75.69047
G1 X130.612 Y122.106 E75.69436
G1 X130.418 Y122.476 E75.70825
G1 X130.381 Y122.555 E75.71115
G1 X130.174 Y122.913 E75.72491
G1 X129.983 Y123.268 E75.73832
G1 X129.954 Y123.302 E75.7398
G1 X129.75 Y123.664 E75.75362
G1 X129.708 Y123.715 E75.75582
G1 X129.513 Y124.048 E75.76866
G1 X129.454 Y124.118 E75.7717
G1 X129.303 Y124.369 E75.78144
G1 X129.098 Y124.665 E75.79342
G1 X129.039 Y124.733 E75.79641
G1 X128.823 Y125.06 E75.80945
G1 X128.618 Y125.333 E75.8208
G1 X128.42 Y125.582 E75.83138
G1 X128.253 Y125.785 E75.84013
G1 X128.023 Y126.061 E75.85208
G1 X127.776 Y126.322 E75.86403
G1 X127.467 Y126.677 E75.87968
G1 X127.255 Y126.896 E75.88982
G1 X126.964 Y127.206 E75.90396
G1 X126.741 Y127.417 E75.91417
G1 X126.297 Y127.815 E75.934
G1 X126.004 Y128.066 E75.94684
G1 X125.809 Y128.223 E75.95516
G1 X125.561 Y128.409 E75.96547
G1 X125.29 Y128.627 E75.97704
G1 X124.99 Y128.84 E75.98928
G1 X124.724 Y129.011 E75.9998
G1 X124.494 Y129.15 E76.00873
G1 X124.092 Y129.396 E76.02441
G1 X123.794 Y129.581 E76.03608
G1 X123.253 Y129.855 E76.05625
G1 X122.983 Y129.961 E76.06589
G1 X122.888 Y130.018 E76.06958
G1 X122.477 Y130.215 E76.08474
G1 X122.306 Y130.264 E76.09065
G1 X122.053 Y130.383 E76.09995
G1 X121.652 Y130.502 E76.11387
G1 X121.622 Y130.515 E76.11495
G1 X121.191 Y130.661 E76.13009
G1 X120.955 Y130.707 E76.13808
G1 X120.476 Y130.777 E76.15419
G1 X120.021 Y130.803 E76.16934
G1 X119.569 Y130.749 E76.18448
G1 X119.132 Y130.617 E76.19967
G1 X118.726 Y130.411 E76.21481
G1 X118.362 Y130.138 E76.22994
G1 X118.051 Y129.804 E76.24512
G1 X117.803 Y129.422 E76.26027
G1 X117.585 Y128.863 E76.28023
G1 X117.161 Y127.246 E76.33583
G1 X117.085 Y126.797 E76.35097
G1 X117.088 Y126.342 E76.36611
G1 X117.103 Y126.257 E76.36898
G1 X116.962 Y125.726 E76.38725
G1 X116.884 Y125.277 E76.40241
G1 X116.886 Y124.821 E76.41757
G1 X116.902 Y124.733 E76.42055
G1 X116.76 Y124.2 E76.4389
G1 X116.682 Y123.751 E76.45405
G1 X116.684 Y123.296 E76.46919
G1 X116.702 Y123.198 E76.4725
G1 X116.562 Y122.672 E76.4906
G1 X116.484 Y122.223 E76.50576
G1 X116.486 Y121.767 E76.52093
G1 X116.502 Y121.675 E76.52403
G1 X116.454 Y121.492 E76.53033
G1 X103.655 Y121.492 E76.95602
G1 X103.201 Y121.452 E76.97118
G1 X102.858 Y121.367 E76.98294
G1 X102.799 Y121.348 E76.985
G1 X102.379 Y121.171 E77.00016
G1 X102.095 Y120.996 E77.01125
G1 X90.069 Y112.492 E77.50114
G1 X89.643 Y112.115 E77.52006
G1 X89.614 Y112.083 E77.5215
G1 X89.298 Y111.651 E77.5393
G1 X87.252 Y108.158 E77.67394
G1 X87.057 Y107.746 E77.6891
G1 X86.972 Y107.476 E77.69851
G1 X86.892 Y107.027 E77.71368
G1 X86.882 Y106.796 E77.72137
G1 X86.882 Y96.821 E78.05314
G1 X86.922 Y96.367 E78.0683
G1 X87.04 Y95.927 E78.08345
G1 X87.184 Y95.606 E78.09515
G1 X87.23 Y95.519 E78.09843
G1 X87.477 Y95.136 E78.11359
G1 X87.787 Y94.803 E78.12872
G0 F7500 X87.813 Y95.356
G1 F1500 X88.258 Y94.938 E78.14902
G1 X95.256 Y89.99 E78.43408
G1 X95.62 Y89.781 E78.44804
G1 X95.911 Y89.673 E78.45837
G1 X96.32 Y89.583 E78.4723
G1 X96.585 Y89.567 E78.48113
G1 X117.527 Y89.567 E79.17766
G1 X117.944 Y89.607 E79.19159
G1 X117.991 Y89.621 E79.19322
G1 X118.444 Y89.567 E79.2084
G1 X130.328 Y89.567 E79.60366
G1 X130.745 Y89.607 E79.61759
G1 X131.147 Y89.725 E79.63153
G1 X131.519 Y89.918 E79.64547
G1 X131.884 Y90.211 E79.66103
G1 X132.001 Y90.328 E79.66654
G1 X132.267 Y90.652 E79.68048
G1 X132.468 Y91.019 E79.6944
G1 X132.595 Y91.419 E79.70836
G1 X132.645 Y91.884 E79.72391
G1 X132.645 Y113.529 E80.44383
G1 X132.63 Y113.786 E80.45239
G1 X132.614 Y113.922 E80.45694
G1 X132.547 Y114.26 E80.4684
G1 X132.444 Y114.627 E80.48108
G1 X132.444 Y114.886 E80.4897
G1 X132.412 Y115.258 E80.50212
G1 X132.406 Y115.293 E80.5033
G1 X132.317 Y115.64 E80.51521
G1 X132.245 Y115.956 E80.52599
G1 X132.188 Y116.454 E80.54266
G1 X132.178 Y116.497 E80.54413
G1 X132.027 Y116.928 E80.55932
G1 X131.976 Y117.331 E80.57283
G1 X131.966 Y117.37 E80.57417
G1 X131.821 Y117.739 E80.58736
G1 X131.805 Y117.911 E80.5931
G1 X131.687 Y118.313 E80.60704
G1 X131.663 Y118.364 E80.60891
G1 X131.555 Y118.766 E80.62276
G1 X131.43 Y119.098 E80.63456
G1 X131.335 Y119.395 E80.64493
G1 X131.225 Y119.651 E80.65419
G1 X131.091 Y120.046 E80.66807
G1 X131.047 Y120.151 E80.67185
G1 X130.844 Y120.674 E80.69051
G1 X130.799 Y120.755 E80.6936
G1 X130.665 Y121.088 E80.70553
G1 X130.499 Y121.407 E80.71749
G1 X130.437 Y121.558 E80.72292
G1 X130.293 Y121.83 E80.73316
G1 X130.242 Y121.952 E80.73756
G1 X130.081 Y122.254 E80.74894
G1 X130.019 Y122.386 E80.75379
G1 X129.838 Y122.693 E80.76565
G1 X129.831 Y122.709 E80.76623
G1 X129.63 Y123.077 E80.78017
G1 X129.61 Y123.102 E80.78124
G1 X129.401 Y123.465 E80.79517
G1 X129.376 Y123.494 E80.79644
G1 X129.167 Y123.844 E80.81
G1 X129.13 Y123.882 E80.81176
G1 X128.959 Y124.161 E80.82265
G1 X128.884 Y124.243 E80.82634
G1 X128.754 Y124.457 E80.83467
G1 X128.717 Y124.497 E80.83649
G1 X128.489 Y124.837 E80.8501
G1 X128.44 Y124.882 E80.85231
G1 X128.286 Y125.106 E80.86135
G1 X128.087 Y125.357 E80.87201
G1 X127.917 Y125.565 E80.88094
G1 X127.688 Y125.839 E80.89282
G1 X127.506 Y126.023 E80.90143
G1 X127.344 Y126.234 E80.91028
G1 X127.156 Y126.423 E80.91914
G1 X126.973 Y126.612 E80.92789
G1 X126.799 Y126.803 E80.93649
G1 X126.511 Y127.084 E80.94987
G1 X126.246 Y127.325 E80.96178
G1 X126.007 Y127.537 E80.97241
G1 X125.753 Y127.755 E80.98354
G1 X125.558 Y127.912 E80.99187
G1 X125.334 Y128.078 E81.00114
G1 X125.056 Y128.302 E81.01302
G1 X124.771 Y128.505 E81.02465
G1 X124.517 Y128.669 E81.03471
G1 X124.301 Y128.8 E81.04311
G1 X124.085 Y128.935 E81.05158
G1 X123.71 Y129.157 E81.06608
G1 X123.573 Y129.248 E81.07155
G1 X123.115 Y129.479 E81.08861
G1 X122.88 Y129.565 E81.09693
G1 X122.626 Y129.707 E81.10661
G1 X122.242 Y129.873 E81.12053
G1 X122.114 Y129.906 E81.12492
G1 X121.729 Y130.067 E81.1388
G1 X121.462 Y130.149 E81.14809
G1 X120.897 Y130.311 E81.16764
G1 X120.418 Y130.381 E81.18374
G1 X120 Y130.402 E81.19766
G1 X119.585 Y130.343 E81.2116
G1 X119.189 Y130.206 E81.22554
G1 X118.825 Y129.997 E81.2395
G1 X118.509 Y129.723 E81.25341
G1 X118.249 Y129.394 E81.26736
G1 X118.057 Y129.021 E81.28131
G1 X117.972 Y128.762 E81.29038
G1 X117.548 Y127.145 E81.34598
G1 X117.481 Y126.731 E81.35993
G1 X117.493 Y126.313 E81.37384
G1 X117.51 Y126.228 E81.37672
G1 X117.349 Y125.623 E81.39754
G1 X117.28 Y125.209 E81.4115
G1 X117.291 Y124.791 E81.42541
G1 X117.308 Y124.702 E81.42842
G1 X117.147 Y124.097 E81.44924
G1 X117.078 Y123.684 E81.46317
G1 X117.089 Y123.265 E81.47711
G1 X117.108 Y123.168 E81.4804
G1 X116.949 Y122.569 E81.50101
G1 X116.88 Y122.156 E81.51494
G1 X116.891 Y121.737 E81.52888
G1 X116.908 Y121.649 E81.53186
G1 X116.762 Y121.092 E81.55101
G1 X103.655 Y121.092 E81.98695
G1 X103.238 Y121.052 E82.00089
G1 X102.981 Y120.986 E82.00971
G1 X102.922 Y120.967 E82.01177
G1 X102.537 Y120.801 E82.02572
G1 X102.326 Y120.669 E82.034
G1 X90.3 Y112.165 E82.52388
G1 X89.94 Y111.846 E82.53988
G1 X89.911 Y111.814 E82.54132
G1 X89.643 Y111.449 E82.55638
G1 X87.597 Y107.956 E82.69102
G1 X87.372 Y107.419 E82.71039
G1 X87.359 Y107.371 E82.71204
G1 X87.282 Y106.796 E82.73133
G1 X87.282 Y96.821 E83.0631
G1 X87.322 Y96.404 E83.07704
G1 X87.44 Y96.002 E83.09097
G1 X87.583 Y95.706 E83.10191
G1 X87.813 Y95.356 E83.11584
G0 F7500 X88.148 Y95.578
G1 F1500 X88.489 Y95.264 E83.13125
G1 X95.487 Y90.316 E83.41631
G1 X95.974 Y90.073 E83.43441
G1 X96.033 Y90.054 E83.43648
G1 X96.585 Y89.967 E83.45506
G1 X117.527 Y89.967 E84.1516
G1 X117.904 Y90.007 E84.1642
G1 X117.993 Y90.036 E84.16732
G1 X118.444 Y89.967 E84.18249
G1 X130.328 Y89.967 E84.57776
G1 X130.705 Y90.007 E84.59037
G1 X131.065 Y90.125 E84.60297
G1 X131.392 Y90.315 E84.61554
G1 X131.601 Y90.494 E84.6247
G1 X131.718 Y90.611 E84.6302
G1 X131.956 Y90.906 E84.64281
G1 X132.127 Y91.244 E84.65541
G1 X132.224 Y91.61 E84.668
G1 X132.245 Y91.884 E84.67714
G1 X132.245 Y113.529 E85.39706
G1 X132.217 Y113.875 E85.4086
G1 X132.162 Y114.152 E85.41799
G1 X132.044 Y114.572 E85.4325
G1 X132.044 Y114.886 E85.44295
G1 X132.018 Y115.19 E85.4531
G1 X132.012 Y115.225 E85.45428
G1 X131.939 Y115.509 E85.46403
G1 X131.845 Y115.781 E85.4736
G1 X131.845 Y115.956 E85.47942
G1 X131.798 Y116.364 E85.49308
G1 X131.788 Y116.407 E85.49455
G1 X131.66 Y116.773 E85.50745
G1 X131.642 Y116.811 E85.50884
G1 X131.589 Y117.232 E85.52296
G1 X131.579 Y117.271 E85.5243
G1 X131.428 Y117.656 E85.53805
G1 X131.405 Y117.871 E85.54524
G1 X131.314 Y118.123 E85.55415
G1 X131.169 Y118.662 E85.57272
G1 X131.067 Y118.926 E85.58213
G1 X130.955 Y119.273 E85.59426
G1 X130.853 Y119.502 E85.6026
G1 X130.712 Y119.917 E85.61718
G1 X130.674 Y120.006 E85.62039
G1 X130.471 Y120.529 E85.63905
G1 X130.427 Y120.608 E85.64206
G1 X130.294 Y120.939 E85.65393
G1 X130.141 Y121.226 E85.66474
G1 X130.067 Y121.405 E85.67119
G1 X129.938 Y121.643 E85.68019
G1 X129.873 Y121.798 E85.68578
G1 X129.728 Y122.062 E85.6958
G1 X129.656 Y122.217 E85.70148
G1 X129.484 Y122.503 E85.71258
G1 X129.463 Y122.552 E85.71436
G1 X129.278 Y122.883 E85.72697
G1 X129.245 Y122.937 E85.72907
G1 X129.053 Y123.263 E85.74166
G1 X129.02 Y123.313 E85.74365
G1 X128.823 Y123.636 E85.75623
G1 X128.796 Y123.663 E85.7575
G1 X128.617 Y123.95 E85.76875
G1 X128.565 Y124.001 E85.77117
G1 X128.412 Y124.247 E85.78081
G1 X128.371 Y124.298 E85.78299
G1 X128.156 Y124.611 E85.79562
G1 X128.12 Y124.644 E85.79724
G1 X127.956 Y124.877 E85.80672
G1 X127.756 Y125.129 E85.81742
G1 X127.582 Y125.342 E85.82657
G1 X127.355 Y125.614 E85.83835
G1 X127.221 Y125.742 E85.84451
G1 X127.06 Y125.951 E85.85329
G1 X126.891 Y126.121 E85.86126
G1 X126.689 Y126.33 E85.87093
G1 X126.503 Y126.534 E85.88011
G1 X126.235 Y126.794 E85.89253
G1 X125.98 Y127.026 E85.90399
G1 X125.746 Y127.234 E85.91441
G1 X125.502 Y127.443 E85.92509
G1 X125.242 Y127.65 E85.93615
G1 X124.927 Y127.897 E85.94946
G1 X124.623 Y128.122 E85.96204
G1 X124.31 Y128.327 E85.97448
G1 X124.08 Y128.466 E85.98342
G1 X123.682 Y128.709 E85.99893
G1 X123.352 Y128.914 E86.01185
G1 X122.977 Y129.104 E86.02584
G1 X122.712 Y129.201 E86.03522
G1 X122.37 Y129.39 E86.04822
G1 X122.073 Y129.492 E86.05866
G1 X122.063 Y129.498 E86.05905
G1 X121.625 Y129.681 E86.07484
G1 X121.301 Y129.783 E86.08614
G1 X120.839 Y129.915 E86.10212
G1 X120.36 Y129.985 E86.11822
G1 X119.982 Y130 E86.1308
G1 X119.608 Y129.936 E86.14342
G1 X119.257 Y129.794 E86.15601
G1 X118.942 Y129.582 E86.16864
G1 X118.679 Y129.309 E86.18125
G1 X118.48 Y128.988 E86.19381
G1 X118.359 Y128.661 E86.20541
G1 X117.935 Y127.044 E86.26101
G1 X117.878 Y126.669 E86.27363
G1 X117.926 Y126.234 E86.28818
G1 X117.736 Y125.52 E86.31276
G1 X117.677 Y125.146 E86.32535
G1 X117.723 Y124.711 E86.3399
G1 X117.533 Y123.995 E86.36454
G1 X117.475 Y123.62 E86.37716
G1 X117.497 Y123.242 E86.38975
G1 X117.517 Y123.15 E86.39288
G1 X117.335 Y122.466 E86.41642
G1 X117.277 Y122.092 E86.42901
G1 X117.323 Y121.655 E86.44363
G1 X117.07 Y120.692 E86.47674
G1 X103.655 Y120.692 E86.92293
G1 X103.103 Y120.605 E86.94151
G1 X103.044 Y120.586 E86.94358
G1 X102.557 Y120.343 E86.96168
G1 X90.531 Y111.839 E87.45157
G1 X90.236 Y111.578 E87.46467
G1 X90.207 Y111.546 E87.4661
G1 X89.988 Y111.247 E87.47843
G1 X87.942 Y107.754 E87.61307
G1 X87.758 Y107.315 E87.6289
G1 X87.745 Y107.267 E87.63056
G1 X87.682 Y106.796 E87.64636
G1 X87.682 Y96.821 E87.97813
G1 X87.722 Y96.444 E87.99074
G1 X87.891 Y95.98 E88.00716
G1 X87.937 Y95.893 E88.01044
G1 X88.148 Y95.578 E88.02305
G0 F7500 X88.481 Y95.805
G1 F1500 X88.72 Y95.591 E88.03372
G1 X95.718 Y90.643 E88.31878
G1 X96.097 Y90.453 E88.33288
G1 X96.156 Y90.434 E88.33494
G1 X96.585 Y90.367 E88.34938
G1 X117.527 Y90.367 E89.04591
G1 X117.859 Y90.407 E89.05704
G1 X117.978 Y90.452 E89.06127
G1 X118.255 Y90.38 E89.07079
G1 X118.444 Y90.367 E89.07709
G1 X130.328 Y90.367 E89.47235
G1 X130.66 Y90.407 E89.48347
G1 X130.972 Y90.524 E89.49456
G1 X131.318 Y90.777 E89.50881
G1 X131.435 Y90.894 E89.51432
G1 X131.641 Y91.157 E89.52543
G1 X131.78 Y91.461 E89.53655
G1 X131.845 Y91.884 E89.55078
G1 X131.845 Y113.529 E90.2707
G1 X131.819 Y113.829 E90.28071
G1 X131.777 Y114.043 E90.28796
G1 X131.644 Y114.517 E90.30434
G1 X131.644 Y114.886 E90.31661
G1 X131.618 Y115.158 E90.3257
G1 X131.561 Y115.379 E90.33329
G1 X131.445 Y115.714 E90.34508
G1 X131.445 Y115.956 E90.35313
G1 X131.409 Y116.273 E90.36374
G1 X131.399 Y116.316 E90.36521
G1 X131.299 Y116.601 E90.37526
G1 X131.245 Y116.785 E90.38163
G1 X131.201 Y117.133 E90.3933
G1 X131.191 Y117.172 E90.39464
G1 X131.066 Y117.49 E90.406
G1 X131.04 Y117.539 E90.40785
G1 X131.005 Y117.826 E90.41747
G1 X130.918 Y118.058 E90.42571
G1 X130.783 Y118.558 E90.44293
G1 X130.695 Y118.775 E90.45072
G1 X130.574 Y119.151 E90.46386
G1 X130.505 Y119.286 E90.4689
G1 X130.334 Y119.789 E90.48657
G1 X130.301 Y119.862 E90.48924
G1 X130.098 Y120.385 E90.50789
G1 X130.053 Y120.466 E90.51098
G1 X129.923 Y120.789 E90.52256
G1 X129.788 Y121.035 E90.53189
G1 X129.609 Y121.393 E90.5452
G1 X129.504 Y121.644 E90.55425
G1 X129.379 Y121.866 E90.56273
G1 X129.294 Y122.048 E90.56941
G1 X129.132 Y122.308 E90.5796
G1 X129.095 Y122.395 E90.58274
G1 X128.807 Y122.892 E90.60185
G1 X128.708 Y123.057 E90.60825
G1 X128.659 Y123.142 E90.61151
G1 X128.481 Y123.424 E90.6226
G1 X128.459 Y123.453 E90.62381
G1 X128.277 Y123.734 E90.63495
G1 X128.241 Y123.768 E90.63659
G1 X128.071 Y124.032 E90.64704
G1 X128.02 Y124.108 E90.65008
G1 X127.826 Y124.38 E90.66119
G1 X127.807 Y124.397 E90.66204
G1 X127.628 Y124.643 E90.67216
G1 X127.58 Y124.684 E90.67426
G1 X127.428 Y124.896 E90.68294
G1 X127.25 Y125.114 E90.6923
G1 X127.024 Y125.385 E90.70403
G1 X126.953 Y125.441 E90.70704
G1 X126.777 Y125.669 E90.71662
G1 X126.589 Y125.858 E90.72549
G1 X126.407 Y126.046 E90.73419
G1 X126.208 Y126.264 E90.74401
G1 X125.96 Y126.504 E90.75549
G1 X125.715 Y126.727 E90.7665
G1 X125.485 Y126.931 E90.77673
G1 X125.251 Y127.131 E90.78697
G1 X125.006 Y127.327 E90.7974
G1 X124.67 Y127.59 E90.8116
G1 X124.389 Y127.797 E90.8232
G1 X124.143 Y127.959 E90.833
G1 X123.897 Y128.109 E90.84258
G1 X123.676 Y128.248 E90.85127
G1 X123.285 Y128.479 E90.86637
G1 X123.131 Y128.581 E90.87252
G1 X122.839 Y128.728 E90.88339
G1 X122.562 Y128.83 E90.89321
G1 X122.344 Y128.935 E90.90125
G1 X122.119 Y129.065 E90.9099
G1 X121.861 Y129.152 E90.91895
G1 X121.521 Y129.295 E90.93122
G1 X121.251 Y129.368 E90.94052
G1 X121.141 Y129.416 E90.94452
G1 X120.781 Y129.519 E90.95697
G1 X120.302 Y129.589 E90.97307
G1 X119.968 Y129.598 E90.98418
G1 X119.642 Y129.527 E90.99528
G1 X119.342 Y129.381 E91.00638
G1 X119.084 Y129.168 E91.0175
G1 X118.885 Y128.9 E91.02861
G1 X118.746 Y128.559 E91.04085
G1 X118.322 Y126.942 E91.09645
G1 X118.276 Y126.611 E91.10757
G1 X118.325 Y126.221 E91.12064
G1 X118.331 Y126.201 E91.12134
G1 X118.122 Y125.417 E91.14832
G1 X118.075 Y125.086 E91.15944
G1 X118.122 Y124.696 E91.17251
G1 X118.128 Y124.674 E91.17327
G1 X117.92 Y123.892 E91.20018
G1 X117.873 Y123.561 E91.2113
G1 X117.923 Y123.159 E91.22477
G1 X117.928 Y123.14 E91.22543
G1 X117.722 Y122.364 E91.25213
G1 X117.675 Y122.033 E91.26325
G1 X117.721 Y121.647 E91.27618
G1 X117.728 Y121.62 E91.27711
G1 X117.379 Y120.292 E91.32278
G1 X103.655 Y120.292 E91.77924
G1 X103.226 Y120.225 E91.79368
G1 X103.167 Y120.206 E91.79574
G1 X102.788 Y120.016 E91.80984
G1 X90.762 Y111.512 E92.29973
G1 X90.533 Y111.309 E92.30991
G1 X90.504 Y111.277 E92.31135
G1 X90.333 Y111.045 E92.32093
G1 X88.287 Y107.552 E92.45557
G1 X88.144 Y107.21 E92.4679
G1 X88.131 Y107.162 E92.46956
G1 X88.082 Y106.796 E92.48184
G1 X88.082 Y96.821 E92.81361
G1 X88.122 Y96.489 E92.82473
G1 X88.244 Y96.167 E92.83618
G1 X88.29 Y96.08 E92.83946
G1 X88.481 Y95.805 E92.85059
G0 F7500 X88.81 Y96.038
G1 F1500 X88.951 Y95.917 E92.85677
G1 X95.949 Y90.969 E93.14183
G1 X96.219 Y90.834 E93.15187
G1 X96.278 Y90.815 E93.15393
G1 X96.585 Y90.767 E93.16427
G1 X117.527 Y90.767 E93.8608
G1 X117.806 Y90.807 E93.87017
G1 X117.982 Y90.886 E93.87659
G1 X118.019 Y90.862 E93.87806
G1 X118.289 Y90.779 E93.88745
G1 X118.444 Y90.767 E93.89262
G1 X130.328 Y90.767 E94.28789
G1 X130.607 Y90.807 E94.29726
G1 X130.864 Y90.923 E94.30664
G1 X131.152 Y91.177 E94.31941
G1 X131.321 Y91.403 E94.3288
G1 X131.421 Y91.667 E94.33819
G1 X131.445 Y91.884 E94.34545
G1 X131.445 Y113.529 E95.06536
G1 X131.422 Y113.782 E95.07381
G1 X131.392 Y113.935 E95.079
G1 X131.244 Y114.462 E95.09721
G1 X131.244 Y114.886 E95.11131
G1 X131.183 Y115.248 E95.12352
G1 X131.045 Y115.647 E95.13756
G1 X131.045 Y115.956 E95.14784
G1 X131.009 Y116.226 E95.1569
G1 X130.845 Y116.624 E95.17121
G1 X130.814 Y117.033 E95.18486
G1 X130.714 Y117.3 E95.19434
G1 X130.645 Y117.494 E95.20119
G1 X130.605 Y117.773 E95.21056
G1 X130.531 Y117.958 E95.21719
G1 X130.397 Y118.453 E95.23425
G1 X130.338 Y118.577 E95.23881
G1 X130.193 Y119.028 E95.25457
G1 X130.124 Y119.162 E95.25958
G1 X129.955 Y119.66 E95.27707
G1 X129.928 Y119.717 E95.27917
G1 X129.725 Y120.24 E95.29783
G1 X129.681 Y120.319 E95.30084
G1 X129.552 Y120.64 E95.31235
G1 X129.462 Y120.774 E95.31771
G1 X129.328 Y121.099 E95.32941
G1 X129.24 Y121.238 E95.33488
G1 X129.135 Y121.49 E95.34396
G1 X129.065 Y121.592 E95.34807
G1 X128.931 Y121.879 E95.35861
G1 X128.727 Y122.237 E95.37231
G1 X128.517 Y122.606 E95.38643
G1 X128.365 Y122.844 E95.39583
G1 X128.297 Y122.971 E95.40062
G1 X128.142 Y123.206 E95.40998
G1 X128.099 Y123.278 E95.41277
G1 X127.941 Y123.512 E95.42216
G1 X127.892 Y123.576 E95.42484
G1 X127.599 Y124.008 E95.4422
G1 X127.5 Y124.143 E95.44777
G1 X127.304 Y124.403 E95.4586
G1 X127.272 Y124.432 E95.46004
G1 X127.103 Y124.658 E95.46942
G1 X126.921 Y124.881 E95.479
G1 X126.86 Y124.928 E95.48156
G1 X126.696 Y125.15 E95.49074
G1 X126.648 Y125.186 E95.49273
G1 X126.493 Y125.387 E95.50118
G1 X126.305 Y125.576 E95.51004
G1 X126.112 Y125.776 E95.51929
G1 X125.913 Y125.994 E95.5291
G1 X125.685 Y126.214 E95.53964
G1 X125.234 Y126.619 E95.5598
G1 X125 Y126.82 E95.57006
G1 X124.769 Y127.004 E95.57989
G1 X124.413 Y127.284 E95.59495
G1 X124.155 Y127.473 E95.60559
G1 X123.925 Y127.624 E95.61474
G1 X123.666 Y127.781 E95.62481
G1 X123.273 Y128.022 E95.64015
G1 X122.91 Y128.247 E95.65435
G1 X122.701 Y128.353 E95.66214
G1 X122.394 Y128.466 E95.67302
G1 X122.16 Y128.578 E95.68165
G1 X122.132 Y128.604 E95.68292
G1 X121.768 Y128.759 E95.69608
G1 X121.66 Y128.807 E95.70001
G1 X121.416 Y128.908 E95.7088
G1 X121.125 Y128.987 E95.71883
G1 X120.98 Y129.05 E95.72408
G1 X120.724 Y129.123 E95.73294
G1 X120.245 Y129.193 E95.74904
G1 X119.962 Y129.194 E95.75845
G1 X119.691 Y129.117 E95.76782
G1 X119.453 Y128.966 E95.7772
G1 X119.266 Y128.755 E95.78657
G1 X119.133 Y128.458 E95.7974
G1 X118.709 Y126.841 E95.853
G1 X118.676 Y126.56 E95.86241
G1 X118.745 Y126.201 E95.87457
G1 X118.509 Y125.314 E95.90509
G1 X118.475 Y125.034 E95.91448
G1 X118.542 Y124.674 E95.92665
G1 X118.307 Y123.789 E95.95711
G1 X118.273 Y123.509 E95.96649
G1 X118.343 Y123.142 E95.97892
G1 X118.109 Y122.261 E96.00924
G1 X118.075 Y121.981 E96.01862
G1 X118.142 Y121.62 E96.03083
G1 X117.683 Y119.875 E96.09084
G1 X117.527 Y119.892 E96.09606
G1 X103.655 Y119.892 E96.55745
G1 X103.348 Y119.844 E96.56778
G1 X103.289 Y119.825 E96.56984
G1 X103.019 Y119.689 E96.5799
G1 X90.993 Y111.185 E97.06979
G1 X90.8 Y111.009 E97.07847
G1 X90.678 Y110.842 E97.08535
G1 X88.632 Y107.349 E97.21999
G1 X88.53 Y107.105 E97.22879
G1 X88.517 Y107.057 E97.23044
G1 X88.482 Y106.796 E97.2392
G1 X88.482 Y96.821 E97.57097
G1 X88.522 Y96.542 E97.58035
G1 X88.644 Y96.267 E97.59035
G1 X88.81 Y96.038 E97.59976
G0 F7500 X89.182 Y96.244
G1 F1500 X96.18 Y91.296 E97.88482
G1 X96.401 Y91.196 E97.89289
G1 X96.585 Y91.167 E97.89908
G1 X117.527 Y91.167 E98.59561
G1 X117.742 Y91.207 E98.60289
G1 X117.988 Y91.38 E98.61289
G1 X118.17 Y91.233 E98.62067
G1 X118.444 Y91.167 E98.63005
G1 X130.328 Y91.167 E99.02531
G1 X130.543 Y91.207 E99.03258
G1 X130.869 Y91.46 E99.04631
G1 X130.993 Y91.639 E99.05355
G1 X131.045 Y91.884 E99.06188
G1 X131.045 Y113.529 E99.7818
G1 X131.007 Y113.827 E99.79179
G1 X130.844 Y114.408 E99.81186
G1 X130.844 Y114.886 E99.82776
G1 X130.805 Y115.117 E99.83555
G1 X130.645 Y115.58 E99.85184
G1 X130.645 Y115.956 E99.86435
G1 X130.577 Y116.257 E99.87461
G1 X130.445 Y116.534 E99.88482
G1 X130.445 Y116.785 E99.89316
G1 X130.363 Y117.11 E99.90431
G1 X130.245 Y117.328 E99.91256
G1 X130.245 Y117.494 E99.91808
G1 X130.177 Y117.771 E99.92757
G1 X130.154 Y117.816 E99.92925
G1 X130.01 Y118.349 E99.94761
G1 X129.951 Y118.475 E99.95224
G1 X129.812 Y118.906 E99.9673
G1 X129.741 Y119.045 E99.97249
G1 X129.576 Y119.531 E99.98956
G1 X129.555 Y119.572 E99.99109
G1 X129.352 Y120.095 E100.00975
G1 X129.309 Y120.173 E100.01272
G1 X129.181 Y120.491 E100.02412
G1 X129.09 Y120.626 E100.02953
G1 X128.958 Y120.946 E100.04105
G1 X128.871 Y121.084 E100.04647
G1 X128.766 Y121.336 E100.05555
G1 X128.696 Y121.437 E100.05964
G1 X128.569 Y121.71 E100.06965
G1 X128.453 Y121.863 E100.07604
G1 X128.237 Y122.253 E100.09087
G1 X128.038 Y122.582 E100.10366
G1 X127.935 Y122.8 E100.11167
G1 X127.739 Y123.103 E100.12368
G1 X127.532 Y123.402 E100.13577
G1 X127.316 Y123.726 E100.14872
G1 X127.125 Y123.984 E100.1594
G1 X126.922 Y124.239 E100.17024
G1 X126.753 Y124.428 E100.17867
G1 X126.598 Y124.636 E100.1873
G1 X126.375 Y124.903 E100.19887
G1 X126.209 Y125.105 E100.20757
G1 X126.028 Y125.288 E100.21613
G1 X125.805 Y125.519 E100.22681
G1 X125.617 Y125.725 E100.23608
G1 X125.399 Y125.934 E100.24613
G1 X124.968 Y126.32 E100.26537
G1 X124.749 Y126.508 E100.27497
G1 X124.533 Y126.682 E100.2842
G1 X124.156 Y126.977 E100.30012
G1 X123.922 Y127.148 E100.30976
G1 X123.689 Y127.3 E100.31901
G1 X123.459 Y127.439 E100.32795
G1 X123.279 Y127.552 E100.33502
G1 X122.86 Y127.801 E100.35123
G1 X122.564 Y127.977 E100.36268
G1 X122.238 Y128.097 E100.37424
G1 X121.935 Y128.24 E100.38538
G1 X121.687 Y128.367 E100.39465
G1 X121.312 Y128.522 E100.40814
G1 X120.994 Y128.608 E100.4191
G1 X120.666 Y128.728 E100.43072
G1 X120.187 Y128.798 E100.44682
G1 X119.969 Y128.789 E100.45408
G1 X119.768 Y128.704 E100.46133
G1 X119.611 Y128.552 E100.4686
G1 X119.52 Y128.356 E100.47579
G1 X119.096 Y126.739 E100.53139
G1 X119.097 Y126.43 E100.54167
G1 X119.159 Y126.202 E100.54953
G1 X118.895 Y125.211 E100.58364
G1 X118.895 Y124.902 E100.59391
G1 X118.956 Y124.674 E100.60176
G1 X118.693 Y123.686 E100.63577
G1 X118.695 Y123.372 E100.64621
G1 X118.757 Y123.146 E100.65401
G1 X118.495 Y122.158 E100.688
G1 X118.495 Y121.851 E100.69821
G1 X118.556 Y121.621 E100.70613
G1 X117.984 Y119.447 E100.7809
G1 X117.915 Y119.341 E100.7851
G1 X117.772 Y119.44 E100.79089
G1 X117.527 Y119.492 E100.79922
G1 X103.655 Y119.492 E101.2606
G1 X103.412 Y119.444 E101.26884
G1 X103.25 Y119.363 E101.27487
G1 X91.224 Y110.859 E101.76475
G1 X91.023 Y110.64 E101.77464
G1 X88.977 Y107.147 E101.90928
G1 X88.882 Y106.796 E101.92138
G1 X88.882 Y96.821 E102.25315
G1 X88.952 Y96.541 E102.26274
G1 X88.998 Y96.454 E102.26602
G1 X89.182 Y96.244 E102.2753
G0 F7500 X89.413 Y96.571
G1 F1500 X96.411 Y91.623 E102.56036
G1 X96.585 Y91.567 E102.56644
G1 X117.527 Y91.567 E103.26298
G1 X117.668 Y91.626 E103.26806
G1 X117.785 Y91.743 E103.27356
G1 X117.844 Y91.884 E103.27865
G1 X117.844 Y118.775 E104.17305
G1 X117.785 Y118.916 E104.17813
G1 X117.668 Y119.033 E104.18363
G1 X117.527 Y119.092 E104.18872
G1 X103.655 Y119.092 E104.6501
G1 X103.481 Y119.036 E104.65618
G1 X91.455 Y110.532 E105.14607
G1 X91.368 Y110.438 E105.15033
G1 X89.322 Y106.945 E105.28497
G1 X89.282 Y106.796 E105.2901
G1 X89.282 Y96.821 E105.62187
G1 X89.351 Y96.641 E105.62828
G1 X89.413 Y96.571 E105.63139
G1 F2400 E104.83139
G0 F7500 X89.144 Y96.192
G0 X96.226 Y91.185
G0 X117.805 Y91.138
G0 X118.244 Y91.767
G1 F2400 E105.63139
G1 F1500 X118.283 Y91.648 E105.63556
G1 X118.444 Y91.567 E105.64155
G1 X130.328 Y91.567 E106.03681
G1 X130.469 Y91.626 E106.0419
G1 X130.586 Y91.743 E106.0474
G1 X130.645 Y91.884 E106.05248
G1 X130.644 Y113.552 E106.77317
G1 X130.622 Y113.719 E106.77877
G1 X130.444 Y114.353 E106.80067
G1 X130.444 Y114.886 E106.8184
G1 X130.427 Y114.986 E106.82177
G1 X130.245 Y115.512 E106.84028
G1 X130.245 Y115.956 E106.85505
G1 X130.216 Y116.085 E106.85945
G1 X130.045 Y116.444 E106.87267
G1 X130.045 Y116.785 E106.88402
G1 X130.011 Y116.919 E106.88861
G1 X129.845 Y117.226 E106.90022
G1 X129.845 Y117.494 E106.90914
G1 X129.78 Y117.667 E106.91528
G1 X129.624 Y118.245 E106.9352
G1 X129.575 Y118.335 E106.9386
G1 X129.431 Y118.783 E106.95426
G1 X129.376 Y118.875 E106.95782
G1 X129.197 Y119.402 E106.97633
G1 X129.175 Y119.446 E106.97797
G1 X128.979 Y119.95 E106.99595
G1 X128.943 Y120.011 E106.99831
G1 X128.81 Y120.342 E107.01017
G1 X128.736 Y120.437 E107.01418
G1 X128.589 Y120.793 E107.02699
G1 X128.521 Y120.886 E107.03082
G1 X128.397 Y121.182 E107.0415
G1 X128.335 Y121.264 E107.04491
G1 X128.206 Y121.541 E107.05508
G1 X128.11 Y121.647 E107.05983
G1 X127.992 Y121.923 E107.06982
G1 X127.899 Y122.032 E107.07458
G1 X127.788 Y122.276 E107.0835
G1 X127.693 Y122.378 E107.08814
G1 X127.574 Y122.629 E107.09737
G1 X127.38 Y122.928 E107.10923
G1 X127.261 Y123.043 E107.11473
G1 X127.103 Y123.306 E107.12494
G1 X126.965 Y123.535 E107.13383
G1 X126.776 Y123.789 E107.14436
G1 X126.571 Y124.046 E107.15529
G1 X126.381 Y124.278 E107.16527
G1 X126.239 Y124.394 E107.17137
G1 X126.076 Y124.626 E107.1808
G1 X125.926 Y124.823 E107.18903
G1 X125.738 Y125.012 E107.1979
G1 X125.517 Y125.241 E107.20848
G1 X125.312 Y125.465 E107.21858
G1 X125.13 Y125.637 E107.22691
G1 X124.703 Y126.021 E107.24601
G1 X124.498 Y126.197 E107.255
G1 X124.296 Y126.359 E107.26361
G1 X124.086 Y126.513 E107.27227
G1 X123.888 Y126.679 E107.28087
G1 X123.68 Y126.829 E107.2894
G1 X123.482 Y126.957 E107.29724
G1 X123.256 Y127.094 E107.30603
G1 X122.863 Y127.335 E107.32136
G1 X122.468 Y127.581 E107.33684
G1 X122.426 Y127.602 E107.3384
G1 X122.08 Y127.729 E107.35066
G1 X121.733 Y127.892 E107.36341
G1 X121.607 Y127.975 E107.36843
G1 X121.44 Y128.009 E107.3741
G1 X121.208 Y128.136 E107.38289
G1 X120.854 Y128.231 E107.39508
G1 X120.608 Y128.332 E107.40393
G1 X120.129 Y128.402 E107.42003
G1 X120.006 Y128.38 E107.42419
G1 X119.907 Y128.255 E107.42949
G1 X119.483 Y126.638 E107.48509
G1 X119.483 Y126.535 E107.48852
G1 X119.573 Y126.202 E107.49999
G1 X119.282 Y125.108 E107.53764
G1 X119.282 Y125.005 E107.54107
G1 X119.37 Y124.674 E107.55246
G1 X119.08 Y123.583 E107.59
G1 X119.08 Y123.479 E107.59346
G1 X119.172 Y123.146 E107.60495
G1 X118.882 Y122.055 E107.6425
G1 X118.882 Y121.953 E107.64589
G1 X118.97 Y121.621 E107.65732
G1 X118.347 Y119.254 E107.73873
G1 X118.244 Y119.076 E107.74557
G1 X118.244 Y91.767 E108.65387
G0 F7500 X119.244 Y91.967
G1 F1500 X130.245 Y91.967 E109.01976
G1 X130.245 Y113.518 E109.73655
G1 X130.233 Y113.621 E109.74
G1 X130.051 Y114.273 E109.76251
G1 X130.044 Y114.327 E109.76432
G1 X130.044 Y114.871 E109.78242
G1 X129.856 Y115.412 E109.80147
G1 X129.845 Y115.478 E109.80369
G1 X129.844 Y115.934 E109.81886
G1 X129.664 Y116.312 E109.83278
G1 X129.645 Y116.398 E109.83571
G1 X129.645 Y116.755 E109.84759
G1 X129.469 Y117.078 E109.85982
G1 X129.445 Y117.174 E109.86311
G1 X129.445 Y117.453 E109.87239
G1 X129.401 Y117.541 E109.87567
G1 X129.248 Y118.106 E109.89513
G1 X129.205 Y118.182 E109.89804
G1 X129.062 Y118.628 E109.91362
G1 X129.008 Y118.717 E109.91708
G1 X128.826 Y119.253 E109.93591
G1 X128.81 Y119.283 E109.93704
G1 X128.616 Y119.78 E109.95478
G1 X128.58 Y119.84 E109.95711
G1 X128.454 Y120.153 E109.96833
G1 X128.381 Y120.248 E109.97232
G1 X128.234 Y120.608 E109.98525
G1 X128.164 Y120.702 E109.98915
G1 X128.045 Y120.987 E109.99942
G1 X127.99 Y121.059 E110.00243
G1 X127.863 Y121.333 E110.01248
G1 X127.761 Y121.447 E110.01757
G1 X127.64 Y121.728 E110.02774
G1 X127.553 Y121.828 E110.03215
G1 X127.446 Y122.063 E110.04074
G1 X127.352 Y122.161 E110.04525
G1 X127.232 Y122.415 E110.0546
G1 X127.135 Y122.516 E110.05926
G1 X126.983 Y122.753 E110.06862
G1 X126.835 Y123.005 E110.07834
G1 X126.636 Y123.303 E110.09026
G1 X126.534 Y123.401 E110.09496
G1 X126.451 Y123.553 E110.10072
G1 X126.323 Y123.666 E110.1064
G1 X126.124 Y123.91 E110.11687
G1 X126.055 Y124.039 E110.12174
G1 X125.914 Y124.155 E110.12781
G1 X125.8 Y124.318 E110.13443
G1 X125.635 Y124.538 E110.14358
G1 X125.503 Y124.644 E110.14921
G1 X125.301 Y124.832 E110.15838
G1 X125.109 Y125.049 E110.16802
G1 X124.904 Y125.263 E110.17788
G1 X124.708 Y125.436 E110.18657
G1 X124.652 Y125.52 E110.18993
G1 X124.49 Y125.626 E110.19637
G1 X124.285 Y125.812 E110.20558
G1 X124.083 Y125.982 E110.21436
G1 X123.868 Y126.143 E110.22329
G1 X123.642 Y126.351 E110.23351
G1 X123.478 Y126.447 E110.23983
G1 X123.269 Y126.596 E110.24836
G1 X123.044 Y126.723 E110.25696
G1 X122.837 Y126.874 E110.26548
G1 X122.551 Y127.015 E110.27609
G1 X122.273 Y127.198 E110.28716
G1 X122.074 Y127.32 E110.29492
G1 X121.843 Y127.422 E110.30332
G1 X121.568 Y127.532 E110.31317
G1 X121.328 Y127.624 E110.32172
G1 X121.061 Y127.758 E110.33165
G1 X120.752 Y127.844 E110.34232
G1 X120.51 Y127.942 E110.35101
G1 X120.249 Y127.981 E110.35978
G1 X119.883 Y126.587 E110.40772
G1 X119.972 Y126.254 E110.41918
G1 X119.972 Y126.152 E110.42258
G1 X119.682 Y125.057 E110.46025
G1 X119.769 Y124.726 E110.47163
G1 X119.769 Y124.624 E110.47503
G1 X119.481 Y123.533 E110.51256
G1 X119.571 Y123.2 E110.52403
G1 X119.571 Y123.097 E110.52746
G1 X119.283 Y122.005 E110.56502
G1 X119.369 Y121.671 E110.57649
G1 X119.368 Y121.57 E110.57985
G1 X118.808 Y119.444 E110.65297
G1 X118.834 Y119.433 E110.65391
G1 X119.185 Y119.082 E110.67042
G1 X119.244 Y118.941 E110.6755
G1 X119.244 Y91.967 E111.57266
G0 F7500 X119.644 Y92.367
G1 F1500 X129.845 Y92.367 E111.91195
G1 X129.845 Y113.514 E112.6153
G1 X129.841 Y113.539 E112.61614
G1 X129.666 Y114.166 E112.63779
G1 X129.644 Y114.327 E112.6432
G1 X129.644 Y114.804 E112.65906
G1 X129.478 Y115.281 E112.67586
G1 X129.445 Y115.478 E112.68251
G1 X129.445 Y115.842 E112.69461
G1 X129.303 Y116.14 E112.70559
G1 X129.245 Y116.398 E112.71439
G1 X129.245 Y116.654 E112.7229
G1 X129.118 Y116.887 E112.73173
G1 X129.045 Y117.174 E112.74158
G1 X129.015 Y117.436 E112.75035
G1 X128.871 Y117.966 E112.76862
G1 X128.824 Y118.059 E112.77208
G1 X128.693 Y118.466 E112.7863
G1 X128.629 Y118.589 E112.79091
G1 X128.453 Y119.108 E112.80914
G1 X128.437 Y119.138 E112.81027
G1 X128.252 Y119.612 E112.8272
G1 X128.209 Y119.691 E112.83019
G1 X128.099 Y119.965 E112.84001
G1 X128.011 Y120.097 E112.84528
G1 X127.885 Y120.404 E112.85632
G1 X127.795 Y120.547 E112.86194
G1 X127.684 Y120.813 E112.87153
G1 X127.524 Y121.111 E112.88278
G1 X127.394 Y121.288 E112.89008
G1 X127.189 Y121.661 E112.90424
G1 X126.991 Y121.99 E112.91701
G1 X126.776 Y122.341 E112.9307
G1 X126.563 Y122.65 E112.94318
G1 X126.4 Y122.898 E112.95305
G1 X126.183 Y123.208 E112.96564
G1 X125.972 Y123.475 E112.97696
G1 X125.771 Y123.722 E112.98755
G1 X125.562 Y123.966 E112.99824
G1 X125.374 Y124.193 E113.00804
G1 X125.182 Y124.413 E113.01775
G1 X124.957 Y124.627 E113.02808
G1 X124.771 Y124.835 E113.03736
G1 X124.569 Y125.045 E113.04705
G1 X124.375 Y125.214 E113.05561
G1 X124.155 Y125.407 E113.06534
G1 X123.964 Y125.575 E113.0738
G1 X123.633 Y125.808 E113.08727
G1 X123.381 Y126.032 E113.09848
G1 X123.035 Y126.263 E113.11232
G1 X122.787 Y126.42 E113.12208
G1 X122.443 Y126.621 E113.13533
G1 X122.187 Y126.785 E113.14544
G1 X121.898 Y126.953 E113.15656
G1 X121.65 Y127.058 E113.16552
G1 X121.283 Y127.224 E113.17891
G1 X121.046 Y127.313 E113.18734
G1 X120.755 Y127.437 E113.19786
G1 X120.538 Y127.506 E113.20543
G1 X120.297 Y126.589 E113.23696
G1 X120.359 Y126.357 E113.24495
G1 X120.359 Y126.05 E113.25516
G1 X120.096 Y125.056 E113.28936
G1 X120.156 Y124.827 E113.29723
G1 X120.156 Y124.522 E113.30738
G1 X119.895 Y123.534 E113.34137
G1 X119.957 Y123.305 E113.34926
G1 X119.958 Y122.995 E113.35957
G1 X119.696 Y122.003 E113.39369
G1 X119.756 Y121.771 E113.40166
G1 X119.755 Y121.468 E113.41174
G1 X119.257 Y119.576 E113.47681
G1 X119.468 Y119.365 E113.48674
G1 X119.592 Y119.186 E113.49398
G1 X119.644 Y118.941 E113.50231
G1 X119.644 Y92.367 E114.38617
G0 F7500 X120.044 Y92.767
G1 F1500 X129.445 Y92.767 E114.69884
G1 X129.445 Y113.47 E115.38743
G1 X129.281 Y114.058 E115.40773
G1 X129.244 Y114.327 E115.41676
G1 X129.244 Y114.736 E115.43037
G1 X129.1 Y115.15 E115.44495
G1 X129.045 Y115.478 E115.45601
G1 X129.045 Y115.752 E115.46512
G1 X128.942 Y115.968 E115.47308
G1 X128.858 Y116.237 E115.48245
G1 X128.845 Y116.553 E115.49297
G1 X128.767 Y116.696 E115.49839
G1 X128.668 Y116.96 E115.50777
G1 X128.645 Y117.294 E115.5189
G1 X128.629 Y117.331 E115.52024
G1 X128.489 Y117.847 E115.53803
G1 X128.443 Y117.937 E115.54139
G1 X128.314 Y118.337 E115.55537
G1 X128.25 Y118.46 E115.55998
G1 X128.079 Y118.965 E115.57771
G1 X128.064 Y118.993 E115.57877
G1 X127.88 Y119.466 E115.59565
G1 X127.838 Y119.542 E115.59854
G1 X127.729 Y119.812 E115.60822
G1 X127.64 Y119.945 E115.61354
G1 X127.513 Y120.256 E115.62472
G1 X127.426 Y120.393 E115.63011
G1 X127.322 Y120.642 E115.63909
G1 X127.185 Y120.891 E115.64854
G1 X127.027 Y121.129 E115.65804
G1 X126.826 Y121.495 E115.67193
G1 X126.629 Y121.819 E115.68454
G1 X126.416 Y122.166 E115.69809
G1 X126.203 Y122.475 E115.71057
G1 X126.048 Y122.708 E115.71988
G1 X125.832 Y123.016 E115.73239
G1 X125.629 Y123.27 E115.7432
G1 X125.442 Y123.501 E115.75309
G1 X125.223 Y123.757 E115.76429
G1 X125.203 Y123.771 E115.76511
G1 X125.029 Y123.99 E115.77441
G1 X124.787 Y124.207 E115.78522
G1 X124.624 Y124.41 E115.79388
G1 X124.45 Y124.599 E115.80242
G1 X124.205 Y124.805 E115.81307
G1 X123.899 Y125.1 E115.82721
G1 X123.603 Y125.332 E115.83972
G1 X123.347 Y125.546 E115.85081
G1 X123.151 Y125.703 E115.85917
G1 X122.837 Y125.908 E115.87164
G1 X122.589 Y126.073 E115.88155
G1 X122.261 Y126.259 E115.89409
G1 X121.996 Y126.432 E115.90461
G1 X121.712 Y126.594 E115.91549
G1 X121.453 Y126.717 E115.92502
G1 X121.137 Y126.846 E115.93638
G1 X120.87 Y126.962 E115.94606
G1 X120.814 Y126.983 E115.94805
G1 X120.711 Y126.589 E115.96159
G1 X120.745 Y126.46 E115.96603
G1 X120.779 Y126.18 E115.97541
G1 X120.746 Y125.947 E115.98324
G1 X120.51 Y125.054 E116.01396
G1 X120.543 Y124.928 E116.01829
G1 X120.576 Y124.648 E116.02767
G1 X120.543 Y124.42 E116.03533
G1 X120.309 Y123.533 E116.06584
G1 X120.343 Y123.409 E116.07012
G1 X120.378 Y123.129 E116.0795
G1 X120.345 Y122.893 E116.08743
G1 X120.109 Y122.001 E116.11812
G1 X120.143 Y121.871 E116.12259
G1 X120.175 Y121.591 E116.13196
G1 X120.142 Y121.366 E116.13952
G1 X119.703 Y119.696 E116.19696
G1 X119.751 Y119.648 E116.19921
G1 X119.92 Y119.422 E116.2086
G1 X120.02 Y119.158 E116.21799
G1 X120.044 Y118.941 E116.22525
G1 X120.044 Y92.767 E117.0958
G0 F7500 X120.444 Y93.167
G1 F1500 X129.045 Y93.167 E117.38187
G1 X129.045 Y113.417 E118.05539
G1 X128.896 Y113.951 E118.07383
G1 X128.844 Y114.327 E118.08645
G1 X128.844 Y114.67 E118.09786
G1 X128.723 Y115.018 E118.11012
G1 X128.645 Y115.478 E118.12563
G1 X128.645 Y115.662 E118.13175
G1 X128.581 Y115.796 E118.13669
G1 X128.474 Y116.113 E118.14782
G1 X128.445 Y116.398 E118.15735
G1 X128.416 Y116.504 E118.161
G1 X128.292 Y116.815 E118.17214
G1 X128.245 Y117.174 E118.18418
G1 X128.243 Y117.227 E118.18595
G1 X128.108 Y117.724 E118.20308
G1 X128.062 Y117.814 E118.20644
G1 X127.934 Y118.212 E118.22034
G1 X127.871 Y118.332 E118.22485
G1 X127.704 Y118.826 E118.24219
G1 X127.692 Y118.848 E118.24303
G1 X127.511 Y119.312 E118.25959
G1 X127.402 Y119.554 E118.26842
G1 X127.27 Y119.794 E118.27753
G1 X127.145 Y120.1 E118.28852
G1 X126.995 Y120.387 E118.2993
G1 X126.851 Y120.663 E118.30965
G1 X126.805 Y120.713 E118.31191
G1 X126.66 Y120.97 E118.32172
G1 X126.462 Y121.329 E118.33536
G1 X126.439 Y121.379 E118.33719
G1 X126.267 Y121.648 E118.34781
G1 X126.216 Y121.737 E118.35122
G1 X126.059 Y121.985 E118.36098
G1 X126.023 Y122.02 E118.36265
G1 X125.843 Y122.3 E118.37373
G1 X125.696 Y122.519 E118.3825
G1 X125.518 Y122.771 E118.39276
G1 X125.289 Y123.051 E118.40479
G1 X125.18 Y123.195 E118.4108
G1 X125.121 Y123.239 E118.41325
G1 X124.921 Y123.502 E118.42423
G1 X124.754 Y123.704 E118.43295
G1 X124.558 Y123.875 E118.4416
G1 X124.371 Y124.098 E118.45128
G1 X124.194 Y124.288 E118.45992
G1 X123.983 Y124.468 E118.46914
G1 X123.674 Y124.767 E118.48345
G1 X123.393 Y124.988 E118.49534
G1 X123.105 Y125.22 E118.50764
G1 X122.866 Y125.398 E118.51755
G1 X122.649 Y125.551 E118.52638
G1 X122.354 Y125.739 E118.53801
G1 X122.09 Y125.894 E118.5482
G1 X121.783 Y126.086 E118.56024
G1 X121.544 Y126.227 E118.56947
G1 X121.271 Y126.359 E118.57955
G1 X121.154 Y126.404 E118.58372
G1 X121.179 Y126.232 E118.5895
G1 X121.132 Y125.845 E118.60247
G1 X120.923 Y125.056 E118.62962
G1 X120.93 Y125.03 E118.63051
G1 X120.976 Y124.699 E118.64163
G1 X120.93 Y124.317 E118.65443
G1 X120.723 Y123.535 E118.68133
G1 X120.729 Y123.514 E118.68206
G1 X120.778 Y123.183 E118.69319
G1 X120.732 Y122.791 E118.70631
G1 X120.523 Y121.999 E118.73356
G1 X120.53 Y121.971 E118.73452
G1 X120.575 Y121.64 E118.74563
G1 X120.529 Y121.265 E118.75819
G1 X120.142 Y119.794 E118.80878
G1 X120.24 Y119.668 E118.81409
G1 X120.379 Y119.364 E118.82521
G1 X120.444 Y118.941 E118.83945
G1 X120.444 Y93.167 E119.69669
G0 F7500 X120.844 Y93.567
G1 F1500 X128.645 Y93.567 E119.95615
G1 X128.645 Y113.359 E120.61444
G1 X128.51 Y113.843 E120.63115
G1 X128.444 Y114.327 E120.6474
G1 X128.444 Y114.602 E120.65654
G1 X128.345 Y114.887 E120.66658
G1 X128.259 Y115.256 E120.67918
G1 X128.245 Y115.571 E120.68967
G1 X128.22 Y115.624 E120.69162
G1 X128.094 Y115.982 E120.70424
G1 X128.051 Y116.343 E120.71633
G1 X127.919 Y116.663 E120.72785
G1 X127.847 Y117.157 E120.74445
G1 X127.753 Y117.505 E120.75644
G1 X127.681 Y117.692 E120.7631
G1 X127.555 Y118.084 E120.7768
G1 X127.492 Y118.204 E120.78131
G1 X127.33 Y118.683 E120.79812
G1 X127.319 Y118.703 E120.79888
G1 X127.139 Y119.166 E120.81541
G1 X127.051 Y119.355 E120.82234
G1 X126.9 Y119.642 E120.83313
G1 X126.791 Y119.876 E120.84171
G1 X126.622 Y120.24 E120.85506
G1 X126.51 Y120.439 E120.86266
G1 X126.293 Y120.811 E120.87698
G1 X126.268 Y120.868 E120.87905
G1 X125.988 Y121.351 E120.89762
G1 X125.906 Y121.477 E120.90262
G1 X125.765 Y121.712 E120.91173
G1 X125.748 Y121.727 E120.91249
G1 X125.484 Y122.125 E120.92837
G1 X125.336 Y122.344 E120.93716
G1 X125.061 Y122.706 E120.95228
G1 X124.849 Y122.939 E120.96276
G1 X124.82 Y122.985 E120.96457
G1 X124.629 Y123.198 E120.97409
G1 X124.44 Y123.439 E120.98427
G1 X124.335 Y123.539 E120.9891
G1 X124.068 Y123.808 E121.0017
G1 X123.839 Y124.084 E121.01363
G1 X123.63 Y124.261 E121.02274
G1 X123.607 Y124.274 E121.02362
G1 X123.216 Y124.625 E121.04109
G1 X122.886 Y124.881 E121.05498
G1 X122.524 Y125.164 E121.07027
G1 X122.153 Y125.389 E121.0847
G1 X121.926 Y125.526 E121.09352
G1 X121.602 Y125.725 E121.10616
G1 X121.522 Y125.776 E121.10932
G1 X121.519 Y125.743 E121.11042
G1 X121.332 Y125.034 E121.13481
G1 X121.374 Y124.756 E121.14416
G1 X121.316 Y124.215 E121.16226
G1 X121.131 Y123.516 E121.18631
G1 X121.175 Y123.244 E121.19547
G1 X121.118 Y122.689 E121.21403
G1 X120.931 Y121.981 E121.23838
G1 X120.973 Y121.697 E121.24793
G1 X120.916 Y121.163 E121.26579
G1 X120.577 Y119.875 E121.31009
G1 X120.726 Y119.581 E121.32105
G1 X120.823 Y119.215 E121.33365
G1 X120.844 Y118.941 E121.34279
G1 X120.844 Y93.567 E122.18673
G0 F7500 X121.244 Y93.967
G1 F1500 X128.245 Y93.967 E122.41958
G1 X128.245 Y113.306 E123.0628
G1 X128.125 Y113.736 E123.07765
G1 X128.044 Y114.327 E123.09749
G1 X128.044 Y114.534 E123.10438
G1 X127.967 Y114.755 E123.11216
G1 X127.868 Y115.163 E123.12612
G1 X127.845 Y115.49 E123.13703
G1 X127.715 Y115.846 E123.14963
G1 X127.666 Y116.232 E123.16257
G1 X127.549 Y116.507 E123.17251
G1 X127.46 Y116.917 E123.18647
G1 X127.45 Y117.096 E123.19243
G1 X127.366 Y117.405 E123.20308
G1 X127.301 Y117.57 E123.20898
G1 X127.223 Y117.812 E123.21744
G1 X127.216 Y117.824 E123.2179
G1 X127.113 Y118.075 E123.22692
G1 X126.956 Y118.538 E123.24318
G1 X126.946 Y118.557 E123.2439
G1 X126.765 Y119.022 E123.26049
G1 X126.67 Y119.231 E123.26813
G1 X126.53 Y119.491 E123.27795
G1 X126.467 Y119.638 E123.28327
G1 X126.319 Y119.929 E123.29413
G1 X126.176 Y120.215 E123.30476
G1 X126.137 Y120.299 E123.30784
G1 X125.926 Y120.653 E123.32155
G1 X125.896 Y120.723 E123.32408
G1 X125.737 Y120.991 E123.33445
G1 X125.544 Y121.306 E123.34674
G1 X125.471 Y121.438 E123.35175
G1 X125.225 Y121.765 E123.36536
G1 X124.991 Y122.139 E123.38004
G1 X124.95 Y122.199 E123.38245
G1 X124.682 Y122.521 E123.39639
G1 X124.521 Y122.722 E123.40495
G1 X124.289 Y122.999 E123.41697
G1 X124.13 Y123.194 E123.42534
G1 X124.117 Y123.202 E123.42585
G1 X123.813 Y123.49 E123.43977
G1 X123.558 Y123.785 E123.45274
G1 X123.351 Y123.973 E123.46204
G1 X123.089 Y124.193 E123.47342
G1 X122.882 Y124.382 E123.48275
G1 X122.869 Y124.388 E123.48322
G1 X122.536 Y124.642 E123.49715
G1 X122.317 Y124.818 E123.5065
G1 X122.208 Y124.877 E123.51062
G1 X121.855 Y125.102 E123.52454
G1 X121.777 Y125.153 E123.52764
G1 X121.74 Y125.012 E123.53249
G1 X121.771 Y124.818 E123.53902
G1 X121.759 Y124.4 E123.55293
G1 X121.703 Y124.113 E123.56266
G1 X121.54 Y123.496 E123.58388
G1 X121.572 Y123.31 E123.59016
G1 X121.563 Y122.891 E123.6041
G1 X121.505 Y122.586 E123.61443
G1 X121.339 Y121.958 E123.63603
G1 X121.371 Y121.758 E123.64277
G1 X121.357 Y121.339 E123.65671
G1 X121.303 Y121.061 E123.66613
G1 X121.003 Y119.922 E123.70531
G1 X121.067 Y119.806 E123.70971
G1 X121.194 Y119.406 E123.72367
G1 X121.244 Y118.941 E123.73923
G1 X121.244 Y93.967 E124.56987
G0 F7500 X121.644 Y94.367
G1 F1500 X127.845 Y94.367 E124.77611
G1 X127.845 Y113.252 E125.40423
G1 X127.74 Y113.628 E125.41721
G1 X127.656 Y114.076 E125.43237
G1 X127.644 Y114.327 E125.44073
G1 X127.644 Y114.466 E125.44535
G1 X127.589 Y114.624 E125.45092
G1 X127.478 Y115.066 E125.46608
G1 X127.451 Y115.404 E125.47735
G1 X127.338 Y115.707 E125.48811
G1 X127.256 Y116.156 E125.50329
G1 X127.18 Y116.348 E125.51016
G1 X127.073 Y116.791 E125.52532
G1 X127.056 Y117.017 E125.53285
G1 X126.981 Y117.297 E125.5425
G1 X126.844 Y117.684 E125.55615
G1 X126.734 Y117.947 E125.56563
G1 X126.582 Y118.395 E125.58137
G1 X126.573 Y118.412 E125.58201
G1 X126.394 Y118.87 E125.59836
G1 X126.289 Y119.105 E125.60692
G1 X126.16 Y119.339 E125.61581
G1 X126.102 Y119.481 E125.62091
G1 X125.95 Y119.774 E125.63189
G1 X125.813 Y120.047 E125.64205
G1 X125.674 Y120.261 E125.65054
G1 X125.559 Y120.494 E125.65918
G1 X125.431 Y120.729 E125.66808
G1 X125.362 Y120.816 E125.67177
G1 X125.195 Y121.114 E125.68313
G1 X125.053 Y121.329 E125.6917
G1 X124.737 Y121.79 E125.71029
G1 X124.67 Y121.9 E125.71458
G1 X124.398 Y122.23 E125.7288
G1 X124.236 Y122.441 E125.73765
G1 X124.012 Y122.705 E125.74916
G1 X123.855 Y122.902 E125.75754
G1 X123.838 Y122.92 E125.75837
G1 X123.564 Y123.168 E125.77066
G1 X123.294 Y123.475 E125.78426
G1 X123.241 Y123.536 E125.78694
G1 X123.005 Y123.741 E125.79734
G1 X122.807 Y123.921 E125.80624
G1 X122.631 Y124.071 E125.81393
G1 X122.323 Y124.296 E125.82662
G1 X122.163 Y124.423 E125.83341
G1 X122.09 Y124.011 E125.84733
G1 X121.95 Y123.481 E125.86556
G1 X121.968 Y123.379 E125.86901
G1 X121.968 Y122.924 E125.88414
G1 X121.892 Y122.484 E125.89899
G1 X121.748 Y121.938 E125.91777
G1 X121.767 Y121.822 E125.92168
G1 X121.763 Y121.367 E125.93682
G1 X121.689 Y120.959 E125.95061
G1 X121.427 Y119.965 E125.9848
G1 X121.557 Y119.607 E125.99747
G1 X121.644 Y118.941 E126.0198
G1 X121.644 Y94.367 E126.83714
G0 F7500 X122.044 Y94.767
G1 F1500 X127.445 Y94.767 E127.01678
G1 X127.445 Y113.194 E127.62966
G1 X127.354 Y113.521 E127.64095
G1 X127.262 Y114.001 E127.65721
G1 X127.244 Y114.327 E127.66807
G1 X127.211 Y114.493 E127.67369
G1 X127.089 Y114.967 E127.68997
G1 X127.059 Y115.311 E127.70146
G1 X126.963 Y115.566 E127.71052
G1 X126.866 Y116.046 E127.72681
G1 X126.812 Y116.187 E127.73183
G1 X126.689 Y116.66 E127.74809
G1 X126.666 Y116.929 E127.75707
G1 X126.597 Y117.185 E127.76588
G1 X126.539 Y117.325 E127.77092
G1 X126.457 Y117.579 E127.7798
G1 X126.356 Y117.819 E127.78846
G1 X126.21 Y118.251 E127.80363
G1 X126.201 Y118.267 E127.80424
G1 X126.026 Y118.717 E127.8203
G1 X125.917 Y118.96 E127.82916
G1 X125.789 Y119.188 E127.83785
G1 X125.721 Y119.354 E127.84382
G1 X125.581 Y119.62 E127.85382
G1 X125.469 Y119.848 E127.86227
G1 X125.36 Y120.003 E127.86857
G1 X125.192 Y120.335 E127.88094
G1 X125.069 Y120.535 E127.88875
G1 X124.875 Y120.87 E127.90163
G1 X124.735 Y121.085 E127.91016
G1 X124.493 Y121.435 E127.92432
G1 X124.364 Y121.639 E127.93234
G1 X124.118 Y121.936 E127.94517
G1 X123.963 Y122.147 E127.95388
G1 X123.741 Y122.406 E127.96522
G1 X123.585 Y122.608 E127.97371
G1 X123.551 Y122.643 E127.97534
G1 X123.321 Y122.844 E127.98549
G1 X123.037 Y123.162 E127.99968
G1 X122.77 Y123.409 E128.01177
G1 X122.544 Y123.618 E128.02201
G1 X122.424 Y123.711 E128.02706
G1 X122.36 Y123.469 E128.03539
G1 X122.363 Y123.451 E128.03599
G1 X122.372 Y122.962 E128.05226
G1 X122.279 Y122.382 E128.0718
G1 X122.157 Y121.921 E128.08766
G1 X122.163 Y121.889 E128.08874
G1 X122.167 Y121.4 E128.10501
G1 X122.076 Y120.857 E128.12332
G1 X121.846 Y119.985 E128.15331
G1 X121.914 Y119.814 E128.15943
G1 X122.018 Y119.336 E128.1757
G1 X122.044 Y118.941 E128.18887
G1 X122.044 Y94.767 E128.9929
G0 F7500 X122.444 Y95.167
G1 F1500 X127.045 Y95.167 E129.14593
G1 X127.045 Y113.141 E129.74375
G1 X126.969 Y113.413 E129.75314
G1 X126.868 Y113.924 E129.77047
G1 X126.844 Y114.332 E129.78406
G1 X126.834 Y114.361 E129.78508
G1 X126.701 Y114.865 E129.80242
G1 X126.669 Y115.212 E129.81401
G1 X126.588 Y115.423 E129.82152
G1 X126.477 Y115.932 E129.83885
G1 X126.446 Y116.023 E129.84205
G1 X126.307 Y116.526 E129.85941
G1 X126.278 Y116.834 E129.8697
G1 X126.158 Y117.202 E129.88257
G1 X126.072 Y117.47 E129.89193
G1 X125.977 Y117.69 E129.8999
G1 X125.84 Y118.096 E129.91415
G1 X125.828 Y118.122 E129.91511
G1 X125.702 Y118.446 E129.92667
G1 X125.561 Y118.733 E129.9373
G1 X125.419 Y119.036 E129.94843
G1 X125.347 Y119.211 E129.95473
G1 X125.212 Y119.465 E129.96429
G1 X125.05 Y119.742 E129.97497
G1 X124.853 Y120.121 E129.98917
G1 X124.703 Y120.381 E129.99916
G1 X124.565 Y120.614 E130.00816
G1 X124.425 Y120.828 E130.01667
G1 X124.214 Y121.141 E130.02922
G1 X124.064 Y121.372 E130.03839
G1 X123.842 Y121.64 E130.04996
G1 X123.808 Y121.691 E130.052
G1 X123.646 Y121.895 E130.06066
G1 X123.577 Y121.96 E130.06382
G1 X123.338 Y122.266 E130.07673
G1 X123.081 Y122.517 E130.08868
G1 X122.849 Y122.785 E130.10047
G1 X122.756 Y122.881 E130.10491
G1 X122.665 Y122.28 E130.12513
G1 X122.56 Y121.881 E130.13885
G1 X122.57 Y121.438 E130.15359
G1 X122.463 Y120.756 E130.17655
G1 X122.269 Y120.017 E130.20196
G1 X122.394 Y119.522 E130.21895
G1 X122.444 Y118.941 E130.23834
G1 X122.444 Y95.167 E131.02907
G0 F7500 X122.844 Y95.567
G1 F1500 X126.645 Y95.567 E131.15549
G1 X126.645 Y113.087 E131.73821
G1 X126.584 Y113.306 E131.74577
G1 X126.475 Y113.846 E131.76409
G1 X126.448 Y114.258 E131.77782
G1 X126.313 Y114.762 E131.79518
G1 X126.28 Y115.108 E131.80674
G1 X126.214 Y115.278 E131.8128
G1 X126.09 Y115.815 E131.83113
G1 X126.08 Y115.858 E131.8326
G1 X125.927 Y116.387 E131.85092
G1 X125.892 Y116.724 E131.86219
G1 X125.777 Y117.08 E131.87463
G1 X125.69 Y117.351 E131.8841
G1 X125.598 Y117.562 E131.89175
G1 X125.466 Y117.951 E131.90541
G1 X125.323 Y118.316 E131.91845
G1 X125.049 Y118.885 E131.93946
G1 X124.975 Y119.066 E131.94596
G1 X124.843 Y119.311 E131.95522
G1 X124.743 Y119.479 E131.96172
G1 X124.528 Y119.884 E131.97697
G1 X124.473 Y119.962 E131.98015
G1 X124.313 Y120.265 E131.99154
G1 X124.117 Y120.571 E132.00363
G1 X124.055 Y120.643 E132.00679
G1 X123.861 Y120.961 E132.01918
G1 X123.705 Y121.17 E132.02785
G1 X123.502 Y121.441 E132.03911
G1 X123.325 Y121.644 E132.04807
G1 X123.012 Y122.028 E132.06455
G1 X122.96 Y121.829 E132.07139
G1 X122.972 Y121.479 E132.08304
G1 X122.912 Y120.932 E132.10134
G1 X122.85 Y120.654 E132.11081
G1 X122.681 Y120.01 E132.13296
G1 X122.765 Y119.714 E132.14319
G1 X122.844 Y118.941 E132.16904
G1 X122.844 Y95.567 E132.94646
G0 F7500 X123.244 Y95.967
;TYPE:SUPPORT
G1 F1500 X126.245 Y95.967 E133.04627
G1 X126.245 Y113.03 E133.61379
G1 X126.044 Y113.752 E133.63872
G1 X126.044 Y114.196 E133.65349
G1 X125.845 Y114.768 E133.67363
G1 X125.845 Y115.028 E133.68228
G1 X125.645 Y115.449 E133.69778
G1 X125.645 Y115.736 E133.70732
G1 X125.445 Y116.104 E133.72125
G1 X125.445 Y116.788 E133.744
G1 X125.433 Y116.804 E133.74467
G1 X125.098 Y117.792 E133.77937
G1 X125.068 Y117.867 E133.78206
G1 X125.057 Y117.884 E133.78273
G1 X125.006 Y117.934 E133.7851
G1 X124.797 Y118.442 E133.80337
G1 X124.753 Y118.492 E133.80559
G1 X124.596 Y118.868 E133.81914
G1 X124.473 Y118.974 E133.82454
G1 X124.308 Y119.355 E133.83835
G1 X124.27 Y119.39 E133.84007
G1 X124.237 Y119.461 E133.84267
G1 X124.187 Y119.498 E133.84474
G1 X124.023 Y119.847 E133.85757
G1 X123.964 Y119.893 E133.86006
G1 X123.872 Y120.083 E133.86708
G1 X123.774 Y120.156 E133.87114
G1 X123.627 Y120.457 E133.88228
G1 X123.556 Y120.59 E133.8873
G1 X123.487 Y120.639 E133.89011
G1 X123.414 Y120.773 E133.89519
G1 X123.312 Y120.841 E133.89927
G1 X123.244 Y120.583 E133.90814
G1 X123.244 Y95.967 E134.72687
G0 F7500 X123.644 Y96.367
G1 F1500 X125.845 Y96.367 E134.80008
G1 X125.845 Y112.977 E135.35253
G1 X125.644 Y113.697 E135.37739
G1 X125.644 Y114.128 E135.39173
G1 X125.445 Y114.7 E135.41187
G1 X125.445 Y114.938 E135.41979
G1 X125.245 Y115.359 E135.43529
G1 X125.245 Y115.635 E135.44447
G1 X125.045 Y116.002 E135.45837
G1 X125.045 Y116.703 E135.48168
G1 X124.724 Y117.65 E135.51494
G1 X124.667 Y117.706 E135.5176
G1 X124.452 Y118.228 E135.53638
G1 X124.409 Y118.277 E135.53854
G1 X124.263 Y118.627 E135.55116
G1 X124.142 Y118.731 E135.55646
G1 X123.974 Y119.119 E135.57053
G1 X123.941 Y119.15 E135.57203
G1 X123.917 Y119.2 E135.57388
G1 X123.868 Y119.237 E135.57592
G1 X123.702 Y119.591 E135.58892
G1 X123.644 Y119.637 E135.59139
G1 X123.644 Y96.367 E136.36535
G0 F7500 X124 Y96.527
G1 F1500 X124 Y118.658 E137.10143
G0 F7500 X123.804 Y118
G1 F1500 X124.372 Y118 E137.12032
G0 F7500 X124.885 Y116
G1 F1500 X123.804 Y116 E137.15628
G0 F7500 X123.804 Y114
G1 F1500 X125.484 Y114 E137.21215
G0 F7500 X125.685 Y112
G1 F1500 X123.804 Y112 E137.27471
G0 F7500 X123.804 Y110
G1 F1500 X125.685 Y110 E137.33728
G0 F7500 X125.685 Y108
G1 F1500 X123.804 Y108 E137.39984
G0 F7500 X123.804 Y106
G1 F1500 X125.685 Y106 E137.4624
G0 F7500 X125.685 Y104
G1 F1500 X123.804 Y104 E137.52496
G0 F7500 X123.804 Y102
G1 F1500 X125.685 Y102 E137.58753
G0 F7500 X125.685 Y100
G1 F1500 X123.804 Y100 E137.65009
G0 F7500 X123.804 Y98
G1 F1500 X125.685 Y98 E137.71265
G1 F2400 E136.91265
G0 F7500 X127.11 Y98
G0 X127.098 Y95.114
G0 X119.709 Y91.967
G0 X118.844 Y91.967
;TYPE:SUPPORT-INTERFACE
G1 F2400 E137.71265
G1 F1500 X118.844 Y118.859 E138.60708
G1 X118.69 Y119.013 E138.61433
G1 X118.644 Y118.977 E138.61627
G1 X118.644 Y91.967 E139.51463
G1 X118.844 Y91.967 E139.52128
G1 F2400 E138.72128
;MESH:1x_1xm_pusher.stl
G0 F7500 X116.834 Y92.577
G0 X117.144 Y118.422
G0 X117.444 Y118.692
;TYPE:WALL-OUTER
G1 F2400 E139.52128
G1 F1500 X103.686 Y118.692 E139.97887
G1 X91.704 Y110.219 E140.46697
G1 X89.682 Y106.766 E140.60006
G1 X89.682 Y96.87 E140.9292
G1 X96.616 Y91.967 E141.21166
G1 X117.444 Y91.967 E141.9044
G1 X117.444 Y118.692 E142.79327
G0 F7500 X117.044 Y118.292
;TYPE:WALL-INNER
G1 F1500 X103.814 Y118.292 E143.23331
G1 X92.005 Y109.941 E143.71436
G1 X90.082 Y106.658 E143.84091
G1 X90.082 Y97.078 E144.15954
G1 X96.744 Y92.367 E144.43092
G1 X117.044 Y92.367 E145.1061
G1 X117.044 Y118.292 E145.96837
G0 F7500 X116.654 Y117.902
;TYPE:SKIN
G1 F1500 X103.938 Y117.902 E146.39131
G1 X92.3 Y109.672 E146.8654
G1 X90.472 Y106.551 E146.9857
G1 X90.472 Y97.279 E147.29409
G1 X96.868 Y92.757 E147.55462
G1 X116.654 Y92.757 E148.2127
G1 X116.654 Y117.902 E149.04903
G0 F7500 X116.934 Y117.902
G0 X116.934 Y93.3
G0 X116.493 Y93.3
G1 F1500 X116.109 Y92.916 E149.06709
G0 F7500 X115.544 Y92.916
G1 F1500 X116.493 Y93.866 E149.11175
G0 F7500 X116.493 Y94.431
G1 F1500 X114.978 Y92.916 E149.18301
G0 F7500 X114.412 Y92.916
G1 F1500 X116.493 Y94.997 E149.2809
G0 F7500 X116.493 Y95.563
G1 F1500 X113.847 Y92.916 E149.40538
G0 F7500 X113.281 Y92.916
G1 F1500 X116.493 Y96.129 E149.55649
G0 F7500 X116.493 Y96.694
G1 F1500 X112.715 Y92.916 E149.73419
G0 F7500 X112.149 Y92.916
G1 F1500 X116.493 Y97.26 E149.93852
G0 F7500 X116.493 Y97.826
G1 F1500 X111.584 Y92.916 E150.16945
G0 F7500 X111.018 Y92.916
G1 F1500 X116.493 Y98.391 E150.42697
G0 F7500 X116.493 Y98.957
G1 F1500 X110.452 Y92.916 E150.71112
G0 F7500 X109.887 Y92.916
G1 F1500 X116.493 Y99.523 E151.02187
G0 F7500 X116.493 Y100.088
G1 F1500 X109.321 Y92.916 E151.35922
G0 F7500 X108.755 Y92.916
G1 F1500 X116.493 Y100.654 E151.72319
G0 F7500 X116.493 Y101.22
G1 F1500 X108.19 Y92.916 E152.11377
G0 F7500 X107.624 Y92.916
G1 F1500 X116.493 Y101.785 E152.53094
G0 F7500 X116.493 Y102.351
G1 F1500 X107.058 Y92.916 E152.97473
G0 F7500 X106.493 Y92.916
G1 F1500 X116.493 Y102.917 E153.44512
G0 F7500 X116.493 Y103.482
G1 F1500 X105.927 Y92.916 E153.94211
G0 F7500 X105.361 Y92.916
G1 F1500 X116.493 Y104.048 E154.46573
G0 F7500 X116.493 Y104.614
G1 F1500 X104.796 Y92.916 E155.01594
G0 F7500 X104.23 Y92.916
G1 F1500 X116.493 Y105.18 E155.59278
G0 F7500 X116.493 Y105.745
G1 F1500 X103.664 Y92.916 E156.19622
G0 F7500 X103.098 Y92.916
G1 F1500 X116.493 Y106.311 E156.82628
G0 F7500 X116.493 Y106.877
G1 F1500 X102.533 Y92.916 E157.48294
G0 F7500 X101.967 Y92.916
G1 F1500 X116.493 Y107.442 E158.1662
G0 F7500 X116.493 Y108.008
G1 F1500 X101.401 Y92.916 E158.87608
G0 F7500 X100.836 Y92.916
G1 F1500 X116.493 Y108.574 E159.61256
G0 F7500 X116.493 Y109.139
G1 F1500 X100.27 Y92.916 E160.37564
G0 F7500 X99.704 Y92.916
G1 F1500 X116.493 Y109.705 E161.16534
G0 F7500 X116.493 Y110.271
G1 F1500 X99.139 Y92.916 E161.98164
G0 F7500 X98.573 Y92.916
G1 F1500 X116.493 Y110.836 E162.82455
G0 F7500 X116.493 Y111.402
G1 F1500 X98.007 Y92.916 E163.69407
G0 F7500 X97.442 Y92.916
G1 F1500 X116.493 Y111.968 E164.59019
G0 F7500 X116.493 Y112.533
G1 F1500 X96.894 Y92.934 E165.51207
G0 F7500 X96.562 Y93.168
G1 F1500 X116.493 Y113.099 E166.44956
G0 F7500 X116.493 Y113.665
G1 F1500 X96.23 Y93.402 E167.40267
G0 F7500 X95.899 Y93.637
G1 F1500 X116.493 Y114.23 E168.37133
G0 F7500 X116.493 Y114.796
G1 F1500 X95.568 Y93.871 E169.35558
G0 F7500 X95.236 Y94.105
G1 F1500 X116.493 Y115.362 E170.35544
G0 F7500 X116.493 Y115.928
G1 F1500 X94.905 Y94.34 E171.37087
G0 F7500 X94.574 Y94.574
G1 F1500 X116.493 Y116.493 E172.40188
G0 F7500 X116.493 Y117.059
G1 F1500 X94.242 Y94.808 E173.4485
G0 F7500 X93.911 Y95.042
G1 F1500 X116.493 Y117.625 E174.51071
G0 F7500 X116.044 Y117.741
G1 F1500 X93.579 Y95.276 E175.56739
G0 F7500 X93.248 Y95.511
G1 F1500 X115.478 Y117.741 E176.61302
G0 F7500 X114.912 Y117.741
G1 F1500 X92.917 Y95.745 E177.64762
G0 F7500 X92.585 Y95.979
G1 F1500 X114.346 Y117.741 E178.67122
G0 F7500 X113.781 Y117.741
G1 F1500 X92.254 Y96.214 E179.68378
G0 F7500 X91.923 Y96.448
G1 F1500 X113.215 Y117.741 E180.68532
G0 F7500 X112.649 Y117.741
G1 F1500 X91.591 Y96.682 E181.67584
G0 F7500 X91.26 Y96.917
G1 F1500 X112.084 Y117.741 E182.65534
G0 F7500 X111.518 Y117.741
G1 F1500 X90.928 Y97.151 E183.62383
G0 F7500 X90.631 Y97.42
G1 F1500 X110.952 Y117.741 E184.57967
G0 F7500 X110.387 Y117.741
G1 F1500 X90.631 Y97.985 E185.50893
G0 F7500 X90.631 Y98.551
G1 F1500 X109.821 Y117.741 E186.41157
G0 F7500 X109.255 Y117.741
G1 F1500 X90.631 Y99.117 E187.28759
G0 F7500 X90.631 Y99.682
G1 F1500 X108.69 Y117.741 E188.13703
G0 F7500 X108.124 Y117.741
G1 F1500 X90.631 Y100.248 E188.95984
G0 F7500 X90.631 Y100.814
G1 F1500 X107.558 Y117.741 E189.75604
G0 F7500 X106.993 Y117.741
G1 F1500 X90.631 Y101.38 E190.52563
G0 F7500 X90.631 Y101.945
G1 F1500 X106.427 Y117.741 E191.26863
G0 F7500 X105.861 Y117.741
G1 F1500 X90.631 Y102.511 E191.985
G0 F7500 X90.631 Y103.077
G1 F1500 X105.295 Y117.741 E192.67475
G0 F7500 X104.73 Y117.741
G1 F1500 X90.631 Y103.642 E193.33792
G0 F7500 X90.631 Y104.208
G1 F1500 X104.164 Y117.741 E193.97447
G0 F7500 X104.164 Y118.182
G0 X102.405 Y117.16
G0 X102.659 Y116.801
G1 F1500 X90.631 Y104.774 E194.54021
G0 F7500 X90.631 Y105.339
G1 F1500 X100.727 Y115.435 E195.01509
G0 F7500 X100.473 Y115.794
G0 X98.542 Y114.428
G0 X98.796 Y114.069
G1 F1500 X90.631 Y105.905 E195.39913
G0 F7500 X90.631 Y106.471
G1 F1500 X96.864 Y112.703 E195.69229
G0 F7500 X96.61 Y113.062
G0 X94.678 Y111.696
G0 X94.932 Y111.337
G1 F1500 X91.381 Y107.786 E195.85931
G0 F7500 X91 Y108.008
G0 X91.8 Y109.373
G0 X92.181 Y109.151
G1 F1500 X93 Y109.971 E195.89786
G0 F7500 X92.796 Y110.259
G1 F2400 E195.09786
;MESH:NONMESH
G0 F300 X92.796 Y110.259 Z0.4
G0 F7500 X92.745 Y110.329
G0 X92.134 Y109.823
G0 X90.254 Y106.612
G0 X90.257 Y97.168
G0 X96.798 Y92.539
G0 X116.865 Y92.553
G0 X119.444 Y91.967
;TIME_ELAPSED:255.429000
;LAYER:1
M106 S85
;TYPE:SUPPORT
G1 F2400 E195.89786
G1 F1950 X130.245 Y91.967 E196.2571
G1 X130.245 Y113.51 E196.97363
G1 X130.242 Y113.566 E196.97549
G1 X130.233 Y113.621 E196.97735
G1 X130.044 Y114.3 E197.00079
G1 X130.044 Y114.871 E197.01978
G1 X129.845 Y115.444 E197.03995
G1 X129.844 Y115.934 E197.05625
G1 X129.645 Y116.353 E197.07168
G1 X129.645 Y116.755 E197.08505
G1 X129.445 Y117.123 E197.09898
G1 X129.445 Y117.454 E197.10999
G1 X129.409 Y117.512 E197.11226
G1 X129.248 Y118.106 E197.13273
G1 X129.215 Y118.151 E197.13459
G1 X129.062 Y118.628 E197.15125
G1 X129.018 Y118.687 E197.15369
G1 X128.828 Y119.248 E197.17339
G1 X128.819 Y119.261 E197.17392
G1 X128.616 Y119.78 E197.19246
G1 X128.566 Y119.851 E197.19534
G1 X128.566 Y119.877 E197.19621
G1 X128.456 Y120.151 E197.20603
G1 X128.403 Y120.203 E197.2085
G1 X128.384 Y120.241 E197.20991
G1 X128.234 Y120.608 E197.2231
G1 X128.172 Y120.676 E197.22616
G1 X128.162 Y120.705 E197.22718
G1 X128.046 Y120.983 E197.2372
G1 X128.009 Y121.016 E197.23885
G1 X127.863 Y121.33 E197.25036
G1 X127.781 Y121.401 E197.25397
G1 X127.64 Y121.726 E197.26576
G1 X127.57 Y121.79 E197.26891
G1 X127.447 Y122.058 E197.27872
G1 X127.374 Y122.112 E197.28174
G1 X127.229 Y122.417 E197.29297
G1 X127.155 Y122.475 E197.2961
G1 X127.042 Y122.706 E197.30465
G1 X126.944 Y122.779 E197.30871
G1 X126.833 Y123.006 E197.31712
G1 X126.775 Y123.046 E197.31946
G1 X126.636 Y123.303 E197.32918
G1 X126.555 Y123.361 E197.33249
G1 X126.453 Y123.549 E197.33961
G1 X126.346 Y123.62 E197.34388
G1 X126.246 Y123.804 E197.35084
G1 X126.151 Y123.859 E197.3545
G1 X126.055 Y124.039 E197.36128
G1 X125.941 Y124.105 E197.36566
G1 X125.839 Y124.296 E197.37286
G1 X125.777 Y124.296 E197.37493
G1 X125.749 Y124.344 E197.37677
G1 X125.693 Y124.373 E197.37887
G1 X125.693 Y124.44 E197.3811
G1 X125.637 Y124.535 E197.38477
G1 X125.528 Y124.6 E197.38899
G1 X125.453 Y124.719 E197.39367
G1 X125.33 Y124.782 E197.39826
G1 X125.23 Y124.952 E197.40482
G1 X125.137 Y125.004 E197.40837
G1 X125.035 Y125.166 E197.41473
G1 X124.933 Y125.218 E197.41854
G1 X124.859 Y125.333 E197.42309
G1 X124.737 Y125.392 E197.4276
G1 X124.654 Y125.517 E197.43259
G1 X124.523 Y125.573 E197.43733
G1 X124.432 Y125.712 E197.44285
G1 X124.337 Y125.754 E197.44631
G1 X124.295 Y125.796 E197.44828
G1 X124.239 Y125.88 E197.45164
G1 X124.114 Y125.935 E197.45618
G1 X124.046 Y126.035 E197.46021
G1 X123.901 Y126.09 E197.46536
G1 X123.835 Y126.19 E197.46935
G1 X123.775 Y126.213 E197.47149
G1 X123.718 Y126.241 E197.4736
G1 X123.64 Y126.352 E197.47811
G1 X123.514 Y126.397 E197.48256
G1 X123.444 Y126.494 E197.48654
G1 X123.354 Y126.527 E197.48973
G1 X123.298 Y126.555 E197.49181
G1 X123.256 Y126.613 E197.49419
G1 X123.085 Y126.663 E197.50012
G1 X123.023 Y126.754 E197.50378
G1 X122.896 Y126.793 E197.5082
G1 X122.839 Y126.871 E197.51141
G1 X122.694 Y126.916 E197.51646
G1 X122.64 Y126.988 E197.51945
G1 X122.484 Y127.032 E197.52485
G1 X122.421 Y127.117 E197.52836
G1 X122.311 Y127.147 E197.53216
G1 X122.24 Y127.236 E197.53594
G1 X122.11 Y127.272 E197.54043
G1 X122.072 Y127.317 E197.54239
G1 X121.879 Y127.367 E197.54902
G1 X121.833 Y127.426 E197.55151
G1 X121.697 Y127.461 E197.55618
G1 X121.658 Y127.511 E197.55829
G1 X121.494 Y127.544 E197.56385
G1 X121.45 Y127.598 E197.56617
G1 X121.256 Y127.637 E197.57275
G1 X121.217 Y127.685 E197.57481
G1 X121.081 Y127.716 E197.57945
G1 X121.044 Y127.761 E197.58138
G1 X120.908 Y127.786 E197.58598
G1 X120.877 Y127.819 E197.58749
G1 X120.681 Y127.856 E197.59412
G1 X120.647 Y127.893 E197.59579
G1 X120.51 Y127.914 E197.6004
G1 X120.479 Y127.946 E197.60189
G1 X120.249 Y127.981 E197.60962
G1 X119.883 Y126.586 E197.65759
G1 X119.986 Y126.203 E197.67078
G1 X119.682 Y125.057 E197.71022
G1 X119.783 Y124.675 E197.72336
G1 X119.481 Y123.533 E197.76265
G1 X119.585 Y123.149 E197.77588
G1 X119.283 Y122.005 E197.81523
G1 X119.382 Y121.621 E197.82842
G1 X118.822 Y119.492 E197.90164
G1 X118.976 Y119.492 E197.90677
G1 X119.444 Y119.024 E197.92878
G1 X119.444 Y91.967 E198.8287
G0 F8250 X120 Y92.327
G1 F1950 X119.804 Y92.327 E198.83522
G1 X119.804 Y119.173 E199.72812
G1 X119.255 Y119.722 E199.75394
G1 X119.754 Y121.619 E199.81918
G1 X119.656 Y122.005 E199.83243
G1 X119.958 Y123.151 E199.87185
G1 X119.854 Y123.532 E199.88498
G1 X120 Y124.086 E199.90404
G1 X120 Y92.327 E200.96035
G1 X122 Y92.327 E201.02687
G1 X122 Y126.93 E202.17777
G1 X122.03 Y126.921 E202.17881
G1 X122.102 Y126.83 E202.18267
G1 X122.206 Y126.802 E202.18625
G1 X122.268 Y126.719 E202.1897
G1 X122.424 Y126.675 E202.19509
G1 X122.477 Y126.606 E202.19798
G1 X122.619 Y126.563 E202.20291
G1 X122.676 Y126.484 E202.20615
G1 X122.797 Y126.447 E202.21036
G1 X122.86 Y126.354 E202.2141
G1 X123.037 Y126.301 E202.22024
G1 X123.059 Y126.272 E202.22146
G1 X123.211 Y126.196 E202.22711
G1 X123.216 Y126.194 E202.22729
G1 X123.287 Y126.096 E202.23131
G1 X123.411 Y126.052 E202.23569
G1 X123.477 Y125.958 E202.23951
G1 X123.595 Y125.901 E202.24387
G1 X123.665 Y125.795 E202.24809
G1 X123.813 Y125.738 E202.25337
G1 X123.874 Y125.647 E202.25701
G1 X123.998 Y125.593 E202.26151
G0 F8250 X124 Y125.59
G1 F1950 X124 Y92.327 E203.36784
G1 X126 Y92.327 E203.43436
G1 X126 Y123.503 E204.47128
G1 X126.072 Y123.37 E204.47631
G1 X126.179 Y123.298 E204.4806
G1 X126.278 Y123.116 E204.48749
G1 X126.359 Y123.059 E204.49078
G1 X126.499 Y122.8 E204.50058
G1 X126.551 Y122.763 E204.5027
G1 X126.66 Y122.543 E204.51086
G1 X126.755 Y122.472 E204.51481
G1 X126.869 Y122.242 E204.52335
G1 X126.94 Y122.187 E204.52633
G1 X127.088 Y121.876 E204.53779
G1 X127.158 Y121.824 E204.54069
G1 X127.273 Y121.574 E204.54984
G1 X127.34 Y121.512 E204.55288
G1 X127.484 Y121.183 E204.56482
G1 X127.57 Y121.108 E204.56862
G1 X127.714 Y120.796 E204.58005
G1 X127.744 Y120.77 E204.58137
G1 X127.829 Y120.566 E204.58872
G1 X127.855 Y120.489 E204.59142
G1 X127.926 Y120.411 E204.59493
G1 X128 Y120.23 E204.60143
G1 X128 Y92.327 E205.52949
G1 X129.885 Y92.327 E205.59219
G1 X129.885 Y113.487 E206.29597
G1 X129.881 Y113.542 E206.29781
G1 X129.684 Y114.251 E206.32228
G1 X129.684 Y114.811 E206.34091
G1 X129.485 Y115.383 E206.36105
G1 X129.484 Y115.851 E206.37662
G1 X129.285 Y116.272 E206.3921
G1 X129.285 Y116.662 E206.40507
G1 X129.085 Y117.031 E206.41903
G1 X129.085 Y117.352 E206.42971
G1 X129.076 Y117.367 E206.43029
G1 X128.919 Y117.945 E206.45021
G1 X128.89 Y117.984 E206.45183
G1 X128.738 Y118.461 E206.46848
G1 X128.695 Y118.519 E206.47088
G1 X128.505 Y119.082 E206.49065
G1 X128.499 Y119.089 E206.49095
G1 X128.296 Y119.609 E206.50952
G1 X128.206 Y119.738 E206.51475
G1 X128.206 Y119.804 E206.51695
G1 X128.148 Y119.949 E206.52214
G1 X128.108 Y119.988 E206.524
G1 X128.056 Y120.092 E206.52787
G1 X128 Y120.23 E206.53282
G1 F2400 E205.73282
G0 F8250 X129.129 Y120.7
G0 X128.36 Y122.238
G0 X127.107 Y124.152
G0 X126.06 Y125.378
G0 X124.819 Y126.567
G0 X123.568 Y127.488
G0 X122.138 Y128.292
G0 X120.726 Y128.783
G0 X119.616 Y128.939
G0 X119.054 Y126.821
G0 X117.952 Y119.548
G0 X119.243 Y118.344
;TYPE:SUPPORT-INTERFACE
G1 F2400 E206.53282
G1 F1500 X118.644 Y118.943 E206.56099
G0 F8250 X118.643 Y118.643
G1 F1500 X119.092 Y119.092 E206.58211
G0 F8250 X119.243 Y115.849
G1 F1500 X118.643 Y115.249 E206.61034
G0 F8250 X118.644 Y115.549
G1 F1500 X119.243 Y114.95 E206.63851
G0 F8250 X119.243 Y112.455
G1 F1500 X118.643 Y111.855 E206.66673
G0 F8250 X118.644 Y112.155
G1 F1500 X119.243 Y111.555 E206.69493
G0 F8250 X119.243 Y109.061
G1 F1500 X118.643 Y108.46 E206.72318
G0 F8250 X118.644 Y108.761
G1 F1500 X119.243 Y108.161 E206.75138
G0 F8250 X119.243 Y105.667
G1 F1500 X118.643 Y105.066 E206.77962
G0 F8250 X118.644 Y105.367
G1 F1500 X119.243 Y104.767 E206.80782
G0 F8250 X119.243 Y102.273
G1 F1500 X118.643 Y101.672 E206.83607
G0 F8250 X118.644 Y101.973
G1 F1500 X119.243 Y101.373 E206.86426
G0 F8250 X119.243 Y98.878
G1 F1500 X118.643 Y98.278 E206.89249
G0 F8250 X118.644 Y98.579
G1 F1500 X119.243 Y97.979 E206.92069
G0 F8250 X119.243 Y95.484
G1 F1500 X118.643 Y94.884 E206.94891
G0 F8250 X118.644 Y95.185
G1 F1500 X119.243 Y94.585 E206.97711
G0 F8250 X119.243 Y92.09
G1 F1500 X118.92 Y91.767 E206.9923
G1 F2400 E206.1923
;MESH:1x_1xm_pusher.stl
G0 F8250 X117.034 Y92.577
G0 X117.244 Y118.292
;TYPE:WALL-INNER
G1 F2400 E206.9923
G1 F1950 X104.014 Y118.292 E207.43233
G1 X92.205 Y109.941 E207.91339
G1 X90.282 Y106.658 E208.03993
G1 X90.282 Y97.078 E208.35857
G1 X96.944 Y92.367 E208.62995
G1 X117.244 Y92.367 E209.30513
G1 X117.244 Y118.292 E210.1674
G0 F8250 X117.644 Y118.692
;TYPE:WALL-OUTER
G1 F1950 X103.886 Y118.692 E210.62499
G1 X91.904 Y110.219 E211.11309
G1 X89.882 Y106.766 E211.24618
G1 X89.882 Y96.87 E211.57532
G1 X96.816 Y91.967 E211.85778
G1 X117.644 Y91.967 E212.55052
G1 X117.644 Y118.692 E213.4394
G0 F8250 X117.374 Y118.422
G0 X117.134 Y117.902
G0 X116.854 Y117.902
;TYPE:SKIN
G1 F1500 X104.138 Y117.902 E213.86233
G1 X92.5 Y109.672 E214.33642
G1 X90.672 Y106.551 E214.45672
G1 X90.672 Y97.279 E214.76511
G1 X97.068 Y92.757 E215.02564
G1 X116.854 Y92.757 E215.68372
G1 X116.854 Y117.902 E216.52005
G0 F8250 X116.452 Y117.741
G1 F1500 X116.693 Y117.5 E216.53138
G0 F8250 X116.693 Y116.934
G1 F1500 X115.886 Y117.741 E216.56934
G0 F8250 X115.32 Y117.741
G1 F1500 X116.693 Y116.369 E216.6339
G0 F8250 X116.693 Y115.803
G1 F1500 X114.754 Y117.741 E216.72508
G0 F8250 X114.189 Y117.741
G1 F1500 X116.693 Y115.237 E216.84286
G0 F8250 X116.693 Y114.672
G1 F1500 X113.623 Y117.741 E216.98724
G0 F8250 X113.057 Y117.741
G1 F1500 X116.693 Y114.106 E217.15825
G0 F8250 X116.693 Y113.54
G1 F1500 X112.492 Y117.741 E217.35585
G0 F8250 X111.926 Y117.741
G1 F1500 X116.693 Y112.975 E217.58005
G0 F8250 X116.693 Y112.409
G1 F1500 X111.36 Y117.741 E217.83087
G0 F8250 X110.795 Y117.741
G1 F1500 X116.693 Y111.843 E218.1083
G0 F8250 X116.693 Y111.278
G1 F1500 X110.229 Y117.741 E218.41232
G0 F8250 X109.663 Y117.741
G1 F1500 X116.693 Y110.712 E218.74297
G0 F8250 X116.693 Y110.146
G1 F1500 X109.098 Y117.741 E219.10021
G0 F8250 X108.532 Y117.741
G1 F1500 X116.693 Y109.581 E219.48406
G0 F8250 X116.693 Y109.015
G1 F1500 X107.966 Y117.741 E219.89453
G0 F8250 X107.401 Y117.741
G1 F1500 X116.693 Y108.449 E220.33159
G0 F8250 X116.693 Y107.883
G1 F1500 X106.835 Y117.741 E220.79528
G0 F8250 X106.269 Y117.741
G1 F1500 X116.693 Y107.318 E221.28557
G0 F8250 X116.693 Y106.752
G1 F1500 X105.703 Y117.741 E221.80248
G0 F8250 X105.138 Y117.741
G1 F1500 X116.693 Y106.186 E222.346
G0 F8250 X116.693 Y105.621
G1 F1500 X104.572 Y117.741 E222.91611
G0 F8250 X104.081 Y117.666
G1 F1500 X116.693 Y105.055 E223.50931
G0 F8250 X116.693 Y104.489
G1 F1500 X103.75 Y117.432 E224.11811
G0 F8250 X103.418 Y117.198
G1 F1500 X116.693 Y103.924 E224.7425
G0 F8250 X116.693 Y103.358
G1 F1500 X103.087 Y116.963 E225.38247
G0 F8250 X102.756 Y116.729
G1 F1500 X116.693 Y102.792 E226.03802
G0 F8250 X116.693 Y102.227
G1 F1500 X102.424 Y116.495 E226.70917
G0 F8250 X102.093 Y116.261
G1 F1500 X116.693 Y101.661 E227.39591
G0 F8250 X116.693 Y101.095
G1 F1500 X101.761 Y116.027 E228.09826
G0 F8250 X101.43 Y115.792
G1 F1500 X116.693 Y100.53 E228.81616
G0 F8250 X116.693 Y99.964
G1 F1500 X101.099 Y115.558 E229.54966
G0 F8250 X100.767 Y115.324
G1 F1500 X116.693 Y99.398 E230.29877
G0 F8250 X116.693 Y98.833
G1 F1500 X100.436 Y115.089 E231.06342
G0 F8250 X100.105 Y114.855
G1 F1500 X116.693 Y98.267 E231.84367
G0 F8250 X116.693 Y97.701
G1 F1500 X99.774 Y114.62 E232.63949
G0 F8250 X99.442 Y114.386
G1 F1500 X116.693 Y97.135 E233.45092
G0 F8250 X116.693 Y96.57
G1 F1500 X99.11 Y114.152 E234.27795
G0 F8250 X98.779 Y113.917
G1 F1500 X116.693 Y96.004 E235.12055
G0 F8250 X116.693 Y95.438
G1 F1500 X98.448 Y113.683 E235.97873
G0 F8250 X98.116 Y113.449
G1 F1500 X116.693 Y94.873 E236.85252
G0 F8250 X116.693 Y94.307
G1 F1500 X97.785 Y113.214 E237.74187
G0 F8250 X97.454 Y112.98
G1 F1500 X116.693 Y93.741 E238.64681
G0 F8250 X116.693 Y93.176
G1 F1500 X97.123 Y112.746 E239.56732
G0 F8250 X96.791 Y112.512
G1 F1500 X116.386 Y92.917 E240.48901
G0 F8250 X115.82 Y92.917
G1 F1500 X96.459 Y112.277 E241.39967
G0 F8250 X96.129 Y112.043
G1 F1500 X115.254 Y92.917 E242.29928
G0 F8250 X114.689 Y92.917
G1 F1500 X95.797 Y111.809 E243.1879
G0 F8250 X95.466 Y111.574
G1 F1500 X114.123 Y92.917 E244.06547
G0 F8250 X113.557 Y92.917
G1 F1500 X95.134 Y111.34 E244.93203
G0 F8250 X94.803 Y111.106
G1 F1500 X112.992 Y92.917 E245.78758
G0 F8250 X112.426 Y92.917
G1 F1500 X94.472 Y110.871 E246.63208
G0 F8250 X94.14 Y110.637
G1 F1500 X111.86 Y92.917 E247.46558
G0 F8250 X111.295 Y92.917
G1 F1500 X93.809 Y110.403 E248.28807
G0 F8250 X93.478 Y110.168
G1 F1500 X110.729 Y92.917 E249.0995
G0 F8250 X110.163 Y92.917
G1 F1500 X93.146 Y109.934 E249.89993
G0 F8250 X92.815 Y109.699
G1 F1500 X109.598 Y92.917 E250.68932
G0 F8250 X109.032 Y92.917
G1 F1500 X92.535 Y109.414 E251.46529
G0 F8250 X92.326 Y109.057
G1 F1500 X108.466 Y92.917 E252.22447
G0 F8250 X107.9 Y92.917
G1 F1500 X92.117 Y108.7 E252.96685
G0 F8250 X91.909 Y108.343
G1 F1500 X107.335 Y92.917 E253.69244
G0 F8250 X106.769 Y92.917
G1 F1500 X91.699 Y107.987 E254.40129
G0 F8250 X91.491 Y107.63
G1 F1500 X106.203 Y92.917 E255.09332
G0 F8250 X105.638 Y92.917
G1 F1500 X91.281 Y107.273 E255.76861
G0 F8250 X91.073 Y106.916
G1 F1500 X105.072 Y92.917 E256.42708
G0 F8250 X104.506 Y92.917
G1 F1500 X90.864 Y106.559 E257.06876
G0 F8250 X90.832 Y106.026
G1 F1500 X103.941 Y92.917 E257.68536
G0 F8250 X103.375 Y92.917
G1 F1500 X90.832 Y105.46 E258.27535
G0 F8250 X90.832 Y104.895
G1 F1500 X102.809 Y92.917 E258.83873
G0 F8250 X102.244 Y92.917
G1 F1500 X90.832 Y104.329 E259.37552
G0 F8250 X90.832 Y103.763
G1 F1500 X101.678 Y92.917 E259.88568
G0 F8250 X101.112 Y92.917
G1 F1500 X90.832 Y103.197 E260.36922
G0 F8250 X90.832 Y102.632
G1 F1500 X100.547 Y92.917 E260.82618
G0 F8250 X99.981 Y92.917
G1 F1500 X90.832 Y102.066 E261.25652
G0 F8250 X90.832 Y101.5
G1 F1500 X99.415 Y92.917 E261.66024
G0 F8250 X98.849 Y92.917
G1 F1500 X90.832 Y100.935 E262.03736
G0 F8250 X90.832 Y100.369
G1 F1500 X98.284 Y92.917 E262.38788
G0 F8250 X97.718 Y92.917
G1 F1500 X90.832 Y99.803 E262.71178
G0 F8250 X90.832 Y99.238
G1 F1500 X97.152 Y92.917 E263.00907
G0 F8250 X97.152 Y92.477
G0 X95.056 Y93.837
G0 X95.308 Y94.195
G1 F1500 X90.832 Y98.672 E263.21963
G0 F8250 X90.832 Y98.106
G1 F1500 X93.379 Y95.559 E263.33944
G0 F8250 X93.127 Y95.201
G0 X91.198 Y96.565
G0 X91.45 Y96.923
G1 F1500 X90.832 Y97.541 E263.36851
G0 F8250 X90.482 Y97.541
G1 F2400 E262.56851
;MESH:NONMESH
G0 F300 X90.482 Y97.541 Z0.6
G0 F8250 X90.392 Y97.541
G0 X90.457 Y97.168
G0 X96.998 Y92.539
G0 X117.072 Y92.568
G0 X119.644 Y91.967
;TIME_ELAPSED:344.380759
;LAYER:2
M106 S170
;TYPE:SUPPORT
G1 F2400 E263.36851
G1 X130.245 Y91.967 E263.7211
G1 X130.245 Y113.51 E264.43762
G1 X130.242 Y113.566 E264.43949
G1 X130.233 Y113.62 E264.44131
G1 X130.044 Y114.298 E264.46472
G1 X130.044 Y114.871 E264.48377
G1 X129.845 Y115.444 E264.50395
G1 X129.844 Y115.934 E264.52025
G1 X129.645 Y116.353 E264.53567
G1 X129.645 Y116.755 E264.54904
G1 X129.445 Y117.123 E264.56298
G1 X129.445 Y117.454 E264.57398
G1 X129.409 Y117.512 E264.57625
G1 X129.248 Y118.106 E264.59672
G1 X129.215 Y118.151 E264.59858
G1 X129.062 Y118.628 E264.61524
G1 X129.018 Y118.687 E264.61769
G1 X128.828 Y119.248 E264.63739
G1 X128.819 Y119.261 E264.63792
G1 X128.616 Y119.78 E264.65645
G1 X128.589 Y119.818 E264.658
G1 X128.454 Y120.152 E264.66998
G1 X128.395 Y120.21 E264.67274
G1 X128.233 Y120.609 E264.68706
G1 X128.177 Y120.67 E264.68981
G1 X128.047 Y120.979 E264.70096
G1 X128.008 Y121.014 E264.7027
G1 X127.862 Y121.331 E264.71431
G1 X127.78 Y121.401 E264.7179
G1 X127.64 Y121.726 E264.72967
G1 X127.57 Y121.79 E264.73282
G1 X127.447 Y122.058 E264.74263
G1 X127.374 Y122.112 E264.74565
G1 X127.229 Y122.417 E264.75688
G1 X127.155 Y122.475 E264.76001
G1 X127.043 Y122.704 E264.76849
G1 X126.944 Y122.778 E264.7726
G1 X126.832 Y123.007 E264.78108
G1 X126.775 Y123.046 E264.78338
G1 X126.636 Y123.303 E264.79309
G1 X126.555 Y123.361 E264.79641
G1 X126.454 Y123.547 E264.80345
G1 X126.344 Y123.62 E264.80784
G1 X126.246 Y123.804 E264.81477
G1 X126.151 Y123.859 E264.81842
G1 X126.055 Y124.039 E264.82521
G1 X125.94 Y124.106 E264.82963
G1 X125.838 Y124.296 E264.83681
G1 X125.777 Y124.296 E264.83884
G1 X125.749 Y124.344 E264.84068
G1 X125.693 Y124.373 E264.84278
G1 X125.693 Y124.44 E264.84501
G1 X125.637 Y124.535 E264.84868
G1 X125.528 Y124.6 E264.8529
G1 X125.453 Y124.719 E264.85758
G1 X125.33 Y124.782 E264.86217
G1 X125.23 Y124.952 E264.86873
G1 X125.137 Y125.004 E264.87228
G1 X125.035 Y125.166 E264.87865
G1 X125.022 Y125.173 E264.87914
G1 X124.963 Y125.173 E264.8811
G1 X124.934 Y125.218 E264.88288
G1 X124.872 Y125.249 E264.88518
G1 X124.872 Y125.312 E264.88728
G1 X124.858 Y125.333 E264.88812
G1 X124.736 Y125.392 E264.89263
G1 X124.652 Y125.517 E264.89764
G1 X124.522 Y125.574 E264.90236
G1 X124.433 Y125.712 E264.90782
G1 X124.337 Y125.754 E264.9113
G1 X124.332 Y125.759 E264.91154
G1 X124.312 Y125.769 E264.91228
G1 X124.239 Y125.88 E264.9167
G1 X124.135 Y125.925 E264.92047
G1 X124.131 Y125.929 E264.92066
G1 X124.111 Y125.939 E264.9214
G1 X124.046 Y126.035 E264.92526
G1 X123.901 Y126.09 E264.93042
G1 X123.835 Y126.19 E264.9344
G1 X123.775 Y126.213 E264.93654
G1 X123.718 Y126.241 E264.93865
G1 X123.64 Y126.352 E264.94316
G1 X123.514 Y126.397 E264.94761
G1 X123.445 Y126.492 E264.95152
G1 X123.324 Y126.537 E264.95581
G1 X123.314 Y126.547 E264.95628
G1 X123.298 Y126.555 E264.95688
G1 X123.278 Y126.583 E264.95802
G1 X123.244 Y126.617 E264.95962
G1 X123.085 Y126.663 E264.96513
G1 X123.023 Y126.754 E264.96879
G1 X122.896 Y126.793 E264.97321
G1 X122.839 Y126.871 E264.97642
G1 X122.692 Y126.916 E264.98153
G1 X122.637 Y126.99 E264.9846
G1 X122.485 Y127.032 E264.98985
G1 X122.422 Y127.117 E264.99336
G1 X122.313 Y127.146 E264.99712
G1 X122.242 Y127.234 E265.00088
G1 X122.104 Y127.27 E265.00562
G1 X122.065 Y127.318 E265.00768
G1 X121.966 Y127.344 E265.01108
G1 X121.897 Y127.344 E265.01338
G1 X121.879 Y127.367 E265.01435
G1 X121.797 Y127.388 E265.01716
G1 X121.797 Y127.432 E265.01863
G1 X121.697 Y127.458 E265.02206
G1 X121.655 Y127.511 E265.02431
G1 X121.494 Y127.544 E265.02978
G1 X121.45 Y127.599 E265.03212
G1 X121.338 Y127.62 E265.03591
G1 X121.254 Y127.64 E265.03878
G1 X121.219 Y127.683 E265.04063
G1 X121.079 Y127.714 E265.0454
G1 X121.039 Y127.762 E265.04747
G1 X120.909 Y127.786 E265.05187
G1 X120.878 Y127.819 E265.05338
G1 X120.681 Y127.856 E265.06004
G1 X120.648 Y127.893 E265.06169
G1 X120.586 Y127.902 E265.06378
G1 X120.519 Y127.902 E265.06601
G1 X120.478 Y127.946 E265.06801
G1 X120.249 Y127.98 E265.07571
G1 X119.883 Y126.586 E265.12364
G1 X119.986 Y126.203 E265.13683
G1 X119.682 Y125.057 E265.17627
G1 X119.783 Y124.675 E265.18941
G1 X119.481 Y123.533 E265.2287
G1 X119.578 Y123.175 E265.24103
G1 X119.578 Y123.12 E265.24286
G1 X119.283 Y122.004 E265.28126
G1 X119.382 Y121.621 E265.29441
G1 X118.823 Y119.492 E265.36763
G1 X119.176 Y119.492 E265.37937
G1 X119.644 Y119.024 E265.40138
G1 X119.644 Y91.967 E266.3013
G1 F2400 E265.5013
G0 F9000 X119.644 Y91.102
G0 X129.885 Y91.102
G0 X129.885 Y92.327
G1 F2400 E266.3013
G1 X128 Y92.327 E266.36399
G1 X128 Y120.227 E267.29195
G1 X127.925 Y120.413 E267.29862
G1 X127.87 Y120.472 E267.30131
G1 X127.745 Y120.766 E267.31193
G1 X127.712 Y120.797 E267.31344
G1 X127.568 Y121.108 E267.32484
G1 X127.483 Y121.181 E267.32856
G1 X127.339 Y121.513 E267.3406
G1 X127.273 Y121.574 E267.34359
G1 X127.158 Y121.824 E267.35274
G1 X127.088 Y121.876 E267.35564
G1 X126.94 Y122.187 E267.3671
G1 X126.869 Y122.242 E267.37008
G1 X126.758 Y122.468 E267.37846
G1 X126.659 Y122.542 E267.38257
G1 X126.55 Y122.764 E267.39079
G1 X126.5 Y122.798 E267.39281
G1 X126.359 Y123.059 E267.40267
G1 X126.278 Y123.116 E267.40597
G1 X126.18 Y123.296 E267.41278
G1 X126.069 Y123.37 E267.41722
G1 X126 Y123.5 E267.42212
G1 X126 Y92.327 E268.45893
G1 X124 Y92.327 E268.52545
G1 X124 Y125.587 E269.63169
G1 X123.996 Y125.593 E269.63193
G1 X123.929 Y125.623 E269.63437
G1 X123.919 Y125.633 E269.63484
G1 X123.866 Y125.66 E269.63682
G1 X123.811 Y125.739 E269.64002
G1 X123.665 Y125.795 E269.64522
G1 X123.595 Y125.901 E269.64944
G1 X123.477 Y125.958 E269.6538
G1 X123.411 Y126.051 E269.6576
G1 X123.289 Y126.095 E269.66191
G1 X123.217 Y126.193 E269.66595
G1 X123.125 Y126.227 E269.66922
G1 X123.102 Y126.25 E269.6703
G1 X123.056 Y126.273 E269.67201
G1 X123.035 Y126.303 E269.67323
G1 X122.861 Y126.353 E269.67925
G1 X122.797 Y126.446 E269.683
G1 X122.676 Y126.484 E269.68722
G1 X122.62 Y126.561 E269.69039
G1 X122.474 Y126.606 E269.69547
G1 X122.422 Y126.676 E269.69837
G1 X122.27 Y126.718 E269.70361
G1 X122.207 Y126.802 E269.70711
G1 X122.107 Y126.829 E269.71055
G1 X122.036 Y126.915 E269.71426
G1 X122 Y126.925 E269.7155
G1 X122 Y92.327 E270.86624
G1 X120.004 Y92.327 E270.93262
G1 X120.004 Y119.173 E271.82553
G1 X120 Y119.177 E271.82571
G1 X119.325 Y119.852 E271.85746
G1 X119.29 Y119.852 E271.85863
G1 X119.754 Y121.621 E271.91946
G1 X119.656 Y122.004 E271.93261
G1 X119.938 Y123.073 E271.96938
G1 X119.938 Y123.223 E271.97437
G1 X119.854 Y123.532 E271.98502
G1 X120 Y124.086 E272.00407
G1 X120 Y119.177 E272.16735
G1 F2400 E271.36735
G0 F9000 X117.987 Y119.705
G0 X118.991 Y126.585
G0 X119.617 Y128.939
G0 X120.725 Y128.783
G0 X122.134 Y128.294
G0 X123.784 Y127.358
G0 X125.229 Y126.207
G0 X126.7 Y124.663
G0 X127.923 Y122.969
G0 X128.774 Y121.436
G0 X129.128 Y120.701
G0 X128 Y120.227
G1 F2400 E272.16735
G1 X128.089 Y120.005 E272.1753
G1 X128.149 Y119.946 E272.1781
G1 X128.271 Y119.644 E272.18893
G1 X128.297 Y119.607 E272.19044
G1 X128.499 Y119.089 E272.20893
G1 X128.505 Y119.082 E272.20924
G1 X128.695 Y118.519 E272.229
G1 X128.738 Y118.461 E272.2314
G1 X128.89 Y117.984 E272.24805
G1 X128.919 Y117.945 E272.24967
G1 X129.076 Y117.367 E272.26959
G1 X129.085 Y117.352 E272.27017
G1 X129.085 Y117.031 E272.28085
G1 X129.285 Y116.662 E272.29481
G1 X129.285 Y116.272 E272.30778
G1 X129.484 Y115.851 E272.32327
G1 X129.485 Y115.383 E272.33883
G1 X129.684 Y114.811 E272.35897
G1 X129.684 Y114.249 E272.37767
G1 X129.881 Y113.541 E272.40211
G1 X129.885 Y113.487 E272.40391
G1 X129.885 Y92.327 E273.1077
G1 F2400 E272.3077
G0 F9000 X129.885 Y91.102
G0 X119.443 Y91.102
G0 X119.443 Y92.29
;TYPE:SUPPORT-INTERFACE
G1 F2400 E273.1077
G1 F1500 X118.919 Y91.766 E273.13234
G0 F9000 X119.443 Y94.386
G1 F1500 X118.844 Y94.984 E273.16049
G0 F9000 X118.843 Y95.084
G1 F1500 X119.443 Y95.684 E273.18872
G0 F9000 X119.443 Y97.78
G1 F1500 X118.844 Y98.379 E273.21689
G0 F9000 X118.843 Y98.478
G1 F1500 X119.443 Y99.078 E273.24511
G0 F9000 X119.443 Y101.174
G1 F1500 X118.844 Y101.773 E273.27329
G0 F9000 X118.843 Y101.872
G1 F1500 X119.443 Y102.472 E273.30151
G0 F9000 X119.443 Y104.568
G1 F1500 X118.844 Y105.167 E273.32969
G0 F9000 X118.843 Y105.266
G1 F1500 X119.443 Y105.866 E273.35791
G0 F9000 X119.443 Y107.962
G1 F1500 X118.844 Y108.561 E273.38608
G0 F9000 X118.843 Y108.661
G1 F1500 X119.443 Y109.26 E273.41428
G0 F9000 X119.443 Y111.356
G1 F1500 X118.844 Y111.955 E273.44246
G0 F9000 X118.843 Y112.055
G1 F1500 X119.443 Y112.654 E273.47066
G0 F9000 X119.443 Y114.75
G1 F1500 X118.844 Y115.349 E273.49883
G0 F9000 X118.843 Y115.449
G1 F1500 X119.443 Y116.048 E273.52703
G0 F9000 X119.443 Y118.144
G1 F1500 X118.844 Y118.743 E273.5552
G0 F9000 X118.843 Y118.843
G1 F1500 X119.192 Y119.192 E273.57162
G1 F2400 E272.77162
;MESH:1x_1xm_pusher.stl
G0 F9000 X117.63 Y118.478
G0 X117.444 Y118.292
;TYPE:WALL-INNER
G1 F2400 E273.57162
G1 X104.214 Y118.292 E274.01165
G1 X92.405 Y109.941 E274.49271
G1 X90.482 Y106.658 E274.61925
G1 X90.482 Y97.078 E274.93789
G1 X97.144 Y92.367 E275.20927
G1 X117.444 Y92.367 E275.88445
G1 X117.444 Y118.292 E276.74672
G0 F9000 X117.844 Y118.692
;TYPE:WALL-OUTER
G1 F2400 X104.086 Y118.692 E277.20431
G1 X92.104 Y110.219 E277.69241
G1 X90.082 Y106.766 E277.8255
G1 X90.082 Y96.87 E278.15464
G1 X97.016 Y91.967 E278.4371
G1 X117.844 Y91.967 E279.12984
G1 X117.844 Y118.692 E280.01872
G0 F9000 X117.574 Y118.422
G0 X117.334 Y117.902
G0 X117.054 Y117.902
;TYPE:SKIN
G1 F1500 X104.338 Y117.902 E280.44165
G1 X92.7 Y109.672 E280.91574
G1 X90.872 Y106.551 E281.03604
G1 X90.872 Y97.279 E281.34443
G1 X97.268 Y92.757 E281.60496
G1 X117.054 Y92.757 E282.26304
G1 X117.054 Y117.902 E283.09937
G0 F9000 X117.334 Y117.902
G0 X117.334 Y93.135
G0 X116.893 Y93.135
G1 F1500 X116.676 Y92.917 E283.1096
G0 F9000 X116.11 Y92.917
G1 F1500 X116.893 Y93.7 E283.14643
G0 F9000 X116.893 Y94.266
G1 F1500 X115.544 Y92.917 E283.20988
G0 F9000 X114.979 Y92.917
G1 F1500 X116.893 Y94.832 E283.29994
G0 F9000 X116.893 Y95.397
G1 F1500 X114.413 Y92.917 E283.41659
G0 F9000 X113.847 Y92.917
G1 F1500 X116.893 Y95.963 E283.55986
G0 F9000 X116.893 Y96.529
G1 F1500 X113.282 Y92.917 E283.72974
G0 F9000 X112.716 Y92.917
G1 F1500 X116.893 Y97.094 E283.92621
G0 F9000 X116.893 Y97.66
G1 F1500 X112.15 Y92.917 E284.14931
G0 F9000 X111.584 Y92.917
G1 F1500 X116.893 Y98.226 E284.39902
G0 F9000 X116.893 Y98.792
G1 F1500 X111.019 Y92.917 E284.67534
G0 F9000 X110.453 Y92.917
G1 F1500 X116.893 Y99.357 E284.97826
G0 F9000 X116.893 Y99.923
G1 F1500 X109.887 Y92.917 E285.3078
G0 F9000 X109.322 Y92.917
G1 F1500 X116.893 Y100.489 E285.66394
G0 F9000 X116.893 Y101.054
G1 F1500 X108.756 Y92.917 E286.04668
G0 F9000 X108.19 Y92.917
G1 F1500 X116.893 Y101.62 E286.45604
G0 F9000 X116.893 Y102.186
G1 F1500 X107.625 Y92.917 E286.89201
G0 F9000 X107.059 Y92.917
G1 F1500 X116.893 Y102.751 E287.35457
G0 F9000 X116.893 Y103.317
G1 F1500 X106.493 Y92.917 E287.84375
G0 F9000 X105.928 Y92.917
G1 F1500 X116.893 Y103.883 E288.35953
G0 F9000 X116.893 Y104.448
G1 F1500 X105.362 Y92.917 E288.90192
G0 F9000 X104.796 Y92.917
G1 F1500 X116.893 Y105.014 E289.47092
G0 F9000 X116.893 Y105.58
G1 F1500 X104.231 Y92.917 E290.06653
G0 F9000 X103.665 Y92.917
G1 F1500 X116.893 Y106.145 E290.68873
G0 F9000 X116.893 Y106.711
G1 F1500 X103.099 Y92.917 E291.33756
G0 F9000 X102.534 Y92.917
G1 F1500 X116.893 Y107.277 E292.01299
G0 F9000 X116.893 Y107.842
G1 F1500 X101.968 Y92.917 E292.71501
G0 F9000 X101.402 Y92.917
G1 F1500 X116.893 Y108.408 E293.44366
G0 F9000 X116.893 Y108.974
G1 F1500 X100.836 Y92.917 E294.19893
G0 F9000 X100.271 Y92.917
G1 F1500 X116.893 Y109.54 E294.98081
G0 F9000 X116.893 Y110.105
G1 F1500 X99.705 Y92.917 E295.78928
G0 F9000 X99.139 Y92.917
G1 F1500 X116.893 Y110.671 E296.62437
G0 F9000 X116.893 Y111.237
G1 F1500 X98.574 Y92.917 E297.48606
G0 F9000 X98.008 Y92.917
G1 F1500 X116.893 Y111.802 E298.37436
G0 F9000 X116.893 Y112.368
G1 F1500 X97.442 Y92.917 E299.28927
G0 F9000 X97.059 Y93.099
G1 F1500 X116.893 Y112.934 E300.22223
G0 F9000 X116.893 Y113.499
G1 F1500 X96.727 Y93.333 E301.17077
G0 F9000 X96.397 Y93.568
G1 F1500 X116.893 Y114.065 E302.13486
G0 F9000 X116.893 Y114.631
G1 F1500 X96.065 Y93.802 E303.11457
G0 F9000 X95.733 Y94.036
G1 F1500 X116.893 Y115.196 E304.10988
G0 F9000 X116.893 Y115.762
G1 F1500 X95.402 Y94.271 E305.12075
G0 F9000 X95.071 Y94.505
G1 F1500 X116.893 Y116.328 E306.14721
G0 F9000 X116.893 Y116.893
G1 F1500 X94.739 Y94.739 E307.18927
G0 F9000 X94.407 Y94.973
G1 F1500 X116.893 Y117.459 E308.24694
G0 F9000 X116.609 Y117.741
G1 F1500 X94.077 Y95.208 E309.3068
G0 F9000 X93.745 Y95.442
G1 F1500 X116.044 Y117.741 E310.35567
G0 F9000 X115.478 Y117.741
G1 F1500 X93.413 Y95.676 E311.39354
G0 F9000 X93.082 Y95.911
G1 F1500 X114.912 Y117.741 E312.42036
G0 F9000 X114.346 Y117.741
G1 F1500 X92.751 Y96.145 E313.43615
G0 F9000 X92.419 Y96.379
G1 F1500 X113.781 Y117.741 E314.44095
G0 F9000 X113.215 Y117.741
G1 F1500 X92.087 Y96.613 E315.43475
G0 F9000 X91.757 Y96.848
G1 F1500 X112.649 Y117.741 E316.41747
G0 F9000 X112.084 Y117.741
G1 F1500 X91.425 Y97.082 E317.3892
G0 F9000 X91.093 Y97.316
G1 F1500 X111.518 Y117.741 E318.34993
G0 F9000 X110.952 Y117.741
G1 F1500 X91.031 Y97.819 E319.28698
G0 F9000 X91.031 Y98.385
G1 F1500 X110.387 Y117.741 E320.19742
G0 F9000 X109.821 Y117.741
G1 F1500 X91.031 Y98.951 E321.08125
G0 F9000 X91.031 Y99.516
G1 F1500 X109.255 Y117.741 E321.93847
G0 F9000 X108.69 Y117.741
G1 F1500 X91.031 Y100.082 E322.7691
G0 F9000 X91.031 Y100.648
G1 F1500 X108.124 Y117.741 E323.5731
G0 F9000 X107.558 Y117.741
G1 F1500 X91.031 Y101.213 E324.3505
G0 F9000 X91.031 Y101.779
G1 F1500 X106.993 Y117.741 E325.10131
G0 F9000 X106.427 Y117.741
G1 F1500 X91.031 Y102.345 E325.82549
G0 F9000 X91.031 Y102.91
G1 F1500 X105.861 Y117.741 E326.52307
G0 F9000 X105.295 Y117.741
G1 F1500 X91.031 Y103.476 E327.19403
G0 F9000 X91.031 Y104.042
G1 F1500 X104.73 Y117.741 E327.83839
G0 F9000 X104.73 Y118.182
G0 X104.357 Y118.133
G0 X103.369 Y117.559
G0 X103.624 Y117.2
G1 F1500 X91.031 Y104.607 E328.43072
G0 F9000 X91.031 Y105.173
G1 F1500 X101.693 Y115.835 E328.93223
G0 F9000 X101.439 Y116.194
G0 X99.507 Y114.828
G0 X99.761 Y114.469
G1 F1500 X91.031 Y105.739 E329.34286
G0 F9000 X91.031 Y106.305
G1 F1500 X97.829 Y113.103 E329.66262
G0 F9000 X97.575 Y113.461
G0 X95.643 Y112.095
G0 X95.897 Y111.737
G1 F1500 X91.547 Y107.386 E329.86725
G0 F9000 X91.166 Y107.608
G0 X91.966 Y108.974
G0 X92.347 Y108.752
G1 F1500 X93.966 Y110.37 E329.94338
G0 F9000 X93.762 Y110.658
G1 F2400 E329.14338
;MESH:NONMESH
G0 F300 X93.762 Y110.658 Z0.8
G0 F9000 X93.711 Y110.729
G0 X92.534 Y109.823
G0 X90.654 Y106.612
G0 X90.657 Y97.168
G0 X97.198 Y92.539
G0 X117.265 Y92.552
G0 X119.844 Y91.967
;TIME_ELAPSED:430.964795
;LAYER:3
M106 S255
;TYPE:SUPPORT
G1 F2400 E329.94338
G1 X130.245 Y91.967 E330.28932
G1 X130.245 Y113.51 E331.00584
G1 X130.242 Y113.566 E331.00771
G1 X130.233 Y113.62 E331.00953
G1 X130.044 Y114.298 E331.03294
G1 X130.044 Y114.871 E331.052
G1 X129.845 Y115.444 E331.07217
G1 X129.844 Y115.934 E331.08847
G1 X129.645 Y116.353 E331.1039
G1 X129.645 Y116.755 E331.11727
G1 X129.445 Y117.123 E331.1312
G1 X129.445 Y117.454 E331.14221
G1 X129.409 Y117.512 E331.14448
G1 X129.249 Y118.103 E331.16484
G1 X129.216 Y118.147 E331.16667
G1 X129.062 Y118.625 E331.18338
G1 X129.025 Y118.674 E331.18542
G1 X129.016 Y118.692 E331.18609
G1 X128.828 Y119.248 E331.20561
G1 X128.819 Y119.261 E331.20613
G1 X128.619 Y119.774 E331.22445
G1 X128.591 Y119.812 E331.22602
G1 X128.453 Y120.153 E331.23825
G1 X128.394 Y120.211 E331.241
G1 X128.232 Y120.61 E331.25533
G1 X128.177 Y120.67 E331.25803
G1 X128.047 Y120.979 E331.26918
G1 X128.008 Y121.014 E331.27093
G1 X127.862 Y121.331 E331.28254
G1 X127.78 Y121.401 E331.28612
G1 X127.64 Y121.726 E331.29789
G1 X127.57 Y121.79 E331.30105
G1 X127.448 Y122.058 E331.31084
G1 X127.376 Y122.11 E331.31379
G1 X127.365 Y122.129 E331.31452
G1 X127.228 Y122.419 E331.32519
G1 X127.155 Y122.475 E331.32825
G1 X127.043 Y122.704 E331.33673
G1 X126.944 Y122.778 E331.34084
G1 X126.832 Y123.007 E331.34932
G1 X126.775 Y123.046 E331.35162
G1 X126.636 Y123.303 E331.36134
G1 X126.555 Y123.361 E331.36465
G1 X126.454 Y123.547 E331.37169
G1 X126.344 Y123.62 E331.37608
G1 X126.247 Y123.804 E331.383
G1 X126.148 Y123.861 E331.3868
G1 X126.052 Y124.041 E331.39358
G1 X125.94 Y124.106 E331.39789
G1 X125.838 Y124.296 E331.40506
G1 X125.777 Y124.296 E331.40709
G1 X125.749 Y124.344 E331.40894
G1 X125.693 Y124.373 E331.41104
G1 X125.693 Y124.44 E331.41326
G1 X125.637 Y124.535 E331.41693
G1 X125.528 Y124.6 E331.42115
G1 X125.453 Y124.72 E331.42586
G1 X125.335 Y124.78 E331.43026
G1 X125.302 Y124.83 E331.43226
G1 X125.229 Y124.951 E331.43696
G1 X125.137 Y125.004 E331.44049
G1 X125.035 Y125.165 E331.44683
G1 X124.93 Y125.218 E331.45074
G1 X124.856 Y125.333 E331.45529
G1 X124.736 Y125.391 E331.45972
G1 X124.652 Y125.517 E331.46476
G1 X124.522 Y125.574 E331.46948
G1 X124.433 Y125.712 E331.47494
G1 X124.337 Y125.754 E331.47842
G1 X124.332 Y125.759 E331.47866
G1 X124.312 Y125.769 E331.4794
G1 X124.239 Y125.88 E331.48382
G1 X124.135 Y125.925 E331.48759
G1 X124.131 Y125.929 E331.48778
G1 X124.111 Y125.939 E331.48852
G1 X124.046 Y126.035 E331.49238
G1 X123.901 Y126.09 E331.49754
G1 X123.835 Y126.19 E331.50152
G1 X123.804 Y126.202 E331.50263
G1 X123.745 Y126.202 E331.50459
G1 X123.718 Y126.241 E331.50617
G1 X123.711 Y126.244 E331.50642
G1 X123.689 Y126.282 E331.50788
G1 X123.64 Y126.351 E331.5107
G1 X123.514 Y126.397 E331.51516
G1 X123.446 Y126.49 E331.51899
G1 X123.387 Y126.512 E331.52108
G1 X123.329 Y126.512 E331.52301
G1 X123.281 Y126.579 E331.52575
G1 X123.243 Y126.617 E331.52754
G1 X123.085 Y126.663 E331.53301
G1 X123.023 Y126.754 E331.53668
G1 X122.896 Y126.793 E331.5411
G1 X122.84 Y126.87 E331.54426
G1 X122.689 Y126.917 E331.54952
G1 X122.633 Y126.99 E331.55258
G1 X122.485 Y127.032 E331.5577
G1 X122.423 Y127.115 E331.56115
G1 X122.31 Y127.145 E331.56503
G1 X122.242 Y127.231 E331.56868
G1 X122.1 Y127.268 E331.57356
G1 X122.058 Y127.32 E331.57578
G1 X121.875 Y127.37 E331.58209
G1 X121.834 Y127.423 E331.58432
G1 X121.697 Y127.458 E331.58903
G1 X121.655 Y127.511 E331.59127
G1 X121.494 Y127.544 E331.59674
G1 X121.451 Y127.597 E331.59901
G1 X121.271 Y127.633 E331.60512
G1 X121.221 Y127.683 E331.60747
G1 X121.079 Y127.714 E331.6123
G1 X121.039 Y127.762 E331.61438
G1 X120.909 Y127.786 E331.61878
G1 X120.878 Y127.819 E331.62028
G1 X120.68 Y127.856 E331.62698
G1 X120.647 Y127.893 E331.62863
G1 X120.589 Y127.901 E331.63058
G1 X120.519 Y127.902 E331.63291
G1 X120.478 Y127.946 E331.63491
G1 X120.249 Y127.98 E331.64261
G1 X119.884 Y126.586 E331.69054
G1 X119.986 Y126.203 E331.70372
G1 X119.683 Y125.057 E331.74314
G1 X119.783 Y124.675 E331.75628
G1 X119.481 Y123.532 E331.7956
G1 X119.578 Y123.175 E331.8079
G1 X119.578 Y123.12 E331.80973
G1 X119.283 Y122.004 E331.84813
G1 X119.382 Y121.621 E331.86128
G1 X118.86 Y119.63 E331.92974
G1 X119.844 Y119.502 E331.96275
G1 X119.844 Y91.967 E332.87856
G1 F2400 E332.07856
G0 F9000 X119.844 Y91.102
G0 X129.885 Y91.102
G0 X129.885 Y92.327
G1 F2400 E332.87856
G1 X128 Y92.327 E332.94126
G1 X128 Y120.225 E333.86915
G1 X127.924 Y120.414 E333.87593
G1 X127.87 Y120.472 E333.87856
G1 X127.745 Y120.766 E333.88919
G1 X127.712 Y120.797 E333.89069
G1 X127.568 Y121.108 E333.90209
G1 X127.483 Y121.181 E333.90582
G1 X127.339 Y121.513 E333.91785
G1 X127.273 Y121.574 E333.92084
G1 X127.16 Y121.822 E333.92991
G1 X127.102 Y121.863 E333.93227
G1 X127.046 Y121.962 E333.93605
G1 X126.939 Y122.187 E333.94434
G1 X126.869 Y122.241 E333.94728
G1 X126.756 Y122.469 E333.95574
G1 X126.659 Y122.542 E333.95978
G1 X126.55 Y122.764 E333.96801
G1 X126.5 Y122.798 E333.97002
G1 X126.359 Y123.059 E333.97989
G1 X126.278 Y123.116 E333.98318
G1 X126.18 Y123.296 E333.99
G1 X126.068 Y123.372 E333.9945
G1 X126 Y123.501 E333.99935
G1 X126 Y92.327 E335.0362
G1 X124 Y92.327 E335.10272
G1 X124 Y125.587 E336.20895
G1 X123.996 Y125.593 E336.20919
G1 X123.929 Y125.623 E336.21163
G1 X123.919 Y125.633 E336.2121
G1 X123.866 Y125.66 E336.21408
G1 X123.811 Y125.739 E336.21728
G1 X123.665 Y125.795 E336.22248
G1 X123.634 Y125.842 E336.22436
G1 X123.556 Y125.842 E336.22695
G1 X123.481 Y125.951 E336.23135
G1 X123.458 Y125.961 E336.23219
G1 X123.406 Y126.053 E336.2357
G1 X123.287 Y126.097 E336.23992
G1 X123.247 Y126.152 E336.24218
G1 X123.144 Y126.152 E336.24561
G1 X123.037 Y126.302 E336.25174
G1 X122.86 Y126.354 E336.25787
G1 X122.797 Y126.447 E336.26161
G1 X122.676 Y126.484 E336.26582
G1 X122.62 Y126.562 E336.26901
G1 X122.473 Y126.607 E336.27412
G1 X122.42 Y126.676 E336.27702
G1 X122.269 Y126.719 E336.28224
G1 X122.21 Y126.799 E336.28555
G1 X122.101 Y126.828 E336.2893
G1 X122.034 Y126.913 E336.2929
G1 X122 Y126.923 E336.29408
G1 X122 Y92.327 E337.44474
G1 X120.204 Y92.327 E337.50448
G1 X120.204 Y119.819 E338.41887
G1 X120 Y119.845 E338.42571
G1 X119.312 Y119.935 E338.44878
G1 X119.754 Y121.621 E338.50676
G1 X119.656 Y122.004 E338.51991
G1 X119.938 Y123.073 E338.55668
G1 X119.938 Y123.223 E338.56167
G1 X119.854 Y123.532 E338.57232
G1 X120 Y124.086 E338.59137
G1 X120 Y119.845 E338.73243
G1 F2400 E337.93243
G0 F9000 X118.151 Y120.33
G0 X118.99 Y126.584
G0 X119.618 Y128.939
G0 X120.89 Y128.757
G0 X122.335 Y128.186
G0 X123.784 Y127.358
G0 X125.228 Y126.206
G0 X126.696 Y124.665
G0 X127.922 Y122.971
G0 X128.773 Y121.437
G0 X129.127 Y120.702
G0 X128 Y120.225
G1 F2400 E338.73243
G1 X128.088 Y120.006 E338.74028
G1 X128.148 Y119.947 E338.74308
G1 X128.274 Y119.635 E338.75427
G1 X128.302 Y119.597 E338.75584
G1 X128.499 Y119.089 E338.77396
G1 X128.505 Y119.082 E338.77427
G1 X128.683 Y118.554 E338.7928
G1 X128.717 Y118.484 E338.79539
G1 X128.739 Y118.455 E338.7966
G1 X128.892 Y117.979 E338.81323
G1 X128.92 Y117.942 E338.81477
G1 X129.076 Y117.367 E338.83459
G1 X129.085 Y117.352 E338.83517
G1 X129.085 Y117.031 E338.84585
G1 X129.285 Y116.662 E338.8598
G1 X129.285 Y116.272 E338.87278
G1 X129.484 Y115.851 E338.88826
G1 X129.485 Y115.383 E338.90383
G1 X129.684 Y114.811 E338.92397
G1 X129.684 Y114.249 E338.94267
G1 X129.881 Y113.541 E338.96711
G1 X129.885 Y113.487 E338.96891
G1 X129.885 Y92.327 E339.67269
G1 F2400 E338.87269
G0 F9000 X129.885 Y91.102
G0 X119.643 Y91.102
G0 X119.643 Y92.49
;TYPE:SUPPORT-INTERFACE
G1 F2400 E339.67269
G1 F1500 X119.042 Y91.889 E339.70096
G0 F9000 X119.643 Y94.185
G1 F1500 X119.043 Y94.785 E339.72919
G0 F9000 X119.042 Y95.284
G1 F1500 X119.643 Y95.885 E339.75745
G0 F9000 X119.643 Y97.58
G1 F1500 X119.043 Y98.179 E339.78565
G0 F9000 X119.042 Y98.678
G1 F1500 X119.643 Y99.279 E339.81392
G0 F9000 X119.643 Y100.974
G1 F1500 X119.043 Y101.573 E339.84212
G0 F9000 X119.042 Y102.072
G1 F1500 X119.643 Y102.673 E339.87039
G0 F9000 X119.643 Y104.368
G1 F1500 X119.043 Y104.967 E339.89859
G0 F9000 X119.043 Y105.467
G1 F1500 X119.643 Y106.067 E339.92681
G0 F9000 X119.643 Y107.762
G1 F1500 X119.044 Y108.361 E339.95499
G0 F9000 X119.043 Y108.861
G1 F1500 X119.643 Y109.461 E339.98321
G0 F9000 X119.643 Y111.156
G1 F1500 X119.044 Y111.755 E340.01138
G0 F9000 X119.043 Y112.255
G1 F1500 X119.643 Y112.855 E340.03961
G0 F9000 X119.643 Y114.55
G1 F1500 X119.044 Y115.149 E340.06778
G0 F9000 X119.043 Y115.649
G1 F1500 X119.643 Y116.249 E340.096
G0 F9000 X119.643 Y117.944
G1 F1500 X119.044 Y118.543 E340.12418
G0 F9000 X119.043 Y119.043
G1 F1500 X119.362 Y119.362 E340.13918
G1 F2400 E339.33918
;MESH:1x_1xm_pusher.stl
G0 F9000 X117.83 Y118.478
G0 X117.644 Y118.292
;TYPE:WALL-INNER
G1 F2400 E340.13918
G1 X104.414 Y118.292 E340.57921
G1 X92.605 Y109.941 E341.06027
G1 X90.682 Y106.658 E341.18682
G1 X90.682 Y97.078 E341.50545
G1 X97.344 Y92.367 E341.77683
G1 X117.644 Y92.367 E342.45201
G1 X117.644 Y118.292 E343.31428
G0 F9000 X118.044 Y118.692
;TYPE:WALL-OUTER
G1 F2400 X104.286 Y118.692 E343.77187
G1 X92.304 Y110.219 E344.25997
G1 X90.282 Y106.766 E344.39306
G1 X90.282 Y96.87 E344.7222
G1 X97.216 Y91.967 E345.00466
G1 X118.044 Y91.967 E345.6974
G1 X118.044 Y118.692 E346.58628
G0 F9000 X117.774 Y118.422
G0 X117.534 Y117.902
G0 X117.254 Y117.902
;TYPE:SKIN
G1 F1500 X104.538 Y117.902 E347.00921
G1 X92.9 Y109.672 E347.4833
G1 X91.072 Y106.551 E347.6036
G1 X91.072 Y97.279 E347.91199
G1 X97.468 Y92.757 E348.17252
G1 X117.254 Y92.757 E348.83061
G1 X117.254 Y117.902 E349.66693
G0 F9000 X117.093 Y117.666
G1 F1500 X117.017 Y117.741 E349.67048
G0 F9000 X116.452 Y117.741
G1 F1500 X117.093 Y117.1 E349.70063
G0 F9000 X117.093 Y116.534
G1 F1500 X115.886 Y117.741 E349.75741
G0 F9000 X115.32 Y117.741
G1 F1500 X117.093 Y115.969 E349.84078
G0 F9000 X117.093 Y115.403
G1 F1500 X114.754 Y117.741 E349.95078
G0 F9000 X114.189 Y117.741
G1 F1500 X117.093 Y114.837 E350.08737
G0 F9000 X117.093 Y114.271
G1 F1500 X113.623 Y117.741 E350.25059
G0 F9000 X113.057 Y117.741
G1 F1500 X117.093 Y113.706 E350.44041
G0 F9000 X117.093 Y113.14
G1 F1500 X112.492 Y117.741 E350.65682
G0 F9000 X111.926 Y117.741
G1 F1500 X117.093 Y112.574 E350.89986
G0 F9000 X117.093 Y112.009
G1 F1500 X111.36 Y117.741 E351.1695
G0 F9000 X110.795 Y117.741
G1 F1500 X117.093 Y111.443 E351.46574
G0 F9000 X117.093 Y110.877
G1 F1500 X110.229 Y117.741 E351.7886
G0 F9000 X109.663 Y117.741
G1 F1500 X117.093 Y110.312 E352.13806
G0 F9000 X117.093 Y109.746
G1 F1500 X109.098 Y117.741 E352.51413
G0 F9000 X108.532 Y117.741
G1 F1500 X117.093 Y109.18 E352.91681
G0 F9000 X117.093 Y108.615
G1 F1500 X107.966 Y117.741 E353.34609
G0 F9000 X107.401 Y117.741
G1 F1500 X117.093 Y108.049 E353.80197
G0 F9000 X117.093 Y107.483
G1 F1500 X106.835 Y117.741 E354.28448
G0 F9000 X106.269 Y117.741
G1 F1500 X117.093 Y106.918 E354.79358
G0 F9000 X117.093 Y106.352
G1 F1500 X105.703 Y117.741 E355.32931
G0 F9000 X105.138 Y117.741
G1 F1500 X117.093 Y105.786 E355.89164
G0 F9000 X117.093 Y105.221
G1 F1500 X104.578 Y117.735 E356.48028
G0 F9000 X104.247 Y117.501
G1 F1500 X117.093 Y104.655 E357.08452
G0 F9000 X117.093 Y104.089
G1 F1500 X103.915 Y117.267 E357.70437
G0 F9000 X103.584 Y117.032
G1 F1500 X117.093 Y103.523 E358.33979
G0 F9000 X117.093 Y102.958
G1 F1500 X103.253 Y116.798 E358.99078
G0 F9000 X102.922 Y116.563
G1 F1500 X117.093 Y102.392 E359.65734
G0 F9000 X117.093 Y101.826
G1 F1500 X102.59 Y116.329 E360.33952
G0 F9000 X102.258 Y116.095
G1 F1500 X117.093 Y101.261 E361.03729
G0 F9000 X117.093 Y100.695
G1 F1500 X101.928 Y115.86 E361.7506
G0 F9000 X101.596 Y115.626
G1 F1500 X117.093 Y100.129 E362.47953
G0 F9000 X117.093 Y99.564
G1 F1500 X101.264 Y115.392 E363.22406
G0 F9000 X100.933 Y115.157
G1 F1500 X117.093 Y98.998 E363.98415
G0 F9000 X117.093 Y98.432
G1 F1500 X100.602 Y114.923 E364.75984
G0 F9000 X100.271 Y114.689
G1 F1500 X117.093 Y97.867 E365.55109
G0 F9000 X117.093 Y97.301
G1 F1500 X99.939 Y114.455 E366.35797
G0 F9000 X99.608 Y114.221
G1 F1500 X117.093 Y96.735 E367.18043
G0 F9000 X117.093 Y96.17
G1 F1500 X99.277 Y113.986 E368.01844
G0 F9000 X98.945 Y113.752
G1 F1500 X117.093 Y95.604 E368.87207
G0 F9000 X117.093 Y95.038
G1 F1500 X98.614 Y113.517 E369.74126
G0 F9000 X98.282 Y113.283
G1 F1500 X117.093 Y94.473 E370.62605
G0 F9000 X117.093 Y93.907
G1 F1500 X97.951 Y113.049 E371.52643
G0 F9000 X97.62 Y112.814
G1 F1500 X117.093 Y93.341 E372.44238
G0 F9000 X116.952 Y92.916
G1 F1500 X97.288 Y112.58 E373.36731
G0 F9000 X96.957 Y112.346
G1 F1500 X116.386 Y92.916 E374.28122
G0 F9000 X115.821 Y92.916
G1 F1500 X96.626 Y112.111 E375.18409
G0 F9000 X96.294 Y111.877
G1 F1500 X115.255 Y92.916 E376.07596
G0 F9000 X114.689 Y92.916
G1 F1500 X95.963 Y111.642 E376.95677
G0 F9000 X95.631 Y111.408
G1 F1500 X114.124 Y92.916 E377.8266
G0 F9000 X113.558 Y92.916
G1 F1500 X95.3 Y111.174 E378.6854
G0 F9000 X94.969 Y110.94
G1 F1500 X112.992 Y92.916 E379.53317
G0 F9000 X112.427 Y92.916
G1 F1500 X94.637 Y110.706 E380.36996
G0 F9000 X94.306 Y110.471
G1 F1500 X111.861 Y92.916 E381.1957
G0 F9000 X111.295 Y92.916
G1 F1500 X93.975 Y110.237 E382.0104
G0 F9000 X93.643 Y110.003
G1 F1500 X110.73 Y92.916 E382.81412
G0 F9000 X110.164 Y92.916
G1 F1500 X93.312 Y109.768 E383.60679
G0 F9000 X92.996 Y109.518
G1 F1500 X109.598 Y92.916 E384.38769
G0 F9000 X109.033 Y92.916
G1 F1500 X92.787 Y109.161 E385.15183
G0 F9000 X92.578 Y108.805
G1 F1500 X108.467 Y92.916 E385.8992
G0 F9000 X107.901 Y92.916
G1 F1500 X92.37 Y108.448 E386.62975
G0 F9000 X92.16 Y108.091
G1 F1500 X107.335 Y92.916 E387.34354
G0 F9000 X106.77 Y92.916
G1 F1500 X91.952 Y107.734 E388.04053
G0 F9000 X91.742 Y107.378
G1 F1500 X106.204 Y92.916 E388.72078
G0 F9000 X105.638 Y92.916
G1 F1500 X91.534 Y107.021 E389.38421
G0 F9000 X91.324 Y106.664
G1 F1500 X105.073 Y92.916 E390.0309
G0 F9000 X104.507 Y92.916
G1 F1500 X91.232 Y106.191 E390.65532
G0 F9000 X91.232 Y105.626
G1 F1500 X103.941 Y92.916 E391.25313
G0 F9000 X103.376 Y92.916
G1 F1500 X91.232 Y105.06 E391.82435
G0 F9000 X91.232 Y104.494
G1 F1500 X102.81 Y92.916 E392.36894
G0 F9000 X102.244 Y92.916
G1 F1500 X91.232 Y103.929 E392.88694
G0 F9000 X91.232 Y103.363
G1 F1500 X101.679 Y92.916 E393.37833
G0 F9000 X101.113 Y92.916
G1 F1500 X91.232 Y102.797 E393.8431
G0 F9000 X91.232 Y102.232
G1 F1500 X100.547 Y92.916 E394.28128
G0 F9000 X99.982 Y92.916
G1 F1500 X91.232 Y101.666 E394.69285
G0 F9000 X91.232 Y101.1
G1 F1500 X99.416 Y92.916 E395.0778
G0 F9000 X98.85 Y92.916
G1 F1500 X91.232 Y100.535 E395.43615
G0 F9000 X91.232 Y99.969
G1 F1500 X98.285 Y92.916 E395.7679
G0 F9000 X97.719 Y92.916
G1 F1500 X91.232 Y99.403 E396.07303
G0 F9000 X91.232 Y98.837
G1 F1500 X96.276 Y93.793 E396.31029
G0 F9000 X96.024 Y93.435
G0 X94.094 Y94.8
G0 X94.346 Y95.158
G1 F1500 X91.232 Y98.272 E396.45676
G0 F9000 X91.232 Y97.706
G1 F1500 X92.415 Y96.523 E396.5124
G0 F9000 X92.213 Y96.238
G1 F2400 E395.7124
;MESH:NONMESH
G0 F300 X92.213 Y96.238 Z1
G0 F9000 X92.164 Y96.165
G0 X97.398 Y92.539
G0 X117.472 Y92.571
G0 X120.044 Y91.967
;TIME_ELAPSED:517.149294
;LAYER:4
;TYPE:SUPPORT
G1 F2400 E396.5124
G1 X130.245 Y91.967 E396.85169
G1 X130.245 Y113.51 E397.56821
G1 X130.242 Y113.566 E397.57008
G1 X130.233 Y113.62 E397.5719
G1 X130.044 Y114.298 E397.59531
G1 X130.044 Y114.871 E397.61437
G1 X129.845 Y115.444 E397.63454
G1 X129.844 Y115.934 E397.65084
G1 X129.645 Y116.353 E397.66627
G1 X129.645 Y116.755 E397.67964
G1 X129.445 Y117.123 E397.69357
G1 X129.445 Y117.453 E397.70454
G1 X129.394 Y117.536 E397.70778
G1 X129.394 Y117.561 E397.70862
G1 X129.249 Y118.103 E397.72728
G1 X129.216 Y118.147 E397.72911
G1 X129.062 Y118.625 E397.74581
G1 X129.025 Y118.674 E397.74785
G1 X129.016 Y118.692 E397.74852
G1 X128.828 Y119.248 E397.76804
G1 X128.819 Y119.261 E397.76857
G1 X128.619 Y119.774 E397.78688
G1 X128.591 Y119.812 E397.78845
G1 X128.453 Y120.153 E397.80069
G1 X128.394 Y120.211 E397.80344
G1 X128.232 Y120.61 E397.81776
G1 X128.177 Y120.67 E397.82047
G1 X128.047 Y120.979 E397.83162
G1 X128.008 Y121.014 E397.83336
G1 X127.862 Y121.331 E397.84497
G1 X127.78 Y121.401 E397.84855
G1 X127.64 Y121.726 E397.86032
G1 X127.57 Y121.79 E397.86348
G1 X127.448 Y122.058 E397.87327
G1 X127.376 Y122.11 E397.87623
G1 X127.367 Y122.127 E397.87687
G1 X127.331 Y122.163 E397.87856
G1 X127.331 Y122.201 E397.87982
G1 X127.227 Y122.418 E397.88783
G1 X127.155 Y122.476 E397.8909
G1 X127.043 Y122.704 E397.89935
G1 X126.944 Y122.778 E397.90346
G1 X126.832 Y123.007 E397.91194
G1 X126.775 Y123.046 E397.91424
G1 X126.638 Y123.3 E397.92384
G1 X126.555 Y123.358 E397.9272
G1 X126.534 Y123.401 E397.9288
G1 X126.454 Y123.547 E397.93433
G1 X126.344 Y123.62 E397.93872
G1 X126.247 Y123.804 E397.94564
G1 X126.148 Y123.861 E397.94944
G1 X126.054 Y124.037 E397.95608
G1 X125.943 Y124.103 E397.96037
G1 X125.836 Y124.299 E397.9678
G1 X125.747 Y124.346 E397.97115
G1 X125.638 Y124.534 E397.97838
G1 X125.528 Y124.6 E397.98264
G1 X125.453 Y124.72 E397.98735
G1 X125.335 Y124.78 E397.99175
G1 X125.302 Y124.83 E397.99374
G1 X125.229 Y124.951 E397.99844
G1 X125.137 Y125.004 E398.00198
G1 X125.036 Y125.163 E398.00824
G1 X124.931 Y125.215 E398.01214
G1 X124.856 Y125.331 E398.01673
G1 X124.737 Y125.388 E398.02112
G1 X124.652 Y125.516 E398.02623
G1 X124.512 Y125.576 E398.0313
G1 X124.482 Y125.635 E398.0335
G1 X124.433 Y125.712 E398.03653
G1 X124.337 Y125.754 E398.04002
G1 X124.332 Y125.759 E398.04026
G1 X124.312 Y125.769 E398.041
G1 X124.239 Y125.88 E398.04542
G1 X124.135 Y125.925 E398.04919
G1 X124.131 Y125.929 E398.04937
G1 X124.111 Y125.939 E398.05012
G1 X124.046 Y126.035 E398.05397
G1 X123.901 Y126.09 E398.05913
G1 X123.835 Y126.19 E398.06312
G1 X123.804 Y126.202 E398.06422
G1 X123.745 Y126.202 E398.06619
G1 X123.718 Y126.241 E398.06776
G1 X123.711 Y126.244 E398.06802
G1 X123.689 Y126.282 E398.06948
G1 X123.64 Y126.351 E398.07229
G1 X123.514 Y126.397 E398.07675
G1 X123.446 Y126.49 E398.08059
G1 X123.356 Y126.523 E398.08377
G1 X123.299 Y126.552 E398.0859
G1 X123.256 Y126.613 E398.08838
G1 X123.085 Y126.663 E398.09431
G1 X123.023 Y126.754 E398.09797
G1 X122.896 Y126.793 E398.10239
G1 X122.84 Y126.87 E398.10556
G1 X122.689 Y126.917 E398.11082
G1 X122.633 Y126.99 E398.11388
G1 X122.485 Y127.032 E398.11899
G1 X122.423 Y127.114 E398.12241
G1 X122.311 Y127.144 E398.12627
G1 X122.244 Y127.229 E398.12987
G1 X122.115 Y127.262 E398.1343
G1 X122.097 Y127.28 E398.13514
G1 X122.086 Y127.286 E398.13556
G1 X122.057 Y127.321 E398.13707
G1 X121.874 Y127.367 E398.14335
G1 X121.83 Y127.424 E398.14574
G1 X121.709 Y127.455 E398.1499
G1 X121.654 Y127.512 E398.15253
G1 X121.493 Y127.545 E398.158
G1 X121.453 Y127.595 E398.16013
G1 X121.26 Y127.633 E398.16667
G1 X121.22 Y127.682 E398.16877
G1 X121.077 Y127.714 E398.17365
G1 X121.038 Y127.762 E398.17571
G1 X120.988 Y127.771 E398.1774
G1 X120.922 Y127.771 E398.17959
G1 X120.877 Y127.819 E398.18178
G1 X120.68 Y127.856 E398.18845
G1 X120.647 Y127.893 E398.19009
G1 X120.589 Y127.901 E398.19204
G1 X120.519 Y127.902 E398.19437
G1 X120.478 Y127.946 E398.19637
G1 X120.249 Y127.98 E398.20407
G1 X119.884 Y126.586 E398.252
G1 X119.986 Y126.203 E398.26518
G1 X119.683 Y125.058 E398.30457
G1 X119.783 Y124.674 E398.31777
G1 X119.481 Y123.532 E398.35706
G1 X119.578 Y123.175 E398.36937
G1 X119.578 Y123.12 E398.37119
G1 X119.283 Y122.004 E398.40959
G1 X119.382 Y121.621 E398.42275
G1 X119.253 Y121.132 E398.43957
G1 X120.044 Y121.03 E398.46609
G1 X120.044 Y91.967 E399.43273
G1 F2400 E398.63273
G0 F9000 X120.044 Y91.102
G0 X129.885 Y91.102
G0 X129.885 Y92.327
G1 F2400 E399.43273
G1 X128 Y92.327 E399.49543
G1 X128 Y120.225 E400.42332
G1 X127.924 Y120.414 E400.43009
G1 X127.87 Y120.472 E400.43273
G1 X127.745 Y120.766 E400.44336
G1 X127.712 Y120.797 E400.44486
G1 X127.568 Y121.108 E400.45626
G1 X127.483 Y121.181 E400.45999
G1 X127.339 Y121.513 E400.47202
G1 X127.273 Y121.574 E400.47501
G1 X127.16 Y121.822 E400.48408
G1 X127.097 Y121.867 E400.48665
G1 X127.073 Y121.912 E400.48835
G1 X126.971 Y122.013 E400.49312
G1 X126.971 Y122.121 E400.49671
G1 X126.939 Y122.188 E400.49918
G1 X126.867 Y122.246 E400.50226
G1 X126.758 Y122.468 E400.51048
G1 X126.659 Y122.542 E400.5146
G1 X126.55 Y122.764 E400.52282
G1 X126.5 Y122.798 E400.52483
G1 X126.362 Y123.054 E400.53451
G1 X126.273 Y123.116 E400.53811
G1 X126.213 Y123.237 E400.54261
G1 X126.181 Y123.296 E400.54484
G1 X126.068 Y123.372 E400.54937
G1 X126 Y123.502 E400.55425
G1 X126 Y92.327 E401.59113
G1 X124 Y92.327 E401.65765
G1 X124 Y125.587 E402.76388
G1 X123.996 Y125.593 E402.76412
G1 X123.929 Y125.623 E402.76656
G1 X123.919 Y125.633 E402.76704
G1 X123.866 Y125.66 E402.76901
G1 X123.811 Y125.739 E402.77222
G1 X123.665 Y125.795 E402.77742
G1 X123.634 Y125.842 E402.77929
G1 X123.556 Y125.842 E402.78188
G1 X123.481 Y125.951 E402.78628
G1 X123.458 Y125.961 E402.78712
G1 X123.406 Y126.053 E402.79063
G1 X123.287 Y126.097 E402.79485
G1 X123.22 Y126.19 E402.79866
G1 X123.213 Y126.192 E402.79891
G1 X123.055 Y126.272 E402.8048
G1 X123.034 Y126.303 E402.80604
G1 X122.86 Y126.353 E402.81206
G1 X122.796 Y126.447 E402.81585
G1 X122.676 Y126.484 E402.82002
G1 X122.62 Y126.562 E402.82322
G1 X122.473 Y126.607 E402.82833
G1 X122.42 Y126.676 E402.83122
G1 X122.271 Y126.719 E402.83638
G1 X122.211 Y126.798 E402.83968
G1 X122.102 Y126.827 E402.84343
G1 X122.036 Y126.91 E402.84696
G1 X122 Y126.92 E402.8482
G1 X122 Y92.327 E403.99877
G1 X120.404 Y92.327 E404.05185
G1 X120.404 Y121.347 E405.01706
G1 X120 Y121.399 E405.03061
G1 X119.706 Y121.437 E405.04047
G1 X119.754 Y121.619 E405.04673
G1 X119.656 Y122.004 E405.05994
G1 X119.938 Y123.073 E405.09672
G1 X119.938 Y123.223 E405.1017
G1 X119.854 Y123.531 E405.11232
G1 X120 Y124.085 E405.13138
G1 X120 Y121.399 E405.22071
G1 F2400 E404.42071
G0 F9000 X118.489 Y121.621
G0 X118.39 Y122.005
G0 X118.99 Y126.584
G0 X119.618 Y128.939
G0 X120.89 Y128.757
G0 X122.332 Y128.185
G0 X123.787 Y127.357
G0 X125.231 Y126.204
G0 X126.699 Y124.659
G0 X127.922 Y122.968
G0 X128.773 Y121.437
G0 X129.127 Y120.702
G0 X128 Y120.225
G1 F2400 E405.22071
G1 X128.088 Y120.006 E405.22856
G1 X128.148 Y119.947 E405.23136
G1 X128.274 Y119.635 E405.24256
G1 X128.302 Y119.597 E405.24413
G1 X128.499 Y119.089 E405.26225
G1 X128.505 Y119.082 E405.26255
G1 X128.683 Y118.554 E405.28109
G1 X128.717 Y118.484 E405.28367
G1 X128.739 Y118.455 E405.28489
G1 X128.892 Y117.979 E405.30151
G1 X128.919 Y117.943 E405.30301
G1 X129.034 Y117.513 E405.31782
G1 X129.034 Y117.433 E405.32048
G1 X129.085 Y117.351 E405.32369
G1 X129.085 Y117.031 E405.33433
G1 X129.285 Y116.662 E405.34829
G1 X129.285 Y116.272 E405.36126
G1 X129.484 Y115.851 E405.37675
G1 X129.485 Y115.383 E405.39232
G1 X129.684 Y114.811 E405.41246
G1 X129.684 Y114.249 E405.43115
G1 X129.881 Y113.541 E405.4556
G1 X129.885 Y113.487 E405.4574
G1 X129.885 Y92.327 E406.16118
G1 F2400 E405.36118
G0 F9000 X129.885 Y91.102
G0 X119.843 Y91.102
G0 X119.843 Y92.691
;TYPE:SUPPORT-INTERFACE
G1 F2400 E406.16118
G1 F1500 X119.242 Y92.09 E406.18945
G0 F9000 X119.843 Y93.985
G1 F1500 X119.243 Y94.585 E406.21767
G0 F9000 X119.242 Y95.484
G1 F1500 X119.843 Y96.085 E406.24594
G0 F9000 X119.843 Y97.379
G1 F1500 X119.243 Y97.979 E406.27416
G0 F9000 X119.242 Y98.878
G1 F1500 X119.843 Y99.479 E406.30243
G0 F9000 X119.843 Y100.774
G1 F1500 X119.243 Y101.373 E406.33063
G0 F9000 X119.242 Y102.272
G1 F1500 X119.843 Y102.873 E406.3589
G0 F9000 X119.843 Y104.168
G1 F1500 X119.243 Y104.767 E406.3871
G0 F9000 X119.242 Y105.666
G1 F1500 X119.843 Y106.267 E406.41537
G0 F9000 X119.843 Y107.562
G1 F1500 X119.243 Y108.161 E406.44357
G0 F9000 X119.242 Y109.06
G1 F1500 X119.843 Y109.661 E406.47184
G0 F9000 X119.843 Y110.956
G1 F1500 X119.243 Y111.555 E406.50003
G0 F9000 X119.242 Y112.454
G1 F1500 X119.843 Y113.055 E406.5283
G0 F9000 X119.843 Y114.35
G1 F1500 X119.243 Y114.95 E406.55653
G0 F9000 X119.242 Y115.848
G1 F1500 X119.843 Y116.449 E406.5848
G0 F9000 X119.843 Y117.744
G1 F1500 X119.243 Y118.344 E406.61302
G0 F9000 X119.174 Y119.174
G1 F1500 X119.843 Y119.843 E406.64449
G1 F2400 E405.84449
;MESH:1x_1xm_pusher.stl
G0 F9000 X118.03 Y118.478
G0 X117.844 Y118.292
;TYPE:WALL-INNER
G1 F2400 E406.64449
G1 X104.614 Y118.292 E407.08452
G1 X92.805 Y109.941 E407.56557
G1 X90.882 Y106.658 E407.69212
G1 X90.882 Y97.078 E408.01075
G1 X97.544 Y92.367 E408.28213
G1 X117.844 Y92.367 E408.95731
G1 X117.844 Y118.292 E409.81958
G0 F9000 X118.244 Y118.692
;TYPE:WALL-OUTER
G1 F2400 X104.486 Y118.692 E410.27718
G1 X92.504 Y110.219 E410.76527
G1 X90.482 Y106.766 E410.89836
G1 X90.482 Y96.87 E411.22751
G1 X97.416 Y91.967 E411.50996
G1 X118.244 Y91.967 E412.2027
G1 X118.244 Y118.692 E413.09158
G0 F9000 X117.974 Y118.422
G0 X117.684 Y116.684
;TYPE:FILL
G1 F4800 X95.211 Y94.212 E414.14862
G0 F9000 X101.526 Y92.525
G1 F4800 X96.258 Y112.185 E414.82558
G0 F9000 X96.108 Y112.079
G1 F4800 X91.606 Y107.577 E415.03734
G0 F9000 X91.041 Y103.387
G1 F4800 X117.683 Y96.248 E415.95472
G0 F9000 X117.683 Y99.713
G1 F4800 X110.497 Y92.527 E416.29273
G0 F9000 X113.949 Y92.525
G1 F4800 X107.088 Y118.131 E417.17443
G0 F9000 X98.54 Y113.801
G1 F4800 X117.683 Y108.672 E417.83358
G0 F9000 X117.644 Y108.672
G1 F2400 E417.03358
;MESH:NONMESH
G0 F300 X117.644 Y108.672 Z1.2
G0 F9000 X118.03 Y92.181
G0 X120.244 Y91.967
;TIME_ELAPSED:540.112375
;LAYER:5
;TYPE:SUPPORT
G1 F2400 E417.83358
G1 X130.245 Y91.967 E418.16622
G1 X130.245 Y113.51 E418.88274
G1 X130.242 Y113.564 E418.88454
G1 X130.233 Y113.619 E418.88639
G1 X130.044 Y114.296 E418.90977
G1 X130.044 Y114.871 E418.9289
G1 X129.845 Y115.444 E418.94907
G1 X129.844 Y115.934 E418.96537
G1 X129.645 Y116.353 E418.9808
G1 X129.645 Y116.755 E418.99417
G1 X129.445 Y117.123 E419.0081
G1 X129.445 Y117.453 E419.01907
G1 X129.394 Y117.536 E419.02231
G1 X129.394 Y117.561 E419.02315
G1 X129.249 Y118.103 E419.04181
G1 X129.216 Y118.147 E419.04364
G1 X129.062 Y118.625 E419.06034
G1 X129.025 Y118.674 E419.06238
G1 X129.016 Y118.692 E419.06305
G1 X128.828 Y119.248 E419.08257
G1 X128.819 Y119.261 E419.0831
G1 X128.619 Y119.774 E419.10141
G1 X128.591 Y119.812 E419.10298
G1 X128.453 Y120.153 E419.11522
G1 X128.394 Y120.211 E419.11797
G1 X128.232 Y120.61 E419.13229
G1 X128.183 Y120.663 E419.13469
G1 X128.166 Y120.696 E419.13593
G1 X128.047 Y120.979 E419.14614
G1 X128.008 Y121.014 E419.14788
G1 X127.862 Y121.331 E419.15949
G1 X127.78 Y121.401 E419.16307
G1 X127.64 Y121.726 E419.17484
G1 X127.57 Y121.79 E419.178
G1 X127.448 Y122.058 E419.18779
G1 X127.376 Y122.11 E419.19075
G1 X127.367 Y122.127 E419.19139
G1 X127.331 Y122.163 E419.19308
G1 X127.331 Y122.201 E419.19434
G1 X127.227 Y122.418 E419.20235
G1 X127.155 Y122.476 E419.20542
G1 X127.043 Y122.704 E419.21387
G1 X126.944 Y122.778 E419.21798
G1 X126.832 Y123.007 E419.22646
G1 X126.775 Y123.046 E419.22876
G1 X126.639 Y123.298 E419.23828
G1 X126.557 Y123.356 E419.24162
G1 X126.453 Y123.548 E419.24888
G1 X126.344 Y123.62 E419.25323
G1 X126.247 Y123.804 E419.26015
G1 X126.148 Y123.861 E419.26395
G1 X126.054 Y124.037 E419.27058
G1 X125.943 Y124.103 E419.27488
G1 X125.836 Y124.299 E419.28231
G1 X125.747 Y124.346 E419.28565
G1 X125.638 Y124.534 E419.29288
G1 X125.528 Y124.6 E419.29715
G1 X125.453 Y124.72 E419.30185
G1 X125.335 Y124.78 E419.30626
G1 X125.302 Y124.83 E419.30825
G1 X125.229 Y124.951 E419.31295
G1 X125.137 Y125.004 E419.31648
G1 X125.038 Y125.16 E419.32263
G1 X124.929 Y125.214 E419.32667
G1 X124.856 Y125.329 E419.3312
G1 X124.734 Y125.387 E419.3357
G1 X124.65 Y125.517 E419.34084
G1 X124.545 Y125.561 E419.34463
G1 X124.494 Y125.613 E419.34705
G1 X124.483 Y125.634 E419.34784
G1 X124.433 Y125.712 E419.35092
G1 X124.337 Y125.754 E419.35441
G1 X124.332 Y125.759 E419.35464
G1 X124.312 Y125.769 E419.35539
G1 X124.239 Y125.88 E419.35981
G1 X124.135 Y125.925 E419.36357
G1 X124.131 Y125.929 E419.36376
G1 X124.111 Y125.939 E419.36451
G1 X124.046 Y126.035 E419.36836
G1 X123.901 Y126.09 E419.37352
G1 X123.835 Y126.19 E419.37751
G1 X123.804 Y126.202 E419.37861
G1 X123.745 Y126.202 E419.38057
G1 X123.718 Y126.241 E419.38215
G1 X123.711 Y126.244 E419.3824
G1 X123.69 Y126.28 E419.38379
G1 X123.639 Y126.352 E419.38673
G1 X123.515 Y126.397 E419.39111
G1 X123.447 Y126.49 E419.39494
G1 X123.356 Y126.523 E419.39816
G1 X123.299 Y126.552 E419.40029
G1 X123.256 Y126.613 E419.40277
G1 X123.085 Y126.663 E419.4087
G1 X123.023 Y126.754 E419.41236
G1 X122.896 Y126.793 E419.41678
G1 X122.84 Y126.87 E419.41995
G1 X122.689 Y126.917 E419.42521
G1 X122.633 Y126.99 E419.42827
G1 X122.484 Y127.032 E419.43342
G1 X122.424 Y127.112 E419.43674
G1 X122.395 Y127.12 E419.43774
G1 X122.331 Y127.12 E419.43987
G1 X122.313 Y127.142 E419.44082
G1 X122.291 Y127.148 E419.44158
G1 X122.262 Y127.206 E419.44373
G1 X122.246 Y127.227 E419.44461
G1 X122.101 Y127.264 E419.44959
G1 X122.058 Y127.32 E419.45194
G1 X121.944 Y127.349 E419.45585
G1 X121.872 Y127.37 E419.45834
G1 X121.83 Y127.424 E419.46062
G1 X121.709 Y127.455 E419.46477
G1 X121.656 Y127.51 E419.46731
G1 X121.492 Y127.546 E419.4729
G1 X121.453 Y127.595 E419.47498
G1 X121.26 Y127.633 E419.48152
G1 X121.22 Y127.682 E419.48363
G1 X121.078 Y127.714 E419.48847
G1 X121.041 Y127.759 E419.49041
G1 X120.891 Y127.785 E419.49547
G1 X120.858 Y127.823 E419.49714
G1 X120.68 Y127.855 E419.50316
G1 X120.646 Y127.893 E419.50485
G1 X120.571 Y127.904 E419.50738
G1 X120.5 Y127.921 E419.5098
G1 X120.476 Y127.946 E419.51096
G1 X120.249 Y127.98 E419.51859
G1 X119.883 Y126.586 E419.56653
G1 X119.986 Y126.203 E419.57972
G1 X119.683 Y125.058 E419.61911
G1 X119.783 Y124.674 E419.63231
G1 X119.481 Y123.532 E419.6716
G1 X119.578 Y123.175 E419.6839
G1 X119.578 Y123.12 E419.68573
G1 X119.456 Y122.659 E419.70159
G1 X120.244 Y122.558 E419.72802
G1 X120.244 Y91.967 E420.74548
G1 F2400 E419.94548
G0 F9000 X120.244 Y91.102
G0 X129.885 Y91.102
G0 X129.885 Y92.327
G1 F2400 E420.74548
G1 X128 Y92.327 E420.80817
G1 X128 Y120.225 E421.73606
G1 X127.924 Y120.413 E421.74281
G1 X127.886 Y120.455 E421.74469
G1 X127.84 Y120.543 E421.74799
G1 X127.747 Y120.765 E421.756
G1 X127.712 Y120.797 E421.75758
G1 X127.568 Y121.108 E421.76898
G1 X127.483 Y121.181 E421.7727
G1 X127.339 Y121.513 E421.78474
G1 X127.273 Y121.574 E421.78773
G1 X127.16 Y121.822 E421.79679
G1 X127.097 Y121.867 E421.79937
G1 X127.073 Y121.912 E421.80106
G1 X126.971 Y122.013 E421.80584
G1 X126.971 Y122.121 E421.80943
G1 X126.939 Y122.188 E421.8119
G1 X126.867 Y122.246 E421.81498
G1 X126.758 Y122.468 E421.8232
G1 X126.659 Y122.542 E421.82731
G1 X126.55 Y122.764 E421.83554
G1 X126.5 Y122.798 E421.83755
G1 X126.362 Y123.054 E421.84722
G1 X126.28 Y123.11 E421.85052
G1 X126.179 Y123.297 E421.85759
G1 X126.069 Y123.37 E421.86198
G1 X126 Y123.501 E421.86691
G1 X126 Y92.327 E422.90376
G1 X124 Y92.327 E422.97028
G1 X124 Y125.587 E424.07651
G1 X123.996 Y125.593 E424.07675
G1 X123.929 Y125.623 E424.07919
G1 X123.919 Y125.633 E424.07966
G1 X123.866 Y125.66 E424.08164
G1 X123.811 Y125.739 E424.08484
G1 X123.665 Y125.795 E424.09005
G1 X123.634 Y125.842 E424.09192
G1 X123.555 Y125.842 E424.09455
G1 X123.483 Y125.949 E424.09883
G1 X123.463 Y125.957 E424.09955
G1 X123.405 Y126.054 E424.10331
G1 X123.29 Y126.096 E424.10738
G1 X123.221 Y126.189 E424.11123
G1 X123.212 Y126.192 E424.11155
G1 X123.055 Y126.272 E424.11741
G1 X123.034 Y126.303 E424.11866
G1 X122.86 Y126.353 E424.12468
G1 X122.796 Y126.447 E424.12846
G1 X122.676 Y126.484 E424.13264
G1 X122.62 Y126.562 E424.13583
G1 X122.473 Y126.607 E424.14094
G1 X122.42 Y126.677 E424.14386
G1 X122.27 Y126.719 E424.14904
G1 X122.238 Y126.76 E424.15077
G1 X122.161 Y126.76 E424.15333
G1 X122.107 Y126.825 E424.15615
G1 X122.041 Y126.844 E424.15843
G1 X122.004 Y126.917 E424.16115
G0 F9000 X122 Y126.919
G1 F2400 X122 Y92.327 E425.31169
G1 X120.604 Y92.327 E425.35812
G1 X120.604 Y122.875 E426.37415
G1 X120 Y122.952 E426.3944
G1 X119.909 Y122.964 E426.39745
G1 X119.938 Y123.073 E426.4012
G1 X119.938 Y123.223 E426.40619
G1 X119.854 Y123.531 E426.41681
G1 X120 Y124.085 E426.43587
G1 X120 Y122.952 E426.47355
G1 F2400 E425.67355
G0 F9000 X118.691 Y123.144
G0 X118.587 Y123.529
G0 X118.991 Y126.585
G0 X119.618 Y128.939
G0 X120.749 Y128.779
G0 X122.131 Y128.29
G0 X123.787 Y127.357
G0 X125.231 Y126.204
G0 X126.699 Y124.659
G0 X127.922 Y122.968
G0 X128.161 Y122.551
G0 X128.917 Y121.139
G0 X128 Y120.225
G1 F2400 E426.47355
G1 X128.088 Y120.006 E426.4814
G1 X128.148 Y119.947 E426.4842
G1 X128.274 Y119.635 E426.49539
G1 X128.302 Y119.597 E426.49696
G1 X128.499 Y119.089 E426.51508
G1 X128.505 Y119.082 E426.51539
G1 X128.683 Y118.554 E426.53392
G1 X128.717 Y118.484 E426.53651
G1 X128.739 Y118.455 E426.53772
G1 X128.892 Y117.979 E426.55435
G1 X128.919 Y117.943 E426.55585
G1 X129.034 Y117.513 E426.57065
G1 X129.034 Y117.433 E426.57331
G1 X129.085 Y117.351 E426.57652
G1 X129.085 Y117.031 E426.58717
G1 X129.285 Y116.662 E426.60113
G1 X129.285 Y116.272 E426.6141
G1 X129.484 Y115.851 E426.62959
G1 X129.485 Y115.383 E426.64515
G1 X129.684 Y114.811 E426.6653
G1 X129.684 Y114.247 E426.68405
G1 X129.881 Y113.54 E426.70847
G1 X129.885 Y113.487 E426.71023
G1 X129.885 Y92.327 E427.41402
G1 F2400 E426.61402
G0 F9000 X129.885 Y91.102
G0 X120.043 Y91.102
G0 X120.043 Y92.89
;TYPE:SUPPORT-INTERFACE
G1 F2400 E427.41402
G1 F1500 X119.443 Y92.29 E427.44224
G0 F9000 X120.042 Y93.786
G1 F1500 X119.443 Y94.385 E427.47041
G0 F9000 X119.443 Y95.684
G1 F1500 X120.043 Y96.284 E427.49864
G0 F9000 X120.042 Y97.18
G1 F1500 X119.443 Y97.779 E427.52681
G0 F9000 X119.443 Y99.078
G1 F1500 X120.043 Y99.678 E427.55503
G0 F9000 X120.042 Y100.574
G1 F1500 X119.443 Y101.173 E427.58321
G0 F9000 X119.443 Y102.472
G1 F1500 X120.043 Y103.072 E427.61143
G0 F9000 X120.042 Y103.968
G1 F1500 X119.443 Y104.567 E427.63961
G0 F9000 X119.443 Y105.866
G1 F1500 X120.043 Y106.466 E427.66783
G0 F9000 X120.043 Y107.362
G1 F1500 X119.443 Y107.961 E427.69603
G0 F9000 X119.443 Y109.26
G1 F1500 X120.044 Y109.861 E427.7243
G0 F9000 X120.043 Y110.756
G1 F1500 X119.443 Y111.355 E427.7525
G0 F9000 X119.443 Y112.654
G1 F1500 X120.044 Y113.255 E427.78076
G0 F9000 X120.043 Y114.15
G1 F1500 X119.443 Y114.749 E427.80896
G0 F9000 X119.443 Y116.048
G1 F1500 X120.044 Y116.649 E427.83723
G0 F9000 X120.043 Y117.544
G1 F1500 X119.443 Y118.144 E427.86545
G0 F9000 X119.274 Y119.274
G1 F1500 X120.044 Y120.044 E427.90167
G0 F9000 X120.043 Y120.938
G1 F1500 X119.11 Y121.871 E427.94556
G1 F2400 E427.14556
;MESH:1x_1xm_pusher.stl
G0 F9000 X118.489 Y121.621
G0 X118.219 Y120.594
G0 X118.158 Y119.548
G0 X118.23 Y118.478
G0 X118.044 Y118.292
;TYPE:WALL-INNER
G1 F2400 E427.94556
G1 X104.814 Y118.292 E428.38559
G1 X93.005 Y109.941 E428.86665
G1 X91.082 Y106.658 E428.99319
G1 X91.082 Y97.078 E429.31182
G1 X97.744 Y92.367 E429.58321
G1 X118.044 Y92.367 E430.25839
G1 X118.044 Y118.292 E431.12066
G0 F9000 X118.444 Y118.692
;TYPE:WALL-OUTER
G1 F2400 X104.686 Y118.692 E431.57825
G1 X92.704 Y110.219 E432.06635
G1 X90.682 Y106.766 E432.19944
G1 X90.682 Y96.87 E432.52858
G1 X97.616 Y91.967 E432.81104
G1 X118.444 Y91.967 E433.50378
G1 X118.444 Y118.692 E434.39265
G0 F9000 X118.174 Y118.422
G0 X117.883 Y116.684
;TYPE:FILL
G1 F4800 X95.411 Y94.212 E435.44967
G0 F9000 X101.379 Y92.525
G1 F4800 X96.167 Y111.979 E436.11953
G0 F9000 X96.308 Y112.079
G1 F4800 X91.806 Y107.577 E436.33129
G0 F9000 X91.242 Y103.479
G1 F4800 X117.882 Y96.341 E437.2486
G0 F9000 X117.883 Y99.714
G1 F4800 X110.696 Y92.527 E437.58665
G0 F9000 X113.803 Y92.526
G1 F4800 X106.942 Y118.131 E438.46832
G0 F9000 X98.836 Y113.868
G1 F4800 X117.883 Y108.764 E439.12418
G0 F9000 X117.844 Y108.764
G1 F2400 E438.32418
;MESH:NONMESH
G0 F300 X117.844 Y108.764 Z1.4
G0 F9000 X118.23 Y92.181
G0 X120.444 Y91.967
;TIME_ELAPSED:563.154428
;LAYER:6
;TYPE:SUPPORT
G1 F2400 E439.12418
G1 X130.245 Y91.967 E439.45016
G1 X130.245 Y113.51 E440.16668
G1 X130.242 Y113.564 E440.16848
G1 X130.233 Y113.619 E440.17033
G1 X130.044 Y114.293 E440.19362
G1 X130.044 Y114.871 E440.21284
G1 X129.845 Y115.444 E440.23302
G1 X129.844 Y115.934 E440.24931
G1 X129.645 Y116.353 E440.26474
G1 X129.645 Y116.755 E440.27811
G1 X129.445 Y117.123 E440.29204
G1 X129.445 Y117.453 E440.30302
G1 X129.394 Y117.536 E440.30626
G1 X129.394 Y117.561 E440.30709
G1 X129.249 Y118.103 E440.32575
G1 X129.216 Y118.147 E440.32758
G1 X129.062 Y118.625 E440.34428
G1 X129.025 Y118.674 E440.34632
G1 X129.016 Y118.692 E440.34699
G1 X128.828 Y119.248 E440.36652
G1 X128.819 Y119.261 E440.36704
G1 X128.619 Y119.774 E440.38535
G1 X128.591 Y119.812 E440.38692
G1 X128.453 Y120.153 E440.39916
G1 X128.394 Y120.211 E440.40191
G1 X128.237 Y120.599 E440.41583
G1 X128.18 Y120.659 E440.41859
G1 X128.047 Y120.98 E440.43014
G1 X128.008 Y121.014 E440.43186
G1 X127.862 Y121.331 E440.44347
G1 X127.78 Y121.401 E440.44706
G1 X127.64 Y121.726 E440.45883
G1 X127.57 Y121.79 E440.46198
G1 X127.448 Y122.058 E440.47177
G1 X127.376 Y122.11 E440.47473
G1 X127.365 Y122.129 E440.47546
G1 X127.229 Y122.415 E440.48599
G1 X127.171 Y122.461 E440.48845
G1 X127.163 Y122.474 E440.48896
G1 X127.15 Y122.486 E440.48955
G1 X127.043 Y122.704 E440.49763
G1 X126.944 Y122.778 E440.50174
G1 X126.832 Y123.007 E440.51022
G1 X126.775 Y123.046 E440.51251
G1 X126.639 Y123.298 E440.52204
G1 X126.557 Y123.356 E440.52538
G1 X126.453 Y123.548 E440.53264
G1 X126.344 Y123.62 E440.53699
G1 X126.247 Y123.804 E440.5439
G1 X126.148 Y123.861 E440.5477
G1 X126.054 Y124.037 E440.55434
G1 X125.943 Y124.103 E440.55864
G1 X125.837 Y124.299 E440.56605
G1 X125.748 Y124.344 E440.56936
G1 X125.638 Y124.534 E440.57667
G1 X125.528 Y124.6 E440.58093
G1 X125.453 Y124.72 E440.58564
G1 X125.335 Y124.78 E440.59004
G1 X125.302 Y124.83 E440.59204
G1 X125.229 Y124.951 E440.59674
G1 X125.137 Y125.004 E440.60027
G1 X125.037 Y125.159 E440.6064
G1 X125.02 Y125.168 E440.60704
G1 X124.958 Y125.168 E440.6091
G1 X124.929 Y125.213 E440.61088
G1 X124.869 Y125.243 E440.61312
G1 X124.869 Y125.308 E440.61528
G1 X124.855 Y125.329 E440.61612
G1 X124.734 Y125.387 E440.62058
G1 X124.65 Y125.517 E440.62573
G1 X124.545 Y125.561 E440.62951
G1 X124.494 Y125.613 E440.63194
G1 X124.483 Y125.634 E440.63273
G1 X124.433 Y125.712 E440.63581
G1 X124.337 Y125.754 E440.63929
G1 X124.289 Y125.801 E440.64153
G1 X124.239 Y125.88 E440.64464
G1 X124.135 Y125.925 E440.6484
G1 X124.131 Y125.929 E440.64859
G1 X124.111 Y125.939 E440.64934
G1 X124.046 Y126.035 E440.65319
G1 X123.901 Y126.09 E440.65835
G1 X123.835 Y126.19 E440.66234
G1 X123.806 Y126.201 E440.66337
G1 X123.767 Y126.201 E440.66466
G1 X123.736 Y126.232 E440.66612
G1 X123.704 Y126.248 E440.66731
G1 X123.683 Y126.29 E440.66887
G1 X123.639 Y126.352 E440.6714
G1 X123.515 Y126.397 E440.67579
G1 X123.447 Y126.49 E440.67962
G1 X123.356 Y126.523 E440.68284
G1 X123.299 Y126.552 E440.68497
G1 X123.256 Y126.613 E440.68745
G1 X123.085 Y126.663 E440.69338
G1 X123.023 Y126.754 E440.69704
G1 X122.896 Y126.793 E440.70146
G1 X122.84 Y126.87 E440.70462
G1 X122.768 Y126.892 E440.70713
G1 X122.707 Y126.892 E440.70916
G1 X122.688 Y126.917 E440.7102
G1 X122.682 Y126.919 E440.71041
G1 X122.656 Y126.959 E440.712
G1 X122.632 Y126.99 E440.7133
G1 X122.484 Y127.032 E440.71842
G1 X122.425 Y127.111 E440.7217
G1 X122.312 Y127.142 E440.7256
G1 X122.245 Y127.227 E440.7292
G1 X122.101 Y127.264 E440.73414
G1 X122.06 Y127.318 E440.7364
G1 X121.874 Y127.367 E440.74279
G1 X121.83 Y127.424 E440.74519
G1 X121.764 Y127.441 E440.74746
G1 X121.71 Y127.441 E440.74925
G1 X121.655 Y127.51 E440.75219
G1 X121.492 Y127.546 E440.75774
G1 X121.453 Y127.595 E440.75982
G1 X121.26 Y127.633 E440.76636
G1 X121.221 Y127.681 E440.76842
G1 X121.074 Y127.713 E440.77342
G1 X121.036 Y127.76 E440.77544
G1 X120.891 Y127.785 E440.78033
G1 X120.858 Y127.823 E440.782
G1 X120.68 Y127.855 E440.78802
G1 X120.646 Y127.892 E440.78969
G1 X120.513 Y127.911 E440.79416
G1 X120.478 Y127.946 E440.7958
G1 X120.249 Y127.981 E440.80351
G1 X119.883 Y126.586 E440.85148
G1 X119.986 Y126.203 E440.86467
G1 X119.683 Y125.058 E440.90406
G1 X119.783 Y124.675 E440.91723
G1 X119.654 Y124.187 E440.93402
G1 X120.444 Y124.085 E440.96051
G1 X120.444 Y91.967 E442.02876
G1 F2400 E441.22876
G0 F9000 X120.444 Y91.102
G0 X129.885 Y91.102
G0 X129.885 Y92.327
G1 F2400 E442.02876
G1 X128 Y92.327 E442.09145
G1 X128 Y120.225 E443.01935
G1 X127.93 Y120.399 E443.02558
G1 X127.873 Y120.459 E443.02834
G1 X127.747 Y120.764 E443.03931
G1 X127.713 Y120.792 E443.04078
G1 X127.568 Y121.108 E443.05234
G1 X127.483 Y121.181 E443.05607
G1 X127.339 Y121.513 E443.0681
G1 X127.273 Y121.574 E443.07109
G1 X127.16 Y121.822 E443.08016
G1 X127.102 Y121.863 E443.08252
G1 X127.046 Y121.962 E443.0863
G1 X126.94 Y122.184 E443.09449
G1 X126.898 Y122.218 E443.09628
G1 X126.883 Y122.242 E443.09722
G1 X126.856 Y122.268 E443.09847
G1 X126.757 Y122.469 E443.10592
G1 X126.659 Y122.542 E443.10999
G1 X126.55 Y122.764 E443.11821
G1 X126.5 Y122.798 E443.12022
G1 X126.362 Y123.054 E443.1299
G1 X126.28 Y123.11 E443.1332
G1 X126.179 Y123.297 E443.14027
G1 X126.069 Y123.37 E443.14466
G1 X126 Y123.501 E443.14958
G1 X126 Y92.327 E444.18644
G1 X124 Y92.327 E444.25296
G1 X124 Y125.584 E445.35909
G1 X123.993 Y125.595 E445.35952
G1 X123.929 Y125.623 E445.36185
G1 X123.919 Y125.633 E445.36232
G1 X123.866 Y125.66 E445.36429
G1 X123.811 Y125.739 E445.3675
G1 X123.665 Y125.795 E445.3727
G1 X123.634 Y125.841 E445.37454
G1 X123.618 Y125.841 E445.37507
G1 X123.524 Y125.935 E445.3795
G1 X123.435 Y125.98 E445.38281
G1 X123.397 Y126.057 E445.38567
G1 X123.29 Y126.096 E445.38946
G1 X123.221 Y126.189 E445.39331
G1 X123.212 Y126.192 E445.39362
G1 X123.055 Y126.272 E445.39948
G1 X123.034 Y126.303 E445.40073
G1 X122.86 Y126.353 E445.40675
G1 X122.796 Y126.447 E445.41053
G1 X122.676 Y126.484 E445.41471
G1 X122.641 Y126.532 E445.41669
G1 X122.529 Y126.532 E445.42041
G1 X122.47 Y126.61 E445.42366
G1 X122.448 Y126.617 E445.42443
G1 X122.408 Y126.679 E445.42689
G1 X122.268 Y126.719 E445.43173
G1 X122.211 Y126.797 E445.43494
G1 X122.103 Y126.827 E445.43867
G1 X122.038 Y126.909 E445.44215
G1 X122 Y126.919 E445.44346
G1 X121.89 Y126.947 E445.44723
G1 X121.849 Y127.001 E445.44949
G1 X121.663 Y127.05 E445.45588
G1 X121.64 Y127.081 E445.45717
G1 X121.537 Y127.081 E445.46059
G1 X121.453 Y127.186 E445.46507
G1 X121.291 Y127.222 E445.47059
G1 X121.254 Y127.267 E445.47252
G1 X121.062 Y127.305 E445.47903
G1 X121.02 Y127.357 E445.48126
G1 X120.874 Y127.389 E445.48623
G1 X120.842 Y127.428 E445.48791
G1 X120.704 Y127.452 E445.49256
G1 X120.67 Y127.491 E445.49429
G1 X120.501 Y127.521 E445.49999
G1 X120.256 Y126.587 E445.53211
G1 X120.359 Y126.203 E445.54533
G1 X120.056 Y125.057 E445.58476
G1 X120.155 Y124.675 E445.59788
G1 X120.107 Y124.492 E445.60418
G1 X120.804 Y124.402 E445.62755
G1 X120.804 Y92.327 E446.69437
G1 X122 Y92.327 E446.73415
G1 X122 Y126.919 E447.88468
G1 F2400 E447.08468
G0 F9000 X122.812 Y127.9
G0 X123.992 Y127.207
G0 X125.45 Y126.002
G0 X126.89 Y124.429
G0 X128.016 Y122.799
G0 X129.009 Y120.994
G0 X128 Y120.225
G1 F2400 E447.88468
G1 X128.088 Y120.006 E447.89253
G1 X128.148 Y119.947 E447.89533
G1 X128.274 Y119.635 E447.90652
G1 X128.302 Y119.597 E447.90809
G1 X128.499 Y119.089 E447.92622
G1 X128.505 Y119.082 E447.92652
G1 X128.683 Y118.554 E447.94506
G1 X128.717 Y118.484 E447.94764
G1 X128.739 Y118.455 E447.94885
G1 X128.892 Y117.979 E447.96548
G1 X128.919 Y117.943 E447.96698
G1 X129.034 Y117.513 E447.98179
G1 X129.034 Y117.433 E447.98445
G1 X129.085 Y117.351 E447.98766
G1 X129.085 Y117.031 E447.9983
G1 X129.285 Y116.662 E448.01226
G1 X129.285 Y116.272 E448.02523
G1 X129.484 Y115.851 E448.04072
G1 X129.485 Y115.383 E448.05629
G1 X129.684 Y114.811 E448.07643
G1 X129.684 Y114.243 E448.09532
G1 X129.881 Y113.54 E448.1196
G1 X129.885 Y113.487 E448.12137
G1 X129.885 Y92.327 E448.82516
G1 F2400 E448.02516
G0 F9000 X129.885 Y91.102
G0 X120.244 Y91.102
G0 X120.244 Y93.091
;TYPE:SUPPORT-INTERFACE
G1 F2400 E448.82516
G1 F1500 X119.643 Y92.49 E448.85343
G0 F9000 X120.243 Y93.585
G1 F1500 X119.643 Y94.185 E448.88165
G0 F9000 X119.643 Y95.884
G1 F1500 X120.244 Y96.485 E448.90992
G0 F9000 X120.243 Y96.979
G1 F1500 X119.643 Y97.579 E448.93814
G0 F9000 X119.643 Y99.278
G1 F1500 X120.244 Y99.879 E448.96641
G0 F9000 X120.243 Y100.373
G1 F1500 X119.643 Y100.973 E448.99463
G0 F9000 X119.643 Y102.672
G1 F1500 X120.244 Y103.273 E449.0229
G0 F9000 X120.243 Y103.767
G1 F1500 X119.643 Y104.367 E449.05112
G0 F9000 X119.643 Y106.066
G1 F1500 X120.244 Y106.667 E449.07939
G0 F9000 X120.243 Y107.162
G1 F1500 X119.643 Y107.761 E449.10759
G0 F9000 X119.643 Y109.46
G1 F1500 X120.244 Y110.061 E449.13586
G0 F9000 X120.243 Y110.556
G1 F1500 X119.643 Y111.155 E449.16406
G0 F9000 X119.643 Y112.854
G1 F1500 X120.244 Y113.455 E449.19233
G0 F9000 X120.243 Y113.95
G1 F1500 X119.643 Y114.549 E449.22053
G0 F9000 X119.643 Y116.249
G1 F1500 X120.244 Y116.85 E449.24879
G0 F9000 X120.243 Y117.344
G1 F1500 X119.643 Y117.943 E449.27699
G0 F9000 X119.374 Y119.374
G1 F1500 X120.244 Y120.244 E449.31792
G0 F9000 X120.243 Y120.738
G1 F1500 X119.11 Y121.871 E449.37121
G0 F9000 X119.243 Y122.637
G1 F1500 X120.244 Y123.638 E449.41829
G1 F2400 E448.61829
;MESH:1x_1xm_pusher.stl
G0 F9000 X118.691 Y123.144
G0 X118.39 Y122.005
G0 X118.277 Y121.141
G0 X118.158 Y119.548
G0 X118.43 Y118.478
G0 X118.244 Y118.292
;TYPE:WALL-INNER
G1 F2400 E449.41829
G1 X105.014 Y118.292 E449.85832
G1 X93.205 Y109.941 E450.33938
G1 X91.282 Y106.658 E450.46593
G1 X91.282 Y97.078 E450.78456
G1 X97.944 Y92.367 E451.05594
G1 X118.244 Y92.367 E451.73112
G1 X118.244 Y118.292 E452.59339
G0 F9000 X118.644 Y118.692
;TYPE:WALL-OUTER
G1 F2400 X104.886 Y118.692 E453.05098
G1 X92.904 Y110.219 E453.53908
G1 X90.882 Y106.766 E453.67217
G1 X90.882 Y96.87 E454.00131
G1 X97.816 Y91.967 E454.28377
G1 X118.644 Y91.967 E454.97651
G1 X118.644 Y118.692 E455.86539
G0 F9000 X118.374 Y118.422
G0 X118.084 Y116.685
;TYPE:FILL
G1 F4800 X95.611 Y94.212 E456.92245
G0 F9000 X101.233 Y92.526
G1 F4800 X96.076 Y111.774 E457.58522
G0 F9000 X96.507 Y112.079
G1 F4800 X92.007 Y107.579 E457.79689
G0 F9000 X91.442 Y103.572
G1 F4800 X118.082 Y96.433 E458.7142
G0 F9000 X118.084 Y99.714
G1 F4800 X110.896 Y92.527 E459.05228
G0 F9000 X113.657 Y92.525
G1 F4800 X106.796 Y118.131 E459.93398
G0 F9000 X99.131 Y113.935
G1 F4800 X118.082 Y108.857 E460.58653
G0 F9000 X118.044 Y108.857
G1 F2400 E459.78653
;MESH:NONMESH
G0 F300 X118.044 Y108.857 Z1.6
G0 F9000 X118.43 Y92.181
G0 X120.644 Y91.967
;TIME_ELAPSED:586.245641
;LAYER:7
;TYPE:SUPPORT
G1 F2400 E460.58653
G1 X130.245 Y91.967 E460.90586
G1 X130.245 Y113.51 E461.62238
G1 X130.242 Y113.564 E461.62418
G1 X130.233 Y113.619 E461.62603
G1 X130.044 Y114.293 E461.64932
G1 X130.044 Y114.871 E461.66854
G1 X129.845 Y115.444 E461.68871
G1 X129.844 Y115.934 E461.70501
G1 X129.645 Y116.353 E461.72044
G1 X129.645 Y116.755 E461.73381
G1 X129.445 Y117.123 E461.74774
G1 X129.445 Y117.453 E461.75872
G1 X129.394 Y117.536 E461.76196
G1 X129.394 Y117.561 E461.76279
G1 X129.249 Y118.103 E461.78145
G1 X129.214 Y118.15 E461.7834
G1 X129.059 Y118.629 E461.80014
G1 X129.025 Y118.674 E461.80202
G1 X129.016 Y118.692 E461.80269
G1 X128.828 Y119.248 E461.82221
G1 X128.819 Y119.261 E461.82274
G1 X128.619 Y119.774 E461.84105
G1 X128.591 Y119.812 E461.84262
G1 X128.453 Y120.153 E461.85485
G1 X128.394 Y120.211 E461.85761
G1 X128.237 Y120.598 E461.8715
G1 X128.177 Y120.663 E461.87444
G1 X128.048 Y120.979 E461.88579
G1 X128.008 Y121.014 E461.88756
G1 X127.862 Y121.331 E461.89917
G1 X127.78 Y121.401 E461.90275
G1 X127.64 Y121.726 E461.91452
G1 X127.57 Y121.79 E461.91768
G1 X127.447 Y122.058 E461.92748
G1 X127.376 Y122.11 E461.93041
G1 X127.364 Y122.13 E461.93119
G1 X127.23 Y122.413 E461.9416
G1 X127.16 Y122.468 E461.94456
G1 X127.042 Y122.705 E461.95337
G1 X126.944 Y122.778 E461.95743
G1 X126.832 Y123.007 E461.96591
G1 X126.775 Y123.046 E461.96821
G1 X126.639 Y123.298 E461.97773
G1 X126.557 Y123.356 E461.98107
G1 X126.453 Y123.548 E461.98834
G1 X126.344 Y123.62 E461.99268
G1 X126.247 Y123.804 E461.9996
G1 X126.148 Y123.861 E462.0034
G1 X126.054 Y124.037 E462.01004
G1 X125.943 Y124.103 E462.01433
G1 X125.837 Y124.299 E462.02174
G1 X125.748 Y124.344 E462.02506
G1 X125.638 Y124.534 E462.03236
G1 X125.528 Y124.6 E462.03663
G1 X125.453 Y124.72 E462.04133
G1 X125.335 Y124.78 E462.04574
G1 X125.302 Y124.83 E462.04773
G1 X125.229 Y124.951 E462.05243
G1 X125.137 Y125.004 E462.05596
G1 X125.037 Y125.159 E462.0621
G1 X125.02 Y125.168 E462.06274
G1 X124.958 Y125.168 E462.0648
G1 X124.929 Y125.213 E462.06658
G1 X124.869 Y125.243 E462.06881
G1 X124.869 Y125.308 E462.07097
G1 X124.855 Y125.329 E462.07181
G1 X124.734 Y125.387 E462.07627
G1 X124.65 Y125.517 E462.08142
G1 X124.545 Y125.561 E462.08521
G1 X124.494 Y125.613 E462.08763
G1 X124.483 Y125.634 E462.08842
G1 X124.433 Y125.712 E462.0915
G1 X124.337 Y125.754 E462.09499
G1 X124.289 Y125.801 E462.09722
G1 X124.239 Y125.88 E462.10033
G1 X124.135 Y125.925 E462.1041
G1 X124.131 Y125.929 E462.10429
G1 X124.111 Y125.939 E462.10503
G1 X124.046 Y126.035 E462.10889
G1 X123.901 Y126.09 E462.11405
G1 X123.835 Y126.19 E462.11803
G1 X123.775 Y126.213 E462.12017
G1 X123.727 Y126.225 E462.12181
G1 X123.715 Y126.242 E462.12251
G1 X123.689 Y126.255 E462.12347
G1 X123.674 Y126.3 E462.12505
G1 X123.638 Y126.352 E462.12715
G1 X123.515 Y126.397 E462.13151
G1 X123.447 Y126.49 E462.13534
G1 X123.356 Y126.523 E462.13856
G1 X123.299 Y126.552 E462.14069
G1 X123.256 Y126.613 E462.14317
G1 X123.084 Y126.663 E462.14913
G1 X123.022 Y126.754 E462.15279
G1 X122.896 Y126.793 E462.15718
G1 X122.84 Y126.87 E462.16034
G1 X122.768 Y126.892 E462.16285
G1 X122.707 Y126.892 E462.16488
G1 X122.688 Y126.917 E462.16592
G1 X122.682 Y126.919 E462.16613
G1 X122.656 Y126.959 E462.16772
G1 X122.632 Y126.99 E462.16902
G1 X122.484 Y127.032 E462.17414
G1 X122.428 Y127.107 E462.17725
G1 X122.311 Y127.139 E462.18129
G1 X122.241 Y127.228 E462.18505
G1 X122.096 Y127.267 E462.19005
G1 X122.054 Y127.32 E462.1923
G1 X121.874 Y127.367 E462.19848
G1 X121.83 Y127.424 E462.20088
G1 X121.709 Y127.455 E462.20503
G1 X121.7 Y127.464 E462.20546
G1 X121.683 Y127.47 E462.20606
G1 X121.65 Y127.511 E462.20781
G1 X121.574 Y127.528 E462.2104
G1 X121.508 Y127.528 E462.21259
G1 X121.493 Y127.546 E462.21337
G1 X121.467 Y127.552 E462.21426
G1 X121.445 Y127.596 E462.21589
G1 X121.26 Y127.633 E462.22217
G1 X121.221 Y127.681 E462.22423
G1 X121.074 Y127.713 E462.22923
G1 X121.038 Y127.758 E462.23115
G1 X120.889 Y127.784 E462.23618
G1 X120.856 Y127.823 E462.23788
G1 X120.68 Y127.855 E462.24383
G1 X120.647 Y127.891 E462.24545
G1 X120.506 Y127.912 E462.25019
G1 X120.473 Y127.947 E462.25179
G1 X120.25 Y127.98 E462.25929
G1 X119.883 Y126.587 E462.3072
G1 X119.986 Y126.203 E462.32043
G1 X119.856 Y125.714 E462.33726
G1 X120.644 Y125.613 E462.36368
G1 X120.644 Y91.967 E463.48275
G1 F2400 E462.68275
G0 F9000 X120.644 Y91.102
G0 X129.885 Y91.102
G0 X129.885 Y92.327
G1 F2400 E463.48275
G1 X128 Y92.327 E463.54544
G1 X128 Y120.225 E464.47334
G1 X127.929 Y120.401 E464.47965
G1 X127.869 Y120.467 E464.48261
G1 X127.746 Y120.765 E464.49334
G1 X127.713 Y120.795 E464.49482
G1 X127.568 Y121.108 E464.50629
G1 X127.483 Y121.181 E464.51002
G1 X127.339 Y121.513 E464.52206
G1 X127.273 Y121.574 E464.52505
G1 X127.159 Y121.822 E464.53412
G1 X127.104 Y121.862 E464.53639
G1 X127.046 Y121.961 E464.5402
G1 X126.94 Y122.184 E464.54841
G1 X126.874 Y122.235 E464.55119
G1 X126.758 Y122.468 E464.55985
G1 X126.66 Y122.542 E464.56393
G1 X126.551 Y122.764 E464.57216
G1 X126.5 Y122.798 E464.57419
G1 X126.362 Y123.054 E464.58387
G1 X126.28 Y123.11 E464.58717
G1 X126.179 Y123.297 E464.59424
G1 X126.069 Y123.37 E464.59863
G1 X126 Y123.501 E464.60355
G1 X126 Y92.327 E465.64041
G1 X124 Y92.327 E465.70693
G1 X124 Y125.584 E466.81306
G1 X123.993 Y125.595 E466.81349
G1 X123.929 Y125.623 E466.81582
G1 X123.919 Y125.633 E466.81629
G1 X123.866 Y125.66 E466.81826
G1 X123.811 Y125.739 E466.82147
G1 X123.665 Y125.795 E466.82667
G1 X123.606 Y125.884 E466.83022
G1 X123.509 Y125.909 E466.83355
G1 X123.474 Y125.96 E466.83561
G1 X123.394 Y126 E466.83858
G1 X123.372 Y126.066 E466.8409
G1 X123.288 Y126.097 E466.84387
G1 X123.222 Y126.188 E466.84761
G1 X123.213 Y126.191 E466.84793
G1 X123.056 Y126.271 E466.85379
G1 X123.034 Y126.302 E466.85505
G1 X122.859 Y126.354 E466.86113
G1 X122.795 Y126.448 E466.86491
G1 X122.675 Y126.485 E466.86908
G1 X122.641 Y126.532 E466.87101
G1 X122.529 Y126.532 E466.87474
G1 X122.47 Y126.61 E466.87799
G1 X122.448 Y126.617 E466.87876
G1 X122.408 Y126.679 E466.88121
G1 X122.268 Y126.719 E466.88606
G1 X122.214 Y126.792 E466.88908
G1 X122.102 Y126.822 E466.89293
G1 X122.032 Y126.911 E466.8967
G1 X122 Y126.92 E466.8978
G1 X121.887 Y126.95 E466.90169
G1 X121.846 Y127.002 E466.9039
G1 X121.663 Y127.05 E466.91019
G1 X121.621 Y127.106 E466.91252
G1 X121.524 Y127.131 E466.91585
G1 X121.504 Y127.151 E466.91679
G1 X121.466 Y127.165 E466.91814
G0 F9000 X121.464 Y127.168
G1 F2400 X121.34 Y127.168 E466.92226
G1 X121.295 Y127.222 E466.9246
G1 X121.22 Y127.239 E466.92716
G1 X121.201 Y127.278 E466.9286
G1 X121.061 Y127.306 E466.93335
G1 X121.02 Y127.357 E466.93552
G1 X120.873 Y127.389 E466.94053
G1 X120.843 Y127.426 E466.94211
G1 X120.699 Y127.451 E466.94697
G1 X120.664 Y127.492 E466.94877
G1 X120.501 Y127.521 E466.95427
G1 X120.256 Y126.588 E466.98636
G1 X120.359 Y126.203 E466.99961
G1 X120.31 Y126.019 E467.00594
G1 X121.004 Y125.93 E467.02922
G1 X121.004 Y92.327 E468.14686
G1 X122 Y92.327 E468.17998
G1 X122 Y126.92 E469.33055
G1 F2400 E468.53055
G0 F9000 X122.812 Y127.897
G0 X123.992 Y127.207
G0 X125.45 Y126.002
G0 X126.89 Y124.429
G0 X127.963 Y122.883
G0 X129.011 Y120.992
G0 X128 Y120.225
G1 F2400 E469.33055
G1 X128.088 Y120.006 E469.3384
G1 X128.148 Y119.947 E469.3412
G1 X128.274 Y119.635 E469.35239
G1 X128.302 Y119.597 E469.35396
G1 X128.499 Y119.089 E469.37208
G1 X128.505 Y119.082 E469.37239
G1 X128.683 Y118.554 E469.39092
G1 X128.717 Y118.483 E469.39354
G1 X128.737 Y118.458 E469.39461
G1 X128.89 Y117.982 E469.41124
G1 X128.919 Y117.944 E469.41283
G1 X129.034 Y117.513 E469.42766
G1 X129.034 Y117.433 E469.43032
G1 X129.085 Y117.351 E469.43353
G1 X129.085 Y117.031 E469.44418
G1 X129.285 Y116.662 E469.45814
G1 X129.285 Y116.272 E469.47111
G1 X129.484 Y115.851 E469.4866
G1 X129.485 Y115.383 E469.50216
G1 X129.684 Y114.811 E469.52231
G1 X129.684 Y114.243 E469.5412
G1 X129.881 Y113.54 E469.56548
G1 X129.885 Y113.487 E469.56725
G1 X129.885 Y92.327 E470.27103
G1 F2400 E469.47103
G0 F9000 X129.885 Y91.102
G0 X120.443 Y91.102
G0 X120.443 Y93.29
;TYPE:SUPPORT-INTERFACE
G1 F2400 E470.27103
G1 F1500 X119.843 Y92.69 E470.29926
G0 F9000 X120.442 Y93.386
G1 F1500 X119.843 Y93.985 E470.32743
G0 F9000 X119.843 Y96.084
G1 F1500 X120.443 Y96.684 E470.35565
G0 F9000 X120.442 Y96.78
G1 F1500 X119.843 Y97.379 E470.38383
G0 F9000 X119.843 Y99.478
G1 F1500 X120.443 Y100.078 E470.41205
G0 F9000 X120.442 Y100.174
G1 F1500 X119.843 Y100.774 E470.44025
G0 F9000 X119.843 Y102.872
G1 F1500 X120.443 Y103.473 E470.46849
G0 F9000 X120.442 Y103.568
G1 F1500 X119.843 Y104.168 E470.49669
G0 F9000 X119.843 Y106.266
G1 F1500 X120.443 Y106.867 E470.52494
G0 F9000 X120.442 Y106.962
G1 F1500 X119.843 Y107.562 E470.55314
G0 F9000 X119.843 Y109.66
G1 F1500 X120.444 Y110.261 E470.58141
G0 F9000 X120.443 Y110.356
G1 F1500 X119.843 Y110.956 E470.60963
G0 F9000 X119.843 Y113.055
G1 F1500 X120.444 Y113.656 E470.6379
G0 F9000 X120.443 Y113.75
G1 F1500 X119.843 Y114.35 E470.66612
G0 F9000 X119.843 Y116.449
G1 F1500 X120.444 Y117.05 E470.69439
G0 F9000 X120.443 Y117.144
G1 F1500 X119.843 Y117.744 E470.72261
G0 F9000 X119.474 Y119.474
G1 F1500 X120.444 Y120.444 E470.76824
G0 F9000 X120.443 Y120.538
G1 F1500 X119.11 Y121.871 E470.83094
G0 F9000 X119.243 Y122.637
G1 F1500 X120.444 Y123.838 E470.88743
G0 F9000 X120.443 Y123.932
G1 F1500 X119.531 Y124.844 E470.93033
G1 F2400 E470.13033
;MESH:1x_1xm_pusher.stl
G0 F9000 X118.89 Y124.675
G0 X118.587 Y123.529
G0 X118.265 Y121.059
G0 X118.158 Y119.548
G0 X118.63 Y118.478
G0 X118.444 Y118.292
;TYPE:WALL-INNER
G1 F2400 E470.93033
G1 X105.214 Y118.292 E471.37036
G1 X93.405 Y109.941 E471.85141
G1 X91.482 Y106.658 E471.97796
G1 X91.482 Y97.078 E472.29659
G1 X98.144 Y92.367 E472.56798
G1 X118.444 Y92.367 E473.24316
G1 X118.444 Y118.292 E474.10542
G0 F9000 X118.844 Y118.692
;TYPE:WALL-OUTER
G1 F2400 X105.086 Y118.692 E474.56302
G1 X93.104 Y110.219 E475.05112
G1 X91.082 Y106.766 E475.1842
G1 X91.082 Y96.87 E475.51335
G1 X98.016 Y91.967 E475.7958
G1 X118.844 Y91.967 E476.48855
G1 X118.844 Y118.692 E477.37742
G0 F9000 X118.574 Y118.422
G0 X118.283 Y116.683
;TYPE:FILL
G1 F4800 X95.811 Y94.212 E478.43441
G0 F9000 X101.086 Y92.525
G1 F4800 X95.984 Y111.567 E479.09009
G0 F9000 X96.708 Y112.079
G1 F4800 X92.206 Y107.577 E479.30185
G0 F9000 X91.642 Y103.665
G1 F4800 X118.282 Y96.527 E480.21916
G0 F9000 X118.283 Y99.713
G1 F4800 X111.097 Y92.527 E480.55716
G0 F9000 X113.51 Y92.526
G1 F4800 X106.649 Y118.132 E481.43887
G0 F9000 X99.426 Y114.003
G1 F4800 X118.282 Y108.95 E482.08815
G0 F9000 X118.244 Y108.95
G1 F2400 E481.28815
;MESH:NONMESH
G0 F300 X118.244 Y108.95 Z1.8
G0 F9000 X118.63 Y92.181
G0 X120.844 Y91.967
;TIME_ELAPSED:609.286008
;LAYER:8
;TYPE:SUPPORT
G1 F2400 E482.08815
G1 X130.245 Y91.967 E482.40083
G1 X130.245 Y113.51 E483.11735
G1 X130.242 Y113.564 E483.11915
G1 X130.233 Y113.619 E483.121
G1 X130.044 Y114.293 E483.14428
G1 X130.044 Y114.871 E483.16351
G1 X129.845 Y115.444 E483.18368
G1 X129.844 Y115.934 E483.19998
G1 X129.645 Y116.353 E483.21541
G1 X129.645 Y116.755 E483.22878
G1 X129.445 Y117.123 E483.24271
G1 X129.445 Y117.453 E483.25368
G1 X129.394 Y117.536 E483.25692
G1 X129.394 Y117.561 E483.25776
G1 X129.249 Y118.103 E483.27642
G1 X129.214 Y118.15 E483.27837
G1 X129.059 Y118.629 E483.29511
G1 X129.025 Y118.674 E483.29699
G1 X129.016 Y118.692 E483.29766
G1 X128.828 Y119.248 E483.31718
G1 X128.819 Y119.261 E483.3177
G1 X128.619 Y119.774 E483.33602
G1 X128.591 Y119.812 E483.33759
G1 X128.453 Y120.153 E483.34982
G1 X128.394 Y120.211 E483.35257
G1 X128.24 Y120.592 E483.36624
G1 X128.181 Y120.654 E483.36909
G1 X128.048 Y120.979 E483.38077
G1 X128.008 Y121.014 E483.38254
G1 X127.862 Y121.331 E483.39414
G1 X127.78 Y121.401 E483.39773
G1 X127.639 Y121.727 E483.40954
G1 X127.573 Y121.788 E483.41253
G1 X127.553 Y121.827 E483.41399
G1 X127.446 Y122.06 E483.42252
G1 X127.376 Y122.11 E483.42538
G1 X127.364 Y122.13 E483.42615
G1 X127.23 Y122.413 E483.43657
G1 X127.16 Y122.468 E483.43953
G1 X127.042 Y122.705 E483.44834
G1 X126.944 Y122.778 E483.4524
G1 X126.832 Y123.007 E483.46088
G1 X126.775 Y123.046 E483.46318
G1 X126.639 Y123.298 E483.4727
G1 X126.557 Y123.356 E483.47604
G1 X126.453 Y123.548 E483.4833
G1 X126.344 Y123.62 E483.48765
G1 X126.247 Y123.804 E483.49457
G1 X126.148 Y123.861 E483.49837
G1 X126.054 Y124.037 E483.505
G1 X125.943 Y124.103 E483.5093
G1 X125.837 Y124.299 E483.51671
G1 X125.748 Y124.344 E483.52003
G1 X125.638 Y124.534 E483.52733
G1 X125.528 Y124.6 E483.53159
G1 X125.453 Y124.72 E483.5363
G1 X125.335 Y124.78 E483.5407
G1 X125.302 Y124.83 E483.5427
G1 X125.229 Y124.951 E483.5474
G1 X125.137 Y125.004 E483.55093
G1 X125.037 Y125.159 E483.55706
G1 X125.02 Y125.168 E483.5577
G1 X124.958 Y125.168 E483.55977
G1 X124.929 Y125.213 E483.56155
G1 X124.869 Y125.243 E483.56378
G1 X124.869 Y125.308 E483.56594
G1 X124.855 Y125.329 E483.56678
G1 X124.734 Y125.387 E483.57124
G1 X124.65 Y125.516 E483.57636
G1 X124.522 Y125.57 E483.58098
G1 X124.429 Y125.714 E483.58668
G1 X124.337 Y125.754 E483.59002
G1 X124.289 Y125.801 E483.59225
G1 X124.239 Y125.88 E483.59536
G1 X124.136 Y125.924 E483.59909
G1 X124.131 Y125.929 E483.59932
G1 X124.111 Y125.939 E483.60007
G1 X124.046 Y126.035 E483.60392
G1 X123.901 Y126.09 E483.60908
G1 X123.835 Y126.19 E483.61307
G1 X123.775 Y126.213 E483.6152
G1 X123.727 Y126.225 E483.61685
G1 X123.715 Y126.242 E483.61754
G1 X123.689 Y126.255 E483.61851
G1 X123.674 Y126.301 E483.62012
G1 X123.639 Y126.351 E483.62215
G1 X123.56 Y126.38 E483.62495
G1 X123.504 Y126.409 E483.62704
G1 X123.447 Y126.49 E483.63034
G1 X123.356 Y126.523 E483.63356
G1 X123.299 Y126.552 E483.63569
G1 X123.256 Y126.614 E483.6382
G1 X123.09 Y126.662 E483.64394
G1 X123.085 Y126.669 E483.64423
G1 X123.075 Y126.672 E483.64458
G1 X123.017 Y126.756 E483.64797
G1 X122.896 Y126.793 E483.65218
G1 X122.84 Y126.87 E483.65535
G1 X122.768 Y126.892 E483.65785
G1 X122.707 Y126.892 E483.65988
G1 X122.688 Y126.917 E483.66092
G1 X122.682 Y126.919 E483.66113
G1 X122.656 Y126.959 E483.66272
G1 X122.632 Y126.99 E483.66402
G1 X122.484 Y127.032 E483.66914
G1 X122.428 Y127.107 E483.67225
G1 X122.396 Y127.116 E483.67336
G1 X122.328 Y127.116 E483.67562
G1 X122.309 Y127.14 E483.67664
G1 X122.227 Y127.162 E483.67946
G1 X122.227 Y127.229 E483.68169
G1 X122.09 Y127.265 E483.6864
G1 X122.045 Y127.322 E483.68882
G1 X121.874 Y127.367 E483.6947
G1 X121.83 Y127.424 E483.6971
G1 X121.709 Y127.455 E483.70125
G1 X121.7 Y127.464 E483.70167
G1 X121.683 Y127.47 E483.70227
G1 X121.65 Y127.511 E483.70402
G1 X121.486 Y127.546 E483.7096
G1 X121.445 Y127.595 E483.71173
G1 X121.276 Y127.629 E483.71746
G1 X121.272 Y127.633 E483.71765
G1 X121.256 Y127.637 E483.7182
G1 X121.221 Y127.681 E483.72007
G1 X121.086 Y127.71 E483.72466
G1 X121.038 Y127.758 E483.72692
G1 X120.889 Y127.785 E483.73195
G1 X120.856 Y127.823 E483.73363
G1 X120.68 Y127.856 E483.73958
G1 X120.648 Y127.891 E483.74116
G1 X120.506 Y127.912 E483.74593
G1 X120.474 Y127.946 E483.74749
G1 X120.25 Y127.98 E483.75502
G1 X120.055 Y127.242 E483.78041
G1 X120.844 Y127.14 E483.80687
G1 X120.844 Y91.967 E484.97673
G1 F2400 E484.17673
G0 F9000 X120.844 Y91.102
G0 X129.885 Y91.102
G0 X129.885 Y92.327
G1 F2400 E484.97673
G1 X128 Y92.327 E485.03943
G1 X128 Y120.226 E485.96735
G1 X127.933 Y120.392 E485.9733
G1 X127.873 Y120.455 E485.9762
G1 X127.747 Y120.765 E485.98733
G1 X127.713 Y120.795 E485.98884
G1 X127.568 Y121.108 E486.00031
G1 X127.483 Y121.181 E486.00404
G1 X127.338 Y121.515 E486.01615
G1 X127.281 Y121.567 E486.01871
G1 X127.229 Y121.671 E486.02258
G1 X127.16 Y121.822 E486.0281
G1 X127.106 Y121.86 E486.0303
G1 X127.046 Y121.961 E486.0342
G1 X126.94 Y122.184 E486.04242
G1 X126.874 Y122.235 E486.04519
G1 X126.758 Y122.468 E486.05385
G1 X126.66 Y122.542 E486.05793
G1 X126.551 Y122.764 E486.06616
G1 X126.5 Y122.798 E486.0682
G1 X126.362 Y123.054 E486.07787
G1 X126.28 Y123.11 E486.08117
G1 X126.179 Y123.297 E486.08824
G1 X126.069 Y123.37 E486.09263
G1 X126 Y123.501 E486.09756
G1 X126 Y92.327 E487.13441
G1 X124 Y92.327 E487.20093
G1 X124 Y125.585 E488.30709
G1 X123.995 Y125.592 E488.30738
G1 X123.93 Y125.62 E488.30973
G1 X123.916 Y125.635 E488.31042
G1 X123.866 Y125.66 E488.31228
G1 X123.811 Y125.739 E488.31548
G1 X123.665 Y125.795 E488.32068
G1 X123.606 Y125.884 E488.32423
G1 X123.509 Y125.908 E488.32755
G1 X123.472 Y125.961 E488.3297
G1 X123.394 Y126.001 E488.33262
G1 X123.369 Y126.074 E488.33519
G1 X123.261 Y126.13 E488.33923
G1 X123.219 Y126.19 E488.34167
G1 X123.212 Y126.192 E488.34191
G1 X123.054 Y126.273 E488.34782
G1 X123.033 Y126.304 E488.34906
G1 X122.872 Y126.35 E488.35463
G1 X122.864 Y126.361 E488.35508
G1 X122.849 Y126.366 E488.35561
G1 X122.792 Y126.449 E488.35896
G1 X122.677 Y126.483 E488.36295
G1 X122.641 Y126.532 E488.36497
G1 X122.529 Y126.532 E488.36869
G1 X122.47 Y126.61 E488.37195
G1 X122.448 Y126.617 E488.37271
G1 X122.408 Y126.679 E488.37517
G1 X122.268 Y126.719 E488.38001
G1 X122.24 Y126.756 E488.38155
G1 X122.154 Y126.756 E488.38441
G1 X122.101 Y126.824 E488.38728
G1 X122 Y126.852 E488.39077
G1 X121.867 Y126.887 E488.39534
G1 X121.867 Y126.967 E488.398
G1 X121.837 Y127.005 E488.39961
G1 X121.663 Y127.05 E488.40559
G1 X121.621 Y127.106 E488.40792
G1 X121.524 Y127.131 E488.41125
G1 X121.504 Y127.151 E488.41219
G1 X121.466 Y127.165 E488.41354
G1 X121.449 Y127.186 E488.41444
G1 X121.289 Y127.22 E488.41988
G1 X121.25 Y127.267 E488.42191
G1 X121.204 Y127.277 E488.42347
G1 X121.204 Y92.327 E489.58592
G1 X122 Y92.327 E489.61239
G1 X122 Y126.852 E490.7607
G1 F2400 E489.9607
G0 F9000 X123.002 Y127.781
G0 X123.995 Y127.206
G0 X125.45 Y126.002
G0 X126.89 Y124.429
G0 X128.141 Y122.615
G0 X128.919 Y121.132
G0 X128 Y120.226
G1 F2400 E490.7607
G1 X128.088 Y120.007 E490.76855
G1 X128.148 Y119.948 E490.77135
G1 X128.274 Y119.635 E490.78257
G1 X128.302 Y119.597 E490.78414
G1 X128.499 Y119.089 E490.80226
G1 X128.505 Y119.082 E490.80257
G1 X128.683 Y118.554 E490.8211
G1 X128.717 Y118.483 E490.82372
G1 X128.737 Y118.458 E490.82478
G1 X128.89 Y117.982 E490.84141
G1 X128.919 Y117.944 E490.843
G1 X129.034 Y117.513 E490.85784
G1 X129.034 Y117.433 E490.8605
G1 X129.085 Y117.351 E490.86371
G1 X129.085 Y117.031 E490.87435
G1 X129.285 Y116.662 E490.88831
G1 X129.285 Y116.272 E490.90129
G1 X129.484 Y115.851 E490.91677
G1 X129.485 Y115.383 E490.93234
G1 X129.684 Y114.811 E490.95248
G1 X129.684 Y114.243 E490.97137
G1 X129.881 Y113.54 E490.99566
G1 X129.885 Y113.487 E490.99742
G1 X129.885 Y92.327 E491.70121
G1 F2400 E490.90121
G0 F9000 X129.885 Y91.102
G0 X120.643 Y91.102
G0 X120.643 Y93.185
;TYPE:SUPPORT-INTERFACE
G1 F2400 E491.70121
G1 F1500 X120.043 Y93.785 E491.72943
G0 F9000 X120.644 Y93.491
G1 F1500 X120.042 Y92.889 E491.75775
G0 F9000 X120.042 Y96.283
G1 F1500 X120.644 Y96.885 E491.78606
G0 F9000 X120.643 Y96.579
G1 F1500 X120.043 Y97.179 E491.81429
G0 F9000 X120.042 Y99.678
G1 F1500 X120.644 Y100.279 E491.84258
G0 F9000 X120.643 Y99.973
G1 F1500 X120.043 Y100.573 E491.8708
G0 F9000 X120.042 Y103.072
G1 F1500 X120.644 Y103.673 E491.89909
G0 F9000 X120.643 Y103.367
G1 F1500 X120.043 Y103.968 E491.92734
G0 F9000 X120.042 Y106.466
G1 F1500 X120.644 Y107.067 E491.95563
G0 F9000 X120.643 Y106.761
G1 F1500 X120.043 Y107.362 E491.98388
G0 F9000 X120.042 Y109.86
G1 F1500 X120.644 Y110.462 E492.01219
G0 F9000 X120.643 Y110.155
G1 F1500 X120.043 Y110.756 E492.04044
G0 F9000 X120.042 Y113.254
G1 F1500 X120.644 Y113.856 E492.06876
G0 F9000 X120.643 Y113.55
G1 F1500 X120.043 Y114.15 E492.09698
G0 F9000 X120.042 Y116.648
G1 F1500 X120.644 Y117.25 E492.12529
G0 F9000 X120.643 Y116.944
G1 F1500 X120.043 Y117.544 E492.15352
G0 F9000 X119.72 Y119.72
G1 F1500 X120.644 Y120.644 E492.19698
G0 F9000 X120.643 Y120.338
G1 F1500 X119.11 Y121.871 E492.26909
G0 F9000 X119.243 Y122.637
G1 F1500 X120.644 Y124.038 E492.33499
G0 F9000 X120.643 Y123.732
G1 F1500 X119.531 Y124.844 E492.38729
G0 F9000 X119.701 Y126.49
G1 F1500 X120.227 Y127.016 E492.41203
G1 F2400 E491.61203
;MESH:1x_1xm_pusher.stl
G0 F9000 X119.162 Y127.241
G0 X118.991 Y126.586
G0 X118.06 Y119.937
G0 X118.354 Y119.548
G0 X118.83 Y118.478
G0 X118.644 Y118.292
;TYPE:WALL-INNER
G1 F2400 E492.41203
G1 X105.414 Y118.292 E492.85206
G1 X93.605 Y109.941 E493.33312
G1 X91.682 Y106.658 E493.45967
G1 X91.682 Y97.078 E493.7783
G1 X98.344 Y92.367 E494.04968
G1 X118.644 Y92.367 E494.72486
G1 X118.644 Y118.292 E495.58713
G0 F9000 X119.044 Y118.799
;TYPE:WALL-OUTER
G1 F2400 X119.016 Y118.692 E495.59081
G1 X105.286 Y118.692 E496.04747
G1 X93.304 Y110.219 E496.53557
G1 X91.282 Y106.766 E496.66866
G1 X91.282 Y96.87 E496.9978
G1 X98.216 Y91.967 E497.28026
G1 X119.044 Y91.967 E497.973
G1 X119.044 Y118.692 E498.86188
G1 X119.044 Y118.799 E498.86198
G0 F9000 X118.774 Y118.422
G0 X118.483 Y116.684
;TYPE:FILL
G1 F4800 X96.011 Y94.212 E499.919
G0 F9000 X100.94 Y92.526
G1 F4800 X95.893 Y111.361 E500.56755
G0 F9000 X96.906 Y112.078
G1 F4800 X92.406 Y107.577 E500.77924
G0 F9000 X91.841 Y103.758
G1 F4800 X118.483 Y96.619 E501.69662
G0 F9000 X118.483 Y99.714
G1 F4800 X111.296 Y92.527 E502.03467
G0 F9000 X113.364 Y92.525
G1 F4800 X106.503 Y118.132 E502.91641
G0 F9000 X99.72 Y114.07
G1 F4800 X118.482 Y109.042 E503.56245
G0 F9000 X118.444 Y109.042
G1 F2400 E502.76245
;MESH:NONMESH
G0 F300 X118.444 Y109.042 Z2
G0 F9000 X118.83 Y92.181
G0 X121.044 Y91.967
;TIME_ELAPSED:632.691308
;LAYER:9
;TYPE:SUPPORT
G1 F2400 E503.56245
G1 X130.245 Y91.967 E503.86848
G1 X130.245 Y113.51 E504.585
G1 X130.242 Y113.564 E504.5868
G1 X130.233 Y113.619 E504.58866
G1 X130.044 Y114.293 E504.61194
G1 X130.044 Y114.871 E504.63116
G1 X129.845 Y115.444 E504.65134
G1 X129.844 Y115.934 E504.66764
G1 X129.645 Y116.353 E504.68306
G1 X129.645 Y116.755 E504.69643
G1 X129.445 Y117.123 E504.71036
G1 X129.445 Y117.453 E504.72134
G1 X129.394 Y117.536 E504.72458
G1 X129.394 Y117.561 E504.72541
G1 X129.249 Y118.103 E504.74407
G1 X129.214 Y118.15 E504.74602
G1 X129.059 Y118.629 E504.76277
G1 X129.025 Y118.674 E504.76464
G1 X129.016 Y118.692 E504.76531
G1 X128.828 Y119.248 E504.78483
G1 X128.819 Y119.261 E504.78536
G1 X128.619 Y119.774 E504.80367
G1 X128.591 Y119.812 E504.80524
G1 X128.453 Y120.153 E504.81748
G1 X128.394 Y120.211 E504.82023
G1 X128.24 Y120.592 E504.8339
G1 X128.181 Y120.654 E504.83674
G1 X128.048 Y120.979 E504.84842
G1 X128.008 Y121.014 E504.85019
G1 X127.862 Y121.331 E504.8618
G1 X127.78 Y121.401 E504.86539
G1 X127.639 Y121.727 E504.8772
G1 X127.573 Y121.788 E504.88019
G1 X127.553 Y121.827 E504.88165
G1 X127.446 Y122.06 E504.89017
G1 X127.376 Y122.11 E504.89303
G1 X127.364 Y122.13 E504.89381
G1 X127.23 Y122.413 E504.90422
G1 X127.16 Y122.468 E504.90719
G1 X127.042 Y122.705 E504.91599
G1 X126.944 Y122.778 E504.92006
G1 X126.832 Y123.007 E504.92853
G1 X126.775 Y123.046 E504.93083
G1 X126.639 Y123.298 E504.94036
G1 X126.557 Y123.356 E504.9437
G1 X126.453 Y123.548 E504.95096
G1 X126.344 Y123.62 E504.9553
G1 X126.247 Y123.804 E504.96222
G1 X126.148 Y123.861 E504.96602
G1 X126.054 Y124.037 E504.97266
G1 X125.943 Y124.103 E504.97695
G1 X125.837 Y124.299 E504.98436
G1 X125.748 Y124.344 E504.98768
G1 X125.638 Y124.534 E504.99498
G1 X125.528 Y124.6 E504.99925
G1 X125.453 Y124.72 E505.00396
G1 X125.335 Y124.78 E505.00836
G1 X125.302 Y124.83 E505.01035
G1 X125.229 Y124.951 E505.01505
G1 X125.137 Y125.004 E505.01858
G1 X125.037 Y125.159 E505.02472
G1 X125.02 Y125.168 E505.02536
G1 X124.958 Y125.168 E505.02742
G1 X124.929 Y125.213 E505.0292
G1 X124.869 Y125.243 E505.03143
G1 X124.869 Y125.308 E505.03359
G1 X124.855 Y125.33 E505.03446
G1 X124.731 Y125.389 E505.03903
G1 X124.651 Y125.515 E505.04399
G1 X124.521 Y125.568 E505.04866
G1 X124.427 Y125.714 E505.05444
G1 X124.337 Y125.754 E505.05771
G1 X124.289 Y125.801 E505.05995
G1 X124.24 Y125.878 E505.06298
G1 X124.117 Y125.931 E505.06744
G1 X124.046 Y126.035 E505.07163
G1 X123.901 Y126.09 E505.07678
G1 X123.835 Y126.19 E505.08077
G1 X123.775 Y126.213 E505.08291
G1 X123.704 Y126.248 E505.08554
G1 X123.687 Y126.282 E505.0868
G1 X123.641 Y126.348 E505.08948
G1 X123.51 Y126.395 E505.09411
G1 X123.443 Y126.49 E505.09798
G1 X123.308 Y126.538 E505.10274
G1 X123.256 Y126.614 E505.1058
G1 X123.09 Y126.662 E505.11155
G1 X123.077 Y126.68 E505.11229
G1 X123.066 Y126.685 E505.11269
G1 X123.017 Y126.756 E505.11556
G1 X122.896 Y126.793 E505.11977
G1 X122.84 Y126.87 E505.12294
G1 X122.768 Y126.892 E505.12544
G1 X122.707 Y126.892 E505.12747
G1 X122.688 Y126.917 E505.12851
G1 X122.682 Y126.919 E505.12872
G1 X122.656 Y126.959 E505.13031
G1 X122.632 Y126.99 E505.13161
G1 X122.484 Y127.032 E505.13673
G1 X122.428 Y127.107 E505.13984
G1 X122.396 Y127.116 E505.14095
G1 X122.328 Y127.116 E505.14321
G1 X122.309 Y127.14 E505.14423
G1 X122.227 Y127.162 E505.14705
G1 X122.227 Y127.229 E505.14928
G1 X122.091 Y127.263 E505.15394
G1 X122.045 Y127.321 E505.15641
G1 X121.964 Y127.342 E505.15919
G1 X121.912 Y127.342 E505.16092
G1 X121.894 Y127.36 E505.16177
G1 X121.86 Y127.369 E505.16294
G1 X121.837 Y127.416 E505.16468
G1 X121.83 Y127.424 E505.16503
G1 X121.709 Y127.455 E505.16918
G1 X121.705 Y127.459 E505.16937
G1 X121.688 Y127.463 E505.16995
G1 X121.649 Y127.511 E505.17201
G1 X121.496 Y127.544 E505.17722
G1 X121.447 Y127.593 E505.17952
G1 X121.347 Y127.613 E505.18291
G1 X121.292 Y127.613 E505.18474
G1 X121.279 Y127.627 E505.18538
G1 X121.242 Y127.634 E505.18663
G1 X121.218 Y127.681 E505.18838
G1 X121.086 Y127.71 E505.19288
G1 X121.044 Y127.752 E505.19486
G1 X121.044 Y91.967 E506.38507
G1 F2400 E505.58507
G0 F9000 X121.044 Y91.102
G0 X129.885 Y91.102
G0 X129.885 Y92.327
G1 F2400 E506.38507
G1 X128 Y92.327 E506.44776
G1 X128 Y120.226 E507.37569
G1 X127.933 Y120.392 E507.38164
G1 X127.873 Y120.455 E507.38454
G1 X127.747 Y120.765 E507.39567
G1 X127.713 Y120.795 E507.39717
G1 X127.568 Y121.108 E507.40865
G1 X127.483 Y121.181 E507.41237
G1 X127.338 Y121.515 E507.42449
G1 X127.281 Y121.567 E507.42705
G1 X127.229 Y121.671 E507.43092
G1 X127.16 Y121.822 E507.43644
G1 X127.106 Y121.86 E507.43864
G1 X127.046 Y121.961 E507.44254
G1 X126.94 Y122.184 E507.45076
G1 X126.874 Y122.235 E507.45353
G1 X126.758 Y122.468 E507.46219
G1 X126.66 Y122.542 E507.46627
G1 X126.551 Y122.764 E507.4745
G1 X126.5 Y122.798 E507.47654
G1 X126.362 Y123.054 E507.48621
G1 X126.28 Y123.11 E507.48951
G1 X126.179 Y123.297 E507.49658
G1 X126.069 Y123.37 E507.50097
G1 X126 Y123.501 E507.5059
G1 X126 Y92.327 E508.54275
G1 X124 Y92.327 E508.60927
G1 X124 Y125.586 E509.71547
G1 X123.997 Y125.59 E509.71563
G1 X123.879 Y125.641 E509.71991
G1 X123.811 Y125.739 E509.72388
G1 X123.665 Y125.795 E509.72908
G1 X123.594 Y125.902 E509.73335
G1 X123.436 Y125.978 E509.73918
G1 X123.4 Y126.052 E509.74192
G1 X123.281 Y126.094 E509.74611
G1 X123.214 Y126.189 E509.74998
G1 X123.077 Y126.238 E509.75482
G1 X123.032 Y126.304 E509.75748
G1 X122.87 Y126.351 E509.76309
G1 X122.84 Y126.393 E509.7648
G1 X122.827 Y126.399 E509.76528
G1 X122.792 Y126.448 E509.76728
G1 X122.676 Y126.484 E509.77132
G1 X122.641 Y126.532 E509.7733
G1 X122.529 Y126.532 E509.77702
G1 X122.47 Y126.61 E509.78028
G1 X122.448 Y126.617 E509.78104
G1 X122.408 Y126.679 E509.7835
G1 X122.268 Y126.719 E509.78834
G1 X122.24 Y126.756 E509.78988
G1 X122.154 Y126.756 E509.79274
G1 X122.101 Y126.824 E509.79561
G1 X122 Y126.852 E509.7991
G1 X121.867 Y126.887 E509.80367
G1 X121.867 Y126.966 E509.8063
G1 X121.854 Y126.982 E509.80699
G1 X121.762 Y126.982 E509.81004
G1 X121.708 Y127.037 E509.81261
G1 X121.61 Y127.062 E509.81597
G1 X121.583 Y127.116 E509.81798
G1 X121.484 Y127.143 E509.82139
G1 X121.449 Y127.186 E509.82324
G1 X121.404 Y127.196 E509.82477
G1 X121.404 Y92.327 E510.98452
G1 X122 Y92.327 E511.00434
G1 X122 Y126.852 E512.15265
G1 F2400 E511.35265
G0 F9000 X123.002 Y127.781
G0 X124.192 Y127.065
G0 X125.638 Y125.823
G0 X126.89 Y124.429
G0 X128.141 Y122.615
G0 X128.919 Y121.132
G0 X128 Y120.226
G1 F2400 E512.15265
G1 X128.088 Y120.007 E512.1605
G1 X128.148 Y119.948 E512.1633
G1 X128.274 Y119.635 E512.17452
G1 X128.302 Y119.597 E512.17609
G1 X128.499 Y119.089 E512.19421
G1 X128.505 Y119.082 E512.19452
G1 X128.683 Y118.554 E512.21305
G1 X128.717 Y118.483 E512.21567
G1 X128.737 Y118.458 E512.21673
G1 X128.89 Y117.982 E512.23336
G1 X128.919 Y117.944 E512.23495
G1 X129.034 Y117.513 E512.24979
G1 X129.034 Y117.433 E512.25245
G1 X129.085 Y117.351 E512.25566
G1 X129.085 Y117.031 E512.2663
G1 X129.285 Y116.662 E512.28026
G1 X129.285 Y116.272 E512.29324
G1 X129.484 Y115.851 E512.30872
G1 X129.485 Y115.383 E512.32429
G1 X129.684 Y114.811 E512.34443
G1 X129.684 Y114.243 E512.36333
G1 X129.881 Y113.54 E512.38761
G1 X129.885 Y113.487 E512.38938
G1 X129.885 Y92.327 E513.09316
G1 F2400 E512.29316
G0 F9000 X129.885 Y91.102
G0 X120.843 Y91.102
G0 X120.843 Y92.985
;TYPE:SUPPORT-INTERFACE
G1 F2400 E513.09316
G1 F1500 X120.244 Y93.584 E513.12133
G0 F9000 X120.243 Y93.09
G1 F1500 X120.843 Y93.69 E513.14956
G0 F9000 X120.843 Y96.38
G1 F1500 X120.244 Y96.978 E513.17771
G0 F9000 X120.243 Y96.484
G1 F1500 X120.843 Y97.085 E513.20595
G0 F9000 X120.843 Y99.774
G1 F1500 X120.244 Y100.373 E513.23413
G0 F9000 X120.243 Y99.878
G1 F1500 X120.843 Y100.479 E513.26238
G0 F9000 X120.843 Y103.168
G1 F1500 X120.244 Y103.767 E513.29055
G0 F9000 X120.243 Y103.272
G1 F1500 X120.843 Y103.873 E513.3188
G0 F9000 X120.843 Y106.562
G1 F1500 X120.244 Y107.161 E513.34697
G0 F9000 X120.243 Y106.667
G1 F1500 X120.843 Y107.267 E513.37519
G0 F9000 X120.843 Y109.955
G1 F1500 X120.244 Y110.555 E513.40339
G0 F9000 X120.243 Y110.061
G1 F1500 X120.844 Y110.662 E513.43166
G0 F9000 X120.843 Y113.349
G1 F1500 X120.244 Y113.949 E513.45986
G0 F9000 X120.243 Y113.455
G1 F1500 X120.844 Y114.056 E513.48813
G0 F9000 X120.843 Y116.744
G1 F1500 X120.244 Y117.343 E513.5163
G0 F9000 X120.243 Y116.849
G1 F1500 X120.844 Y117.45 E513.54457
G0 F9000 X120.843 Y120.138
G1 F1500 X120.244 Y120.737 E513.57275
G0 F9000 X120.243 Y120.243
G1 F1500 X120.844 Y120.844 E513.60102
G0 F9000 X119.708 Y121.273
G1 F1500 X119.643 Y121.338 E513.60408
G0 F9000 X119.243 Y122.637
G1 F1500 X120.844 Y124.238 E513.67938
G0 F9000 X120.843 Y123.532
G1 F1500 X119.531 Y124.844 E513.74109
G0 F9000 X119.701 Y126.49
G1 F1500 X120.844 Y127.632 E513.79483
G0 F9000 X120.843 Y126.926
G1 F1500 X119.991 Y127.779 E513.83493
G1 F2400 E513.03493
;MESH:1x_1xm_pusher.stl
G0 F9000 X119.348 Y127.948
G0 X118.991 Y126.586
G0 X118.261 Y121.466
G0 X118.155 Y119.548
G0 X119.042 Y118.756
G0 X118.844 Y118.292
;TYPE:WALL-INNER
G1 F2400 E513.83493
G1 X105.614 Y118.292 E514.27496
G1 X93.805 Y109.941 E514.75602
G1 X91.882 Y106.658 E514.88257
G1 X91.882 Y97.078 E515.2012
G1 X98.544 Y92.367 E515.47258
G1 X118.844 Y92.367 E516.14776
G1 X118.844 Y118.292 E517.01003
G0 F9000 X119.032 Y118.676
G0 X119.244 Y120.326
;TYPE:WALL-OUTER
G1 F2400 X118.851 Y118.825 E517.06164
G1 X118.816 Y118.692 E517.06621
G1 X105.486 Y118.692 E517.50957
G1 X93.504 Y110.219 E517.99767
G1 X91.482 Y106.766 E518.13076
G1 X91.482 Y96.87 E518.4599
G1 X98.416 Y91.967 E518.74235
G1 X119.244 Y91.967 E519.4351
G1 X119.244 Y118.774 E520.3267
G1 X119.244 Y118.775 E520.32673
G1 X119.244 Y120.326 E520.35274
G0 F9000 X119.032 Y118.676
G0 X118.683 Y116.683
;TYPE:FILL
G1 F4800 X96.211 Y94.212 E521.40973
G0 F9000 X100.794 Y92.525
G1 F4800 X95.802 Y111.155 E522.05122
G0 F9000 X97.108 Y112.079
G1 F4800 X92.606 Y107.577 E522.26298
G0 F9000 X92.041 Y103.851
G1 F4800 X118.683 Y96.712 E523.18036
G0 F9000 X118.683 Y99.713
G1 F4800 X111.497 Y92.527 E523.51837
G0 F9000 X113.217 Y92.525
G1 F4800 X106.356 Y118.132 E524.4001
G0 F9000 X100.017 Y114.137
G1 F4800 X118.683 Y109.136 E525.04283
G0 F9000 X118.644 Y109.136
G1 F2400 E524.24283
;MESH:NONMESH
G0 F300 X118.644 Y109.136 Z2.2
G0 F9000 X119.03 Y92.181
G0 X121.244 Y91.967
;TIME_ELAPSED:656.484457
;LAYER:10
;TYPE:SUPPORT
G1 F2400 E525.04283
G1 X130.245 Y91.967 E525.3422
G1 X130.245 Y113.51 E526.05873
G1 X130.242 Y113.564 E526.06053
G1 X130.233 Y113.619 E526.06238
G1 X130.044 Y114.293 E526.08566
G1 X130.044 Y114.871 E526.10489
G1 X129.845 Y115.444 E526.12506
G1 X129.844 Y115.934 E526.14136
G1 X129.645 Y116.353 E526.15679
G1 X129.645 Y116.755 E526.17016
G1 X129.445 Y117.123 E526.18409
G1 X129.445 Y117.453 E526.19506
G1 X129.394 Y117.536 E526.1983
G1 X129.394 Y117.561 E526.19914
G1 X129.249 Y118.103 E526.2178
G1 X129.214 Y118.15 E526.21975
G1 X129.059 Y118.629 E526.23649
G1 X129.025 Y118.674 E526.23837
G1 X129.016 Y118.692 E526.23904
G1 X128.828 Y119.248 E526.25856
G1 X128.819 Y119.261 E526.25908
G1 X128.619 Y119.774 E526.2774
G1 X128.591 Y119.812 E526.27897
G1 X128.453 Y120.153 E526.2912
G1 X128.394 Y120.211 E526.29395
G1 X128.24 Y120.592 E526.30762
G1 X128.181 Y120.654 E526.31047
G1 X128.048 Y120.979 E526.32215
G1 X128.008 Y121.014 E526.32391
G1 X127.862 Y121.331 E526.33552
G1 X127.78 Y121.401 E526.33911
G1 X127.639 Y121.727 E526.35092
G1 X127.573 Y121.788 E526.35391
G1 X127.553 Y121.827 E526.35537
G1 X127.446 Y122.06 E526.3639
G1 X127.376 Y122.11 E526.36676
G1 X127.364 Y122.13 E526.36753
G1 X127.23 Y122.413 E526.37795
G1 X127.16 Y122.468 E526.38091
G1 X127.042 Y122.705 E526.38971
G1 X126.944 Y122.778 E526.39378
G1 X126.832 Y123.007 E526.40226
G1 X126.775 Y123.046 E526.40456
G1 X126.639 Y123.298 E526.41408
G1 X126.557 Y123.356 E526.41742
G1 X126.453 Y123.548 E526.42468
G1 X126.344 Y123.62 E526.42903
G1 X126.247 Y123.804 E526.43595
G1 X126.148 Y123.861 E526.43975
G1 X126.054 Y124.037 E526.44638
G1 X125.943 Y124.103 E526.45068
G1 X125.837 Y124.299 E526.45809
G1 X125.748 Y124.344 E526.46141
G1 X125.638 Y124.534 E526.46871
G1 X125.528 Y124.6 E526.47297
G1 X125.453 Y124.72 E526.47768
G1 X125.335 Y124.78 E526.48208
G1 X125.302 Y124.83 E526.48408
G1 X125.229 Y124.951 E526.48878
G1 X125.137 Y125.004 E526.49231
G1 X125.037 Y125.159 E526.49844
G1 X125.02 Y125.168 E526.49908
G1 X124.958 Y125.168 E526.50114
G1 X124.929 Y125.213 E526.50293
G1 X124.869 Y125.243 E526.50516
G1 X124.869 Y125.308 E526.50732
G1 X124.855 Y125.33 E526.50819
G1 X124.731 Y125.389 E526.51275
G1 X124.651 Y125.515 E526.51772
G1 X124.518 Y125.569 E526.52249
G1 X124.426 Y125.715 E526.52823
G1 X124.337 Y125.754 E526.53146
G1 X124.289 Y125.801 E526.5337
G1 X124.24 Y125.878 E526.53673
G1 X124.117 Y125.931 E526.54119
G1 X124.045 Y126.035 E526.54539
G1 X123.901 Y126.09 E526.55052
G1 X123.835 Y126.19 E526.55451
G1 X123.775 Y126.213 E526.55664
G1 X123.704 Y126.248 E526.55928
G1 X123.687 Y126.282 E526.56054
G1 X123.641 Y126.348 E526.56322
G1 X123.509 Y126.396 E526.56789
G1 X123.443 Y126.49 E526.57171
G1 X123.329 Y126.53 E526.57573
G1 X123.316 Y126.544 E526.57636
G1 X123.299 Y126.552 E526.57699
G1 X123.256 Y126.614 E526.5795
G1 X123.09 Y126.662 E526.58524
G1 X123.077 Y126.68 E526.58598
G1 X123.066 Y126.685 E526.58638
G1 X123.017 Y126.756 E526.58925
G1 X122.896 Y126.793 E526.59346
G1 X122.84 Y126.87 E526.59663
G1 X122.768 Y126.892 E526.59913
G1 X122.707 Y126.892 E526.60116
G1 X122.688 Y126.917 E526.60221
G1 X122.682 Y126.919 E526.60242
G1 X122.656 Y126.959 E526.604
G1 X122.632 Y126.99 E526.60531
G1 X122.484 Y127.032 E526.61042
G1 X122.428 Y127.107 E526.61354
G1 X122.396 Y127.116 E526.61464
G1 X122.328 Y127.116 E526.6169
G1 X122.309 Y127.14 E526.61792
G1 X122.227 Y127.162 E526.62075
G1 X122.227 Y127.229 E526.62297
G1 X122.091 Y127.263 E526.62764
G1 X122.045 Y127.321 E526.6301
G1 X121.964 Y127.342 E526.63288
G1 X121.912 Y127.342 E526.63461
G1 X121.894 Y127.36 E526.63546
G1 X121.86 Y127.369 E526.63663
G1 X121.837 Y127.416 E526.63837
G1 X121.83 Y127.424 E526.63872
G1 X121.709 Y127.455 E526.64288
G1 X121.705 Y127.459 E526.64306
G1 X121.688 Y127.463 E526.64365
G1 X121.649 Y127.511 E526.6457
G1 X121.496 Y127.544 E526.65091
G1 X121.447 Y127.593 E526.65321
G1 X121.347 Y127.613 E526.65661
G1 X121.292 Y127.613 E526.65843
G1 X121.279 Y127.627 E526.65907
G1 X121.244 Y127.634 E526.66026
G1 X121.244 Y91.967 E527.84655
G1 F2400 E527.04655
G0 F9000 X121.244 Y91.102
G0 X129.885 Y91.102
G0 X129.885 Y92.327
G1 F2400 E527.84655
G1 X128 Y92.327 E527.90924
G1 X128 Y120.226 E528.83717
G1 X127.933 Y120.392 E528.84312
G1 X127.873 Y120.455 E528.84601
G1 X127.747 Y120.765 E528.85714
G1 X127.713 Y120.795 E528.85865
G1 X127.568 Y121.108 E528.87013
G1 X127.483 Y121.181 E528.87385
G1 X127.338 Y121.515 E528.88596
G1 X127.281 Y121.567 E528.88853
G1 X127.229 Y121.671 E528.8924
G1 X127.16 Y121.822 E528.89792
G1 X127.106 Y121.86 E528.90011
G1 X127.046 Y121.961 E528.90402
G1 X126.94 Y122.184 E528.91223
G1 X126.874 Y122.235 E528.91501
G1 X126.758 Y122.468 E528.92366
G1 X126.66 Y122.542 E528.92775
G1 X126.551 Y122.764 E528.93597
G1 X126.5 Y122.798 E528.93801
G1 X126.362 Y123.054 E528.94769
G1 X126.28 Y123.11 E528.95099
G1 X126.179 Y123.297 E528.95806
G1 X126.069 Y123.37 E528.96245
G1 X126 Y123.501 E528.96737
G1 X126 Y92.327 E530.00422
G1 X124 Y92.327 E530.07074
G1 X124 Y125.586 E531.17694
G1 X123.997 Y125.59 E531.17711
G1 X123.879 Y125.641 E531.18139
G1 X123.811 Y125.739 E531.18535
G1 X123.665 Y125.795 E531.19055
G1 X123.595 Y125.902 E531.19481
G1 X123.436 Y125.977 E531.20065
G1 X123.398 Y126.054 E531.20351
G1 X123.279 Y126.097 E531.20772
G1 X123.215 Y126.189 E531.21145
G1 X123.125 Y126.22 E531.21461
G1 X123.1 Y126.248 E531.21586
G1 X123.058 Y126.267 E531.21739
G1 X123.032 Y126.304 E531.2189
G1 X122.87 Y126.351 E531.22451
G1 X122.84 Y126.393 E531.22622
G1 X122.827 Y126.399 E531.2267
G1 X122.792 Y126.448 E531.2287
G1 X122.676 Y126.484 E531.23274
G1 X122.641 Y126.532 E531.23472
G1 X122.529 Y126.532 E531.23844
G1 X122.47 Y126.61 E531.2417
G1 X122.448 Y126.617 E531.24246
G1 X122.408 Y126.679 E531.24492
G1 X122.268 Y126.719 E531.24976
G1 X122.24 Y126.756 E531.2513
G1 X122.154 Y126.756 E531.25417
G1 X122.101 Y126.824 E531.25703
G1 X122 Y126.852 E531.26052
G1 X121.867 Y126.887 E531.26509
G1 X121.867 Y126.966 E531.26772
G1 X121.854 Y126.982 E531.26841
G1 X121.762 Y126.982 E531.27147
G1 X121.708 Y127.037 E531.27403
G1 X121.61 Y127.062 E531.27739
G1 X121.604 Y127.074 E531.27784
G1 X121.604 Y92.327 E532.43353
G1 X122 Y92.327 E532.4467
G1 X122 Y126.852 E533.59501
G1 F2400 E532.79501
G0 F9000 X123.002 Y127.781
G0 X124.192 Y127.065
G0 X125.638 Y125.823
G0 X126.89 Y124.429
G0 X128.141 Y122.615
G0 X128.919 Y121.132
G0 X128 Y120.226
G1 F2400 E533.59501
G1 X128.088 Y120.007 E533.60286
G1 X128.148 Y119.948 E533.60566
G1 X128.274 Y119.635 E533.61688
G1 X128.302 Y119.597 E533.61845
G1 X128.499 Y119.089 E533.63657
G1 X128.505 Y119.082 E533.63688
G1 X128.683 Y118.554 E533.65541
G1 X128.717 Y118.483 E533.65803
G1 X128.737 Y118.458 E533.65909
G1 X128.89 Y117.982 E533.67572
G1 X128.919 Y117.944 E533.67731
G1 X129.034 Y117.513 E533.69215
G1 X129.034 Y117.433 E533.69481
G1 X129.085 Y117.351 E533.69802
G1 X129.085 Y117.031 E533.70866
G1 X129.285 Y116.662 E533.72262
G1 X129.285 Y116.272 E533.7356
G1 X129.484 Y115.851 E533.75108
G1 X129.485 Y115.383 E533.76665
G1 X129.684 Y114.811 E533.78679
G1 X129.684 Y114.243 E533.80568
G1 X129.881 Y113.54 E533.82997
G1 X129.885 Y113.487 E533.83173
G1 X129.885 Y92.327 E534.53552
G1 F2400 E533.73552
G0 F9000 X129.885 Y91.102
G0 X121.043 Y91.102
G0 X121.043 Y92.785
;TYPE:SUPPORT-INTERFACE
G1 F2400 E534.53552
G1 F1500 X120.443 Y93.385 E534.56374
G0 F9000 X120.442 Y93.29
G1 F1500 X121.043 Y93.891 E534.59201
G0 F9000 X121.043 Y96.179
G1 F1500 X120.443 Y96.779 E534.62023
G0 F9000 X120.442 Y96.684
G1 F1500 X121.043 Y97.285 E534.6485
G0 F9000 X121.043 Y99.574
G1 F1500 X120.443 Y100.173 E534.6767
G0 F9000 X120.442 Y100.078
G1 F1500 X121.043 Y100.679 E534.70497
G0 F9000 X121.043 Y102.968
G1 F1500 X120.443 Y103.567 E534.73317
G0 F9000 X120.442 Y103.472
G1 F1500 X121.043 Y104.073 E534.76144
G0 F9000 X121.043 Y106.362
G1 F1500 X120.443 Y106.961 E534.78964
G0 F9000 X120.442 Y106.866
G1 F1500 X121.043 Y107.467 E534.81791
G0 F9000 X121.043 Y109.756
G1 F1500 X120.444 Y110.355 E534.84608
G0 F9000 X120.443 Y110.261
G1 F1500 X121.043 Y110.861 E534.8743
G0 F9000 X121.043 Y113.15
G1 F1500 X120.444 Y113.749 E534.90248
G0 F9000 X120.443 Y113.655
G1 F1500 X121.043 Y114.255 E534.9307
G0 F9000 X121.043 Y116.544
G1 F1500 X120.444 Y117.143 E534.95888
G0 F9000 X120.443 Y117.049
G1 F1500 X121.043 Y117.649 E534.9871
G0 F9000 X121.043 Y119.938
G1 F1500 X120.444 Y120.537 E535.01527
G0 F9000 X120.443 Y120.443
G1 F1500 X121.043 Y121.043 E535.04349
G0 F9000 X121.043 Y123.332
G1 F1500 X119.532 Y124.843 E535.11457
G0 F9000 X121.043 Y124.438
G1 F1500 X119.843 Y123.238 E535.17101
G1 F2400 E534.37101
G0 F9000 X119.189 Y122.882
G0 X118.457 Y122.983
G0 X118.727 Y124.667
G0 X119.093 Y126.203
G0 X119.701 Y126.49
G1 F2400 E535.17101
G1 F1500 X121.043 Y127.832 E535.23414
G0 F9000 X119.991 Y127.779
G1 F1500 X121.043 Y126.726 E535.28364
G1 F2400 E534.48364
;MESH:1x_1xm_pusher.stl
G0 F9000 X119.093 Y126.203
G0 X118.791 Y125.063
G0 X118.521 Y123.379
G0 X118.21 Y120.554
G0 X119.242 Y120.283
G0 X119.044 Y118.747
;TYPE:WALL-INNER
G1 F2400 E535.28364
G1 X118.925 Y118.292 E535.29928
G1 X105.814 Y118.292 E535.73536
G1 X94.005 Y109.941 E536.21641
G1 X92.082 Y106.658 E536.34296
G1 X92.082 Y97.078 E536.66159
G1 X98.744 Y92.367 E536.93298
G1 X119.044 Y92.367 E537.60816
G1 X119.044 Y118.292 E538.47042
G1 X119.044 Y118.747 E538.47258
G0 F9000 X119.232 Y120.203
G0 X119.444 Y121.854
;TYPE:WALL-OUTER
G1 F2400 X119.051 Y120.352 E538.52422
G1 X118.616 Y118.692 E538.5813
G1 X105.686 Y118.692 E539.01135
G1 X93.704 Y110.219 E539.49945
G1 X91.682 Y106.766 E539.63254
G1 X91.682 Y96.87 E539.96168
G1 X98.616 Y91.967 E540.24414
G1 X119.444 Y91.967 E540.93688
G1 X119.444 Y120.301 E541.87927
G1 X119.444 Y120.302 E541.8793
G1 X119.444 Y121.854 E541.90532
G0 F9000 X119.232 Y120.203
G0 X118.838 Y118.636
G0 X118.633 Y118.131
;TYPE:FILL
G1 F4800 X118.883 Y117.2 E541.93738
G0 F9000 X118.883 Y116.684
G1 F4800 X96.411 Y94.212 E542.9944
G0 F9000 X100.647 Y92.526
G1 F4800 X95.711 Y110.95 E543.62879
G0 F9000 X97.308 Y112.079
G1 F4800 X92.806 Y107.577 E543.84055
G0 F9000 X92.241 Y103.943
G1 F4800 X118.882 Y96.805 E544.75789
G0 F9000 X118.883 Y99.714
G1 F4800 X111.696 Y92.527 E545.09595
G0 F9000 X113.071 Y92.525
G1 F4800 X106.21 Y118.131 E545.97765
G0 F9000 X100.311 Y114.204
G1 F4800 X118.883 Y109.228 E546.61714
G0 F9000 X118.844 Y109.228
G1 F2400 E545.81714
;MESH:NONMESH
G0 F300 X118.844 Y109.228 Z2.4
G0 F9000 X119.23 Y92.181
G0 X121.444 Y91.967
;TIME_ELAPSED:680.406499
;LAYER:11
;TYPE:SUPPORT
G1 F2400 E546.61714
G1 X130.245 Y91.967 E546.90986
G1 X130.245 Y113.51 E547.62639
G1 X130.242 Y113.564 E547.62819
G1 X130.233 Y113.619 E547.63004
G1 X130.044 Y114.293 E547.65332
G1 X130.044 Y114.871 E547.67255
G1 X129.845 Y115.444 E547.69272
G1 X129.844 Y115.934 E547.70902
G1 X129.645 Y116.353 E547.72445
G1 X129.645 Y116.755 E547.73782
G1 X129.445 Y117.123 E547.75175
G1 X129.445 Y117.453 E547.76272
G1 X129.394 Y117.536 E547.76596
G1 X129.394 Y117.561 E547.76679
G1 X129.249 Y118.103 E547.78545
G1 X129.214 Y118.15 E547.7874
G1 X129.059 Y118.629 E547.80415
G1 X129.025 Y118.674 E547.80602
G1 X129.016 Y118.692 E547.80669
G1 X128.828 Y119.248 E547.82622
G1 X128.819 Y119.261 E547.82674
G1 X128.619 Y119.774 E547.84505
G1 X128.591 Y119.812 E547.84662
G1 X128.453 Y120.153 E547.85886
G1 X128.394 Y120.211 E547.86161
G1 X128.24 Y120.592 E547.87528
G1 X128.181 Y120.654 E547.87813
G1 X128.048 Y120.979 E547.88981
G1 X128.008 Y121.014 E547.89157
G1 X127.862 Y121.331 E547.90318
G1 X127.78 Y121.401 E547.90677
G1 X127.639 Y121.727 E547.91858
G1 X127.573 Y121.788 E547.92157
G1 X127.553 Y121.827 E547.92303
G1 X127.446 Y122.06 E547.93156
G1 X127.376 Y122.11 E547.93442
G1 X127.364 Y122.13 E547.93519
G1 X127.23 Y122.411 E547.94555
G1 X127.16 Y122.469 E547.94857
G1 X127.153 Y122.484 E547.94912
G1 X127.082 Y122.624 E547.95434
G1 X127.042 Y122.705 E547.95735
G1 X126.944 Y122.778 E547.96141
G1 X126.832 Y123.007 E547.96989
G1 X126.775 Y123.046 E547.97219
G1 X126.639 Y123.298 E547.98171
G1 X126.557 Y123.356 E547.98505
G1 X126.453 Y123.548 E547.99231
G1 X126.344 Y123.62 E547.99666
G1 X126.247 Y123.804 E548.00358
G1 X126.148 Y123.861 E548.00738
G1 X126.054 Y124.037 E548.01401
G1 X125.943 Y124.103 E548.01831
G1 X125.837 Y124.299 E548.02572
G1 X125.748 Y124.344 E548.02904
G1 X125.638 Y124.534 E548.03634
G1 X125.528 Y124.6 E548.04061
G1 X125.453 Y124.72 E548.04531
G1 X125.335 Y124.78 E548.04972
G1 X125.302 Y124.83 E548.05171
G1 X125.229 Y124.951 E548.05641
G1 X125.137 Y125.004 E548.05994
G1 X125.037 Y125.159 E548.06607
G1 X125.02 Y125.168 E548.06671
G1 X124.958 Y125.168 E548.06878
G1 X124.929 Y125.213 E548.07056
G1 X124.869 Y125.243 E548.07279
G1 X124.869 Y125.308 E548.07495
G1 X124.855 Y125.33 E548.07582
G1 X124.731 Y125.389 E548.08038
G1 X124.651 Y125.515 E548.08535
G1 X124.518 Y125.569 E548.09012
G1 X124.426 Y125.715 E548.09586
G1 X124.337 Y125.754 E548.09909
G1 X124.289 Y125.801 E548.10133
G1 X124.24 Y125.878 E548.10436
G1 X124.117 Y125.931 E548.10882
G1 X124.045 Y126.035 E548.11303
G1 X123.901 Y126.09 E548.11815
G1 X123.835 Y126.19 E548.12214
G1 X123.717 Y126.238 E548.12638
G1 X123.713 Y126.243 E548.12659
G1 X123.704 Y126.248 E548.12693
G1 X123.689 Y126.279 E548.12808
G1 X123.642 Y126.346 E548.1308
G1 X123.509 Y126.394 E548.1355
G1 X123.443 Y126.488 E548.13932
G1 X123.318 Y126.532 E548.14373
G1 X123.28 Y126.579 E548.14574
G1 X123.256 Y126.614 E548.14715
G1 X123.09 Y126.662 E548.1529
G1 X123.077 Y126.68 E548.15364
G1 X123.066 Y126.685 E548.15404
G1 X123.017 Y126.756 E548.15691
G1 X122.896 Y126.793 E548.16112
G1 X122.84 Y126.87 E548.16428
G1 X122.768 Y126.892 E548.16679
G1 X122.707 Y126.892 E548.16882
G1 X122.688 Y126.917 E548.16986
G1 X122.682 Y126.919 E548.17007
G1 X122.656 Y126.959 E548.17166
G1 X122.632 Y126.99 E548.17296
G1 X122.484 Y127.032 E548.17808
G1 X122.428 Y127.107 E548.18119
G1 X122.307 Y127.14 E548.18536
G1 X122.24 Y127.225 E548.18896
G1 X122.091 Y127.263 E548.19408
G1 X122.045 Y127.321 E548.19654
G1 X121.872 Y127.365 E548.20248
G1 X121.851 Y127.397 E548.20375
G1 X121.83 Y127.424 E548.20489
G1 X121.709 Y127.455 E548.20904
G1 X121.705 Y127.459 E548.20923
G1 X121.688 Y127.463 E548.20981
G1 X121.649 Y127.511 E548.21187
G1 X121.556 Y127.531 E548.21503
G1 X121.497 Y127.531 E548.21699
G1 X121.444 Y127.594 E548.21973
G1 X121.444 Y91.967 E549.40469
G1 F2400 E548.60469
G0 F9000 X121.444 Y91.102
G0 X129.885 Y91.102
G0 X129.885 Y92.327
G1 F2400 E549.40469
G1 X128 Y92.327 E549.46739
G1 X128 Y120.226 E550.39531
G1 X127.933 Y120.392 E550.40126
G1 X127.873 Y120.455 E550.40416
G1 X127.747 Y120.765 E550.41529
G1 X127.713 Y120.795 E550.4168
G1 X127.568 Y121.108 E550.42827
G1 X127.483 Y121.181 E550.432
G1 X127.338 Y121.515 E550.44411
G1 X127.281 Y121.567 E550.44667
G1 X127.229 Y121.671 E550.45054
G1 X127.16 Y121.822 E550.45606
G1 X127.106 Y121.86 E550.45826
G1 X127.047 Y121.959 E550.46209
G1 X126.939 Y122.185 E550.47042
G1 X126.87 Y122.243 E550.47342
G1 X126.757 Y122.47 E550.48185
G1 X126.66 Y122.542 E550.48587
G1 X126.551 Y122.764 E550.4941
G1 X126.5 Y122.798 E550.49614
G1 X126.362 Y123.054 E550.50581
G1 X126.28 Y123.11 E550.50911
G1 X126.179 Y123.297 E550.51618
G1 X126.069 Y123.37 E550.52057
G1 X126 Y123.501 E550.5255
G1 X126 Y92.327 E551.56235
G1 X124 Y92.327 E551.62887
G1 X124 Y125.586 E552.73507
G1 X123.997 Y125.59 E552.73523
G1 X123.879 Y125.641 E552.73951
G1 X123.811 Y125.739 E552.74348
G1 X123.665 Y125.795 E552.74868
G1 X123.596 Y125.898 E552.7528
G1 X123.492 Y125.94 E552.75653
G1 X123.473 Y125.965 E552.75758
G1 X123.431 Y125.988 E552.75917
G1 X123.4 Y126.051 E552.7615
G1 X123.281 Y126.093 E552.7657
G1 X123.215 Y126.186 E552.76949
G1 X123.101 Y126.227 E552.77352
G1 X123.042 Y126.301 E552.77667
G1 X122.87 Y126.351 E552.78263
G1 X122.84 Y126.393 E552.78434
G1 X122.827 Y126.399 E552.78482
G1 X122.792 Y126.448 E552.78682
G1 X122.676 Y126.484 E552.79086
G1 X122.641 Y126.532 E552.79284
G1 X122.529 Y126.532 E552.79656
G1 X122.47 Y126.61 E552.79982
G1 X122.448 Y126.617 E552.80059
G1 X122.408 Y126.679 E552.80304
G1 X122.268 Y126.719 E552.80788
G1 X122.214 Y126.792 E552.8109
G1 X122.098 Y126.823 E552.8149
G1 X122.033 Y126.906 E552.8184
G1 X122 Y126.915 E552.81954
G1 X121.884 Y126.944 E552.82352
G1 X121.839 Y127.002 E552.82596
G1 X121.804 Y127.011 E552.82716
G1 X121.804 Y92.327 E553.98075
G1 X122 Y92.327 E553.98727
G1 X122 Y126.915 E555.13768
G1 F2400 E554.33768
G0 F9000 X122.807 Y127.898
G0 X123.995 Y127.202
G0 X125.455 Y125.994
G0 X126.89 Y124.429
G0 X128.141 Y122.615
G0 X128.919 Y121.132
G0 X128 Y120.226
G1 F2400 E555.13768
G1 X128.088 Y120.007 E555.14553
G1 X128.148 Y119.948 E555.14832
G1 X128.274 Y119.635 E555.15955
G1 X128.302 Y119.597 E555.16112
G1 X128.499 Y119.089 E555.17924
G1 X128.505 Y119.082 E555.17954
G1 X128.683 Y118.554 E555.19808
G1 X128.717 Y118.483 E555.2007
G1 X128.737 Y118.458 E555.20176
G1 X128.89 Y117.982 E555.21839
G1 X128.919 Y117.944 E555.21998
G1 X129.034 Y117.513 E555.23482
G1 X129.034 Y117.433 E555.23748
G1 X129.085 Y117.351 E555.24069
G1 X129.085 Y117.031 E555.25133
G1 X129.285 Y116.662 E555.26529
G1 X129.285 Y116.272 E555.27826
G1 X129.484 Y115.851 E555.29375
G1 X129.485 Y115.383 E555.30932
G1 X129.684 Y114.811 E555.32946
G1 X129.684 Y114.243 E555.34835
G1 X129.881 Y113.54 E555.37264
G1 X129.885 Y113.487 E555.3744
G1 X129.885 Y92.327 E556.07819
G1 F2400 E555.27819
G0 F9000 X129.885 Y91.102
G0 X121.243 Y91.102
G0 X121.243 Y92.585
;TYPE:SUPPORT-INTERFACE
G1 F2400 E556.07819
G1 F1500 X120.644 Y93.184 E556.10636
G0 F9000 X120.643 Y93.49
G1 F1500 X121.244 Y94.091 E556.13463
G0 F9000 X121.243 Y95.979
G1 F1500 X120.644 Y96.578 E556.16281
G0 F9000 X120.643 Y96.884
G1 F1500 X121.244 Y97.485 E556.19108
G0 F9000 X121.243 Y99.373
G1 F1500 X120.644 Y99.972 E556.21925
G0 F9000 X120.643 Y100.279
G1 F1500 X121.244 Y100.879 E556.2475
G0 F9000 X121.243 Y102.768
G1 F1500 X120.644 Y103.366 E556.27565
G0 F9000 X120.643 Y103.673
G1 F1500 X121.244 Y104.273 E556.30389
G0 F9000 X121.243 Y106.162
G1 F1500 X120.644 Y106.761 E556.33207
G0 F9000 X120.643 Y107.067
G1 F1500 X121.244 Y107.667 E556.36031
G0 F9000 X121.243 Y109.556
G1 F1500 X120.644 Y110.155 E556.38849
G0 F9000 X120.643 Y110.461
G1 F1500 X121.244 Y111.061 E556.41674
G0 F9000 X121.243 Y112.95
G1 F1500 X120.644 Y113.549 E556.44491
G0 F9000 X120.643 Y113.855
G1 F1500 X121.244 Y114.455 E556.47316
G0 F9000 X121.243 Y116.344
G1 F1500 X120.644 Y116.943 E556.50133
G0 F9000 X120.643 Y117.249
G1 F1500 X121.244 Y117.849 E556.52958
G0 F9000 X121.243 Y119.738
G1 F1500 X120.644 Y120.337 E556.55775
G0 F9000 X120.643 Y120.643
G1 F1500 X121.244 Y121.244 E556.58602
G0 F9000 X121.243 Y123.132
G1 F1500 X120.644 Y123.731 E556.6142
G0 F9000 X120.643 Y124.037
G1 F1500 X121.244 Y124.638 E556.64247
G0 F9000 X121.243 Y126.526
G1 F1500 X119.991 Y127.779 E556.70138
G0 F9000 X121.148 Y127.936
G1 F1500 X119.701 Y126.49 E556.76942
G1 F2400 E555.96942
;MESH:1x_1xm_pusher.stl
G0 F9000 X119.093 Y126.202
G0 X118.705 Y124.69
G0 X118.41 Y122.081
G0 X119.442 Y121.81
G0 X119.244 Y120.274
;TYPE:WALL-INNER
G1 F2400 E556.76942
G1 X118.852 Y118.775 E556.82095
G1 X118.725 Y118.292 E556.83756
G1 X106.014 Y118.292 E557.26033
G1 X94.205 Y109.941 E557.74139
G1 X92.282 Y106.658 E557.86794
G1 X92.282 Y97.078 E558.18657
G1 X98.944 Y92.367 E558.45795
G1 X119.244 Y92.367 E559.13313
G1 X119.244 Y118.725 E560.0098
G1 X119.244 Y120.274 E560.03577
G0 F9000 X119.432 Y121.73
G0 X119.644 Y123.381
;TYPE:WALL-OUTER
G1 F2400 X119.251 Y121.879 E560.08741
G1 X118.416 Y118.692 E560.19699
G1 X105.886 Y118.692 E560.61374
G1 X93.904 Y110.219 E561.10183
G1 X91.882 Y106.766 E561.23492
G1 X91.882 Y96.87 E561.56406
G1 X98.816 Y91.967 E561.84652
G1 X119.644 Y91.967 E562.53926
G1 X119.644 Y121.828 E563.53244
G1 X119.644 Y121.829 E563.53248
G1 X119.644 Y123.381 E563.55849
G0 F9000 X119.432 Y121.73
G0 X118.486 Y118.131
;TYPE:FILL
G1 F4800 X119.083 Y115.902 E563.63524
G0 F9000 X119.083 Y116.683
G1 F4800 X96.611 Y94.212 E564.69223
G0 F9000 X100.5 Y92.526
G1 F4800 X95.619 Y110.743 E565.31951
G0 F9000 X97.508 Y112.079
G1 F4800 X93.006 Y107.577 E565.53127
G0 F9000 X92.441 Y104.037
G1 F4800 X119.082 Y96.898 E566.44861
G0 F9000 X119.083 Y99.713
G1 F4800 X111.897 Y92.527 E566.78662
G0 F9000 X112.924 Y92.526
G1 F4800 X106.063 Y118.13 E567.66826
G0 F9000 X100.608 Y114.272
G1 F4800 X119.083 Y109.322 E568.30441
G0 F9000 X118.97 Y118.051
G0 X118.919 Y118.101
;TYPE:SKIN
G1 F1500 X118.998 Y118.306 E568.30807
G1 X119.027 Y118.559 E568.31232
G0 F9000 X118.814 Y118.176
G1 F2400 E567.51232
;MESH:NONMESH
G0 F300 X118.814 Y118.176 Z2.6
G0 F9000 X119.43 Y92.181
G0 X121.644 Y91.967
;TIME_ELAPSED:704.394206
;LAYER:12
;TYPE:SUPPORT
G1 F2400 E568.31232
G1 X130.245 Y91.967 E568.59839
G1 X130.245 Y113.51 E569.31491
G1 X130.242 Y113.564 E569.31671
G1 X130.233 Y113.619 E569.31856
G1 X130.044 Y114.293 E569.34184
G1 X130.044 Y114.871 E569.36107
G1 X129.845 Y115.444 E569.38124
G1 X129.844 Y115.934 E569.39754
G1 X129.645 Y116.353 E569.41297
G1 X129.645 Y116.755 E569.42634
G1 X129.445 Y117.123 E569.44027
G1 X129.445 Y117.453 E569.45124
G1 X129.394 Y117.536 E569.45448
G1 X129.394 Y117.561 E569.45532
G1 X129.249 Y118.103 E569.47398
G1 X129.214 Y118.15 E569.47593
G1 X129.059 Y118.629 E569.49267
G1 X129.025 Y118.674 E569.49455
G1 X129.016 Y118.692 E569.49522
G1 X128.829 Y119.246 E569.51466
G1 X128.818 Y119.261 E569.51528
G1 X128.619 Y119.773 E569.53355
G1 X128.59 Y119.813 E569.5352
G1 X128.453 Y120.153 E569.54739
G1 X128.394 Y120.211 E569.55014
G1 X128.24 Y120.592 E569.56381
G1 X128.181 Y120.654 E569.56665
G1 X128.048 Y120.979 E569.57833
G1 X128.008 Y121.014 E569.5801
G1 X127.862 Y121.331 E569.59171
G1 X127.78 Y121.401 E569.5953
G1 X127.639 Y121.727 E569.60711
G1 X127.573 Y121.788 E569.6101
G1 X127.553 Y121.827 E569.61156
G1 X127.446 Y122.06 E569.62008
G1 X127.376 Y122.11 E569.62295
G1 X127.364 Y122.13 E569.62372
G1 X127.23 Y122.412 E569.63411
G1 X127.16 Y122.469 E569.63711
G1 X127.153 Y122.484 E569.63766
G1 X127.082 Y122.624 E569.64288
G1 X127.042 Y122.705 E569.64588
G1 X126.944 Y122.778 E569.64995
G1 X126.832 Y123.007 E569.65843
G1 X126.775 Y123.046 E569.66072
G1 X126.639 Y123.298 E569.67025
G1 X126.557 Y123.356 E569.67359
G1 X126.453 Y123.548 E569.68085
G1 X126.344 Y123.62 E569.6852
G1 X126.247 Y123.804 E569.69211
G1 X126.148 Y123.861 E569.69591
G1 X126.054 Y124.037 E569.70255
G1 X125.943 Y124.103 E569.70685
G1 X125.837 Y124.299 E569.71426
G1 X125.748 Y124.344 E569.71757
G1 X125.638 Y124.533 E569.72485
G1 X125.547 Y124.589 E569.7284
G1 X125.512 Y124.624 E569.73005
G1 X125.452 Y124.72 E569.73381
G1 X125.336 Y124.779 E569.73814
G1 X125.302 Y124.83 E569.74018
G1 X125.229 Y124.951 E569.74488
G1 X125.138 Y125.001 E569.74833
G1 X125.037 Y125.16 E569.7546
G1 X125.02 Y125.168 E569.75522
G1 X124.958 Y125.168 E569.75729
G1 X124.929 Y125.213 E569.75907
G1 X124.869 Y125.243 E569.7613
G1 X124.869 Y125.308 E569.76346
G1 X124.855 Y125.33 E569.76433
G1 X124.731 Y125.389 E569.76889
G1 X124.651 Y125.515 E569.77386
G1 X124.518 Y125.569 E569.77863
G1 X124.426 Y125.715 E569.78437
G1 X124.337 Y125.754 E569.7876
G1 X124.289 Y125.801 E569.78984
G1 X124.24 Y125.878 E569.79287
G1 X124.117 Y125.931 E569.79733
G1 X124.045 Y126.035 E569.80154
G1 X123.901 Y126.09 E569.80666
G1 X123.835 Y126.19 E569.81065
G1 X123.775 Y126.212 E569.81277
G1 X123.713 Y126.243 E569.81508
G1 X123.64 Y126.347 E569.81931
G1 X123.509 Y126.394 E569.82393
G1 X123.443 Y126.488 E569.82775
G1 X123.363 Y126.516 E569.83057
G1 X123.31 Y126.543 E569.83255
G1 X123.28 Y126.579 E569.83411
G1 X123.256 Y126.614 E569.83552
G1 X123.09 Y126.662 E569.84127
G1 X123.077 Y126.68 E569.84201
G1 X123.066 Y126.685 E569.84241
G1 X123.017 Y126.756 E569.84528
G1 X122.896 Y126.793 E569.84949
G1 X122.84 Y126.87 E569.85265
G1 X122.768 Y126.892 E569.85516
G1 X122.707 Y126.892 E569.85719
G1 X122.688 Y126.917 E569.85823
G1 X122.682 Y126.919 E569.85844
G1 X122.656 Y126.959 E569.86003
G1 X122.632 Y126.99 E569.86133
G1 X122.484 Y127.032 E569.86645
G1 X122.428 Y127.107 E569.86956
G1 X122.307 Y127.14 E569.87373
G1 X122.24 Y127.225 E569.87733
G1 X122.091 Y127.263 E569.88245
G1 X122.045 Y127.321 E569.88491
G1 X121.872 Y127.365 E569.89085
G1 X121.851 Y127.397 E569.89212
G1 X121.83 Y127.424 E569.89326
G1 X121.709 Y127.455 E569.89741
G1 X121.705 Y127.459 E569.8976
G1 X121.688 Y127.463 E569.89818
G1 X121.649 Y127.511 E569.90024
G1 X121.644 Y123.06 E570.04828
G1 X121.64 Y123.01 E570.04995
G1 X121.613 Y122.791 E570.05729
G1 X121.601 Y122.595 E570.06382
G1 X121.637 Y122.395 E570.07058
G1 X121.645 Y122.323 E570.07299
G1 X121.644 Y91.967 E571.08263
G1 F2400 E570.28263
G0 F9000 X121.644 Y91.102
G0 X129.885 Y91.102
G0 X129.885 Y92.327
G1 F2400 E571.08263
G1 X128 Y92.327 E571.14533
G1 X128 Y120.227 E572.07328
G1 X127.933 Y120.392 E572.07921
G1 X127.873 Y120.455 E572.0821
G1 X127.747 Y120.765 E572.09323
G1 X127.713 Y120.795 E572.09474
G1 X127.568 Y121.108 E572.10621
G1 X127.483 Y121.181 E572.10994
G1 X127.338 Y121.515 E572.12205
G1 X127.281 Y121.567 E572.12462
G1 X127.229 Y121.671 E572.12848
G1 X127.16 Y121.822 E572.134
G1 X127.106 Y121.86 E572.1362
G1 X127.047 Y121.959 E572.14003
G1 X126.94 Y122.184 E572.14832
G1 X126.868 Y122.242 E572.1514
G1 X126.829 Y122.327 E572.15451
G1 X126.756 Y122.47 E572.15985
G1 X126.66 Y122.542 E572.16384
G1 X126.551 Y122.764 E572.17206
G1 X126.5 Y122.798 E572.1741
G1 X126.362 Y123.054 E572.18377
G1 X126.28 Y123.11 E572.18708
G1 X126.179 Y123.297 E572.19415
G1 X126.069 Y123.37 E572.19854
G1 X126 Y123.501 E572.20346
G1 X126 Y92.327 E573.24031
G1 X124 Y92.327 E573.30683
G1 X124 Y125.586 E574.41303
G1 X123.997 Y125.59 E574.4132
G1 X123.879 Y125.641 E574.41747
G1 X123.811 Y125.739 E574.42144
G1 X123.665 Y125.795 E574.42664
G1 X123.595 Y125.9 E574.43084
G1 X123.471 Y125.961 E574.43544
G1 X123.41 Y126.047 E574.43894
G1 X123.28 Y126.094 E574.44354
G1 X123.214 Y126.188 E574.44736
G1 X123.082 Y126.255 E574.45228
G1 X123.044 Y126.3 E574.45424
G1 X122.87 Y126.351 E574.46027
G1 X122.84 Y126.393 E574.46199
G1 X122.827 Y126.399 E574.46247
G1 X122.792 Y126.448 E574.46447
G1 X122.676 Y126.484 E574.46851
G1 X122.641 Y126.532 E574.47049
G1 X122.529 Y126.532 E574.47421
G1 X122.47 Y126.61 E574.47746
G1 X122.448 Y126.617 E574.47823
G1 X122.408 Y126.679 E574.48069
G1 X122.268 Y126.719 E574.48553
G1 X122.214 Y126.792 E574.48855
G1 X122.098 Y126.823 E574.49254
G1 X122.033 Y126.906 E574.49605
G1 X122.009 Y126.912 E574.49687
G1 X122.004 Y123.045 E574.62549
G1 X122 Y122.997 E574.62709
G1 X121.998 Y122.974 E574.62786
G1 X121.972 Y122.759 E574.63506
G1 X121.963 Y122.613 E574.63993
G1 X121.993 Y122.447 E574.64554
G1 X122 Y122.386 E574.64758
G1 X122 Y122.997 E574.6679
G1 F2400 E573.8679
G0 F9000 X125.324 Y126.061
G0 X126.89 Y124.429
G0 X128.141 Y122.614
G0 X128.919 Y121.131
G0 X128 Y120.227
G1 F2400 E574.6679
G1 X128.088 Y120.008 E574.67575
G1 X128.146 Y119.95 E574.67848
G1 X128.273 Y119.637 E574.68971
G1 X128.302 Y119.596 E574.69138
G1 X128.5 Y119.086 E574.70958
G1 X128.506 Y119.078 E574.70991
G1 X128.683 Y118.554 E574.72831
G1 X128.717 Y118.483 E574.73093
G1 X128.737 Y118.458 E574.73199
G1 X128.89 Y117.982 E574.74862
G1 X128.919 Y117.944 E574.75021
G1 X129.034 Y117.513 E574.76505
G1 X129.034 Y117.433 E574.76771
G1 X129.085 Y117.351 E574.77092
G1 X129.085 Y117.031 E574.78156
G1 X129.285 Y116.662 E574.79552
G1 X129.285 Y116.272 E574.80849
G1 X129.484 Y115.851 E574.82398
G1 X129.485 Y115.383 E574.83955
G1 X129.684 Y114.811 E574.85969
G1 X129.684 Y114.243 E574.87858
G1 X129.881 Y113.54 E574.90287
G1 X129.885 Y113.487 E574.90463
G1 X129.885 Y92.327 E575.60842
G1 F2400 E574.80842
G0 F9000 X129.885 Y91.102
G0 X121.442 Y91.102
G0 X121.442 Y92.386
;TYPE:SUPPORT-INTERFACE
G1 F2400 E575.60842
G1 F1500 X120.843 Y92.985 E575.63659
G0 F9000 X120.843 Y93.69
G1 F1500 X121.443 Y94.29 E575.66482
G0 F9000 X121.442 Y95.78
G1 F1500 X120.843 Y96.379 E575.69299
G0 F9000 X120.843 Y97.084
G1 F1500 X121.443 Y97.684 E575.72121
G0 F9000 X121.442 Y99.174
G1 F1500 X120.843 Y99.773 E575.74939
G0 F9000 X120.843 Y100.478
G1 F1500 X121.443 Y101.078 E575.77761
G0 F9000 X121.443 Y102.567
G1 F1500 X120.843 Y103.167 E575.80583
G0 F9000 X120.843 Y103.872
G1 F1500 X121.444 Y104.473 E575.8341
G0 F9000 X121.443 Y105.962
G1 F1500 X120.843 Y106.561 E575.8623
G0 F9000 X120.843 Y107.266
G1 F1500 X121.444 Y107.867 E575.89057
G0 F9000 X121.443 Y109.356
G1 F1500 X120.844 Y109.955 E575.91874
G0 F9000 X120.843 Y110.661
G1 F1500 X121.444 Y111.261 E575.94699
G0 F9000 X121.444 Y112.749
G1 F1500 X120.844 Y113.349 E575.97521
G0 F9000 X120.843 Y114.055
G1 F1500 X121.444 Y114.656 E576.00348
G0 F9000 X121.444 Y116.143
G1 F1500 X120.844 Y116.743 E576.0317
G0 F9000 X120.843 Y117.449
G1 F1500 X121.444 Y118.05 E576.05997
G0 F9000 X121.444 Y119.537
G1 F1500 X120.844 Y120.137 E576.0882
G0 F9000 X120.843 Y120.843
G1 F1500 X121.444 Y121.444 E576.11646
G0 F9000 X121.43 Y122.945
G1 F1500 X120.844 Y123.531 E576.14403
G0 F9000 X120.843 Y124.237
G1 F1500 X121.444 Y124.838 E576.1723
G0 F9000 X121.444 Y126.326
G1 F1500 X119.991 Y127.779 E576.24064
G0 F9000 X121.148 Y127.936
G1 F1500 X119.784 Y126.572 E576.3048
G1 F2400 E575.5048
;MESH:1x_1xm_pusher.stl
G0 F9000 X119.589 Y125.938
G0 X119.208 Y125.853
G0 X118.611 Y123.609
G0 X119.642 Y123.338
G0 X119.444 Y121.802
;TYPE:WALL-INNER
G1 F2400 E576.3048
G1 X119.052 Y120.304 E576.3563
G1 X118.525 Y118.292 E576.42548
G1 X106.214 Y118.292 E576.83494
G1 X94.405 Y109.941 E577.316
G1 X92.482 Y106.658 E577.44255
G1 X92.482 Y97.078 E577.76118
G1 X99.144 Y92.367 E578.03256
G1 X119.444 Y92.367 E578.70774
G1 X119.444 Y120.253 E579.63523
G1 X119.444 Y120.254 E579.63527
G1 X119.444 Y121.802 E579.66122
G0 F9000 X119.632 Y123.258
G0 X119.844 Y124.909
;TYPE:WALL-OUTER
G1 F2400 X119.451 Y123.407 E579.71286
G1 X118.216 Y118.692 E579.87497
G1 X106.086 Y118.692 E580.27841
G1 X94.104 Y110.219 E580.76651
G1 X92.082 Y106.766 E580.8996
G1 X92.082 Y96.87 E581.22874
G1 X99.016 Y91.967 E581.5112
G1 X119.844 Y91.967 E582.20394
G1 X119.844 Y123.356 E583.24794
G1 X119.844 Y123.357 E583.24798
G1 X119.844 Y124.909 E583.274
G0 F9000 X119.632 Y123.258
G0 X118.34 Y118.132
;TYPE:FILL
G1 F4800 X119.283 Y114.612 E583.3952
G0 F9000 X119.283 Y116.683
G1 F4800 X96.811 Y94.212 E584.45219
G0 F9000 X100.355 Y92.525
G1 F4800 X95.528 Y110.538 E585.07244
G0 F9000 X97.708 Y112.079
G1 F4800 X93.205 Y107.577 E585.28423
G0 F9000 X92.642 Y104.129
G1 F4800 X119.282 Y96.991 E586.20153
G0 F9000 X119.283 Y99.713
G1 F4800 X112.096 Y92.527 E586.53956
G0 F9000 X112.778 Y92.525
G1 F4800 X105.972 Y117.924 E587.41414
G0 F9000 X100.902 Y114.339
G1 F4800 X119.283 Y109.414 E588.04706
G0 F9000 X119.127 Y118.844
G0 X119.198 Y118.915
;TYPE:SKIN
G1 F1500 X119.072 Y119.072 E588.05193
G1 X119.211 Y120.059 E588.07607
G0 F9000 X119.244 Y119.86
G1 F2400 E587.27607
;MESH:NONMESH
G0 F300 X119.244 Y119.86 Z2.8
G0 F9000 X119.63 Y92.181
G0 X121.844 Y91.967
;TIME_ELAPSED:727.074830
;LAYER:13
;TYPE:SUPPORT
G1 F2400 E588.07607
G1 X130.245 Y91.967 E588.35549
G1 X130.245 Y113.51 E589.07201
G1 X130.242 Y113.564 E589.07381
G1 X130.233 Y113.619 E589.07566
G1 X130.044 Y114.293 E589.09895
G1 X130.044 Y114.871 E589.11817
G1 X129.845 Y115.444 E589.13835
G1 X129.844 Y115.934 E589.15464
G1 X129.645 Y116.353 E589.17007
G1 X129.645 Y116.755 E589.18344
G1 X129.445 Y117.123 E589.19737
G1 X129.445 Y117.453 E589.20835
G1 X129.394 Y117.536 E589.21159
G1 X129.394 Y117.561 E589.21242
G1 X129.249 Y118.103 E589.23108
G1 X129.214 Y118.15 E589.23303
G1 X129.059 Y118.629 E589.24977
G1 X129.025 Y118.674 E589.25165
G1 X129.016 Y118.692 E589.25232
G1 X128.829 Y119.247 E589.2718
G1 X128.814 Y119.268 E589.27266
G1 X128.621 Y119.768 E589.29048
G1 X128.593 Y119.806 E589.29205
G1 X128.453 Y120.153 E589.3045
G1 X128.394 Y120.211 E589.30725
G1 X128.24 Y120.592 E589.32092
G1 X128.181 Y120.654 E589.32376
G1 X128.047 Y120.98 E589.33549
G1 X128.008 Y121.014 E589.33721
G1 X127.862 Y121.331 E589.34882
G1 X127.78 Y121.401 E589.3524
G1 X127.639 Y121.727 E589.36422
G1 X127.573 Y121.788 E589.3672
G1 X127.553 Y121.827 E589.36866
G1 X127.446 Y122.06 E589.37719
G1 X127.376 Y122.11 E589.38005
G1 X127.364 Y122.13 E589.38083
G1 X127.23 Y122.412 E589.39121
G1 X127.16 Y122.469 E589.39421
G1 X127.153 Y122.484 E589.39476
G1 X127.082 Y122.624 E589.39999
G1 X127.042 Y122.705 E589.40299
G1 X126.944 Y122.778 E589.40705
G1 X126.832 Y123.007 E589.41553
G1 X126.775 Y123.046 E589.41783
G1 X126.639 Y123.298 E589.42735
G1 X126.557 Y123.356 E589.4307
G1 X126.453 Y123.548 E589.43796
G1 X126.344 Y123.62 E589.4423
G1 X126.247 Y123.804 E589.44922
G1 X126.148 Y123.861 E589.45302
G1 X126.053 Y124.038 E589.4597
G1 X125.943 Y124.102 E589.46393
G1 X125.837 Y124.299 E589.47138
G1 X125.748 Y124.344 E589.47469
G1 X125.638 Y124.533 E589.48197
G1 X125.547 Y124.589 E589.48552
G1 X125.514 Y124.623 E589.4871
G1 X125.453 Y124.72 E589.49091
G1 X125.336 Y124.779 E589.49526
G1 X125.302 Y124.83 E589.4973
G1 X125.229 Y124.951 E589.502
G1 X125.138 Y125.001 E589.50546
G1 X125.037 Y125.16 E589.51172
G1 X125.02 Y125.168 E589.51235
G1 X124.985 Y125.168 E589.51351
G1 X124.95 Y125.203 E589.51516
G1 X124.869 Y125.243 E589.51816
G1 X124.869 Y125.307 E589.52029
G1 X124.854 Y125.331 E589.52123
G1 X124.731 Y125.389 E589.52576
G1 X124.651 Y125.515 E589.53072
G1 X124.518 Y125.569 E589.53549
G1 X124.426 Y125.715 E589.54123
G1 X124.337 Y125.754 E589.54447
G1 X124.289 Y125.801 E589.5467
G1 X124.24 Y125.878 E589.54974
G1 X124.138 Y125.921 E589.55342
G1 X124.128 Y125.931 E589.55389
G1 X124.112 Y125.939 E589.55448
G1 X124.045 Y126.035 E589.55838
G1 X123.9 Y126.09 E589.56353
G1 X123.835 Y126.189 E589.56747
G1 X123.719 Y126.233 E589.5716
G1 X123.638 Y126.347 E589.57625
G1 X123.509 Y126.394 E589.58082
G1 X123.443 Y126.488 E589.58464
G1 X123.363 Y126.516 E589.58746
G1 X123.31 Y126.543 E589.58943
G1 X123.28 Y126.579 E589.59099
G1 X123.256 Y126.614 E589.5924
G1 X123.09 Y126.662 E589.59815
G1 X123.077 Y126.68 E589.59889
G1 X123.066 Y126.685 E589.59929
G1 X123.016 Y126.756 E589.60218
G1 X122.891 Y126.795 E589.60654
G1 X122.838 Y126.87 E589.60959
G1 X122.769 Y126.892 E589.612
G1 X122.707 Y126.892 E589.61406
G1 X122.687 Y126.919 E589.61518
G1 X122.682 Y126.92 E589.61535
G1 X122.632 Y126.99 E589.61821
G1 X122.484 Y127.032 E589.62333
G1 X122.428 Y127.107 E589.62644
G1 X122.319 Y127.137 E589.6302
G1 X122.315 Y127.142 E589.63041
G1 X122.298 Y127.147 E589.631
G1 X122.238 Y127.225 E589.63428
G1 X122.091 Y127.263 E589.63933
G1 X122.045 Y127.321 E589.64179
G1 X121.872 Y127.365 E589.64772
G1 X121.851 Y127.397 E589.649
G1 X121.83 Y127.424 E589.65014
G1 X121.709 Y127.455 E589.65429
G1 X121.705 Y127.459 E589.65448
G1 X121.688 Y127.463 E589.65506
G1 X121.649 Y127.511 E589.65712
G1 X121.556 Y127.531 E589.66028
G1 X121.491 Y127.531 E589.66244
G1 X121.44 Y127.594 E589.66514
G1 X121.347 Y127.613 E589.66829
G1 X121.292 Y127.613 E589.67012
G1 X121.275 Y127.63 E589.67092
G1 X121.239 Y127.639 E589.67216
G1 X121.218 Y127.682 E589.67375
G1 X121.086 Y127.71 E589.67824
G1 X121.068 Y127.717 E589.67888
G1 X121.035 Y127.757 E589.6806
G1 X120.968 Y127.769 E589.68287
G1 X120.904 Y127.769 E589.685
G1 X120.892 Y127.783 E589.68561
G1 X120.863 Y127.788 E589.68659
G1 X120.845 Y127.824 E589.68793
G1 X120.675 Y127.856 E589.69368
G1 X120.644 Y127.89 E589.69521
G1 X120.644 Y127.568 E589.70592
G1 X121.244 Y127.491 E589.72604
G1 X121.244 Y122.911 E589.87837
G1 X121.578 Y122.929 E589.8895
G1 X121.645 Y122.323 E589.90978
G1 X121.645 Y122.113 E589.91676
G1 X121.741 Y122.005 E589.92157
G1 X121.845 Y121.732 E589.93128
G1 X121.844 Y91.967 E590.92127
G1 F2400 E590.12127
G0 F9000 X121.844 Y91.102
G0 X129.885 Y91.102
G0 X129.885 Y92.327
G1 F2400 E590.92127
G1 X128 Y92.327 E590.98397
G1 X128 Y120.227 E591.91192
G1 X127.934 Y120.391 E591.9178
G1 X127.873 Y120.454 E591.92072
G1 X127.746 Y120.764 E591.93186
G1 X127.713 Y120.792 E591.9333
G1 X127.568 Y121.108 E591.94487
G1 X127.483 Y121.181 E591.94859
G1 X127.338 Y121.515 E591.9607
G1 X127.281 Y121.567 E591.96327
G1 X127.229 Y121.671 E591.96714
G1 X127.16 Y121.822 E591.97266
G1 X127.106 Y121.86 E591.97486
G1 X127.047 Y121.959 E591.97869
G1 X126.94 Y122.184 E591.98697
G1 X126.868 Y122.242 E591.99005
G1 X126.829 Y122.327 E591.99316
G1 X126.756 Y122.47 E591.9985
G1 X126.66 Y122.542 E592.00249
G1 X126.551 Y122.764 E592.01072
G1 X126.5 Y122.798 E592.01276
G1 X126.362 Y123.054 E592.02243
G1 X126.28 Y123.11 E592.02573
G1 X126.179 Y123.297 E592.0328
G1 X126.069 Y123.37 E592.03719
G1 X126 Y123.502 E592.04215
G1 X126 Y92.327 E593.07903
G1 X124 Y92.327 E593.14555
G1 X124 Y125.585 E594.25172
G1 X123.997 Y125.589 E594.25188
G1 X123.93 Y125.618 E594.25431
G1 X123.914 Y125.636 E594.25511
G1 X123.869 Y125.657 E594.25676
G1 X123.813 Y125.738 E594.26004
G1 X123.663 Y125.795 E594.26538
G1 X123.597 Y125.895 E594.26936
G1 X123.488 Y125.936 E594.27323
G1 X123.409 Y126.048 E594.27779
G1 X123.279 Y126.095 E594.28239
G1 X123.214 Y126.188 E594.28616
G1 X123.082 Y126.255 E594.29109
G1 X123.044 Y126.3 E594.29305
G1 X122.87 Y126.351 E594.29908
G1 X122.843 Y126.39 E594.30066
G1 X122.83 Y126.395 E594.30112
G1 X122.792 Y126.448 E594.30329
G1 X122.667 Y126.488 E594.30765
G1 X122.636 Y126.532 E594.30944
G1 X122.525 Y126.532 E594.31313
G1 X122.483 Y126.589 E594.31549
G1 X122.474 Y126.59 E594.31579
G1 X122.412 Y126.679 E594.3194
G1 X122.268 Y126.719 E594.32437
G1 X122.214 Y126.793 E594.32742
G1 X122.106 Y126.822 E594.33114
G1 X122.102 Y126.828 E594.33138
G1 X122.086 Y126.832 E594.33192
G1 X122.028 Y126.907 E594.33508
G1 X122 Y126.915 E594.33605
G1 X121.884 Y126.945 E594.34003
G1 X121.839 Y127.002 E594.34245
G1 X121.647 Y127.05 E594.34903
G1 X121.608 Y127.11 E594.35141
G0 F9000 X121.604 Y127.111
G1 F2400 X121.604 Y123.291 E594.47846
G1 X121.898 Y123.307 E594.48826
G1 X122 Y122.388 E594.51901
G1 X122 Y126.915 E594.66958
G1 F2400 E593.86958
G0 F9000 X122.808 Y127.897
G0 X123.995 Y127.202
G0 X125.452 Y125.996
G0 X126.893 Y124.424
G0 X128.016 Y122.795
G0 X129.016 Y120.977
G0 X128 Y120.227
G1 F2400 E594.66958
G1 X128.088 Y120.007 E594.67746
G1 X128.148 Y119.948 E594.68026
G1 X128.276 Y119.63 E594.69166
G1 X128.302 Y119.594 E594.69314
G1 X128.495 Y119.094 E594.71096
G1 X128.504 Y119.082 E594.71146
G1 X128.683 Y118.554 E594.73
G1 X128.717 Y118.483 E594.73262
G1 X128.737 Y118.458 E594.73369
G1 X128.89 Y117.982 E594.75032
G1 X128.919 Y117.944 E594.75191
G1 X129.034 Y117.513 E594.76674
G1 X129.034 Y117.433 E594.7694
G1 X129.085 Y117.351 E594.77262
G1 X129.085 Y117.031 E594.78326
G1 X129.285 Y116.662 E594.79722
G1 X129.285 Y116.272 E594.81019
G1 X129.484 Y115.851 E594.82568
G1 X129.485 Y115.383 E594.84124
G1 X129.684 Y114.811 E594.86139
G1 X129.684 Y114.243 E594.88028
G1 X129.881 Y113.54 E594.90456
G1 X129.885 Y113.487 E594.90633
G1 X129.885 Y92.327 E595.61011
G1 F2400 E594.81011
G0 F9000 X129.885 Y91.102
G0 X121.643 Y91.102
G0 X121.643 Y92.185
;TYPE:SUPPORT-INTERFACE
G1 F2400 E595.61011
G1 F1500 X121.043 Y92.785 E595.63834
G0 F9000 X121.043 Y93.89
G1 F1500 X121.644 Y94.491 E595.66661
G0 F9000 X121.643 Y95.579
G1 F1500 X121.043 Y96.179 E595.69483
G0 F9000 X121.043 Y97.284
G1 F1500 X121.644 Y97.885 E595.7231
G0 F9000 X121.643 Y98.973
G1 F1500 X121.043 Y99.573 E595.75132
G0 F9000 X121.043 Y100.678
G1 F1500 X121.644 Y101.279 E595.77959
G0 F9000 X121.643 Y102.367
G1 F1500 X121.043 Y102.967 E595.80781
G0 F9000 X121.043 Y104.072
G1 F1500 X121.644 Y104.673 E595.83608
G0 F9000 X121.643 Y105.761
G1 F1500 X121.043 Y106.361 E595.8643
G0 F9000 X121.043 Y107.466
G1 F1500 X121.644 Y108.068 E595.89259
G0 F9000 X121.644 Y109.155
G1 F1500 X121.043 Y109.755 E595.92084
G0 F9000 X121.043 Y110.86
G1 F1500 X121.644 Y111.462 E595.94913
G0 F9000 X121.644 Y112.549
G1 F1500 X121.043 Y113.149 E595.97738
G0 F9000 X121.043 Y114.255
G1 F1500 X121.644 Y114.856 E596.00565
G0 F9000 X121.644 Y115.943
G1 F1500 X121.043 Y116.543 E596.03389
G0 F9000 X121.043 Y117.649
G1 F1500 X121.644 Y118.25 E596.06216
G0 F9000 X121.644 Y119.337
G1 F1500 X121.043 Y119.938 E596.09043
G0 F9000 X121.043 Y121.043
G1 F1500 X121.644 Y121.644 E596.1187
G1 F2400 E595.3187
;MESH:1x_1xm_pusher.stl
G0 F9000 X119.824 Y121.644
G0 X119.644 Y123.329
;TYPE:WALL-INNER
G1 F2400 E596.1187
G1 X119.252 Y121.831 E596.1702
G1 X118.325 Y118.292 E596.29188
G1 X106.414 Y118.292 E596.68804
G1 X94.605 Y109.941 E597.1691
G1 X92.682 Y106.658 E597.29564
G1 X92.682 Y97.078 E597.61428
G1 X99.344 Y92.367 E597.88566
G1 X119.644 Y92.367 E598.56084
G1 X119.644 Y121.78 E599.53912
G1 X119.644 Y121.781 E599.53915
G1 X119.644 Y123.329 E599.56511
G0 F9000 X119.832 Y124.785
G0 X120.044 Y126.436
;TYPE:WALL-OUTER
G1 F2400 X119.651 Y124.934 E599.61674
G1 X118.016 Y118.692 E599.83136
G1 X106.286 Y118.692 E600.2215
G1 X94.304 Y110.219 E600.7096
G1 X92.282 Y106.766 E600.84269
G1 X92.282 Y96.87 E601.17183
G1 X99.216 Y91.967 E601.45428
G1 X120.044 Y91.967 E602.14703
G1 X120.044 Y124.883 E603.24182
G1 X120.044 Y124.884 E603.24185
G1 X120.044 Y126.436 E603.26787
G0 F9000 X119.832 Y124.785
G0 X118.194 Y118.131
;TYPE:FILL
G1 F4800 X119.483 Y113.32 E603.43353
G0 F9000 X119.483 Y116.684
G1 F4800 X97.011 Y94.212 E604.49054
G0 F9000 X100.209 Y92.525
G1 F4800 X95.437 Y110.332 E605.1037
G0 F9000 X97.907 Y112.079
G1 F4800 X93.407 Y107.579 E605.31537
G0 F9000 X92.842 Y104.221
G1 F4800 X119.482 Y97.083 E606.23267
G0 F9000 X119.483 Y99.714
G1 F4800 X112.296 Y92.527 E606.57073
G0 F9000 X112.632 Y92.526
G1 F4800 X105.882 Y117.718 E607.43817
G0 F9000 X101.196 Y114.406
G1 F4800 X119.482 Y109.506 E608.06782
G0 F9000 X119.468 Y120.382
G0 X119.303 Y120.546
;TYPE:SKIN
G1 F1500 X119.128 Y120.438 E608.07237
G1 X119.362 Y121.053 E608.08693
G1 X119.421 Y121.56 E608.09822
G0 F9000 X119.336 Y121.367
G1 F2400 E607.29822
;MESH:NONMESH
G0 F300 X119.336 Y121.367 Z3
G0 F9000 X119.83 Y92.181
G0 X122.044 Y91.967
;TIME_ELAPSED:749.676515
;LAYER:14
;TYPE:SUPPORT
G1 F2400 E608.09822
G1 X130.245 Y91.967 E608.37098
G1 X130.245 Y113.51 E609.08751
G1 X130.242 Y113.564 E609.08931
G1 X130.233 Y113.619 E609.09116
G1 X130.044 Y114.293 E609.11444
G1 X130.044 Y114.871 E609.13367
G1 X129.845 Y115.444 E609.15384
G1 X129.844 Y115.934 E609.17014
G1 X129.645 Y116.353 E609.18557
G1 X129.645 Y116.755 E609.19894
G1 X129.445 Y117.123 E609.21287
G1 X129.445 Y117.453 E609.22384
G1 X129.394 Y117.536 E609.22708
G1 X129.394 Y117.561 E609.22791
G1 X129.249 Y118.103 E609.24657
G1 X129.214 Y118.15 E609.24852
G1 X129.059 Y118.629 E609.26527
G1 X129.025 Y118.674 E609.26714
G1 X129.016 Y118.692 E609.26781
G1 X128.829 Y119.247 E609.28729
G1 X128.814 Y119.268 E609.28815
G1 X128.621 Y119.768 E609.30598
G1 X128.593 Y119.806 E609.30755
G1 X128.453 Y120.153 E609.31999
G1 X128.394 Y120.211 E609.32274
G1 X128.24 Y120.592 E609.33641
G1 X128.181 Y120.654 E609.33926
G1 X128.047 Y120.98 E609.35098
G1 X128.008 Y121.014 E609.3527
G1 X127.862 Y121.331 E609.36431
G1 X127.78 Y121.401 E609.3679
G1 X127.639 Y121.727 E609.37971
G1 X127.573 Y121.788 E609.3827
G1 X127.553 Y121.827 E609.38416
G1 X127.446 Y122.06 E609.39269
G1 X127.376 Y122.11 E609.39555
G1 X127.364 Y122.13 E609.39632
G1 X127.232 Y122.408 E609.40656
G1 X127.159 Y122.469 E609.40972
G1 X127.042 Y122.706 E609.41851
G1 X126.944 Y122.778 E609.42256
G1 X126.832 Y123.007 E609.43104
G1 X126.775 Y123.046 E609.43333
G1 X126.641 Y123.295 E609.44274
G1 X126.555 Y123.354 E609.44621
G1 X126.453 Y123.548 E609.4535
G1 X126.344 Y123.62 E609.45784
G1 X126.247 Y123.803 E609.46473
G1 X126.146 Y123.863 E609.46864
G1 X126.053 Y124.038 E609.47523
G1 X125.943 Y124.102 E609.47946
G1 X125.837 Y124.299 E609.4869
G1 X125.748 Y124.344 E609.49022
G1 X125.638 Y124.533 E609.49749
G1 X125.547 Y124.589 E609.50105
G1 X125.514 Y124.622 E609.5026
G1 X125.451 Y124.721 E609.5065
G1 X125.336 Y124.779 E609.51079
G1 X125.302 Y124.83 E609.51282
G1 X125.229 Y124.951 E609.51752
G1 X125.14 Y124.999 E609.52089
G1 X125.038 Y125.157 E609.52714
G1 X124.924 Y125.214 E609.53138
G1 X124.85 Y125.333 E609.53604
G1 X124.731 Y125.389 E609.54042
G1 X124.651 Y125.515 E609.54538
G1 X124.518 Y125.569 E609.55016
G1 X124.426 Y125.715 E609.5559
G1 X124.337 Y125.754 E609.55913
G1 X124.289 Y125.801 E609.56136
G1 X124.24 Y125.878 E609.5644
G1 X124.138 Y125.921 E609.56808
G1 X124.128 Y125.931 E609.56855
G1 X124.112 Y125.939 E609.56914
G1 X124.045 Y126.035 E609.57304
G1 X123.9 Y126.09 E609.5782
G1 X123.835 Y126.189 E609.58213
G1 X123.719 Y126.233 E609.58626
G1 X123.638 Y126.347 E609.59091
G1 X123.509 Y126.394 E609.59548
G1 X123.443 Y126.488 E609.5993
G1 X123.363 Y126.516 E609.60212
G1 X123.31 Y126.543 E609.6041
G1 X123.28 Y126.579 E609.60566
G1 X123.256 Y126.614 E609.60707
G1 X123.09 Y126.662 E609.61281
G1 X123.077 Y126.68 E609.61355
G1 X123.066 Y126.685 E609.61395
G1 X123.017 Y126.756 E609.61682
G1 X122.877 Y126.799 E609.62169
G1 X122.852 Y126.85 E609.62358
G1 X122.838 Y126.87 E609.6244
G1 X122.769 Y126.892 E609.6268
G1 X122.707 Y126.892 E609.62887
G1 X122.687 Y126.919 E609.62998
G1 X122.682 Y126.92 E609.63015
G1 X122.632 Y126.99 E609.63302
G1 X122.484 Y127.032 E609.63813
G1 X122.428 Y127.107 E609.64125
G1 X122.366 Y127.124 E609.64338
G1 X122.305 Y127.136 E609.64545
G1 X122.235 Y127.226 E609.64924
G1 X122.091 Y127.263 E609.65419
G1 X122.045 Y127.321 E609.65665
G1 X121.872 Y127.365 E609.66259
G1 X121.851 Y127.397 E609.66386
G1 X121.83 Y127.424 E609.665
G1 X121.709 Y127.455 E609.66915
G1 X121.705 Y127.459 E609.66934
G1 X121.688 Y127.463 E609.66992
G1 X121.65 Y127.51 E609.67193
G1 X121.473 Y127.548 E609.67795
G1 X121.444 Y127.584 E609.67949
G1 X121.444 Y122.264 E609.85643
G1 X121.652 Y122.298 E609.86344
G1 X121.805 Y121.838 E609.87957
G1 X121.856 Y121.805 E609.88159
G1 X122.045 Y121.451 E609.89494
G1 X122.044 Y91.967 E610.87558
G1 F2400 E610.07558
G0 F9000 X122.044 Y91.102
G0 X129.885 Y91.102
G0 X129.885 Y92.327
G1 F2400 E610.87558
G1 X128 Y92.327 E610.93827
G1 X128 Y120.227 E611.86623
G1 X127.934 Y120.391 E611.87211
G1 X127.873 Y120.454 E611.87503
G1 X127.746 Y120.764 E611.88617
G1 X127.713 Y120.792 E611.88761
G1 X127.568 Y121.108 E611.89917
G1 X127.483 Y121.181 E611.9029
G1 X127.338 Y121.515 E611.91501
G1 X127.281 Y121.567 E611.91758
G1 X127.229 Y121.671 E611.92144
G1 X127.16 Y121.822 E611.92697
G1 X127.106 Y121.86 E611.92916
G1 X127.047 Y121.96 E611.93302
G1 X126.94 Y122.183 E611.94125
G1 X126.87 Y122.242 E611.94429
G1 X126.759 Y122.467 E611.95264
G1 X126.66 Y122.54 E611.95673
G1 X126.549 Y122.765 E611.96508
G1 X126.5 Y122.798 E611.96704
G1 X126.365 Y123.048 E611.97649
G1 X126.278 Y123.107 E611.97999
G1 X126.178 Y123.298 E611.98716
G1 X126.069 Y123.37 E611.9915
G1 X126 Y123.501 E611.99643
G1 X126 Y92.327 E613.03328
G1 X124 Y92.327 E613.0998
G1 X124 Y125.585 E614.20596
G1 X123.997 Y125.589 E614.20613
G1 X123.93 Y125.618 E614.20856
G1 X123.914 Y125.636 E614.20936
G1 X123.869 Y125.657 E614.21101
G1 X123.813 Y125.738 E614.21429
G1 X123.663 Y125.795 E614.21962
G1 X123.597 Y125.895 E614.22361
G1 X123.488 Y125.936 E614.22748
G1 X123.409 Y126.048 E614.23204
G1 X123.279 Y126.095 E614.23664
G1 X123.214 Y126.188 E614.24041
G1 X123.082 Y126.255 E614.24534
G1 X123.044 Y126.3 E614.24729
G1 X122.87 Y126.351 E614.25333
G1 X122.841 Y126.392 E614.255
G1 X122.826 Y126.399 E614.25555
G1 X122.792 Y126.448 E614.25753
G1 X122.623 Y126.5 E614.26341
G1 X122.607 Y126.532 E614.2646
G1 X122.525 Y126.532 E614.26733
G1 X122.483 Y126.589 E614.26968
G1 X122.474 Y126.59 E614.26998
G1 X122.412 Y126.679 E614.27359
G1 X122.269 Y126.719 E614.27853
G1 X122.218 Y126.786 E614.28133
G1 X122.103 Y126.809 E614.28523
G1 X122.027 Y126.908 E614.28938
G1 X122 Y126.915 E614.29031
G1 X121.884 Y126.945 E614.2943
G1 X121.839 Y127.002 E614.29671
G1 X121.804 Y127.011 E614.29791
G1 X121.804 Y122.688 E614.4417
G1 X121.897 Y122.703 E614.44483
G1 X122 Y122.394 E614.45566
G1 X122 Y126.915 E614.60603
G1 F2400 E613.80603
G0 F9000 X122.805 Y127.899
G0 X123.995 Y127.202
G0 X125.452 Y125.997
G0 X126.893 Y124.424
G0 X128.016 Y122.795
G0 X129.016 Y120.977
G0 X128 Y120.227
G1 F2400 E614.60603
G1 X128.088 Y120.007 E614.61391
G1 X128.148 Y119.948 E614.61671
G1 X128.276 Y119.63 E614.62811
G1 X128.302 Y119.594 E614.62959
G1 X128.495 Y119.094 E614.64742
G1 X128.504 Y119.082 E614.64792
G1 X128.683 Y118.554 E614.66646
G1 X128.717 Y118.483 E614.66908
G1 X128.737 Y118.458 E614.67014
G1 X128.89 Y117.982 E614.68677
G1 X128.919 Y117.944 E614.68836
G1 X129.034 Y117.513 E614.7032
G1 X129.034 Y117.433 E614.70586
G1 X129.085 Y117.351 E614.70907
G1 X129.085 Y117.031 E614.71971
G1 X129.285 Y116.662 E614.73367
G1 X129.285 Y116.272 E614.74664
G1 X129.484 Y115.851 E614.76213
G1 X129.485 Y115.383 E614.7777
G1 X129.684 Y114.811 E614.79784
G1 X129.684 Y114.243 E614.81673
G1 X129.881 Y113.54 E614.84102
G1 X129.885 Y113.487 E614.84278
G1 X129.885 Y92.327 E615.54657
G1 F2400 E614.74657
G0 F9000 X129.885 Y91.102
G0 X121.842 Y91.102
G0 X121.842 Y91.986
;TYPE:SUPPORT-INTERFACE
G1 F2400 E615.54657
G1 F1500 X121.243 Y92.585 E615.57474
G0 F9000 X121.243 Y94.09
G1 F1500 X121.843 Y94.69 E615.60297
G0 F9000 X121.842 Y95.38
G1 F1500 X121.243 Y95.979 E615.63114
G0 F9000 X121.243 Y97.484
G1 F1500 X121.843 Y98.084 E615.65936
G0 F9000 X121.842 Y98.774
G1 F1500 X121.243 Y99.373 E615.68754
G0 F9000 X121.243 Y100.878
G1 F1500 X121.843 Y101.479 E615.71578
G0 F9000 X121.842 Y102.168
G1 F1500 X121.243 Y102.768 E615.74398
G0 F9000 X121.243 Y104.272
G1 F1500 X121.843 Y104.873 E615.77223
G0 F9000 X121.842 Y105.562
G1 F1500 X121.243 Y106.162 E615.80043
G0 F9000 X121.243 Y107.666
G1 F1500 X121.843 Y108.267 E615.82867
G0 F9000 X121.842 Y108.956
G1 F1500 X121.243 Y109.556 E615.85687
G0 F9000 X121.243 Y111.061
G1 F1500 X121.843 Y111.661 E615.88509
G0 F9000 X121.842 Y112.35
G1 F1500 X121.243 Y112.95 E615.91329
G0 F9000 X121.243 Y114.455
G1 F1500 X121.843 Y115.055 E615.94151
G0 F9000 X121.842 Y115.744
G1 F1500 X121.243 Y116.344 E615.96971
G0 F9000 X121.243 Y117.849
G1 F1500 X121.843 Y118.449 E615.99793
G0 F9000 X121.842 Y119.139
G1 F1500 X121.243 Y119.738 E616.02611
G0 F9000 X121.243 Y121.243
G1 F1500 X121.679 Y121.679 E616.04662
G1 F2400 E615.24662
;MESH:1x_1xm_pusher.stl
G0 F9000 X120.024 Y121.679
G0 X119.844 Y124.858
;TYPE:WALL-INNER
G1 F2400 E616.04662
G1 X119.452 Y123.361 E616.09809
G1 X118.124 Y118.292 E616.27237
G1 X106.614 Y118.292 E616.6552
G1 X94.805 Y109.941 E617.13625
G1 X92.882 Y106.658 E617.2628
G1 X92.882 Y97.078 E617.58143
G1 X99.544 Y92.367 E617.85281
G1 X119.844 Y92.367 E618.52799
G1 X119.844 Y123.31 E619.55716
G1 X119.844 Y123.311 E619.5572
G1 X119.844 Y124.858 E619.58313
G0 F9000 X120.032 Y126.314
G0 X120.244 Y127.964
;TYPE:WALL-OUTER
G1 F2400 X119.851 Y126.463 E619.63474
G1 X117.815 Y118.692 E619.90193
G1 X106.486 Y118.692 E620.27873
G1 X94.504 Y110.219 E620.76683
G1 X92.482 Y106.766 E620.89992
G1 X92.482 Y96.87 E621.22906
G1 X99.416 Y91.967 E621.51151
G1 X120.244 Y91.967 E622.20426
G1 X120.244 Y126.412 E623.3499
G1 X120.244 Y126.413 E623.34994
G1 X120.244 Y127.964 E623.37594
G0 F9000 X120.032 Y126.314
G0 X118.047 Y118.131
;TYPE:FILL
G1 F4800 X119.683 Y112.025 E623.58619
G0 F9000 X119.682 Y109.6
G1 F4800 X101.492 Y114.474 E624.21253
G0 F9000 X98.108 Y112.079
G1 F4800 X93.606 Y107.577 E624.42429
G0 F9000 X95.346 Y110.125
G1 F4800 X100.061 Y92.526 E625.03028
G0 F9000 X97.211 Y94.212
G1 F4800 X119.684 Y116.684 E626.08732
G0 F9000 X105.79 Y117.511
G1 F4800 X112.485 Y92.526 E626.94764
G0 F9000 X112.497 Y92.527
G1 F4800 X119.683 Y99.713 E627.28565
G0 F9000 X119.683 Y97.176
G1 F4800 X93.042 Y104.315 E628.20299
G0 F9000 X117.993 Y118.461
G0 X119.376 Y121.922
G0 X119.522 Y122.068
;TYPE:SKIN
G1 F1500 X119.647 Y121.91 E628.20716
G1 X119.491 Y122.319 E628.21622
G1 X119.591 Y122.985 E628.23015
G0 F9000 X119.644 Y122.917
G1 F2400 E627.43015
;MESH:NONMESH
G0 F300 X119.644 Y122.917 Z3.2
G0 F9000 X120.03 Y92.181
G0 X122.244 Y91.967
;TIME_ELAPSED:772.556771
;LAYER:15
;TYPE:SUPPORT
G1 F2400 E628.23015
G1 X130.245 Y91.967 E628.49626
G1 X130.245 Y113.51 E629.21279
G1 X130.242 Y113.564 E629.21458
G1 X130.233 Y113.619 E629.21644
G1 X130.044 Y114.293 E629.23972
G1 X130.044 Y114.871 E629.25894
G1 X129.845 Y115.444 E629.27912
G1 X129.844 Y115.934 E629.29542
G1 X129.645 Y116.353 E629.31084
G1 X129.645 Y116.755 E629.32422
G1 X129.445 Y117.123 E629.33815
G1 X129.445 Y117.453 E629.34912
G1 X129.394 Y117.536 E629.35236
G1 X129.394 Y117.561 E629.35319
G1 X129.249 Y118.103 E629.37185
G1 X129.214 Y118.15 E629.3738
G1 X129.059 Y118.629 E629.39055
G1 X129.025 Y118.674 E629.39242
G1 X129.016 Y118.692 E629.39309
G1 X128.831 Y119.24 E629.41233
G1 X128.817 Y119.257 E629.41306
G1 X128.621 Y119.768 E629.43127
G1 X128.593 Y119.806 E629.43284
G1 X128.453 Y120.153 E629.44528
G1 X128.394 Y120.211 E629.44803
G1 X128.24 Y120.592 E629.4617
G1 X128.181 Y120.654 E629.46455
G1 X128.047 Y120.98 E629.47627
G1 X128.008 Y121.014 E629.47799
G1 X127.862 Y121.331 E629.4896
G1 X127.78 Y121.401 E629.49319
G1 X127.639 Y121.727 E629.505
G1 X127.573 Y121.788 E629.50799
G1 X127.553 Y121.827 E629.50945
G1 X127.446 Y122.06 E629.51797
G1 X127.376 Y122.11 E629.52084
G1 X127.364 Y122.13 E629.52161
G1 X127.232 Y122.408 E629.53185
G1 X127.159 Y122.469 E629.53501
G1 X127.042 Y122.706 E629.5438
G1 X126.944 Y122.778 E629.54785
G1 X126.832 Y123.007 E629.55632
G1 X126.775 Y123.046 E629.55862
G1 X126.641 Y123.294 E629.568
G1 X126.555 Y123.354 E629.57149
G1 X126.452 Y123.548 E629.57879
G1 X126.344 Y123.62 E629.58311
G1 X126.247 Y123.803 E629.59
G1 X126.146 Y123.863 E629.5939
G1 X126.053 Y124.039 E629.60052
G1 X125.943 Y124.102 E629.60474
G1 X125.835 Y124.3 E629.61224
G1 X125.748 Y124.344 E629.61549
G1 X125.639 Y124.532 E629.62271
G1 X125.526 Y124.601 E629.62712
G1 X125.45 Y124.721 E629.63184
G1 X125.336 Y124.779 E629.6361
G1 X125.302 Y124.83 E629.63813
G1 X125.229 Y124.95 E629.64281
G1 X125.138 Y125 E629.64626
G1 X125.041 Y125.153 E629.65228
G1 X124.924 Y125.211 E629.65663
G1 X124.847 Y125.335 E629.66148
G1 X124.731 Y125.389 E629.66574
G1 X124.651 Y125.515 E629.6707
G1 X124.518 Y125.569 E629.67548
G1 X124.426 Y125.715 E629.68122
G1 X124.337 Y125.754 E629.68445
G1 X124.289 Y125.801 E629.68668
G1 X124.24 Y125.878 E629.68972
G1 X124.138 Y125.921 E629.6934
G1 X124.128 Y125.931 E629.69387
G1 X124.112 Y125.939 E629.69447
G1 X124.045 Y126.035 E629.69836
G1 X123.9 Y126.09 E629.70352
G1 X123.835 Y126.189 E629.70746
G1 X123.719 Y126.233 E629.71158
G1 X123.638 Y126.347 E629.71623
G1 X123.509 Y126.394 E629.7208
G1 X123.443 Y126.488 E629.72462
G1 X123.363 Y126.516 E629.72744
G1 X123.321 Y126.538 E629.72902
G1 X123.285 Y126.573 E629.73069
G1 X123.256 Y126.613 E629.73233
G1 X123.09 Y126.662 E629.73809
G1 X123.077 Y126.68 E629.73882
G1 X123.066 Y126.685 E629.73923
G1 X123.017 Y126.756 E629.7421
G1 X122.877 Y126.799 E629.74697
G1 X122.852 Y126.85 E629.74886
G1 X122.838 Y126.87 E629.74967
G1 X122.769 Y126.892 E629.75208
G1 X122.707 Y126.892 E629.75414
G1 X122.687 Y126.919 E629.75526
G1 X122.682 Y126.92 E629.75543
G1 X122.632 Y126.99 E629.75829
G1 X122.484 Y127.032 E629.7634
G1 X122.428 Y127.107 E629.76652
G1 X122.319 Y127.137 E629.77028
G1 X122.315 Y127.141 E629.77047
G1 X122.293 Y127.148 E629.77123
G1 X122.233 Y127.226 E629.77451
G1 X122.091 Y127.263 E629.77939
G1 X122.045 Y127.321 E629.78185
G1 X121.947 Y127.346 E629.78521
G1 X121.878 Y127.357 E629.78754
G1 X121.873 Y127.364 E629.78782
G1 X121.802 Y127.382 E629.79026
G1 X121.802 Y127.431 E629.79189
G1 X121.709 Y127.455 E629.79508
G1 X121.705 Y127.459 E629.79527
G1 X121.688 Y127.463 E629.79585
G1 X121.652 Y127.507 E629.79774
G1 X121.644 Y127.509 E629.79802
G1 X121.644 Y121.967 E629.98235
G1 X121.768 Y121.996 E629.98658
G1 X121.911 Y121.709 E629.99725
G1 X121.981 Y121.679 E629.99978
G1 X122.245 Y121.279 E630.01572
G1 X122.244 Y91.967 E630.99064
G0 F9000 X124 Y92.327
G1 F2400 X122.604 Y92.327 E631.03707
G1 X122.605 Y121.387 E632.00361
G1 X122.222 Y121.967 E632.02673
G1 X122.174 Y121.988 E632.02847
G1 X122.004 Y122.329 E632.04114
G1 X122.004 Y126.913 E632.19361
G1 X122.024 Y126.908 E632.19429
G1 X122.078 Y126.838 E632.19723
G1 X122.118 Y126.826 E632.19862
G1 X122.125 Y126.817 E632.199
G1 X122.214 Y126.792 E632.20208
G1 X122.268 Y126.719 E632.2051
G1 X122.412 Y126.679 E632.21007
G1 X122.474 Y126.59 E632.21368
G1 X122.483 Y126.589 E632.21398
G1 X122.525 Y126.532 E632.21633
G1 X122.607 Y126.532 E632.21906
G1 X122.623 Y126.5 E632.22025
G1 X122.792 Y126.448 E632.22613
G1 X122.826 Y126.399 E632.22811
G1 X122.841 Y126.392 E632.22866
G1 X122.871 Y126.352 E632.23033
G1 X123.051 Y126.298 E632.23658
G1 X123.107 Y126.243 E632.23919
G1 X123.213 Y126.188 E632.24316
G1 X123.279 Y126.095 E632.24695
G1 X123.409 Y126.048 E632.25155
G1 X123.488 Y125.936 E632.25611
G1 X123.597 Y125.895 E632.25998
G1 X123.663 Y125.795 E632.26397
G1 X123.813 Y125.738 E632.26931
G1 X123.869 Y125.657 E632.27258
G1 X123.914 Y125.636 E632.27423
G1 X123.93 Y125.618 E632.27503
G1 X123.997 Y125.589 E632.27746
G1 X124 Y125.585 E632.27763
G1 X124 Y92.327 E633.38379
G1 X126 Y92.327 E633.45031
G1 X126 Y123.501 E634.48717
G1 X126.069 Y123.371 E634.49206
G1 X126.176 Y123.3 E634.49633
G1 X126.278 Y123.109 E634.50353
G1 X126.364 Y123.049 E634.50702
G1 X126.5 Y122.798 E634.51652
G1 X126.549 Y122.765 E634.51848
G1 X126.66 Y122.54 E634.52683
G1 X126.759 Y122.467 E634.53092
G1 X126.87 Y122.242 E634.53926
G1 X126.94 Y122.183 E634.54231
G1 X127.047 Y121.96 E634.55053
G1 X127.106 Y121.86 E634.55439
G1 X127.16 Y121.822 E634.55659
G1 X127.229 Y121.671 E634.56211
G1 X127.281 Y121.567 E634.56598
G1 X127.338 Y121.515 E634.56855
G1 X127.483 Y121.181 E634.58066
G1 X127.568 Y121.108 E634.58438
G1 X127.713 Y120.792 E634.59595
G1 X127.746 Y120.764 E634.59739
G1 X127.873 Y120.454 E634.60853
G1 X127.934 Y120.391 E634.61145
G1 X128 Y120.227 E634.61733
G1 X128 Y92.327 E635.54528
G1 X129.885 Y92.327 E635.60798
G1 X129.885 Y113.487 E636.31176
G1 X129.881 Y113.54 E636.31353
G1 X129.684 Y114.243 E636.33781
G1 X129.684 Y114.811 E636.3567
G1 X129.485 Y115.383 E636.37685
G1 X129.484 Y115.851 E636.39241
G1 X129.285 Y116.272 E636.4079
G1 X129.285 Y116.662 E636.42087
G1 X129.085 Y117.031 E636.43483
G1 X129.085 Y117.351 E636.44548
G1 X129.034 Y117.433 E636.44869
G1 X129.034 Y117.513 E636.45135
G1 X128.919 Y117.944 E636.46619
G1 X128.89 Y117.982 E636.46778
G1 X128.737 Y118.458 E636.48441
G1 X128.717 Y118.483 E636.48547
G1 X128.683 Y118.554 E636.48809
G1 X128.511 Y119.062 E636.50593
G1 X128.503 Y119.072 E636.50635
G1 X128.303 Y119.593 E636.52491
G1 X128.276 Y119.63 E636.52644
G1 X128.148 Y119.948 E636.53784
G1 X128.088 Y120.007 E636.54064
G1 X128 Y120.227 E636.54852
G0 F9000 X122.043 Y118.938
;TYPE:SUPPORT-INTERFACE
G1 F1500 X121.444 Y119.537 E636.57669
G0 F9000 X122.044 Y118.65
G1 F1500 X121.443 Y118.049 E636.60496
G0 F9000 X121.444 Y116.143
G1 F1500 X122.043 Y115.544 E636.63314
G0 F9000 X122.044 Y115.256
G1 F1500 X121.443 Y114.655 E636.66141
G0 F9000 X121.444 Y112.749
G1 F1500 X122.043 Y112.149 E636.68961
G0 F9000 X122.044 Y111.862
G1 F1500 X121.443 Y111.261 E636.71788
G0 F9000 X121.444 Y109.355
G1 F1500 X122.043 Y108.755 E636.74607
G0 F9000 X122.044 Y108.468
G1 F1500 X121.443 Y107.867 E636.77434
G0 F9000 X121.443 Y105.962
G1 F1500 X122.043 Y105.361 E636.80259
G0 F9000 X122.044 Y105.073
G1 F1500 X121.442 Y104.472 E636.83088
G0 F9000 X121.443 Y102.567
G1 F1500 X122.043 Y101.967 E636.8591
G0 F9000 X122.044 Y101.679
G1 F1500 X121.442 Y101.078 E636.8874
G0 F9000 X121.443 Y99.173
G1 F1500 X122.043 Y98.573 E636.91562
G0 F9000 X122.044 Y98.285
G1 F1500 X121.442 Y97.683 E636.94393
G0 F9000 X121.443 Y95.779
G1 F1500 X122.043 Y95.179 E636.97216
G0 F9000 X122.044 Y94.891
G1 F1500 X121.442 Y94.289 E637.00047
G0 F9000 X121.443 Y92.385
G1 F1500 X122.043 Y91.785 E637.0287
G1 F2400 E636.2287
G0 F9000 X122.043 Y91.102
G0 X130.602 Y91.106
G0 X131.106 Y91.61
G0 X131.083 Y113.79
G0 X130.664 Y116.222
G0 X130.044 Y118.474
G0 X129.187 Y120.643
G0 X127.927 Y122.955
G0 X126.893 Y124.424
G0 X125.64 Y125.818
G0 X124.189 Y127.065
G0 X122.543 Y128.081
G0 X120.888 Y128.758
G0 X119.855 Y128.91
G0 X119.306 Y128.546
G0 X117.7 Y122.425
G0 X121.443 Y121.443
G1 F2400 E637.0287
G1 F1500 X121.695 Y121.695 E637.04055
G1 F2400 E636.24055
;MESH:1x_1xm_pusher.stl
G0 F9000 X120.224 Y121.695
G0 X120.044 Y92.367
;TYPE:WALL-INNER
G1 F2400 E637.04055
G1 X120.044 Y124.837 E638.12051
G1 X120.044 Y124.838 E638.12054
G1 X120.044 Y126.385 E638.17199
G1 X119.652 Y124.888 E638.19793
G1 X117.924 Y118.292 E638.42472
G1 X106.814 Y118.292 E638.79424
G1 X95.005 Y109.941 E639.2753
G1 X93.082 Y106.658 E639.40184
G1 X93.082 Y97.078 E639.72048
G1 X99.744 Y92.367 E639.99186
G1 X120.044 Y92.367 E640.66704
G0 F9000 X120.444 Y91.967
;TYPE:WALL-OUTER
G1 F2400 X120.444 Y127.921 E641.86287
G1 X120.444 Y127.952 E641.86391
G1 X120.056 Y128.009 E641.87695
G1 X120.049 Y127.98 E641.87794
G1 X117.615 Y118.692 E642.19729
G1 X106.686 Y118.692 E642.56079
G1 X94.704 Y110.219 E643.04889
G1 X92.682 Y106.766 E643.18198
G1 X92.682 Y96.87 E643.51112
G1 X99.616 Y91.967 E643.79358
G1 X120.444 Y91.967 E644.48632
G0 F9000 X120.174 Y92.237
G0 X119.883 Y97.269
;TYPE:FILL
G1 F4800 X93.241 Y104.407 E645.40369
G0 F9000 X93.806 Y107.577
G1 F4800 X98.306 Y112.078 E645.61538
G0 F9000 X95.255 Y109.92
G1 F4800 X99.916 Y92.525 E646.21435
G0 F9000 X97.411 Y94.212
G1 F4800 X119.884 Y116.685 E647.27141
G0 F9000 X117.901 Y118.131
G1 F4800 X119.883 Y110.735 E647.52608
G0 F9000 X119.883 Y109.692
G1 F4800 X101.786 Y114.541 E648.14922
G0 F9000 X105.699 Y117.307
G1 F4800 X112.339 Y92.525 E649.00255
G0 F9000 X112.696 Y92.527
G1 F4800 X119.884 Y99.714 E649.34063
G0 F9000 X119.882 Y122.116
G1 F4800 X119.142 Y122.314 E649.36611
G0 F9000 X119.503 Y123.458
G0 X119.485 Y123.475
;TYPE:SKIN
G1 F1500 X119.677 Y123.566 E649.37066
G1 X119.814 Y124.56 E649.39217
G0 F9000 X119.737 Y124.426
G1 F2400 E648.59217
;MESH:NONMESH
G0 F300 X119.737 Y124.426 Z3.4
G0 F9000 X120.23 Y92.181
G0 X122.444 Y91.967
;TIME_ELAPSED:796.238646
;LAYER:16
;TYPE:SUPPORT
G1 F2400 E649.39217
G1 X130.245 Y91.967 E649.65163
G1 X130.245 Y113.51 E650.36816
G1 X130.242 Y113.564 E650.36996
G1 X130.233 Y113.619 E650.37181
G1 X130.044 Y114.293 E650.39509
G1 X130.044 Y114.871 E650.41432
G1 X129.845 Y115.444 E650.43449
G1 X129.844 Y115.934 E650.45079
G1 X129.645 Y116.353 E650.46622
G1 X129.645 Y116.755 E650.47959
G1 X129.445 Y117.123 E650.49352
G1 X129.445 Y117.453 E650.50449
G1 X129.394 Y117.536 E650.50773
G1 X129.394 Y117.561 E650.50856
G1 X129.249 Y118.103 E650.52723
G1 X129.214 Y118.15 E650.52917
G1 X129.059 Y118.629 E650.54592
G1 X129.025 Y118.674 E650.5478
G1 X129.016 Y118.692 E650.54847
G1 X128.83 Y119.241 E650.56774
G1 X128.818 Y119.257 E650.56841
G1 X128.622 Y119.766 E650.58655
G1 X128.593 Y119.806 E650.58819
G1 X128.453 Y120.153 E650.60064
G1 X128.394 Y120.211 E650.60339
G1 X128.24 Y120.592 E650.61706
G1 X128.181 Y120.654 E650.61991
G1 X128.047 Y120.98 E650.63163
G1 X128.008 Y121.014 E650.63335
G1 X127.862 Y121.331 E650.64496
G1 X127.78 Y121.401 E650.64854
G1 X127.639 Y121.727 E650.66036
G1 X127.573 Y121.788 E650.66335
G1 X127.553 Y121.827 E650.6648
G1 X127.446 Y122.06 E650.67333
G1 X127.376 Y122.11 E650.67619
G1 X127.359 Y122.143 E650.67743
G1 X127.295 Y122.239 E650.68127
G1 X127.305 Y122.257 E650.68195
G1 X127.232 Y122.408 E650.68753
G1 X127.159 Y122.469 E650.69069
G1 X127.041 Y122.706 E650.6995
G1 X126.944 Y122.778 E650.70352
G1 X126.832 Y123.006 E650.71196
G1 X126.773 Y123.046 E650.71434
G1 X126.641 Y123.293 E650.72365
G1 X126.555 Y123.354 E650.72716
G1 X126.451 Y123.549 E650.73451
G1 X126.344 Y123.619 E650.73876
G1 X126.322 Y123.664 E650.74043
G1 X126.247 Y123.803 E650.74568
G1 X126.146 Y123.863 E650.74959
G1 X126.053 Y124.039 E650.75621
G1 X125.943 Y124.102 E650.76042
G1 X125.835 Y124.3 E650.76793
G1 X125.748 Y124.344 E650.77117
G1 X125.639 Y124.532 E650.7784
G1 X125.526 Y124.601 E650.7828
G1 X125.45 Y124.721 E650.78752
G1 X125.336 Y124.779 E650.79178
G1 X125.302 Y124.83 E650.79382
G1 X125.229 Y124.95 E650.79849
G1 X125.138 Y125 E650.80194
G1 X125.041 Y125.153 E650.80797
G1 X124.924 Y125.211 E650.81231
G1 X124.847 Y125.335 E650.81717
G1 X124.731 Y125.389 E650.82142
G1 X124.651 Y125.515 E650.82639
G1 X124.518 Y125.569 E650.83116
G1 X124.426 Y125.715 E650.8369
G1 X124.337 Y125.754 E650.84013
G1 X124.289 Y125.801 E650.84237
G1 X124.24 Y125.878 E650.8454
G1 X124.138 Y125.921 E650.84908
G1 X124.128 Y125.931 E650.84955
G1 X124.112 Y125.939 E650.85015
G1 X124.046 Y126.034 E650.854
G1 X123.9 Y126.091 E650.85921
G1 X123.835 Y126.189 E650.86312
G1 X123.719 Y126.233 E650.86725
G1 X123.638 Y126.347 E650.8719
G1 X123.509 Y126.394 E650.87646
G1 X123.443 Y126.488 E650.88028
G1 X123.363 Y126.516 E650.8831
G1 X123.302 Y126.547 E650.88538
G1 X123.255 Y126.614 E650.8881
G1 X123.09 Y126.662 E650.89382
G1 X123.077 Y126.68 E650.89455
G1 X123.066 Y126.685 E650.89496
G1 X123.017 Y126.756 E650.89783
G1 X122.975 Y126.769 E650.89929
G1 X122.91 Y126.769 E650.90145
G1 X122.891 Y126.795 E650.90252
G1 X122.877 Y126.799 E650.90301
G1 X122.853 Y126.847 E650.90479
G1 X122.836 Y126.87 E650.90574
G1 X122.769 Y126.892 E650.90809
G1 X122.707 Y126.892 E650.91015
G1 X122.687 Y126.919 E650.91127
G1 X122.682 Y126.92 E650.91144
G1 X122.632 Y126.99 E650.9143
G1 X122.484 Y127.032 E650.91941
G1 X122.428 Y127.107 E650.92253
G1 X122.319 Y127.137 E650.92629
G1 X122.315 Y127.141 E650.92648
G1 X122.293 Y127.148 E650.92724
G1 X122.233 Y127.226 E650.93052
G1 X122.091 Y127.263 E650.9354
G1 X122.045 Y127.321 E650.93786
G1 X121.947 Y127.346 E650.94122
G1 X121.878 Y127.357 E650.94355
G1 X121.873 Y127.364 E650.94383
G1 X121.844 Y127.371 E650.94483
G1 X121.844 Y121.676 E651.13424
G1 X122.118 Y121.6 E651.1437
G1 X122.445 Y121.17 E651.16167
G1 X122.444 Y91.967 E652.13296
G0 F9000 X124 Y92.327
G1 F2400 X122.804 Y92.327 E652.17274
G1 X122.805 Y121.291 E653.13609
G1 X122.331 Y121.915 E653.16215
G1 X122.204 Y121.95 E653.16653
G1 X122.204 Y126.795 E653.32768
G1 X122.214 Y126.792 E653.32803
G1 X122.268 Y126.719 E653.33105
G1 X122.412 Y126.679 E653.33602
G1 X122.474 Y126.59 E653.33962
G1 X122.483 Y126.589 E653.33993
G1 X122.525 Y126.532 E653.34228
G1 X122.607 Y126.532 E653.34501
G1 X122.625 Y126.496 E653.34635
G1 X122.673 Y126.483 E653.348
G1 X122.726 Y126.409 E653.35103
G1 X122.82 Y126.409 E653.35415
G1 X122.827 Y126.399 E653.35456
G1 X122.84 Y126.393 E653.35504
G1 X122.87 Y126.351 E653.35675
G1 X123.032 Y126.304 E653.36236
G1 X123.059 Y126.266 E653.36391
G1 X123.214 Y126.188 E653.36969
G1 X123.279 Y126.095 E653.37346
G1 X123.409 Y126.048 E653.37806
G1 X123.488 Y125.936 E653.38262
G1 X123.598 Y125.894 E653.38653
G1 X123.663 Y125.797 E653.39042
G1 X123.813 Y125.739 E653.39576
G1 X123.869 Y125.657 E653.39907
G1 X123.914 Y125.636 E653.40072
G1 X123.93 Y125.618 E653.40152
G1 X123.997 Y125.589 E653.40395
G1 X124 Y125.585 E653.40411
G1 X124 Y92.327 E654.51028
G1 X126 Y92.327 E654.5768
G1 X126 Y123.502 E655.61368
G0 F9000 X126.001 Y123.5
G1 F2400 X126.064 Y123.372 E655.61843
G1 X126.177 Y123.298 E655.62292
G1 X126.278 Y123.109 E655.63005
G1 X126.365 Y123.048 E655.63358
G1 X126.497 Y122.798 E655.64299
G1 X126.55 Y122.762 E655.64512
G1 X126.659 Y122.541 E655.65331
G1 X126.758 Y122.467 E655.65742
G1 X126.871 Y122.24 E655.66586
G1 X126.88 Y122.233 E655.66624
G1 X126.874 Y122.223 E655.66663
G1 X127.047 Y121.963 E655.67701
G1 X127.096 Y121.867 E655.6806
G1 X127.16 Y121.822 E655.6832
G1 X127.229 Y121.671 E655.68872
G1 X127.281 Y121.567 E655.69259
G1 X127.338 Y121.515 E655.69515
G1 X127.483 Y121.181 E655.70727
G1 X127.568 Y121.108 E655.71099
G1 X127.713 Y120.792 E655.72256
G1 X127.746 Y120.764 E655.724
G1 X127.873 Y120.454 E655.73514
G1 X127.934 Y120.391 E655.73805
G1 X128 Y120.227 E655.74393
G1 X128 Y92.327 E656.67189
G1 X129.885 Y92.327 E656.73459
G1 X129.885 Y113.487 E657.43837
G1 X129.881 Y113.54 E657.44014
G1 X129.684 Y114.243 E657.46442
G1 X129.684 Y114.811 E657.48331
G1 X129.485 Y115.383 E657.50346
G1 X129.484 Y115.851 E657.51902
G1 X129.285 Y116.272 E657.53451
G1 X129.285 Y116.662 E657.54748
G1 X129.085 Y117.031 E657.56144
G1 X129.085 Y117.351 E657.57209
G1 X129.034 Y117.433 E657.5753
G1 X129.034 Y117.513 E657.57796
G1 X128.919 Y117.944 E657.59279
G1 X128.89 Y117.982 E657.59438
G1 X128.737 Y118.458 E657.61101
G1 X128.717 Y118.483 E657.61208
G1 X128.683 Y118.554 E657.6147
G1 X128.509 Y119.068 E657.63275
G1 X128.5 Y119.079 E657.63322
G1 X128.303 Y119.594 E657.65156
G1 X128.276 Y119.63 E657.65305
G1 X128.148 Y119.948 E657.66446
G1 X128.088 Y120.007 E657.66725
G1 X128 Y120.227 E657.67514
G0 F9000 X122.244 Y118.85
;TYPE:SUPPORT-INTERFACE
G1 F1500 X121.642 Y118.248 E657.70345
G0 F9000 X122.243 Y118.738
G1 F1500 X121.643 Y119.338 E657.73167
G0 F9000 X121.643 Y115.944
G1 F1500 X122.243 Y115.343 E657.75992
G0 F9000 X122.244 Y115.456
G1 F1500 X121.642 Y114.854 E657.78824
G0 F9000 X121.643 Y112.55
G1 F1500 X122.243 Y111.949 E657.81648
G0 F9000 X122.244 Y112.062
G1 F1500 X121.642 Y111.46 E657.8448
G0 F9000 X121.643 Y109.156
G1 F1500 X122.243 Y108.555 E657.87304
G0 F9000 X122.244 Y108.668
G1 F1500 X121.642 Y108.066 E657.90136
G0 F9000 X121.643 Y105.761
G1 F1500 X122.243 Y105.162 E657.92956
G0 F9000 X122.243 Y105.273
G1 F1500 X121.642 Y104.672 E657.95783
G0 F9000 X121.643 Y102.367
G1 F1500 X122.243 Y101.768 E657.98603
G0 F9000 X122.243 Y101.879
G1 F1500 X121.642 Y101.278 E658.0143
G0 F9000 X121.643 Y98.973
G1 F1500 X122.243 Y98.374 E658.04249
G0 F9000 X122.243 Y98.485
G1 F1500 X121.642 Y97.884 E658.07076
G0 F9000 X121.643 Y95.579
G1 F1500 X122.243 Y94.979 E658.09899
G0 F9000 X122.243 Y95.091
G1 F1500 X121.642 Y94.489 E658.12728
G0 F9000 X121.643 Y92.185
G1 F1500 X122.062 Y91.766 E658.14699
G1 F2400 E657.34699
;MESH:1x_1xm_pusher.stl
G0 F9000 X120.43 Y92.181
G0 X120.244 Y92.367
;TYPE:WALL-INNER
G1 F2400 E658.14699
G1 X120.244 Y126.363 E659.2777
G1 X120.244 Y127.547 E659.31708
G1 X120.151 Y127.561 E659.32021
G1 X119.852 Y126.416 E659.34464
G1 X117.724 Y118.292 E659.62396
G1 X107.014 Y118.292 E659.98017
G1 X95.205 Y109.941 E660.46123
G1 X93.282 Y106.658 E660.58778
G1 X93.282 Y97.077 E660.90644
G1 X99.823 Y92.452 E661.17289
G1 X100.434 Y92.367 E661.19341
G1 X120.244 Y92.367 E661.85229
G0 F9000 X120.644 Y91.967
;TYPE:WALL-OUTER
G1 F2400 X120.644 Y127.893 E663.04719
G1 X119.855 Y128.009 E663.07372
G1 X117.415 Y118.692 E663.39405
G1 X106.886 Y118.692 E663.74425
G1 X94.904 Y110.219 E664.23235
G1 X92.882 Y106.766 E664.36543
G1 X92.882 Y96.87 E664.69458
G1 X99.64 Y92.091 E664.96987
G1 X99.69 Y92.067 E664.97172
G1 X100.408 Y91.967 E664.99583
G1 X120.644 Y91.967 E665.66888
G0 F9000 X120.374 Y92.237
G0 X120.083 Y97.362
;TYPE:FILL
G1 F4800 X93.441 Y104.501 E666.58626
G0 F9000 X94.006 Y107.577
G1 F4800 X98.508 Y112.079 E666.79802
G0 F9000 X95.193 Y109.603
G1 F4800 X99.716 Y92.722 E667.37929
G0 F9000 X97.611 Y94.212
G1 F4800 X120.083 Y116.683 E668.43628
G0 F9000 X117.754 Y118.132
G1 F4800 X120.083 Y109.441 E668.73554
G0 F9000 X120.082 Y109.786
G1 F4800 X102.083 Y114.609 E669.35531
G0 F9000 X105.607 Y117.1
G1 F4800 X112.192 Y92.526 E670.20148
G0 F9000 X112.897 Y92.527
G1 F4800 X120.083 Y99.713 E670.53949
G0 F9000 X120.082 Y122.209
G1 F4800 X118.991 Y122.501 E670.57705
G0 F9000 X119.875 Y124.966
G0 X119.971 Y125.063
;TYPE:SKIN
G1 F1500 X119.871 Y125.245 E670.58224
G1 X120.016 Y126.239 E670.60736
G0 F9000 X120.044 Y126.282
G1 F2400 E669.80736
;MESH:NONMESH
G0 F300 X120.044 Y126.282 Z3.6
G0 F9000 X120.134 Y126.282
G0 X120.43 Y92.181
G0 X122.644 Y91.967
;TIME_ELAPSED:818.149967
;LAYER:17
;TYPE:SUPPORT
G1 F2400 E670.60736
G1 X130.245 Y91.967 E670.86017
G1 X130.245 Y113.51 E671.57669
G1 X130.242 Y113.564 E671.57849
G1 X130.233 Y113.619 E671.58035
G1 X130.044 Y114.293 E671.60363
G1 X130.044 Y114.871 E671.62285
G1 X129.845 Y115.444 E671.64303
G1 X129.844 Y115.934 E671.65932
G1 X129.645 Y116.353 E671.67475
G1 X129.645 Y116.755 E671.68812
G1 X129.445 Y117.123 E671.70205
G1 X129.445 Y117.453 E671.71303
G1 X129.394 Y117.536 E671.71627
G1 X129.394 Y117.561 E671.7171
G1 X129.249 Y118.103 E671.73576
G1 X129.214 Y118.15 E671.73771
G1 X129.059 Y118.629 E671.75446
G1 X129.025 Y118.674 E671.75633
G1 X129.016 Y118.692 E671.757
G1 X128.832 Y119.237 E671.77613
G1 X128.818 Y119.254 E671.77687
G1 X128.621 Y119.767 E671.79514
G1 X128.593 Y119.806 E671.79674
G1 X128.453 Y120.153 E671.80918
G1 X128.394 Y120.211 E671.81194
G1 X128.24 Y120.592 E671.8256
G1 X128.181 Y120.654 E671.82845
G1 X128.047 Y120.98 E671.84017
G1 X128.008 Y121.014 E671.8419
G1 X127.862 Y121.331 E671.8535
G1 X127.78 Y121.401 E671.85709
G1 X127.639 Y121.727 E671.8689
G1 X127.573 Y121.788 E671.87189
G1 X127.553 Y121.827 E671.87335
G1 X127.446 Y122.06 E671.88188
G1 X127.376 Y122.11 E671.88474
G1 X127.359 Y122.143 E671.88597
G1 X127.295 Y122.239 E671.88981
G1 X127.305 Y122.257 E671.8905
G1 X127.232 Y122.409 E671.8961
G1 X127.157 Y122.469 E671.8993
G1 X127.038 Y122.709 E671.90821
G1 X126.944 Y122.779 E671.91211
G1 X126.832 Y123.006 E671.92053
G1 X126.769 Y123.05 E671.92308
G1 X126.749 Y123.094 E671.92469
G1 X126.644 Y123.289 E671.93205
G1 X126.556 Y123.351 E671.93564
G1 X126.45 Y123.551 E671.94316
G1 X126.344 Y123.619 E671.94735
G1 X126.322 Y123.664 E671.94902
G1 X126.247 Y123.803 E671.95427
G1 X126.146 Y123.863 E671.95818
G1 X126.053 Y124.039 E671.9648
G1 X125.943 Y124.102 E671.96902
G1 X125.835 Y124.3 E671.97652
G1 X125.748 Y124.344 E671.97976
G1 X125.639 Y124.532 E671.98699
G1 X125.526 Y124.601 E671.99139
G1 X125.45 Y124.721 E671.99612
G1 X125.336 Y124.779 E672.00037
G1 X125.302 Y124.83 E672.00241
G1 X125.229 Y124.95 E672.00708
G1 X125.138 Y125 E672.01053
G1 X125.043 Y125.15 E672.01644
G1 X124.922 Y125.209 E672.02092
G1 X124.842 Y125.337 E672.02594
G1 X124.731 Y125.388 E672.03
G1 X124.651 Y125.515 E672.03499
G1 X124.518 Y125.569 E672.03977
G1 X124.427 Y125.713 E672.04543
G1 X124.34 Y125.751 E672.04859
G1 X124.289 Y125.801 E672.05097
G1 X124.24 Y125.878 E672.054
G1 X124.138 Y125.921 E672.05768
G1 X124.128 Y125.931 E672.05815
G1 X124.112 Y125.939 E672.05875
G1 X124.046 Y126.034 E672.0626
G1 X123.9 Y126.091 E672.06781
G1 X123.835 Y126.189 E672.07172
G1 X123.719 Y126.233 E672.07585
G1 X123.638 Y126.347 E672.0805
G1 X123.509 Y126.394 E672.08506
G1 X123.443 Y126.488 E672.08888
G1 X123.31 Y126.535 E672.09358
G1 X123.254 Y126.613 E672.09677
G1 X123.09 Y126.662 E672.10246
G1 X123.077 Y126.68 E672.1032
G1 X123.066 Y126.685 E672.1036
G1 X123.017 Y126.756 E672.10647
G1 X122.975 Y126.769 E672.10793
G1 X122.91 Y126.769 E672.1101
G1 X122.891 Y126.795 E672.11117
G1 X122.877 Y126.799 E672.11165
G1 X122.853 Y126.847 E672.11344
G1 X122.836 Y126.87 E672.11439
G1 X122.769 Y126.892 E672.11673
G1 X122.707 Y126.892 E672.1188
G1 X122.687 Y126.919 E672.11991
G1 X122.682 Y126.92 E672.12008
G1 X122.632 Y126.99 E672.12294
G1 X122.484 Y127.032 E672.12806
G1 X122.428 Y127.107 E672.13117
G1 X122.319 Y127.137 E672.13493
G1 X122.315 Y127.141 E672.13512
G1 X122.293 Y127.148 E672.13589
G1 X122.233 Y127.226 E672.13916
G1 X122.091 Y127.263 E672.14404
G1 X122.045 Y127.321 E672.14651
G1 X122.044 Y123.023 E672.28946
G1 X122.013 Y122.767 E672.29803
G1 X122.004 Y122.611 E672.30323
G1 X122.045 Y122.377 E672.31113
G1 X122.045 Y121.599 E672.33701
G1 X122.247 Y121.573 E672.34378
G1 X122.644 Y121.119 E672.36384
G1 X122.644 Y91.967 E673.33344
G0 F9000 X124 Y92.327
G1 F2400 X123.004 Y92.327 E673.36657
G1 X123.004 Y121.254 E674.32869
G1 X122.428 Y121.913 E674.3578
G1 X122.405 Y121.916 E674.35857
G1 X122.405 Y122.408 E674.37493
G1 X122.366 Y122.631 E674.38246
G1 X122.371 Y122.724 E674.38556
G1 X122.404 Y123.001 E674.39484
G1 X122.405 Y126.68 E674.5172
G1 X122.412 Y126.679 E674.51744
G1 X122.474 Y126.59 E674.52104
G1 X122.483 Y126.589 E674.52134
G1 X122.525 Y126.532 E674.5237
G1 X122.607 Y126.532 E674.52643
G1 X122.625 Y126.496 E674.52777
G1 X122.673 Y126.483 E674.52942
G1 X122.726 Y126.409 E674.53245
G1 X122.82 Y126.409 E674.53557
G1 X122.827 Y126.399 E674.53598
G1 X122.841 Y126.393 E674.53649
G1 X122.871 Y126.352 E674.53818
G1 X123.033 Y126.304 E674.5438
G1 X123.083 Y126.233 E674.54668
G1 X123.215 Y126.186 E674.55134
G1 X123.279 Y126.095 E674.55504
G1 X123.409 Y126.048 E674.55964
G1 X123.488 Y125.936 E674.5642
G1 X123.598 Y125.894 E674.56812
G1 X123.663 Y125.797 E674.572
G1 X123.813 Y125.739 E674.57735
G1 X123.869 Y125.657 E674.58065
G1 X123.914 Y125.636 E674.5823
G1 X123.93 Y125.618 E674.5831
G1 X123.997 Y125.589 E674.58553
G1 X124 Y125.585 E674.5857
G1 X124 Y92.327 E675.69186
G1 X126 Y92.327 E675.75839
G1 X126 Y123.502 E676.79527
G0 F9000 X126.001 Y123.5
G1 F2400 X126.065 Y123.37 E676.80009
G1 X126.176 Y123.299 E676.80447
G1 X126.279 Y123.106 E676.81175
G1 X126.367 Y123.044 E676.81533
G1 X126.429 Y122.929 E676.81967
G1 X126.483 Y122.811 E676.82399
G1 X126.549 Y122.765 E676.82667
G1 X126.66 Y122.541 E676.83498
G1 X126.753 Y122.473 E676.83881
G1 X126.869 Y122.237 E676.84756
G1 X126.878 Y122.23 E676.84794
G1 X126.874 Y122.223 E676.84821
G1 X127.047 Y121.963 E676.85859
G1 X127.096 Y121.867 E676.86218
G1 X127.16 Y121.822 E676.86478
G1 X127.229 Y121.671 E676.8703
G1 X127.281 Y121.567 E676.87417
G1 X127.338 Y121.515 E676.87674
G1 X127.483 Y121.181 E676.88885
G1 X127.568 Y121.108 E676.89257
G1 X127.713 Y120.792 E676.90414
G1 X127.746 Y120.764 E676.90558
G1 X127.873 Y120.454 E676.91672
G1 X127.934 Y120.391 E676.91963
G1 X128 Y120.227 E676.92551
G1 X128 Y92.327 E677.85347
G1 X129.885 Y92.327 E677.91617
G1 X129.885 Y113.487 E678.61995
G1 X129.881 Y113.54 E678.62172
G1 X129.684 Y114.243 E678.646
G1 X129.684 Y114.811 E678.66489
G1 X129.485 Y115.383 E678.68504
G1 X129.484 Y115.851 E678.7006
G1 X129.285 Y116.272 E678.71609
G1 X129.285 Y116.662 E678.72906
G1 X129.085 Y117.031 E678.74302
G1 X129.085 Y117.351 E678.75367
G1 X129.034 Y117.433 E678.75688
G1 X129.034 Y117.513 E678.75954
G1 X128.919 Y117.944 E678.77438
G1 X128.89 Y117.982 E678.77597
G1 X128.737 Y118.458 E678.79259
G1 X128.717 Y118.483 E678.79366
G1 X128.683 Y118.554 E678.79628
G1 X128.512 Y119.059 E678.81401
G1 X128.504 Y119.069 E678.81444
G1 X128.299 Y119.598 E678.83331
G1 X128.275 Y119.633 E678.83472
G1 X128.148 Y119.948 E678.84601
G1 X128.088 Y120.007 E678.84881
G1 X128 Y120.227 E678.85669
G0 F9000 X122.443 Y119.049
;TYPE:SUPPORT-INTERFACE
G1 F1500 X121.843 Y118.449 E678.88492
G0 F9000 X122.443 Y118.538
G1 F1500 X121.844 Y119.137 E678.91309
G0 F9000 X121.844 Y115.743
G1 F1500 X122.443 Y115.144 E678.94127
G0 F9000 X122.443 Y115.655
G1 F1500 X121.843 Y115.055 E678.96949
G0 F9000 X121.844 Y112.349
G1 F1500 X122.443 Y111.75 E678.99766
G0 F9000 X122.443 Y112.26
G1 F1500 X121.843 Y111.661 E679.02586
G0 F9000 X121.844 Y108.955
G1 F1500 X122.443 Y108.356 E679.05404
G0 F9000 X122.443 Y108.866
G1 F1500 X121.843 Y108.267 E679.08224
G0 F9000 X121.843 Y105.561
G1 F1500 X122.443 Y104.962 E679.11043
G0 F9000 X122.443 Y105.472
G1 F1500 X121.842 Y104.872 E679.13868
G0 F9000 X121.843 Y102.167
G1 F1500 X122.443 Y101.568 E679.16688
G0 F9000 X122.443 Y102.078
G1 F1500 X121.842 Y101.478 E679.19512
G0 F9000 X121.843 Y98.773
G1 F1500 X122.443 Y98.173 E679.22335
G0 F9000 X122.443 Y98.684
G1 F1500 X121.842 Y98.084 E679.25159
G0 F9000 X121.843 Y95.379
G1 F1500 X122.443 Y94.779 E679.27981
G0 F9000 X122.443 Y95.29
G1 F1500 X121.842 Y94.69 E679.30806
G0 F9000 X121.843 Y91.985
G1 F1500 X122.062 Y91.766 E679.31836
G0 F9000 X122.314 Y91.767
G1 F1500 X122.443 Y91.896 E679.32443
G1 F2400 E678.52443
;MESH:1x_1xm_pusher.stl
G0 F9000 X120.63 Y92.181
G0 X120.444 Y92.367
;TYPE:WALL-INNER
G1 F2400 E679.32443
G1 X120.445 Y122.247 E680.31824
G1 X120.394 Y122.523 E680.32758
G1 X120.418 Y122.902 E680.34021
G1 X120.444 Y123.115 E680.34735
G1 X120.445 Y127.488 E680.49279
G1 X119.951 Y127.561 E680.5094
G1 X117.524 Y118.292 E680.82808
G1 X107.214 Y118.292 E681.17099
G1 X95.405 Y109.941 E681.65205
G1 X93.482 Y106.658 E681.7786
G1 X93.482 Y97.077 E682.09726
G1 X99.643 Y92.721 E682.34822
G1 X99.78 Y92.656 E682.35327
G1 X101.856 Y92.367 E682.42298
G1 X120.444 Y92.367 E683.04122
G0 F9000 X120.844 Y91.967
;TYPE:WALL-OUTER
G1 F2400 X120.845 Y122.281 E684.04947
G1 X120.796 Y122.547 E684.05846
G1 X120.816 Y122.865 E684.06906
G1 X120.844 Y123.089 E684.07657
G1 X120.845 Y127.824 E684.23406
G1 X120.545 Y127.878 E684.24419
G1 X119.655 Y128.009 E684.27411
G1 X117.215 Y118.692 E684.59445
G1 X107.086 Y118.692 E684.93134
G1 X95.104 Y110.219 E685.41944
G1 X93.082 Y106.766 E685.55253
G1 X93.082 Y96.87 E685.88167
G1 X99.44 Y92.374 E686.14067
G1 X99.662 Y92.269 E686.14884
G1 X101.83 Y91.967 E686.22164
G1 X120.844 Y91.967 E686.85405
G0 F9000 X120.574 Y92.237
G0 X120.282 Y97.455
;TYPE:FILL
G1 F4800 X93.641 Y104.593 E687.77139
G0 F9000 X94.206 Y107.577
G1 F4800 X98.708 Y112.079 E687.98315
G0 F9000 X102.377 Y114.676
G1 F4800 X120.283 Y109.878 E688.59971
G0 F9000 X120.284 Y108.146
G1 F4800 X117.608 Y118.132 E688.94357
G0 F9000 X120.284 Y116.685
G1 F4800 X97.811 Y94.212 E690.00063
G0 F9000 X99.489 Y93.023
G1 F4800 X95.155 Y109.197 E690.55756
G0 F9000 X105.516 Y116.894
G1 F4800 X112.046 Y92.525 E691.39667
G0 F9000 X113.096 Y92.527
G1 F4800 X120.284 Y99.714 E691.73474
G0 F9000 X120.271 Y122.305
G1 F4800 X118.84 Y122.688 E691.78402
G0 F9000 X120.151 Y126.487
G0 X120.032 Y126.605
;TYPE:SKIN
G1 F1500 X120.12 Y126.8 E691.79128
G1 X120.199 Y127.287 E691.80802
G0 F9000 X120.244 Y127.216
G1 F2400 E691.00802
;MESH:NONMESH
G0 F300 X120.244 Y127.216 Z3.8
G0 F9000 X120.63 Y92.181
G0 X122.844 Y91.967
;TIME_ELAPSED:840.523096
;LAYER:18
;TYPE:SUPPORT
G1 F2400 E691.80802
G1 X130.245 Y91.967 E692.05418
G1 X130.245 Y113.51 E692.7707
G1 X130.242 Y113.564 E692.7725
G1 X130.233 Y113.619 E692.77435
G1 X130.044 Y114.293 E692.79764
G1 X130.044 Y114.871 E692.81686
G1 X129.845 Y115.444 E692.83704
G1 X129.844 Y115.934 E692.85333
G1 X129.645 Y116.353 E692.86876
G1 X129.645 Y116.755 E692.88213
G1 X129.445 Y117.123 E692.89606
G1 X129.445 Y117.453 E692.90704
G1 X129.394 Y117.536 E692.91028
G1 X129.394 Y117.561 E692.91111
G1 X129.249 Y118.103 E692.92977
G1 X129.214 Y118.15 E692.93172
G1 X129.059 Y118.629 E692.94846
G1 X129.025 Y118.674 E692.95034
G1 X129.016 Y118.692 E692.95101
G1 X128.832 Y119.237 E692.97014
G1 X128.818 Y119.254 E692.97087
G1 X128.62 Y119.768 E692.98919
G1 X128.593 Y119.806 E692.99075
G1 X128.453 Y120.153 E693.00319
G1 X128.394 Y120.211 E693.00594
G1 X128.24 Y120.592 E693.01961
G1 X128.181 Y120.654 E693.02246
G1 X128.047 Y120.98 E693.03418
G1 X128.008 Y121.014 E693.0359
G1 X127.862 Y121.331 E693.04751
G1 X127.78 Y121.401 E693.05109
G1 X127.639 Y121.727 E693.06291
G1 X127.573 Y121.788 E693.0659
G1 X127.553 Y121.827 E693.06736
G1 X127.446 Y122.06 E693.07588
G1 X127.376 Y122.11 E693.07874
G1 X127.366 Y122.13 E693.07949
G1 X127.295 Y122.239 E693.08381
G1 X127.304 Y122.256 E693.08445
G1 X127.231 Y122.41 E693.09012
G1 X127.157 Y122.469 E693.09327
G1 X127.038 Y122.709 E693.10218
G1 X126.944 Y122.779 E693.10608
G1 X126.832 Y123.006 E693.1145
G1 X126.772 Y123.047 E693.11691
G1 X126.643 Y123.289 E693.12604
G1 X126.556 Y123.351 E693.12959
G1 X126.45 Y123.551 E693.13712
G1 X126.344 Y123.619 E693.14131
G1 X126.322 Y123.664 E693.14297
G1 X126.247 Y123.803 E693.14823
G1 X126.146 Y123.863 E693.15213
G1 X126.053 Y124.039 E693.15875
G1 X125.943 Y124.102 E693.16297
G1 X125.835 Y124.3 E693.17047
G1 X125.748 Y124.344 E693.17371
G1 X125.639 Y124.532 E693.18094
G1 X125.548 Y124.586 E693.18446
G1 X125.512 Y124.622 E693.18615
G1 X125.45 Y124.721 E693.19004
G1 X125.336 Y124.779 E693.19429
G1 X125.302 Y124.83 E693.19633
G1 X125.229 Y124.95 E693.201
G1 X125.138 Y125 E693.20446
G1 X125.046 Y125.146 E693.2102
G1 X124.92 Y125.207 E693.21485
G1 X124.837 Y125.339 E693.22004
G1 X124.731 Y125.389 E693.22394
G1 X124.651 Y125.515 E693.2289
G1 X124.518 Y125.569 E693.23368
G1 X124.427 Y125.712 E693.23931
G1 X124.342 Y125.749 E693.2424
G1 X124.289 Y125.801 E693.24487
G1 X124.24 Y125.878 E693.2479
G1 X124.138 Y125.921 E693.25158
G1 X124.128 Y125.931 E693.25205
G1 X124.112 Y125.939 E693.25265
G1 X124.046 Y126.034 E693.2565
G1 X123.9 Y126.09 E693.2617
G1 X123.835 Y126.189 E693.26564
G1 X123.719 Y126.233 E693.26976
G1 X123.638 Y126.347 E693.27441
G1 X123.509 Y126.394 E693.27898
G1 X123.443 Y126.488 E693.2828
G1 X123.31 Y126.535 E693.28749
G1 X123.254 Y126.613 E693.29069
G1 X123.09 Y126.662 E693.29638
G1 X123.077 Y126.68 E693.29712
G1 X123.066 Y126.685 E693.29752
G1 X123.017 Y126.756 E693.30039
G1 X122.975 Y126.769 E693.30185
G1 X122.91 Y126.769 E693.30401
G1 X122.891 Y126.795 E693.30508
G1 X122.877 Y126.799 E693.30557
G1 X122.853 Y126.847 E693.30735
G1 X122.836 Y126.87 E693.3083
G1 X122.769 Y126.892 E693.31065
G1 X122.707 Y126.892 E693.31271
G1 X122.687 Y126.919 E693.31383
G1 X122.682 Y126.92 E693.314
G1 X122.632 Y126.99 E693.31686
G1 X122.484 Y127.032 E693.32198
G1 X122.428 Y127.107 E693.32509
G1 X122.319 Y127.137 E693.32885
G1 X122.315 Y127.141 E693.32904
G1 X122.293 Y127.148 E693.32981
G1 X122.245 Y127.211 E693.33244
G1 X122.244 Y123.351 E693.46082
G1 X122.044 Y123.042 E693.47307
G1 X122.044 Y123.023 E693.4737
G1 X122.013 Y122.767 E693.48228
G1 X122.004 Y122.611 E693.48747
G1 X122.045 Y122.377 E693.49537
G1 X122.045 Y122.221 E693.50056
G1 X122.245 Y121.954 E693.51166
G1 X122.245 Y121.584 E693.52396
G1 X122.381 Y121.582 E693.52849
G1 X122.844 Y121.115 E693.55036
G1 X122.844 Y91.967 E694.51983
G0 F9000 X124 Y92.327
G1 F2400 X123.204 Y92.327 E694.5463
G1 X123.204 Y121.263 E695.50872
G1 X122.605 Y121.868 E695.53703
G1 X122.605 Y122.074 E695.54389
G1 X122.405 Y122.341 E695.55498
G1 X122.405 Y122.408 E695.55721
G1 X122.366 Y122.631 E695.56474
G1 X122.371 Y122.724 E695.56784
G1 X122.395 Y122.921 E695.57444
G1 X122.604 Y123.245 E695.58726
G1 X122.605 Y126.532 E695.69659
G0 F9000 X122.607 Y126.532
G1 F2400 X122.625 Y126.496 E695.69793
G1 X122.673 Y126.483 E695.69958
G1 X122.726 Y126.409 E695.70261
G1 X122.82 Y126.409 E695.70573
G1 X122.827 Y126.399 E695.70614
G1 X122.841 Y126.393 E695.70665
G1 X122.871 Y126.352 E695.70834
G1 X123.033 Y126.304 E695.71396
G1 X123.083 Y126.233 E695.71684
G1 X123.215 Y126.186 E695.7215
G1 X123.279 Y126.095 E695.72521
G1 X123.409 Y126.048 E695.7298
G1 X123.488 Y125.936 E695.73436
G1 X123.597 Y125.895 E695.73823
G1 X123.663 Y125.795 E695.74222
G1 X123.814 Y125.737 E695.7476
G1 X123.869 Y125.658 E695.7508
G1 X123.913 Y125.636 E695.75244
G1 X123.93 Y125.618 E695.75326
G1 X123.997 Y125.589 E695.75569
G1 X124 Y125.585 E695.75586
G1 X124 Y92.327 E696.86202
G1 X126 Y92.327 E696.92854
G1 X126 Y123.502 E697.96543
G0 F9000 X126.001 Y123.5
G1 F2400 X126.065 Y123.37 E697.97025
G1 X126.176 Y123.299 E697.97463
G1 X126.277 Y123.107 E697.98184
G1 X126.367 Y123.044 E697.9855
G1 X126.496 Y122.801 E697.99465
G1 X126.551 Y122.762 E697.99689
G1 X126.66 Y122.541 E698.00509
G1 X126.755 Y122.471 E698.00901
G1 X126.87 Y122.237 E698.01768
G1 X126.882 Y122.228 E698.01818
G1 X126.878 Y122.221 E698.01845
G1 X127.052 Y121.951 E698.02913
G1 X127.094 Y121.868 E698.03223
G1 X127.16 Y121.822 E698.0349
G1 X127.229 Y121.671 E698.04043
G1 X127.281 Y121.567 E698.04429
G1 X127.338 Y121.515 E698.04686
G1 X127.483 Y121.181 E698.05897
G1 X127.568 Y121.108 E698.0627
G1 X127.713 Y120.792 E698.07426
G1 X127.746 Y120.764 E698.0757
G1 X127.873 Y120.454 E698.08684
G1 X127.934 Y120.391 E698.08976
G1 X128 Y120.227 E698.09564
G1 X128 Y92.327 E699.0236
G1 X129.885 Y92.327 E699.08629
G1 X129.885 Y113.487 E699.79008
G1 X129.881 Y113.54 E699.79184
G1 X129.684 Y114.243 E699.81613
G1 X129.684 Y114.811 E699.83502
G1 X129.485 Y115.383 E699.85516
G1 X129.484 Y115.851 E699.87073
G1 X129.285 Y116.272 E699.88622
G1 X129.285 Y116.662 E699.89919
G1 X129.085 Y117.031 E699.91315
G1 X129.085 Y117.351 E699.92379
G1 X129.034 Y117.433 E699.927
G1 X129.034 Y117.513 E699.92966
G1 X128.919 Y117.944 E699.9445
G1 X128.89 Y117.982 E699.94609
G1 X128.737 Y118.458 E699.96272
G1 X128.717 Y118.483 E699.96378
G1 X128.683 Y118.554 E699.9664
G1 X128.512 Y119.059 E699.98413
G1 X128.504 Y119.069 E699.98456
G1 X128.301 Y119.595 E700.00331
G1 X128.275 Y119.631 E700.00479
G1 X128.147 Y119.949 E700.01619
G1 X128.088 Y120.007 E700.01894
G1 X128 Y120.227 E700.02682
G0 F9000 X122.643 Y119.249
;TYPE:SUPPORT-INTERFACE
G1 F1500 X122.043 Y118.649 E700.05505
G0 F9000 X122.043 Y118.938
G1 F1500 X122.643 Y118.338 E700.08327
G0 F9000 X122.643 Y115.855
G1 F1500 X122.043 Y115.255 E700.11149
G0 F9000 X122.043 Y115.544
G1 F1500 X122.643 Y114.944 E700.13971
G0 F9000 X122.643 Y112.461
G1 F1500 X122.043 Y111.861 E700.16793
G0 F9000 X122.043 Y112.149
G1 F1500 X122.643 Y111.55 E700.19613
G0 F9000 X122.643 Y109.066
G1 F1500 X122.043 Y108.467 E700.22433
G0 F9000 X122.043 Y108.755
G1 F1500 X122.643 Y108.156 E700.25253
G0 F9000 X122.643 Y105.672
G1 F1500 X122.043 Y105.073 E700.28073
G0 F9000 X122.043 Y105.361
G1 F1500 X122.643 Y104.762 E700.30893
G0 F9000 X122.643 Y102.278
G1 F1500 X122.043 Y101.679 E700.33713
G0 F9000 X122.043 Y101.967
G1 F1500 X122.643 Y101.367 E700.36535
G0 F9000 X122.643 Y98.884
G1 F1500 X122.043 Y98.285 E700.39355
G0 F9000 X122.043 Y98.573
G1 F1500 X122.643 Y97.973 E700.42177
G0 F9000 X122.643 Y95.49
G1 F1500 X122.043 Y94.89 E700.44999
G0 F9000 X122.043 Y95.179
G1 F1500 X122.643 Y94.579 E700.47821
G0 F9000 X122.643 Y92.096
G1 F1500 X122.313 Y91.766 E700.49374
G1 F2400 E699.69374
;MESH:1x_1xm_pusher.stl
G0 F9000 X120.83 Y92.181
G0 X120.644 Y92.367
;TYPE:WALL-INNER
G1 F2400 E700.49374
G1 X120.645 Y121.432 E701.46044
G1 X120.574 Y121.513 E701.46402
G1 X120.354 Y121.885 E701.4784
G1 X120.222 Y122.298 E701.49282
G1 X120.194 Y122.734 E701.50735
G1 X120.273 Y123.163 E701.52186
G1 X120.45 Y123.562 E701.53638
G1 X120.644 Y123.827 E701.5473
G1 X120.645 Y127.418 E701.66674
G1 X120.285 Y127.483 E701.67891
G1 X119.751 Y127.561 E701.69686
G1 X117.324 Y118.292 E702.01554
G1 X107.414 Y118.292 E702.34514
G1 X95.605 Y109.941 E702.8262
G1 X93.682 Y106.658 E702.95275
G1 X93.682 Y97.077 E703.27141
G1 X99.443 Y93.004 E703.50608
G1 X99.751 Y92.858 E703.51741
G1 X103.279 Y92.367 E703.63588
G1 X120.644 Y92.367 E704.21345
G0 F9000 X121.044 Y91.967
;TYPE:WALL-OUTER
G1 F2400 X121.045 Y121.584 E705.19851
G1 X120.899 Y121.749 E705.20584
G1 X120.721 Y122.05 E705.21747
G1 X120.618 Y122.373 E705.22875
G1 X120.596 Y122.71 E705.23998
G1 X120.658 Y123.044 E705.25128
G1 X120.798 Y123.36 E705.26277
G1 X121.007 Y123.645 E705.27453
G1 X121.044 Y123.684 E705.27632
G1 X121.045 Y127.753 E705.41165
G1 X120.353 Y127.877 E705.43503
G1 X119.455 Y128.009 E705.46522
G1 X117.015 Y118.692 E705.78556
G1 X107.286 Y118.692 E706.10915
G1 X95.304 Y110.219 E706.59724
G1 X93.282 Y106.766 E706.73033
G1 X93.282 Y96.87 E707.05948
G1 X99.24 Y92.657 E707.30218
G1 X99.634 Y92.471 E707.31667
G1 X103.253 Y91.967 E707.4382
G1 X121.044 Y91.967 E708.02993
G0 F9000 X120.774 Y92.237
G0 X120.482 Y97.548
;TYPE:FILL
G1 F4800 X93.841 Y104.687 E708.94727
G0 F9000 X94.405 Y107.575
G1 F4800 X98.911 Y112.082 E709.15925
G0 F9000 X102.673 Y114.743
G1 F4800 X120.483 Y109.971 E709.7725
G0 F9000 X120.484 Y106.851
G1 F4800 X117.454 Y118.157 E710.16181
G0 F9000 X120.485 Y116.685
G1 F4800 X98.012 Y94.212 E711.21887
G0 F9000 X99.26 Y93.328
G1 F4800 X95.117 Y108.791 E711.75132
G0 F9000 X105.425 Y116.688
G1 F4800 X111.899 Y92.526 E712.5833
G0 F9000 X113.297 Y92.527
G1 F4800 X120.483 Y99.713 E712.9213
G0 F9000 X120.047 Y122.511
G1 F4800 X118.689 Y122.875 E712.96806
G0 F9000 X118.728 Y122.867
G1 F2400 E712.16806
;MESH:NONMESH
G0 F300 X118.728 Y122.867 Z4
G0 F9000 X120.83 Y92.181
G0 X123.044 Y91.967
;TIME_ELAPSED:862.597503
;LAYER:19
;TYPE:SUPPORT
G1 F2400 E712.96806
G1 X130.245 Y91.967 E713.20757
G1 X130.245 Y113.51 E713.92409
G1 X130.242 Y113.564 E713.92589
G1 X130.233 Y113.619 E713.92775
G1 X130.044 Y114.293 E713.95103
G1 X130.044 Y114.871 E713.97025
G1 X129.845 Y115.444 E713.99043
G1 X129.844 Y115.934 E714.00672
G1 X129.645 Y116.353 E714.02215
G1 X129.645 Y116.755 E714.03552
G1 X129.445 Y117.123 E714.04945
G1 X129.445 Y117.453 E714.06043
G1 X129.394 Y117.536 E714.06367
G1 X129.394 Y117.561 E714.0645
G1 X129.249 Y118.103 E714.08316
G1 X129.214 Y118.15 E714.08511
G1 X129.059 Y118.629 E714.10186
G1 X129.025 Y118.674 E714.10373
G1 X129.016 Y118.692 E714.1044
G1 X128.834 Y119.23 E714.12329
G1 X128.819 Y119.248 E714.12407
G1 X128.623 Y119.76 E714.1423
G1 X128.594 Y119.8 E714.14395
G1 X128.454 Y120.152 E714.15655
G1 X128.394 Y120.211 E714.15935
G1 X128.24 Y120.592 E714.17301
G1 X128.181 Y120.654 E714.17586
G1 X128.047 Y120.98 E714.18758
G1 X128.008 Y121.014 E714.18931
G1 X127.862 Y121.331 E714.20091
G1 X127.78 Y121.401 E714.2045
G1 X127.639 Y121.727 E714.21631
G1 X127.573 Y121.788 E714.2193
G1 X127.553 Y121.827 E714.22076
G1 X127.446 Y122.06 E714.22929
G1 X127.376 Y122.11 E714.23215
G1 X127.36 Y122.143 E714.23337
G1 X127.354 Y122.151 E714.2337
G1 X127.231 Y122.409 E714.24321
G1 X127.158 Y122.468 E714.24633
G1 X127.038 Y122.709 E714.25528
G1 X126.944 Y122.779 E714.25918
G1 X126.832 Y123.006 E714.2676
G1 X126.772 Y123.047 E714.27002
G1 X126.643 Y123.289 E714.27914
G1 X126.556 Y123.351 E714.28269
G1 X126.45 Y123.551 E714.29022
G1 X126.344 Y123.619 E714.29441
G1 X126.322 Y123.664 E714.29608
G1 X126.247 Y123.803 E714.30133
G1 X126.146 Y123.863 E714.30524
G1 X126.053 Y124.039 E714.31186
G1 X125.943 Y124.102 E714.31607
G1 X125.835 Y124.3 E714.32357
G1 X125.748 Y124.344 E714.32682
G1 X125.642 Y124.528 E714.33388
G1 X125.526 Y124.597 E714.33837
G1 X125.45 Y124.721 E714.34321
G1 X125.336 Y124.779 E714.34746
G1 X125.302 Y124.83 E714.3495
G1 X125.229 Y124.95 E714.35417
G1 X125.138 Y125 E714.35762
G1 X125.046 Y125.146 E714.36336
G1 X124.92 Y125.207 E714.36802
G1 X124.837 Y125.339 E714.37321
G1 X124.731 Y125.389 E714.3771
G1 X124.65 Y125.515 E714.38209
G1 X124.518 Y125.57 E714.38684
G1 X124.43 Y125.71 E714.39234
G1 X124.412 Y125.718 E714.393
G1 X124.373 Y125.718 E714.39429
G1 X124.344 Y125.747 E714.39566
G1 X124.312 Y125.761 E714.39682
G1 X124.295 Y125.795 E714.39808
G1 X124.289 Y125.801 E714.39837
G1 X124.24 Y125.878 E714.4014
G1 X124.138 Y125.921 E714.40508
G1 X124.128 Y125.931 E714.40555
G1 X124.112 Y125.939 E714.40615
G1 X124.049 Y126.029 E714.4098
G1 X123.916 Y126.082 E714.41457
G1 X123.911 Y126.088 E714.41482
G1 X123.898 Y126.094 E714.4153
G1 X123.835 Y126.189 E714.41909
G1 X123.719 Y126.233 E714.42322
G1 X123.638 Y126.347 E714.42787
G1 X123.509 Y126.394 E714.43244
G1 X123.443 Y126.488 E714.43626
G1 X123.31 Y126.535 E714.44095
G1 X123.254 Y126.613 E714.44414
G1 X123.09 Y126.662 E714.44984
G1 X123.077 Y126.68 E714.45057
G1 X123.066 Y126.685 E714.45098
G1 X123.017 Y126.756 E714.45384
G1 X122.975 Y126.769 E714.45531
G1 X122.91 Y126.769 E714.45747
G1 X122.891 Y126.795 E714.45854
G1 X122.877 Y126.799 E714.45902
G1 X122.853 Y126.847 E714.46081
G1 X122.836 Y126.87 E714.46176
G1 X122.769 Y126.892 E714.46411
G1 X122.707 Y126.892 E714.46617
G1 X122.687 Y126.919 E714.46729
G1 X122.682 Y126.92 E714.46746
G1 X122.632 Y126.99 E714.47032
G1 X122.484 Y127.032 E714.47543
G1 X122.444 Y127.086 E714.47767
G1 X122.444 Y123.713 E714.58985
G1 X122.166 Y123.187 E714.60964
G1 X122.116 Y123.153 E714.61165
G1 X122.044 Y123.042 E714.61605
G1 X122.044 Y123.023 E714.61669
G1 X122.013 Y122.767 E714.62526
G1 X122.004 Y122.611 E714.63046
G1 X122.045 Y122.377 E714.63836
G1 X122.045 Y122.221 E714.64355
G1 X122.136 Y122.099 E714.64861
G1 X122.162 Y122.082 E714.64965
G1 X122.192 Y122.024 E714.65182
G1 X122.245 Y121.954 E714.65474
G1 X122.245 Y121.925 E714.6557
G1 X122.408 Y121.62 E714.6672
G1 X122.512 Y121.631 E714.67068
G1 X123.044 Y121.157 E714.69438
G1 X123.044 Y91.967 E715.66525
G0 F9000 X124 Y92.327
G1 F2400 X123.404 Y92.327 E715.68507
G1 X123.404 Y121.319 E716.64935
G1 X122.633 Y122.005 E716.68367
G1 X122.611 Y122.003 E716.68441
G1 X122.605 Y122.013 E716.68479
G1 X122.605 Y122.075 E716.68686
G1 X122.5 Y122.213 E716.69262
G1 X122.437 Y122.333 E716.69713
G1 X122.405 Y122.353 E716.69839
G1 X122.405 Y122.408 E716.70022
G1 X122.366 Y122.631 E716.70774
G1 X122.371 Y122.724 E716.71084
G1 X122.393 Y122.906 E716.71694
G1 X122.443 Y122.939 E716.71893
G1 X122.804 Y123.623 E716.74466
G1 X122.804 Y126.409 E716.83732
G1 X122.82 Y126.409 E716.83785
G1 X122.827 Y126.399 E716.83826
G1 X122.841 Y126.393 E716.83876
G1 X122.871 Y126.352 E716.84045
G1 X123.033 Y126.304 E716.84607
G1 X123.083 Y126.233 E716.84896
G1 X123.215 Y126.186 E716.85362
G1 X123.279 Y126.095 E716.85732
G1 X123.409 Y126.048 E716.86192
G1 X123.488 Y125.936 E716.86648
G1 X123.598 Y125.894 E716.87039
G1 X123.655 Y125.809 E716.8738
G1 X123.685 Y125.795 E716.8749
G1 X123.696 Y125.782 E716.87547
G1 X123.815 Y125.734 E716.87973
G1 X123.87 Y125.657 E716.88288
G1 X123.913 Y125.636 E716.88447
G1 X123.93 Y125.618 E716.8853
G1 X123.995 Y125.59 E716.88765
G1 X124 Y125.58 E716.88802
G1 X124 Y92.327 E717.99402
G1 X126 Y92.327 E718.06054
G1 X126 Y123.502 E719.09743
G0 F9000 X126.001 Y123.5
G1 F2400 X126.065 Y123.37 E719.10225
G1 X126.176 Y123.299 E719.10663
G1 X126.277 Y123.107 E719.11384
G1 X126.367 Y123.044 E719.1175
G1 X126.496 Y122.801 E719.12665
G1 X126.551 Y122.762 E719.12889
G1 X126.66 Y122.541 E719.13709
G1 X126.755 Y122.471 E719.14101
G1 X126.87 Y122.237 E719.14968
G1 X126.942 Y122.179 E719.15276
G1 X127.039 Y121.976 E719.16024
G1 X127.094 Y121.869 E719.16424
G1 X127.16 Y121.822 E719.16694
G1 X127.229 Y121.671 E719.17246
G1 X127.281 Y121.567 E719.17633
G1 X127.338 Y121.515 E719.17889
G1 X127.483 Y121.181 E719.191
G1 X127.568 Y121.108 E719.19473
G1 X127.713 Y120.792 E719.20629
G1 X127.746 Y120.764 E719.20773
G1 X127.873 Y120.454 E719.21888
G1 X127.934 Y120.391 E719.22179
G1 X128 Y120.227 E719.22767
G1 X128 Y92.327 E720.15563
G1 X129.885 Y92.327 E720.21833
G1 X129.885 Y113.487 E720.92211
G1 X129.881 Y113.54 E720.92388
G1 X129.684 Y114.243 E720.94816
G1 X129.684 Y114.811 E720.96705
G1 X129.485 Y115.383 E720.9872
G1 X129.484 Y115.851 E721.00276
G1 X129.285 Y116.272 E721.01825
G1 X129.285 Y116.662 E721.03122
G1 X129.085 Y117.031 E721.04518
G1 X129.085 Y117.351 E721.05582
G1 X129.034 Y117.433 E721.05904
G1 X129.034 Y117.513 E721.0617
G1 X128.919 Y117.944 E721.07653
G1 X128.89 Y117.982 E721.07812
G1 X128.737 Y118.458 E721.09475
G1 X128.717 Y118.483 E721.09582
G1 X128.683 Y118.554 E721.09844
G1 X128.516 Y119.049 E721.11581
G1 X128.505 Y119.061 E721.11635
G1 X128.304 Y119.586 E721.13505
G1 X128.276 Y119.625 E721.13665
G1 X128.146 Y119.95 E721.14829
G1 X128.088 Y120.008 E721.15102
G1 X128 Y120.227 E721.15887
G0 F9000 X122.843 Y119.449
;TYPE:SUPPORT-INTERFACE
G1 F1500 X122.243 Y118.849 E721.18709
G0 F9000 X122.244 Y118.737
G1 F1500 X122.842 Y118.139 E721.21522
G0 F9000 X122.843 Y116.055
G1 F1500 X122.243 Y115.455 E721.24344
G0 F9000 X122.244 Y115.343
G1 F1500 X122.842 Y114.745 E721.27157
G0 F9000 X122.843 Y112.661
G1 F1500 X122.243 Y112.061 E721.29979
G0 F9000 X122.244 Y111.949
G1 F1500 X122.842 Y111.35 E721.32794
G0 F9000 X122.843 Y109.267
G1 F1500 X122.243 Y108.667 E721.35616
G0 F9000 X122.244 Y108.555
G1 F1500 X122.842 Y107.956 E721.38432
G0 F9000 X122.843 Y105.872
G1 F1500 X122.243 Y105.272 E721.41254
G0 F9000 X122.243 Y105.161
G1 F1500 X122.842 Y104.562 E721.44071
G0 F9000 X122.843 Y102.478
G1 F1500 X122.243 Y101.878 E721.46893
G0 F9000 X122.243 Y101.767
G1 F1500 X122.842 Y101.168 E721.49711
G0 F9000 X122.843 Y99.084
G1 F1500 X122.243 Y98.484 E721.52533
G0 F9000 X122.243 Y98.373
G1 F1500 X122.842 Y97.774 E721.55351
G0 F9000 X122.843 Y95.69
G1 F1500 X122.243 Y95.09 E721.58173
G0 F9000 X122.243 Y94.979
G1 F1500 X122.842 Y94.38 E721.6099
G0 F9000 X122.843 Y92.296
G1 F1500 X122.313 Y91.766 E721.63483
G1 F2400 E720.83483
;MESH:1x_1xm_pusher.stl
G0 F9000 X121.03 Y92.181
G0 X120.844 Y92.367
;TYPE:WALL-INNER
G1 F2400 E721.63483
G1 X120.845 Y121.038 E722.58844
G1 X120.589 Y121.261 E722.59973
G1 X120.314 Y121.596 E722.61414
G1 X120.115 Y121.98 E722.62853
G1 X120.006 Y122.399 E722.64293
G1 X120.003 Y122.835 E722.65743
G1 X120.105 Y123.258 E722.6719
G1 X120.302 Y123.649 E722.68646
G1 X120.579 Y123.99 E722.70108
G1 X120.844 Y124.223 E722.71281
G1 X120.844 Y127.346 E722.81668
G1 X120.084 Y127.483 E722.84237
G1 X119.551 Y127.561 E722.86029
G1 X117.124 Y118.292 E723.17897
G1 X107.614 Y118.292 E723.49527
G1 X95.805 Y109.941 E723.97633
G1 X93.882 Y106.658 E724.10287
G1 X93.882 Y97.078 E724.42151
G1 X99.243 Y93.287 E724.63989
G1 X99.723 Y93.06 E724.65755
G1 X104.702 Y92.367 E724.82475
G1 X120.844 Y92.367 E725.36163
G0 F9000 X121.244 Y91.967
;TYPE:WALL-OUTER
G1 F2400 X121.245 Y121.251 E726.33562
G1 X121.09 Y121.355 E726.34183
G1 X120.877 Y121.541 E726.35124
G1 X120.65 Y121.817 E726.36312
G1 X120.491 Y122.124 E726.37462
G1 X120.406 Y122.452 E726.38589
G1 X120.403 Y122.789 E726.3971
G1 X120.483 Y123.119 E726.4084
G1 X120.64 Y123.431 E726.42001
G1 X120.868 Y123.712 E726.43205
G1 X121.084 Y123.902 E726.44162
G1 X121.244 Y124.011 E726.44805
G1 X121.244 Y127.679 E726.57005
G1 X121.172 Y127.694 E726.5725
G1 X120.152 Y127.877 E726.60697
G1 X119.255 Y128.009 E726.63712
G1 X116.815 Y118.692 E726.95746
G1 X107.486 Y118.692 E727.26774
G1 X95.504 Y110.219 E727.75584
G1 X93.482 Y106.766 E727.88893
G1 X93.482 Y96.87 E728.21807
G1 X99.04 Y92.94 E728.44447
G1 X99.606 Y92.673 E728.46529
G1 X104.676 Y91.967 E728.63554
G1 X121.244 Y91.967 E729.1866
G0 F9000 X120.974 Y92.237
G0 X120.683 Y97.64
;TYPE:FILL
G1 F4800 X94.042 Y104.779 E730.10394
G0 F9000 X94.605 Y107.577
G1 F4800 X99.108 Y112.079 E730.31573
G0 F9000 X102.968 Y114.81
G1 F4800 X120.682 Y110.064 E730.92568
G0 F9000 X120.683 Y105.561
G1 F4800 X117.281 Y118.259 E731.36291
G0 F9000 X120.684 Y116.685
G1 F4800 X98.212 Y94.212 E732.41995
G0 F9000 X99.033 Y93.631
G1 F4800 X95.08 Y108.386 E732.92801
G0 F9000 X105.334 Y116.482
G1 F4800 X111.753 Y92.525 E733.75293
G0 F9000 X113.497 Y92.527
G1 F4800 X120.684 Y99.714 E734.09098
G0 F9000 X119.842 Y122.712
G1 F4800 X118.538 Y123.062 E734.13589
G0 F9000 X118.577 Y123.054
G1 F2400 E733.33589
;MESH:NONMESH
G0 F300 X118.577 Y123.054 Z4.2
G0 F9000 X121.03 Y92.181
G0 X123.244 Y91.967
;TIME_ELAPSED:884.464424
;LAYER:20
;TYPE:SUPPORT
G1 F2400 E734.13589
G1 X130.245 Y91.967 E734.36874
G1 X130.245 Y113.51 E735.08526
G1 X130.242 Y113.564 E735.08706
G1 X130.233 Y113.619 E735.08892
G1 X130.044 Y114.293 E735.1122
G1 X130.044 Y114.871 E735.13142
G1 X129.845 Y115.444 E735.1516
G1 X129.844 Y115.934 E735.1679
G1 X129.645 Y116.353 E735.18332
G1 X129.645 Y116.755 E735.19669
G1 X129.445 Y117.123 E735.21062
G1 X129.445 Y117.453 E735.2216
G1 X129.394 Y117.536 E735.22484
G1 X129.394 Y117.561 E735.22567
G1 X129.249 Y118.103 E735.24433
G1 X129.214 Y118.15 E735.24628
G1 X129.059 Y118.629 E735.26303
G1 X129.025 Y118.674 E735.2649
G1 X129.016 Y118.692 E735.26557
G1 X128.836 Y119.224 E735.28425
G1 X128.821 Y119.242 E735.28503
G1 X128.626 Y119.753 E735.30322
G1 X128.595 Y119.795 E735.30496
G1 X128.454 Y120.152 E735.31773
G1 X128.394 Y120.211 E735.32052
G1 X128.24 Y120.592 E735.33419
G1 X128.181 Y120.654 E735.33704
G1 X128.047 Y120.98 E735.34876
G1 X128.008 Y121.014 E735.35048
G1 X127.862 Y121.331 E735.36209
G1 X127.78 Y121.401 E735.36568
G1 X127.639 Y121.727 E735.37749
G1 X127.573 Y121.788 E735.38048
G1 X127.553 Y121.827 E735.38194
G1 X127.446 Y122.06 E735.39047
G1 X127.376 Y122.11 E735.39333
G1 X127.367 Y122.127 E735.39397
G1 X127.328 Y122.166 E735.3958
G1 X127.328 Y122.205 E735.3971
G1 X127.231 Y122.409 E735.40461
G1 X127.158 Y122.468 E735.40773
G1 X127.038 Y122.709 E735.41669
G1 X126.944 Y122.779 E735.42059
G1 X126.832 Y123.006 E735.429
G1 X126.772 Y123.047 E735.43142
G1 X126.765 Y123.056 E735.4318
G1 X126.64 Y123.291 E735.44065
G1 X126.555 Y123.352 E735.44413
G1 X126.449 Y123.551 E735.45163
G1 X126.344 Y123.619 E735.45579
G1 X126.322 Y123.664 E735.45746
G1 X126.247 Y123.803 E735.46271
G1 X126.146 Y123.863 E735.46662
G1 X126.053 Y124.039 E735.47324
G1 X125.943 Y124.102 E735.47746
G1 X125.835 Y124.3 E735.48496
G1 X125.748 Y124.344 E735.4882
G1 X125.642 Y124.525 E735.49518
G1 X125.519 Y124.599 E735.49995
G1 X125.495 Y124.647 E735.50174
G1 X125.45 Y124.721 E735.50462
G1 X125.336 Y124.779 E735.50887
G1 X125.302 Y124.83 E735.51091
G1 X125.229 Y124.95 E735.51558
G1 X125.138 Y125 E735.51904
G1 X125.046 Y125.146 E735.52477
G1 X124.92 Y125.207 E735.52943
G1 X124.837 Y125.339 E735.53462
G1 X124.731 Y125.389 E735.53852
G1 X124.65 Y125.515 E735.5435
G1 X124.518 Y125.57 E735.54825
G1 X124.43 Y125.71 E735.55375
G1 X124.412 Y125.718 E735.55441
G1 X124.373 Y125.718 E735.55571
G1 X124.344 Y125.747 E735.55707
G1 X124.312 Y125.761 E735.55823
G1 X124.295 Y125.795 E735.5595
G1 X124.289 Y125.801 E735.55978
G1 X124.24 Y125.878 E735.56281
G1 X124.138 Y125.921 E735.5665
G1 X124.128 Y125.931 E735.56697
G1 X124.112 Y125.939 E735.56756
G1 X124.049 Y126.029 E735.57121
G1 X123.916 Y126.082 E735.57598
G1 X123.911 Y126.088 E735.57624
G1 X123.898 Y126.094 E735.57671
G1 X123.835 Y126.189 E735.5805
G1 X123.719 Y126.233 E735.58463
G1 X123.638 Y126.347 E735.58928
G1 X123.509 Y126.394 E735.59385
G1 X123.443 Y126.488 E735.59767
G1 X123.31 Y126.535 E735.60236
G1 X123.254 Y126.613 E735.60555
G1 X123.09 Y126.662 E735.61125
G1 X123.077 Y126.68 E735.61198
G1 X123.066 Y126.685 E735.61239
G1 X123.017 Y126.756 E735.61526
G1 X122.975 Y126.769 E735.61672
G1 X122.91 Y126.769 E735.61888
G1 X122.891 Y126.795 E735.61995
G1 X122.877 Y126.799 E735.62044
G1 X122.853 Y126.847 E735.62222
G1 X122.836 Y126.87 E735.62317
G1 X122.769 Y126.892 E735.62552
G1 X122.707 Y126.892 E735.62758
G1 X122.687 Y126.919 E735.6287
G1 X122.682 Y126.92 E735.62887
G1 X122.644 Y126.974 E735.63106
G1 X122.644 Y123.86 E735.73463
G1 X122.237 Y123.255 E735.75889
G1 X122.192 Y123.237 E735.7605
G1 X122.167 Y123.188 E735.76233
G1 X122.116 Y123.153 E735.76439
G1 X122.044 Y123.042 E735.76879
G1 X122.044 Y123.023 E735.76942
G1 X122.013 Y122.767 E735.77799
G1 X122.004 Y122.611 E735.78319
G1 X122.045 Y122.377 E735.79109
G1 X122.045 Y122.221 E735.79628
G1 X122.136 Y122.099 E735.80134
G1 X122.162 Y122.082 E735.80238
G1 X122.194 Y122.022 E735.80464
G1 X122.251 Y121.997 E735.80671
G1 X122.455 Y121.687 E735.81905
G1 X122.63 Y121.73 E735.82505
G1 X123.244 Y121.251 E735.85095
G1 X123.244 Y91.967 E736.82494
G0 F9000 X124 Y92.327
G1 F2400 X123.604 Y92.327 E736.83811
G1 X123.604 Y121.427 E737.80598
G1 X122.714 Y122.121 E737.84351
G1 X122.617 Y122.097 E737.84684
G1 X122.493 Y122.284 E737.8543
G1 X122.453 Y122.301 E737.85575
G1 X122.437 Y122.332 E737.85691
G1 X122.405 Y122.353 E737.85818
G1 X122.405 Y122.408 E737.86001
G1 X122.366 Y122.631 E737.86754
G1 X122.371 Y122.724 E737.87064
G1 X122.393 Y122.907 E737.87677
G1 X122.446 Y122.943 E737.8789
G1 X122.451 Y122.952 E737.87924
G1 X122.474 Y122.961 E737.88006
G1 X123.004 Y123.75 E737.91168
G1 X123.004 Y126.312 E737.99689
G1 X123.033 Y126.304 E737.99789
G1 X123.083 Y126.233 E738.00078
G1 X123.215 Y126.186 E738.00544
G1 X123.279 Y126.095 E738.00914
G1 X123.409 Y126.048 E738.01373
G1 X123.488 Y125.936 E738.01829
G1 X123.598 Y125.894 E738.02221
G1 X123.655 Y125.809 E738.02561
G1 X123.685 Y125.795 E738.02671
G1 X123.696 Y125.782 E738.02728
G1 X123.815 Y125.734 E738.03155
G1 X123.87 Y125.657 E738.0347
G1 X123.913 Y125.636 E738.03629
G1 X123.93 Y125.618 E738.03711
G1 X123.995 Y125.59 E738.03947
G1 X124 Y125.58 E738.03984
G1 X124 Y92.327 E739.14584
G1 X126 Y92.327 E739.21236
G1 X126 Y123.502 E740.24924
G0 F9000 X126.001 Y123.5
G1 F2400 X126.065 Y123.371 E740.25403
G1 X126.174 Y123.299 E740.25838
G1 X126.277 Y123.109 E740.26556
G1 X126.361 Y123.048 E740.26902
G1 X126.462 Y122.86 E740.27611
G1 X126.521 Y122.783 E740.27934
G1 X126.551 Y122.762 E740.28056
G1 X126.66 Y122.541 E740.28876
G1 X126.755 Y122.471 E740.29268
G1 X126.87 Y122.237 E740.30135
G1 X126.941 Y122.18 E740.30438
G1 X126.968 Y122.123 E740.30648
G1 X126.968 Y122.016 E740.31004
G1 X127.073 Y121.912 E740.31495
G1 X127.097 Y121.867 E740.31665
G1 X127.159 Y121.822 E740.3192
G1 X127.229 Y121.67 E740.32476
G1 X127.281 Y121.567 E740.3286
G1 X127.338 Y121.515 E740.33117
G1 X127.483 Y121.181 E740.34328
G1 X127.568 Y121.108 E740.347
G1 X127.713 Y120.792 E740.35857
G1 X127.746 Y120.764 E740.36001
G1 X127.873 Y120.454 E740.37115
G1 X127.934 Y120.391 E740.37407
G1 X128 Y120.227 E740.37995
G1 X128 Y92.327 E741.3079
G1 X129.885 Y92.327 E741.3706
G1 X129.885 Y113.487 E742.07438
G1 X129.881 Y113.54 E742.07615
G1 X129.684 Y114.243 E742.10043
G1 X129.684 Y114.811 E742.11933
G1 X129.485 Y115.383 E742.13947
G1 X129.484 Y115.851 E742.15503
G1 X129.285 Y116.272 E742.17052
G1 X129.285 Y116.662 E742.18349
G1 X129.085 Y117.031 E742.19745
G1 X129.085 Y117.351 E742.2081
G1 X129.034 Y117.433 E742.21131
G1 X129.034 Y117.513 E742.21397
G1 X128.919 Y117.944 E742.22881
G1 X128.89 Y117.982 E742.2304
G1 X128.737 Y118.458 E742.24703
G1 X128.717 Y118.483 E742.24809
G1 X128.683 Y118.554 E742.25071
G1 X128.516 Y119.047 E742.26802
G1 X128.506 Y119.059 E742.26854
G1 X128.308 Y119.579 E742.28705
G1 X128.278 Y119.619 E742.28871
G1 X128.147 Y119.949 E742.30052
G1 X128.088 Y120.007 E742.30327
G1 X128 Y120.227 E742.31115
G1 F2400 E741.51115
G0 F9000 X129.134 Y120.689
G0 X121.208 Y122.213
G0 X123.043 Y119.649
;TYPE:SUPPORT-INTERFACE
G1 F2400 E742.31115
G1 F1500 X122.444 Y119.049 E742.33935
G0 F9000 X122.444 Y118.537
G1 F1500 X123.043 Y117.938 E742.36753
G0 F9000 X123.043 Y116.255
G1 F1500 X122.444 Y115.655 E742.39572
G0 F9000 X122.444 Y115.143
G1 F1500 X123.043 Y114.544 E742.4239
G0 F9000 X123.043 Y112.861
G1 F1500 X122.444 Y112.261 E742.4521
G0 F9000 X122.444 Y111.749
G1 F1500 X123.043 Y111.15 E742.48027
G0 F9000 X123.043 Y109.467
G1 F1500 X122.444 Y108.867 E742.50847
G0 F9000 X122.444 Y108.354
G1 F1500 X123.043 Y107.756 E742.53662
G0 F9000 X123.043 Y106.073
G1 F1500 X122.443 Y105.472 E742.56487
G0 F9000 X122.444 Y104.961
G1 F1500 X123.043 Y104.361 E742.59307
G0 F9000 X123.043 Y102.678
G1 F1500 X122.443 Y102.078 E742.62129
G0 F9000 X122.444 Y101.567
G1 F1500 X123.043 Y100.967 E742.64949
G0 F9000 X123.043 Y99.284
G1 F1500 X122.443 Y98.684 E742.67771
G0 F9000 X122.444 Y98.173
G1 F1500 X123.043 Y97.573 E742.70591
G0 F9000 X123.043 Y95.89
G1 F1500 X122.443 Y95.29 E742.73413
G0 F9000 X122.444 Y94.779
G1 F1500 X123.043 Y94.179 E742.76233
G0 F9000 X123.043 Y92.496
G1 F1500 X122.443 Y91.896 E742.79055
;MESH:1x_1xm_pusher.stl
G0 F9000 X121.23 Y92.181
G0 X121.044 Y92.367
;TYPE:WALL-INNER
G1 F2400 X121.045 Y120.787 E743.73581
G1 X120.834 Y120.905 E743.74385
G1 X120.562 Y121.104 E743.75506
G1 X120.31 Y121.348 E743.76672
G1 X120.061 Y121.682 E743.78058
G1 X119.881 Y122.075 E743.79496
G1 X119.796 Y122.5 E743.80937
G1 X119.817 Y122.935 E743.82386
G1 X119.943 Y123.355 E743.83844
G1 X120.16 Y123.73 E743.85285
G1 X120.389 Y124 E743.86463
G1 X120.642 Y124.222 E743.87582
G1 X120.916 Y124.408 E743.88684
G1 X121.044 Y124.475 E743.89164
G1 X121.044 Y127.272 E743.98467
G1 X120.934 Y127.294 E743.9884
G1 X119.884 Y127.483 E744.02389
G1 X119.351 Y127.561 E744.0418
G1 X116.924 Y118.292 E744.36048
G1 X107.814 Y118.292 E744.66348
G1 X96.005 Y109.941 E745.14454
G1 X94.082 Y106.658 E745.27109
G1 X94.082 Y97.077 E745.58975
G1 X99.045 Y93.568 E745.79191
G1 X99.694 Y93.263 E745.81576
G1 X106.124 Y92.367 E746.03169
G1 X121.044 Y92.367 E746.52793
G0 F9000 X121.444 Y91.967
;TYPE:WALL-OUTER
G1 F2400 X121.445 Y121.039 E747.49487
G1 X121.306 Y121.099 E747.49991
G1 X121.051 Y121.242 E747.50963
G1 X120.82 Y121.411 E747.51915
G1 X120.611 Y121.613 E747.52882
G1 X120.407 Y121.887 E747.54018
G1 X120.264 Y122.199 E747.5516
G1 X120.198 Y122.53 E747.56282
G1 X120.214 Y122.867 E747.57404
G1 X120.313 Y123.195 E747.58544
G1 X120.488 Y123.499 E747.5971
G1 X120.675 Y123.719 E747.60671
G1 X120.887 Y123.905 E747.61609
G1 X121.121 Y124.064 E747.6255
G1 X121.388 Y124.203 E747.63551
G1 X121.444 Y124.226 E747.63752
G1 X121.444 Y127.596 E747.74961
G1 X121.005 Y127.688 E747.76453
G1 X119.952 Y127.877 E747.80011
G1 X119.055 Y128.009 E747.83027
G1 X116.615 Y118.692 E748.1506
G1 X107.686 Y118.692 E748.44758
G1 X95.704 Y110.219 E748.93568
G1 X93.682 Y106.766 E749.06877
G1 X93.682 Y96.87 E749.39791
G1 X98.841 Y93.222 E749.60806
G1 X99.578 Y92.875 E749.63516
G1 X106.098 Y91.967 E749.85411
G1 X121.444 Y91.967 E750.36452
G0 F9000 X121.174 Y92.237
G0 X120.883 Y97.733
;TYPE:FILL
G1 F4800 X94.241 Y104.872 E751.28189
G0 F9000 X94.806 Y107.577
G1 F4800 X99.307 Y112.079 E751.49363
G0 F9000 X103.263 Y114.877
G1 F4800 X120.883 Y110.156 E752.10035
G0 F9000 X120.883 Y104.269
G1 F4800 X117.108 Y118.361 E752.58557
G0 F9000 X120.884 Y116.686
G1 F4800 X98.41 Y94.212 E753.64268
G0 F9000 X98.808 Y93.928
G1 F4800 X95.042 Y107.981 E754.12658
G0 F9000 X105.243 Y116.277
G1 F4800 X111.607 Y92.525 E754.94444
G0 F9000 X113.696 Y92.527
G1 F4800 X120.884 Y99.714 E755.28252
G0 F9000 X119.655 Y122.908
G1 F4800 X118.387 Y123.248 E755.32618
G0 F9000 X118.425 Y123.24
G1 F2400 E754.52618
;MESH:NONMESH
G0 F300 X118.425 Y123.24 Z4.4
G0 F9000 X121.23 Y92.181
G0 X123.444 Y91.967
;TIME_ELAPSED:906.804628
;LAYER:21
;TYPE:SUPPORT
G1 F2400 E755.32618
G1 X130.245 Y91.967 E755.55238
G1 X130.245 Y113.51 E756.26891
G1 X130.242 Y113.564 E756.2707
G1 X130.233 Y113.619 E756.27256
G1 X130.044 Y114.293 E756.29584
G1 X130.044 Y114.871 E756.31506
G1 X129.845 Y115.444 E756.33524
G1 X129.844 Y115.934 E756.35154
G1 X129.645 Y116.353 E756.36696
G1 X129.645 Y116.755 E756.38034
G1 X129.445 Y117.123 E756.39427
G1 X129.445 Y117.453 E756.40524
G1 X129.394 Y117.536 E756.40848
G1 X129.394 Y117.561 E756.40931
G1 X129.249 Y118.103 E756.42797
G1 X129.214 Y118.15 E756.42992
G1 X129.059 Y118.629 E756.44667
G1 X129.025 Y118.674 E756.44854
G1 X129.016 Y118.692 E756.44921
G1 X128.839 Y119.216 E756.46761
G1 X128.823 Y119.235 E756.46844
G1 X128.626 Y119.753 E756.48687
G1 X128.595 Y119.795 E756.4886
G1 X128.454 Y120.152 E756.50137
G1 X128.394 Y120.211 E756.50417
G1 X128.24 Y120.592 E756.51784
G1 X128.181 Y120.654 E756.52068
G1 X128.047 Y120.98 E756.53241
G1 X128.008 Y121.014 E756.53413
G1 X127.863 Y121.328 E756.54563
G1 X127.79 Y121.39 E756.54882
G1 X127.784 Y121.401 E756.54923
G1 X127.777 Y121.408 E756.54956
G1 X127.639 Y121.727 E756.56112
G1 X127.573 Y121.788 E756.56411
G1 X127.553 Y121.827 E756.56557
G1 X127.446 Y122.06 E756.5741
G1 X127.374 Y122.113 E756.57707
G1 X127.368 Y122.118 E756.57733
G1 X127.229 Y122.41 E756.58809
G1 X127.158 Y122.468 E756.59114
G1 X127.038 Y122.709 E756.60009
G1 X126.944 Y122.779 E756.60399
G1 X126.832 Y123.006 E756.61241
G1 X126.769 Y123.047 E756.61491
G1 X126.763 Y123.058 E756.61533
G1 X126.718 Y123.088 E756.61712
G1 X126.718 Y123.144 E756.61899
G1 X126.641 Y123.291 E756.62451
G1 X126.601 Y123.319 E756.62613
G1 X126.561 Y123.339 E756.62762
G1 X126.554 Y123.353 E756.62814
G1 X126.51 Y123.384 E756.62993
G1 X126.51 Y123.435 E756.63162
G1 X126.448 Y123.551 E756.636
G1 X126.344 Y123.619 E756.64013
G1 X126.322 Y123.664 E756.6418
G1 X126.247 Y123.803 E756.64705
G1 X126.146 Y123.863 E756.65096
G1 X126.053 Y124.039 E756.65758
G1 X125.943 Y124.102 E756.6618
G1 X125.835 Y124.3 E756.6693
G1 X125.748 Y124.344 E756.67254
G1 X125.644 Y124.522 E756.6794
G1 X125.528 Y124.59 E756.68387
G1 X125.449 Y124.722 E756.68899
G1 X125.336 Y124.779 E756.69319
G1 X125.302 Y124.83 E756.69523
G1 X125.229 Y124.95 E756.6999
G1 X125.138 Y125 E756.70336
G1 X125.045 Y125.146 E756.70912
G1 X124.983 Y125.176 E756.71141
G1 X124.927 Y125.195 E756.71337
G1 X124.919 Y125.207 E756.71385
G1 X124.862 Y125.235 E756.71597
G1 X124.862 Y125.299 E756.71809
G1 X124.837 Y125.339 E756.71966
G1 X124.731 Y125.389 E756.72356
G1 X124.65 Y125.515 E756.72854
G1 X124.518 Y125.57 E756.7333
G1 X124.43 Y125.71 E756.7388
G1 X124.412 Y125.718 E756.73945
G1 X124.373 Y125.718 E756.74075
G1 X124.344 Y125.747 E756.74212
G1 X124.312 Y125.761 E756.74328
G1 X124.295 Y125.795 E756.74454
G1 X124.289 Y125.801 E756.74482
G1 X124.24 Y125.878 E756.74786
G1 X124.138 Y125.921 E756.75154
G1 X124.128 Y125.931 E756.75201
G1 X124.112 Y125.939 E756.75261
G1 X124.049 Y126.029 E756.75626
G1 X123.916 Y126.082 E756.76102
G1 X123.911 Y126.088 E756.76128
G1 X123.898 Y126.094 E756.76176
G1 X123.835 Y126.189 E756.76555
G1 X123.719 Y126.233 E756.76968
G1 X123.638 Y126.347 E756.77433
G1 X123.509 Y126.394 E756.77889
G1 X123.443 Y126.488 E756.78271
G1 X123.31 Y126.535 E756.78741
G1 X123.254 Y126.613 E756.7906
G1 X123.09 Y126.662 E756.79629
G1 X123.077 Y126.68 E756.79703
G1 X123.066 Y126.685 E756.79743
G1 X123.017 Y126.756 E756.8003
G1 X122.975 Y126.769 E756.80176
G1 X122.91 Y126.769 E756.80393
G1 X122.891 Y126.795 E756.805
G1 X122.877 Y126.799 E756.80548
G1 X122.853 Y126.847 E756.80727
G1 X122.844 Y126.86 E756.80779
G1 X122.844 Y123.969 E756.90395
G1 X122.376 Y123.333 E756.93021
G1 X122.267 Y123.299 E756.93401
G1 X122.237 Y123.255 E756.93578
G1 X122.192 Y123.237 E756.93739
G1 X122.167 Y123.188 E756.93922
G1 X122.116 Y123.153 E756.94128
G1 X122.044 Y123.042 E756.94568
G1 X122.044 Y123.023 E756.94631
G1 X122.013 Y122.767 E756.95489
G1 X122.004 Y122.611 E756.96008
G1 X122.045 Y122.377 E756.96799
G1 X122.045 Y122.221 E756.97317
G1 X122.136 Y122.099 E756.97824
G1 X122.162 Y122.082 E756.97927
G1 X122.193 Y122.023 E756.98149
G1 X122.25 Y121.998 E756.98356
G1 X122.265 Y121.975 E756.98447
G1 X122.356 Y121.95 E756.98761
G1 X122.497 Y121.763 E756.9954
G1 X122.794 Y121.854 E757.00573
G1 X123.444 Y121.375 E757.03259
G1 X123.444 Y91.967 E758.0107
G0 F9000 X124 Y92.327
G1 F2400 X123.804 Y92.327 E758.01722
G1 X123.804 Y121.557 E758.98941
G1 X122.862 Y122.252 E759.02835
G1 X122.633 Y122.181 E759.03632
G1 X122.57 Y122.265 E759.03981
G1 X122.48 Y122.289 E759.04291
G1 X122.453 Y122.302 E759.04391
G1 X122.436 Y122.333 E759.04509
G1 X122.405 Y122.353 E759.04631
G1 X122.405 Y122.408 E759.04814
G1 X122.366 Y122.631 E759.05567
G1 X122.371 Y122.724 E759.05877
G1 X122.393 Y122.907 E759.0649
G1 X122.446 Y122.943 E759.06703
G1 X122.451 Y122.953 E759.0674
G1 X122.473 Y122.962 E759.06819
G1 X122.494 Y122.993 E759.06944
G1 X122.596 Y123.025 E759.07299
G1 X123.204 Y123.85 E759.10708
G1 X123.204 Y126.19 E759.18491
G1 X123.215 Y126.186 E759.1853
G1 X123.279 Y126.095 E759.189
G1 X123.409 Y126.048 E759.1936
G1 X123.488 Y125.936 E759.19815
G1 X123.598 Y125.894 E759.20207
G1 X123.655 Y125.809 E759.20547
G1 X123.685 Y125.795 E759.20658
G1 X123.696 Y125.782 E759.20714
G1 X123.815 Y125.734 E759.21141
G1 X123.87 Y125.657 E759.21456
G1 X123.913 Y125.636 E759.21615
G1 X123.93 Y125.618 E759.21697
G1 X123.995 Y125.59 E759.21933
G1 X124 Y125.58 E759.2197
G1 X124 Y92.327 E760.3257
G1 X126 Y92.327 E760.39222
G1 X126 Y123.502 E761.4291
G0 F9000 X126.001 Y123.5
G1 F2400 X126.064 Y123.372 E761.43385
G1 X126.15 Y123.316 E761.43726
G1 X126.15 Y123.196 E761.44125
G1 X126.272 Y123.112 E761.44618
G1 X126.292 Y123.071 E761.4477
G1 X126.358 Y123.038 E761.45015
G1 X126.358 Y122.895 E761.45491
G1 X126.492 Y122.806 E761.46026
G1 X126.499 Y122.794 E761.46072
G1 X126.553 Y122.759 E761.46286
G1 X126.66 Y122.541 E761.47094
G1 X126.755 Y122.471 E761.47486
G1 X126.87 Y122.238 E761.4835
G1 X126.938 Y122.182 E761.48643
G1 X127.078 Y121.889 E761.49723
G1 X127.157 Y121.828 E761.50055
G1 X127.229 Y121.671 E761.5063
G1 X127.281 Y121.567 E761.51016
G1 X127.338 Y121.514 E761.51275
G1 X127.474 Y121.202 E761.52407
G1 X127.492 Y121.184 E761.52492
G1 X127.506 Y121.159 E761.52587
G1 X127.569 Y121.106 E761.52861
G1 X127.713 Y120.792 E761.5401
G1 X127.746 Y120.764 E761.54154
G1 X127.873 Y120.454 E761.55268
G1 X127.934 Y120.391 E761.5556
G1 X128 Y120.227 E761.56148
G1 X128 Y92.327 E762.48944
G1 X129.885 Y92.327 E762.55213
G1 X129.885 Y113.487 E763.25592
G1 X129.881 Y113.54 E763.25768
G1 X129.684 Y114.243 E763.28197
G1 X129.684 Y114.811 E763.30086
G1 X129.485 Y115.383 E763.321
G1 X129.484 Y115.851 E763.33657
G1 X129.285 Y116.272 E763.35206
G1 X129.285 Y116.662 E763.36503
G1 X129.085 Y117.031 E763.37899
G1 X129.085 Y117.351 E763.38963
G1 X129.034 Y117.433 E763.39284
G1 X129.034 Y117.513 E763.3955
G1 X128.919 Y117.944 E763.41034
G1 X128.89 Y117.982 E763.41193
G1 X128.737 Y118.458 E763.42856
G1 X128.717 Y118.483 E763.42962
G1 X128.683 Y118.554 E763.43224
G1 X128.521 Y119.034 E763.44909
G1 X128.509 Y119.048 E763.44971
G1 X128.306 Y119.581 E763.46868
G1 X128.278 Y119.619 E763.47025
G1 X128.147 Y119.949 E763.48205
G1 X128.088 Y120.007 E763.48481
G1 X128 Y120.227 E763.49269
G1 F2400 E762.69269
G0 F9000 X129.134 Y120.689
G0 X121.202 Y122.027
G0 X123.243 Y119.849
;TYPE:SUPPORT-INTERFACE
G1 F2400 E763.49269
G1 F1500 X122.643 Y119.249 E763.52091
G0 F9000 X122.644 Y118.337
G1 F1500 X123.243 Y117.738 E763.54908
G0 F9000 X123.243 Y116.455
G1 F1500 X122.643 Y115.855 E763.57731
G0 F9000 X122.644 Y114.943
G1 F1500 X123.243 Y114.344 E763.60548
G0 F9000 X123.243 Y113.061
G1 F1500 X122.643 Y112.461 E763.6337
G0 F9000 X122.644 Y111.549
G1 F1500 X123.243 Y110.95 E763.66188
G0 F9000 X123.243 Y109.667
G1 F1500 X122.643 Y109.066 E763.69012
G0 F9000 X122.644 Y108.155
G1 F1500 X123.243 Y107.556 E763.7183
G0 F9000 X123.243 Y106.273
G1 F1500 X122.643 Y105.672 E763.74655
G0 F9000 X122.644 Y104.761
G1 F1500 X123.243 Y104.162 E763.77472
G0 F9000 X123.243 Y102.879
G1 F1500 X122.643 Y102.278 E763.80297
G0 F9000 X122.644 Y101.367
G1 F1500 X123.243 Y100.768 E763.83114
G0 F9000 X123.243 Y99.484
G1 F1500 X122.643 Y98.884 E763.85936
G0 F9000 X122.644 Y97.973
G1 F1500 X123.243 Y97.374 E763.88754
G0 F9000 X123.243 Y96.09
G1 F1500 X122.643 Y95.49 E763.91576
G0 F9000 X122.644 Y94.579
G1 F1500 X123.243 Y93.98 E763.94394
G0 F9000 X123.243 Y92.696
G1 F1500 X122.643 Y92.096 E763.97216
G1 F2400 E763.17216
G0 F9000 X122.643 Y91.102
G0 X121.202 Y122.027
G0 X123.243 Y121.133
G1 F2400 E763.97216
G1 F1500 X122.745 Y121.63 E763.99556
G1 F2400 E763.19556
;MESH:1x_1xm_pusher.stl
G0 F9000 X121.43 Y120.737
G0 X121.244 Y92.367
;TYPE:WALL-INNER
G1 F2400 E763.99556
G1 X121.245 Y120.608 E764.93486
G1 X121.038 Y120.687 E764.94223
G1 X120.733 Y120.844 E764.95364
G1 X120.455 Y121.03 E764.96476
G1 X120.203 Y121.249 E764.97587
G1 X119.971 Y121.517 E764.98766
G1 X119.762 Y121.868 E765.00124
G1 X119.626 Y122.279 E765.01564
G1 X119.593 Y122.713 E765.03012
G1 X119.667 Y123.141 E765.04457
G1 X119.837 Y123.537 E765.0589
G1 X120.043 Y123.84 E765.07108
G1 X120.335 Y124.136 E765.08491
G1 X120.613 Y124.342 E765.09642
G1 X120.912 Y124.516 E765.10793
G1 X121.244 Y124.659 E765.11995
G1 X121.244 Y127.187 E765.20403
G1 X120.734 Y127.294 E765.22137
G1 X119.684 Y127.483 E765.25685
G1 X119.151 Y127.561 E765.27477
G1 X116.724 Y118.292 E765.59345
G1 X108.014 Y118.292 E765.88314
G1 X96.205 Y109.941 E766.3642
G1 X94.282 Y106.658 E766.49075
G1 X94.282 Y97.078 E766.80938
G1 X98.844 Y93.852 E766.99522
G1 X99.667 Y93.463 E767.02549
G1 X107.547 Y92.367 E767.2901
G1 X121.244 Y92.367 E767.74567
G0 F9000 X121.644 Y91.967
;TYPE:WALL-OUTER
G1 F2400 X121.645 Y120.901 E768.70802
G1 X121.486 Y120.945 E768.7135
G1 X121.201 Y121.053 E768.72364
G1 X120.937 Y121.189 E768.73352
G1 X120.698 Y121.349 E768.74308
G1 X120.487 Y121.532 E768.75237
G1 X120.297 Y121.752 E768.76204
G1 X120.128 Y122.035 E768.77301
G1 X120.021 Y122.358 E768.78432
G1 X119.996 Y122.694 E768.79553
G1 X120.053 Y123.027 E768.80677
G1 X120.189 Y123.344 E768.81824
G1 X120.353 Y123.585 E768.82793
G1 X120.598 Y123.833 E768.83953
G1 X120.833 Y124.007 E768.84925
G1 X121.093 Y124.158 E768.85926
G1 X121.376 Y124.281 E768.86952
G1 X121.644 Y124.364 E768.87885
G1 X121.644 Y127.511 E768.98352
G1 X120.805 Y127.688 E769.01204
G1 X119.752 Y127.877 E769.04762
G1 X118.855 Y128.009 E769.07778
G1 X116.415 Y118.692 E769.39811
G1 X107.886 Y118.692 E769.68179
G1 X95.904 Y110.219 E770.16989
G1 X93.882 Y106.766 E770.30297
G1 X93.882 Y96.87 E770.63212
G1 X98.641 Y93.505 E770.82597
G1 X99.55 Y93.076 E770.8594
G1 X107.521 Y91.967 E771.12707
G1 X121.644 Y91.967 E771.59681
G0 F9000 X121.374 Y92.237
G0 X121.083 Y97.826
;TYPE:FILL
G1 F4800 X94.441 Y104.965 E772.51419
G0 F9000 X99.508 Y112.079
G1 F4800 X95.006 Y107.577 E772.72595
G0 F9000 X95.004 Y107.574
G1 F4800 X98.579 Y94.234 E773.18529
G0 F9000 X98.612 Y94.212
G1 F4800 X121.084 Y116.684 E774.24231
G0 F9000 X116.934 Y118.461
G1 F4800 X121.083 Y102.975 E774.77554
G0 F9000 X121.083 Y99.713
G1 F4800 X113.897 Y92.527 E775.11355
G0 F9000 X111.46 Y92.525
G1 F4800 X105.151 Y116.07 E775.92428
G0 F9000 X103.557 Y114.945
G1 F4800 X121.083 Y110.249 E776.52776
G0 F9000 X119.496 Y123.098
G1 F4800 X118.236 Y123.436 E776.57115
G0 F9000 X118.275 Y123.428
G1 F2400 E775.77115
;MESH:NONMESH
G0 F300 X118.275 Y123.428 Z4.6
G0 F9000 X121.43 Y92.181
G0 X123.644 Y91.967
;TIME_ELAPSED:930.270347
;LAYER:22
;TYPE:SUPPORT
G1 F2400 E776.57115
G1 X130.245 Y91.967 E776.7907
G1 X130.245 Y113.51 E777.50722
G1 X130.242 Y113.564 E777.50902
G1 X130.233 Y113.619 E777.51088
G1 X130.044 Y114.293 E777.53416
G1 X130.044 Y114.871 E777.55338
G1 X129.845 Y115.444 E777.57356
G1 X129.844 Y115.934 E777.58986
G1 X129.645 Y116.353 E777.60528
G1 X129.645 Y116.755 E777.61865
G1 X129.445 Y117.123 E777.63258
G1 X129.445 Y117.453 E777.64356
G1 X129.394 Y117.536 E777.6468
G1 X129.394 Y117.561 E777.64763
G1 X129.25 Y118.1 E777.66619
G1 X129.238 Y118.116 E777.66685
G1 X129.218 Y118.135 E777.66777
G1 X129.204 Y118.185 E777.6695
G1 X129.059 Y118.629 E777.68503
G1 X129.025 Y118.674 E777.68691
G1 X129.016 Y118.692 E777.68758
G1 X128.84 Y119.213 E777.70587
G1 X128.824 Y119.234 E777.70675
G1 X128.626 Y119.753 E777.72522
G1 X128.595 Y119.795 E777.72696
G1 X128.454 Y120.152 E777.73972
G1 X128.394 Y120.211 E777.74252
G1 X128.24 Y120.592 E777.75619
G1 X128.181 Y120.654 E777.75904
G1 X128.047 Y120.98 E777.77076
G1 X128.006 Y121.016 E777.77258
G1 X127.866 Y121.321 E777.78374
G1 X127.786 Y121.389 E777.78723
G1 X127.64 Y121.726 E777.79945
G1 X127.573 Y121.788 E777.80248
G1 X127.553 Y121.827 E777.80394
G1 X127.446 Y122.06 E777.81247
G1 X127.374 Y122.113 E777.81544
G1 X127.368 Y122.118 E777.8157
G1 X127.23 Y122.41 E777.82644
G1 X127.187 Y122.445 E777.82829
G1 X127.153 Y122.479 E777.82989
G1 X127.038 Y122.709 E777.83844
G1 X126.944 Y122.779 E777.84234
G1 X126.832 Y123.006 E777.85076
G1 X126.769 Y123.047 E777.85326
G1 X126.763 Y123.058 E777.85367
G1 X126.718 Y123.088 E777.85547
G1 X126.718 Y123.144 E777.85733
G1 X126.641 Y123.291 E777.86285
G1 X126.601 Y123.319 E777.86448
G1 X126.561 Y123.339 E777.86596
G1 X126.554 Y123.353 E777.86649
G1 X126.51 Y123.384 E777.86828
G1 X126.51 Y123.435 E777.86997
G1 X126.448 Y123.551 E777.87435
G1 X126.344 Y123.619 E777.87848
G1 X126.322 Y123.664 E777.88015
G1 X126.247 Y123.803 E777.8854
G1 X126.146 Y123.863 E777.88931
G1 X126.053 Y124.039 E777.89593
G1 X125.943 Y124.102 E777.90014
G1 X125.835 Y124.3 E777.90764
G1 X125.748 Y124.344 E777.91089
G1 X125.644 Y124.522 E777.91774
G1 X125.528 Y124.59 E777.92222
G1 X125.449 Y124.722 E777.92733
G1 X125.336 Y124.779 E777.93154
G1 X125.302 Y124.83 E777.93358
G1 X125.229 Y124.95 E777.93825
G1 X125.138 Y125 E777.94171
G1 X125.045 Y125.146 E777.94746
G1 X124.942 Y125.196 E777.95127
G1 X124.901 Y125.237 E777.9532
G1 X124.837 Y125.339 E777.9572
G1 X124.731 Y125.389 E777.9611
G1 X124.65 Y125.515 E777.96608
G1 X124.518 Y125.57 E777.97084
G1 X124.43 Y125.71 E777.97634
G1 X124.322 Y125.757 E777.98026
G1 X124.301 Y125.79 E777.98156
G1 X124.289 Y125.801 E777.9821
G1 X124.24 Y125.878 E777.98514
G1 X124.138 Y125.921 E777.98882
G1 X124.128 Y125.931 E777.98929
G1 X124.112 Y125.939 E777.98988
G1 X124.049 Y126.029 E777.99354
G1 X123.916 Y126.082 E777.9983
G1 X123.911 Y126.088 E777.99856
G1 X123.898 Y126.094 E777.99904
G1 X123.835 Y126.189 E778.00283
G1 X123.719 Y126.233 E778.00695
G1 X123.64 Y126.345 E778.01151
G1 X123.507 Y126.392 E778.0162
G1 X123.438 Y126.489 E778.02016
G1 X123.31 Y126.535 E778.02469
G1 X123.254 Y126.613 E778.02788
G1 X123.09 Y126.662 E778.03357
G1 X123.077 Y126.68 E778.03431
G1 X123.066 Y126.685 E778.03471
G1 X123.044 Y126.717 E778.036
G1 X123.044 Y123.995 E778.12654
G1 X122.456 Y123.318 E778.15636
G1 X122.261 Y123.291 E778.16291
G1 X122.237 Y123.255 E778.16435
G1 X122.192 Y123.237 E778.16596
G1 X122.167 Y123.188 E778.16779
G1 X122.116 Y123.153 E778.16985
G1 X122.044 Y123.042 E778.17425
G1 X122.044 Y123.023 E778.17488
G1 X122.013 Y122.767 E778.18346
G1 X122.004 Y122.611 E778.18866
G1 X122.045 Y122.377 E778.19656
G1 X122.045 Y122.221 E778.20175
G1 X122.136 Y122.099 E778.20681
G1 X122.162 Y122.082 E778.20784
G1 X122.193 Y122.023 E778.21006
G1 X122.25 Y121.998 E778.21213
G1 X122.265 Y121.975 E778.21304
G1 X122.281 Y121.971 E778.21359
G1 X122.45 Y121.948 E778.21926
G1 X122.51 Y121.879 E778.2223
G1 X122.877 Y122.067 E778.23602
G1 X123.644 Y121.6 E778.26589
G1 X123.644 Y91.967 E779.25148
G1 F2400 E778.45148
G0 F9000 X123.644 Y91.102
G0 X129.885 Y91.102
G0 X129.885 Y92.327
G1 F2400 E779.25148
G1 X128 Y92.327 E779.31418
G1 X128 Y120.226 E780.2421
G1 X127.933 Y120.392 E780.24806
G1 X127.873 Y120.455 E780.25095
G1 X127.746 Y120.765 E780.26209
G1 X127.711 Y120.796 E780.26365
G1 X127.573 Y121.097 E780.27466
G1 X127.489 Y121.169 E780.27834
G1 X127.338 Y121.514 E780.29087
G1 X127.281 Y121.567 E780.29346
G1 X127.229 Y121.671 E780.29732
G1 X127.157 Y121.828 E780.30307
G1 X127.077 Y121.891 E780.30645
G1 X126.939 Y122.183 E780.3172
G1 X126.857 Y122.267 E780.3211
G1 X126.754 Y122.471 E780.3287
G1 X126.659 Y122.542 E780.33265
G1 X126.553 Y122.759 E780.34068
G1 X126.499 Y122.794 E780.34282
G1 X126.492 Y122.806 E780.34328
G1 X126.358 Y122.895 E780.34863
G1 X126.358 Y123.038 E780.35339
G1 X126.292 Y123.071 E780.35584
G1 X126.272 Y123.112 E780.35736
G1 X126.15 Y123.196 E780.36229
G1 X126.15 Y123.316 E780.36628
G1 X126.064 Y123.372 E780.36969
G1 X126.001 Y123.5 E780.37444
G0 F9000 X126 Y123.502
G1 F2400 X126 Y92.327 E781.41132
G1 X124.004 Y92.327 E781.47771
G1 X124.004 Y121.802 E782.45805
G0 F9000 X124 Y121.804
G1 F2400 X124 Y125.584 E782.58377
G1 X123.996 Y125.59 E782.58401
G1 X123.93 Y125.618 E782.5864
G1 X123.913 Y125.636 E782.58722
G1 X123.87 Y125.657 E782.58881
G1 X123.815 Y125.734 E782.59196
G1 X123.696 Y125.782 E782.59623
G1 X123.685 Y125.795 E782.59679
G1 X123.655 Y125.809 E782.5979
G1 X123.598 Y125.894 E782.6013
G1 X123.488 Y125.936 E782.60522
G1 X123.412 Y126.044 E782.60961
G1 X123.404 Y126.047 E782.60989
G1 X123.404 Y123.86 E782.68263
G1 X122.639 Y122.98 E782.72141
G1 X122.458 Y122.955 E782.72749
G1 X122.451 Y122.952 E782.72774
G1 X122.446 Y122.943 E782.72809
G1 X122.393 Y122.907 E782.73022
G1 X122.371 Y122.724 E782.73635
G1 X122.366 Y122.631 E782.73945
G1 X122.405 Y122.408 E782.74698
G1 X122.405 Y122.353 E782.74881
G1 X122.436 Y122.333 E782.75003
G1 X122.447 Y122.312 E782.75082
G1 X122.54 Y122.299 E782.75394
G1 X122.892 Y122.479 E782.76709
G1 X124 Y121.804 E782.81025
G0 F9000 X128 Y120.226
G1 F2400 X128.088 Y120.007 E782.8181
G1 X128.147 Y119.949 E782.82085
G1 X128.278 Y119.619 E782.83266
G1 X128.306 Y119.581 E782.83423
G1 X128.506 Y119.056 E782.85291
G1 X128.519 Y119.04 E782.8536
G1 X128.683 Y118.554 E782.87066
G1 X128.717 Y118.484 E782.87325
G1 X128.736 Y118.459 E782.87429
G1 X128.859 Y118.081 E782.88751
G1 X128.898 Y117.942 E782.89231
G1 X128.927 Y117.915 E782.89363
G1 X129.034 Y117.513 E782.90747
G1 X129.034 Y117.433 E782.91013
G1 X129.085 Y117.351 E782.91334
G1 X129.085 Y117.031 E782.92398
G1 X129.285 Y116.662 E782.93794
G1 X129.285 Y116.272 E782.95091
G1 X129.484 Y115.851 E782.9664
G1 X129.485 Y115.383 E782.98197
G1 X129.684 Y114.811 E783.00211
G1 X129.684 Y114.243 E783.021
G1 X129.881 Y113.54 E783.04529
G1 X129.885 Y113.487 E783.04705
G1 X129.885 Y92.327 E783.75084
G1 F2400 E782.95084
G0 F9000 X129.885 Y91.102
G0 X123.443 Y91.102
G0 X123.443 Y92.896
;TYPE:SUPPORT-INTERFACE
G1 F2400 E783.75084
G1 F1500 X122.842 Y92.295 E783.77911
G0 F9000 X123.443 Y93.779
G1 F1500 X122.843 Y94.379 E783.80733
G0 F9000 X122.842 Y95.689
G1 F1500 X123.443 Y96.29 E783.8356
G0 F9000 X123.443 Y97.173
G1 F1500 X122.843 Y97.773 E783.86382
G0 F9000 X122.842 Y99.084
G1 F1500 X123.443 Y99.685 E783.89209
G0 F9000 X123.443 Y100.567
G1 F1500 X122.843 Y101.167 E783.92031
G0 F9000 X122.842 Y102.478
G1 F1500 X123.443 Y103.079 E783.94858
G0 F9000 X123.443 Y103.961
G1 F1500 X122.843 Y104.562 E783.97683
G0 F9000 X122.842 Y105.872
G1 F1500 X123.443 Y106.473 E784.0051
G0 F9000 X123.443 Y107.355
G1 F1500 X122.843 Y107.956 E784.03334
G0 F9000 X122.842 Y109.266
G1 F1500 X123.443 Y109.867 E784.06161
G0 F9000 X123.443 Y110.749
G1 F1500 X122.843 Y111.35 E784.08986
G0 F9000 X122.842 Y112.66
G1 F1500 X123.443 Y113.261 E784.11813
G0 F9000 X123.443 Y114.144
G1 F1500 X122.843 Y114.744 E784.14635
G0 F9000 X122.842 Y116.054
G1 F1500 X123.443 Y116.655 E784.17462
G0 F9000 X123.443 Y117.538
G1 F1500 X122.843 Y118.138 E784.20284
G0 F9000 X122.842 Y119.448
G1 F1500 X123.443 Y120.049 E784.23111
G0 F9000 X123.443 Y120.932
G1 F1500 X122.649 Y121.726 E784.26846
G1 F2400 E783.46846
;MESH:1x_1xm_pusher.stl
G0 F9000 X121.629 Y120.633
G0 X121.444 Y92.367
;TYPE:WALL-INNER
G1 F2400 E784.26846
G1 X121.444 Y120.487 E785.20373
G1 X121.276 Y120.528 E785.20948
G1 X120.949 Y120.64 E785.22098
G1 X120.638 Y120.786 E785.23241
G1 X120.352 Y120.96 E785.24354
G1 X120.088 Y121.168 E785.25472
G1 X119.838 Y121.429 E785.26674
G1 X119.613 Y121.766 E785.28022
G1 X119.455 Y122.166 E785.29452
G1 X119.391 Y122.596 E785.30898
G1 X119.437 Y123.03 E785.3235
G1 X119.582 Y123.435 E785.3378
G1 X119.776 Y123.753 E785.35019
G1 X120.045 Y124.056 E785.36367
G1 X120.313 Y124.274 E785.37516
G1 X120.603 Y124.457 E785.38657
G1 X120.919 Y124.61 E785.39824
G1 X121.255 Y124.728 E785.41009
G1 X121.444 Y124.774 E785.41656
G1 X121.444 Y127.102 E785.49399
G1 X120.533 Y127.294 E785.52495
G1 X119.484 Y127.483 E785.5604
G1 X118.951 Y127.561 E785.57832
G1 X116.524 Y118.292 E785.897
G1 X108.214 Y118.292 E786.17339
G1 X96.405 Y109.941 E786.65445
G1 X94.482 Y106.658 E786.781
G1 X94.482 Y97.078 E787.09963
G1 X98.644 Y94.135 E787.26917
G1 X99.639 Y93.665 E787.30577
G1 X108.97 Y92.367 E787.61911
G1 X121.444 Y92.367 E788.03399
G0 F9000 X121.844 Y91.967
;TYPE:WALL-OUTER
G1 F2400 X121.844 Y120.819 E788.99362
G1 X121.693 Y120.839 E788.99868
G1 X121.388 Y120.913 E789.00912
G1 X121.099 Y121.011 E789.01927
G1 X120.828 Y121.139 E789.02924
G1 X120.581 Y121.289 E789.03885
G1 X120.358 Y121.465 E789.0483
G1 X120.151 Y121.681 E789.05825
G1 X119.969 Y121.953 E789.06913
G1 X119.844 Y122.27 E789.08047
G1 X119.794 Y122.604 E789.0917
G1 X119.83 Y122.94 E789.10294
G1 X119.945 Y123.262 E789.11431
G1 X120.099 Y123.514 E789.12414
G1 X120.323 Y123.766 E789.13535
G1 X120.547 Y123.949 E789.14497
G1 X120.797 Y124.107 E789.15481
G1 X121.073 Y124.24 E789.165
G1 X121.369 Y124.344 E789.17543
G1 X121.682 Y124.421 E789.18615
G1 X121.844 Y124.444 E789.19159
G1 X121.844 Y127.42 E789.29058
G1 X121.655 Y127.466 E789.29705
G1 X120.604 Y127.688 E789.33277
G1 X119.552 Y127.877 E789.36832
G1 X118.655 Y128.009 E789.39848
G1 X116.215 Y118.692 E789.71881
G1 X108.086 Y118.692 E789.98919
G1 X96.104 Y110.219 E790.47728
G1 X94.082 Y106.766 E790.61037
G1 X94.082 Y96.87 E790.93952
G1 X98.441 Y93.788 E791.11707
G1 X99.522 Y93.278 E791.15683
G1 X108.944 Y91.967 E791.47323
G1 X121.844 Y91.967 E791.90228
G0 F9000 X121.574 Y92.237
G0 X121.282 Y97.919
;TYPE:FILL
G1 F4800 X94.641 Y105.057 E792.81962
G0 F9000 X94.967 Y107.17
G1 F4800 X98.352 Y94.536 E793.25465
G0 F9000 X98.825 Y94.226
G1 F4800 X121.283 Y116.684 E794.311
G0 F9000 X116.76 Y118.563
G1 F4800 X121.284 Y101.683 E794.89225
G0 F9000 X121.283 Y99.714
G1 F4800 X114.096 Y92.527 E795.2303
G0 F9000 X111.314 Y92.526
G1 F4800 X105.06 Y115.864 E796.03391
G0 F9000 X103.854 Y115.012
G1 F4800 X121.282 Y110.342 E796.63402
G0 F9000 X119.357 Y123.281
G1 F4800 X118.084 Y123.622 E796.67786
G0 F9000 X116.393 Y118.461
G0 X99.708 Y112.079
G1 F4800 X95.206 Y107.577 E796.88962
G0 F9000 X95.241 Y107.557
G1 F2400 E796.08962
;MESH:NONMESH
G0 F300 X95.241 Y107.557 Z4.8
G0 F9000 X121.63 Y92.181
G0 X123.845 Y91.967
;TIME_ELAPSED:953.154919
;LAYER:23
;TYPE:SUPPORT
G1 F2400 E796.88962
G1 X130.245 Y91.967 E797.10248
G1 X130.245 Y113.51 E797.819
G1 X130.242 Y113.564 E797.8208
G1 X130.233 Y113.619 E797.82266
G1 X130.044 Y114.293 E797.84594
G1 X130.044 Y114.871 E797.86516
G1 X129.845 Y115.444 E797.88534
G1 X129.844 Y115.934 E797.90163
G1 X129.645 Y116.353 E797.91706
G1 X129.645 Y116.755 E797.93043
G1 X129.445 Y117.123 E797.94436
G1 X129.445 Y117.453 E797.95534
G1 X129.394 Y117.536 E797.95858
G1 X129.394 Y117.548 E797.95898
G1 X129.245 Y117.783 E797.96823
G1 X129.245 Y118.107 E797.97901
G1 X129.218 Y118.143 E797.98051
G1 X129.059 Y118.629 E797.99751
G1 X129.025 Y118.674 E797.99939
G1 X129.016 Y118.692 E798.00006
G1 X128.842 Y119.207 E798.01814
G1 X128.827 Y119.227 E798.01897
G1 X128.626 Y119.753 E798.0377
G1 X128.595 Y119.795 E798.03944
G1 X128.454 Y120.152 E798.0522
G1 X128.394 Y120.211 E798.055
G1 X128.24 Y120.592 E798.06867
G1 X128.181 Y120.654 E798.07152
G1 X128.047 Y120.98 E798.08324
G1 X128.006 Y121.016 E798.08505
G1 X127.866 Y121.321 E798.09622
G1 X127.785 Y121.39 E798.09975
G1 X127.639 Y121.727 E798.11197
G1 X127.573 Y121.788 E798.11496
G1 X127.553 Y121.827 E798.11642
G1 X127.446 Y122.06 E798.12494
G1 X127.374 Y122.113 E798.12792
G1 X127.368 Y122.118 E798.12818
G1 X127.231 Y122.408 E798.13885
G1 X127.12 Y122.496 E798.14356
G1 X127.12 Y122.545 E798.14519
G1 X127.038 Y122.709 E798.15128
G1 X126.944 Y122.779 E798.15518
G1 X126.832 Y123.006 E798.1636
G1 X126.769 Y123.047 E798.1661
G1 X126.763 Y123.058 E798.16652
G1 X126.718 Y123.088 E798.16832
G1 X126.718 Y123.144 E798.17018
G1 X126.641 Y123.291 E798.1757
G1 X126.601 Y123.319 E798.17732
G1 X126.561 Y123.339 E798.17881
G1 X126.554 Y123.353 E798.17933
G1 X126.51 Y123.384 E798.18112
G1 X126.51 Y123.435 E798.18282
G1 X126.448 Y123.551 E798.18719
G1 X126.344 Y123.619 E798.19133
G1 X126.322 Y123.664 E798.19299
G1 X126.247 Y123.803 E798.19824
G1 X126.146 Y123.863 E798.20215
G1 X126.053 Y124.039 E798.20877
G1 X125.943 Y124.102 E798.21299
G1 X125.836 Y124.299 E798.22045
G1 X125.748 Y124.344 E798.22373
G1 X125.646 Y124.521 E798.23053
G1 X125.522 Y124.592 E798.23528
G1 X125.496 Y124.644 E798.23721
G1 X125.449 Y124.722 E798.24024
G1 X125.336 Y124.779 E798.24445
G1 X125.302 Y124.83 E798.24649
G1 X125.229 Y124.95 E798.25116
G1 X125.138 Y125 E798.25462
G1 X125.045 Y125.146 E798.26037
G1 X124.942 Y125.196 E798.26418
G1 X124.901 Y125.237 E798.26611
G1 X124.837 Y125.339 E798.27011
G1 X124.731 Y125.389 E798.27401
G1 X124.65 Y125.515 E798.27899
G1 X124.517 Y125.57 E798.28378
G1 X124.431 Y125.709 E798.28922
G1 X124.311 Y125.761 E798.29357
G1 X124.289 Y125.801 E798.29509
G1 X124.24 Y125.878 E798.29812
G1 X124.138 Y125.921 E798.3018
G1 X124.128 Y125.931 E798.30227
G1 X124.112 Y125.939 E798.30287
G1 X124.049 Y126.029 E798.30652
G1 X123.916 Y126.082 E798.31128
G1 X123.911 Y126.088 E798.31154
G1 X123.898 Y126.094 E798.31202
G1 X123.836 Y126.189 E798.31579
G1 X123.719 Y126.232 E798.31994
G1 X123.641 Y126.342 E798.32442
G1 X123.507 Y126.39 E798.32916
G1 X123.437 Y126.489 E798.33319
G1 X123.31 Y126.535 E798.33768
G1 X123.254 Y126.613 E798.34088
G1 X123.245 Y126.616 E798.34119
G1 X123.244 Y123.987 E798.42863
G1 X122.559 Y123.29 E798.46114
G1 X122.256 Y123.283 E798.47122
G1 X122.237 Y123.255 E798.47234
G1 X122.192 Y123.237 E798.47396
G1 X122.167 Y123.188 E798.47579
G1 X122.116 Y123.153 E798.47784
G1 X122.044 Y123.042 E798.48224
G1 X122.044 Y123.023 E798.48288
G1 X122.013 Y122.767 E798.49145
G1 X122.004 Y122.611 E798.49665
G1 X122.045 Y122.377 E798.50455
G1 X122.045 Y122.221 E798.50974
G1 X122.136 Y122.099 E798.5148
G1 X122.162 Y122.082 E798.51584
G1 X122.193 Y122.023 E798.51805
G1 X122.25 Y121.998 E798.52012
G1 X122.259 Y121.984 E798.52068
G1 X122.464 Y121.982 E798.52749
G1 X122.477 Y121.991 E798.52802
G1 X122.896 Y122.367 E798.54674
G1 X123.844 Y121.943 E798.58129
G1 X123.845 Y91.967 E799.57829
G1 F2400 E798.77829
G0 F9000 X123.845 Y91.102
G0 X129.885 Y91.102
G0 X129.885 Y92.327
G1 F2400 E799.57829
G1 X128 Y92.327 E799.64099
G1 X128 Y120.226 E800.56891
G1 X127.933 Y120.392 E800.57486
G1 X127.873 Y120.455 E800.57776
G1 X127.746 Y120.765 E800.5889
G1 X127.711 Y120.796 E800.59046
G1 X127.571 Y121.1 E800.60159
G1 X127.488 Y121.17 E800.6052
G1 X127.337 Y121.515 E800.61772
G1 X127.281 Y121.567 E800.62027
G1 X127.229 Y121.671 E800.62413
G1 X127.157 Y121.828 E800.62988
G1 X127.077 Y121.891 E800.63327
G1 X126.94 Y122.18 E800.6439
G1 X126.76 Y122.322 E800.65153
G1 X126.76 Y122.46 E800.65612
G1 X126.754 Y122.472 E800.65656
G1 X126.66 Y122.541 E800.66044
G1 X126.553 Y122.759 E800.66852
G1 X126.499 Y122.794 E800.67066
G1 X126.492 Y122.806 E800.67112
G1 X126.358 Y122.895 E800.67647
G1 X126.358 Y123.038 E800.68123
G1 X126.292 Y123.071 E800.68368
G1 X126.272 Y123.112 E800.6852
G1 X126.15 Y123.196 E800.69013
G1 X126.15 Y123.316 E800.69412
G1 X126.064 Y123.372 E800.69753
G1 X126.001 Y123.5 E800.70228
G0 F9000 X126 Y123.502
G1 F2400 X126 Y92.327 E801.73916
G1 X124.205 Y92.327 E801.79886
G1 X124.204 Y122.177 E802.79168
G1 X124 Y122.268 E802.79911
G1 X122.829 Y122.791 E802.84176
G1 X122.405 Y122.41 E802.86072
G1 X122.366 Y122.631 E802.86819
G1 X122.371 Y122.724 E802.87128
G1 X122.393 Y122.907 E802.87741
G1 X122.422 Y122.927 E802.87859
G1 X122.714 Y122.934 E802.8883
G1 X123.604 Y123.84 E802.93054
G1 X123.605 Y125.885 E802.99856
G1 X123.651 Y125.814 E803.00137
G1 X123.687 Y125.796 E803.00271
G1 X123.701 Y125.78 E803.00342
G1 X123.815 Y125.734 E803.00751
G1 X123.87 Y125.657 E803.01065
G1 X123.913 Y125.636 E803.01225
G1 X123.93 Y125.618 E803.01307
G1 X123.993 Y125.591 E803.01535
G1 X124 Y125.579 E803.01581
G1 X124 Y122.268 E803.12594
G0 F9000 X128 Y120.226
G1 F2400 X128.088 Y120.007 E803.13379
G1 X128.147 Y119.949 E803.13654
G1 X128.278 Y119.619 E803.14835
G1 X128.308 Y119.579 E803.15001
G1 X128.509 Y119.05 E803.16883
G1 X128.52 Y119.036 E803.16942
G1 X128.683 Y118.554 E803.18635
G1 X128.717 Y118.484 E803.18894
G1 X128.736 Y118.459 E803.18998
G1 X128.885 Y118.004 E803.2059
G1 X128.885 Y117.679 E803.21671
G1 X129.034 Y117.444 E803.22597
G1 X129.034 Y117.433 E803.22633
G1 X129.085 Y117.351 E803.22955
G1 X129.085 Y117.031 E803.24019
G1 X129.285 Y116.662 E803.25415
G1 X129.285 Y116.272 E803.26712
G1 X129.484 Y115.851 E803.28261
G1 X129.485 Y115.383 E803.29817
G1 X129.684 Y114.811 E803.31832
G1 X129.684 Y114.243 E803.33721
G1 X129.881 Y113.54 E803.36149
G1 X129.885 Y113.487 E803.36326
G1 X129.885 Y92.327 E804.06704
G1 F2400 E803.26704
G0 F9000 X129.885 Y91.102
G0 X123.644 Y91.102
G0 X123.644 Y93.097
;TYPE:SUPPORT-INTERFACE
G1 F2400 E804.06704
G1 F1500 X123.043 Y92.496 E804.09531
G0 F9000 X123.643 Y93.579
G1 F1500 X123.043 Y94.179 E804.12354
G0 F9000 X123.043 Y95.89
G1 F1500 X123.644 Y96.491 E804.1518
G0 F9000 X123.643 Y96.973
G1 F1500 X123.043 Y97.573 E804.18003
G0 F9000 X123.043 Y99.284
G1 F1500 X123.644 Y99.885 E804.2083
G0 F9000 X123.643 Y100.367
G1 F1500 X123.043 Y100.967 E804.23652
G0 F9000 X123.043 Y102.678
G1 F1500 X123.644 Y103.28 E804.26481
G0 F9000 X123.643 Y103.761
G1 F1500 X123.043 Y104.361 E804.29303
G0 F9000 X123.043 Y106.073
G1 F1500 X123.644 Y106.674 E804.3213
G0 F9000 X123.643 Y107.156
G1 F1500 X123.043 Y107.756 E804.34952
G0 F9000 X123.043 Y109.467
G1 F1500 X123.643 Y110.067 E804.37775
G0 F9000 X123.643 Y110.55
G1 F1500 X123.043 Y111.15 E804.40597
G0 F9000 X123.043 Y112.861
G1 F1500 X123.643 Y113.461 E804.43419
G0 F9000 X123.643 Y113.944
G1 F1500 X123.043 Y114.544 E804.46241
G0 F9000 X123.043 Y116.255
G1 F1500 X123.643 Y116.855 E804.49063
G0 F9000 X123.643 Y117.338
G1 F1500 X123.043 Y117.938 E804.51886
G0 F9000 X123.043 Y119.649
G1 F1500 X123.643 Y120.249 E804.54708
G0 F9000 X123.643 Y120.732
G1 F1500 X122.565 Y121.81 E804.59779
G1 F2400 E803.79779
;MESH:1x_1xm_pusher.stl
G0 F9000 X121.83 Y120.581
G0 X121.644 Y92.367
;TYPE:WALL-INNER
G1 F2400 E804.59779
G1 X121.644 Y120.414 E805.53063
G1 X121.541 Y120.425 E805.53408
G1 X121.197 Y120.495 E805.54575
G1 X120.864 Y120.597 E805.55734
G1 X120.547 Y120.73 E805.56877
G1 X120.251 Y120.895 E805.58004
G1 X119.977 Y121.092 E805.59127
G1 X119.712 Y121.346 E805.60348
G1 X119.473 Y121.662 E805.61665
G1 X119.311 Y121.995 E805.62897
G1 X119.21 Y122.376 E805.64208
G1 X119.201 Y122.808 E805.65645
G1 X119.295 Y123.227 E805.67073
G1 X119.454 Y123.568 E805.68325
G1 X119.685 Y123.888 E805.69637
G1 X119.928 Y124.129 E805.70776
G1 X120.2 Y124.335 E805.71911
G1 X120.499 Y124.508 E805.73059
G1 X120.823 Y124.652 E805.74239
G1 X121.164 Y124.758 E805.75426
G1 X121.518 Y124.834 E805.76631
G1 X121.644 Y124.848 E805.77052
G1 X121.645 Y127.008 E805.84237
G1 X121.372 Y127.075 E805.85171
G1 X120.333 Y127.294 E805.88703
G1 X119.284 Y127.483 E805.92248
G1 X118.751 Y127.561 E805.9404
G1 X116.474 Y118.856 E806.23967
G1 X116.424 Y118.292 E806.2585
G1 X108.414 Y118.292 E806.52492
G1 X96.605 Y109.941 E807.00597
G1 X94.682 Y106.658 E807.13252
G1 X94.682 Y97.078 E807.45115
G1 X98.444 Y94.418 E807.60439
G1 X99.611 Y93.867 E807.64732
G1 X110.392 Y92.367 E808.00935
G1 X121.644 Y92.367 E808.38359
G0 F9000 X122.044 Y91.967
;TYPE:WALL-OUTER
G1 F2400 X122.044 Y120.786 E809.34212
G1 X121.918 Y120.787 E809.34631
G1 X121.602 Y120.821 E809.35688
G1 X121.296 Y120.883 E809.36726
G1 X121 Y120.974 E809.37756
G1 X120.722 Y121.09 E809.38758
G1 X120.466 Y121.233 E809.39733
G1 X120.233 Y121.4 E809.40687
G1 X120.012 Y121.612 E809.41705
G1 X119.816 Y121.872 E809.42788
G1 X119.688 Y122.135 E809.43761
G1 X119.609 Y122.432 E809.44783
G1 X119.602 Y122.768 E809.45901
G1 X119.676 Y123.097 E809.47023
G1 X119.801 Y123.365 E809.48006
G1 X119.99 Y123.627 E809.49081
G1 X120.191 Y123.826 E809.50022
G1 X120.422 Y124.001 E809.50985
G1 X120.681 Y124.151 E809.51981
G1 X120.964 Y124.277 E809.53011
G1 X121.266 Y124.371 E809.54063
G1 X121.582 Y124.439 E809.55138
G1 X121.907 Y124.475 E809.56226
G1 X122.044 Y124.478 E809.56682
G1 X122.045 Y127.321 E809.66138
G1 X121.455 Y127.466 E809.68158
G1 X120.404 Y127.688 E809.71731
G1 X119.352 Y127.877 E809.75286
G1 X118.455 Y128.009 E809.78302
G1 X116.079 Y118.927 E810.09525
G1 X116.058 Y118.692 E810.1031
G1 X108.286 Y118.692 E810.3616
G1 X96.304 Y110.219 E810.84969
G1 X94.282 Y106.766 E810.98278
G1 X94.282 Y96.87 E811.31192
G1 X98.241 Y94.071 E811.47319
G1 X99.494 Y93.48 E811.51926
G1 X110.366 Y91.967 E811.88435
G1 X122.044 Y91.967 E812.27277
G0 F9000 X121.774 Y92.237
G0 X121.482 Y98.012
;TYPE:FILL
G1 F4800 X94.841 Y105.151 E813.19011
G0 F9000 X94.929 Y106.763
G1 F4800 X98.124 Y94.839 E813.6007
G0 F9000 X99.089 Y94.289
G1 F4800 X121.483 Y116.683 E814.65404
G0 F9000 X116.609 Y118.581
G1 F4800 X121.483 Y100.389 E815.28045
G0 F9000 X121.483 Y99.713
G1 F4800 X114.297 Y92.527 E815.61846
G0 F9000 X111.167 Y92.525
G1 F4800 X104.969 Y115.657 E816.41497
G0 F9000 X104.149 Y115.08
G1 F4800 X121.482 Y110.436 E817.0118
G0 F9000 X120.286 Y117.218
G0 X119.228 Y123.463
G1 F4800 X117.934 Y123.809 E817.05635
G0 F9000 X116.268 Y118.463
G0 X99.908 Y112.079
G1 F4800 X95.406 Y107.577 E817.26811
G0 F9000 X95.441 Y107.557
G1 F2400 E816.46811
;MESH:NONMESH
G0 F300 X95.441 Y107.557 Z5
G0 F9000 X121.83 Y92.181
G0 X124.045 Y91.967
;TIME_ELAPSED:976.021344
;LAYER:24
;TYPE:SUPPORT
G1 F2400 E817.26811
G1 X130.245 Y91.967 E817.47432
G1 X130.245 Y113.51 E818.19085
G1 X130.242 Y113.564 E818.19265
G1 X130.233 Y113.619 E818.1945
G1 X130.044 Y114.293 E818.21778
G1 X130.044 Y114.871 E818.23701
G1 X129.845 Y115.444 E818.25718
G1 X129.844 Y115.934 E818.27348
G1 X129.645 Y116.353 E818.28891
G1 X129.645 Y116.755 E818.30228
G1 X129.445 Y117.123 E818.31621
G1 X129.445 Y117.453 E818.32718
G1 X129.394 Y117.536 E818.33042
G1 X129.394 Y117.547 E818.33079
G1 X129.245 Y117.782 E818.34004
G1 X129.245 Y118.107 E818.35085
G1 X129.218 Y118.143 E818.35235
G1 X129.059 Y118.629 E818.36936
G1 X129.025 Y118.674 E818.37123
G1 X129.016 Y118.692 E818.3719
G1 X128.842 Y119.207 E818.38998
G1 X128.827 Y119.227 E818.39081
G1 X128.627 Y119.752 E818.4095
G1 X128.605 Y119.781 E818.41071
G1 X128.589 Y119.812 E818.41187
G1 X128.454 Y120.152 E818.42404
G1 X128.394 Y120.211 E818.42684
G1 X128.24 Y120.592 E818.44051
G1 X128.181 Y120.654 E818.44335
G1 X128.047 Y120.98 E818.45507
G1 X128.006 Y121.016 E818.45689
G1 X127.866 Y121.321 E818.46805
G1 X127.75 Y121.42 E818.47312
G1 X127.75 Y121.471 E818.47482
G1 X127.64 Y121.726 E818.48406
G1 X127.573 Y121.788 E818.48709
G1 X127.553 Y121.827 E818.48855
G1 X127.446 Y122.06 E818.49708
G1 X127.374 Y122.113 E818.50005
G1 X127.368 Y122.118 E818.50031
G1 X127.233 Y122.406 E818.51089
G1 X127.161 Y122.462 E818.51392
G1 X127.038 Y122.709 E818.5231
G1 X126.944 Y122.779 E818.527
G1 X126.832 Y123.006 E818.53542
G1 X126.769 Y123.047 E818.53792
G1 X126.763 Y123.058 E818.53834
G1 X126.718 Y123.088 E818.54013
G1 X126.718 Y123.144 E818.542
G1 X126.641 Y123.291 E818.54752
G1 X126.601 Y123.319 E818.54914
G1 X126.561 Y123.339 E818.55063
G1 X126.554 Y123.353 E818.55115
G1 X126.51 Y123.384 E818.55294
G1 X126.51 Y123.435 E818.55464
G1 X126.448 Y123.551 E818.55901
G1 X126.344 Y123.619 E818.56314
G1 X126.322 Y123.664 E818.56481
G1 X126.247 Y123.803 E818.57006
G1 X126.146 Y123.863 E818.57397
G1 X126.053 Y124.039 E818.58059
G1 X125.943 Y124.102 E818.58481
G1 X125.836 Y124.299 E818.59226
G1 X125.748 Y124.344 E818.59555
G1 X125.646 Y124.521 E818.60234
G1 X125.522 Y124.592 E818.6071
G1 X125.496 Y124.644 E818.60903
G1 X125.449 Y124.722 E818.61206
G1 X125.336 Y124.779 E818.61627
G1 X125.302 Y124.83 E818.61831
G1 X125.229 Y124.95 E818.62298
G1 X125.138 Y125 E818.62643
G1 X125.045 Y125.146 E818.63219
G1 X124.942 Y125.196 E818.636
G1 X124.901 Y125.237 E818.63793
G1 X124.837 Y125.339 E818.64193
G1 X124.731 Y125.389 E818.64583
G1 X124.649 Y125.515 E818.65083
G1 X124.518 Y125.57 E818.65556
G1 X124.432 Y125.706 E818.66091
G1 X124.324 Y125.753 E818.66483
G1 X124.236 Y125.88 E818.66996
G1 X124.138 Y125.921 E818.6735
G1 X124.128 Y125.931 E818.67397
G1 X124.112 Y125.939 E818.67456
G1 X124.049 Y126.029 E818.67822
G1 X123.916 Y126.082 E818.68298
G1 X123.911 Y126.088 E818.68324
G1 X123.898 Y126.094 E818.68371
G1 X123.836 Y126.189 E818.68749
G1 X123.719 Y126.232 E818.69163
G1 X123.641 Y126.342 E818.69612
G1 X123.507 Y126.39 E818.70085
G1 X123.445 Y126.478 E818.70443
G1 X123.444 Y123.932 E818.78911
G1 X122.652 Y123.218 E818.82458
G1 X122.24 Y123.26 E818.83835
G1 X122.237 Y123.255 E818.83855
G1 X122.192 Y123.237 E818.84016
G1 X122.167 Y123.188 E818.84199
G1 X122.116 Y123.153 E818.84405
G1 X122.044 Y123.042 E818.84845
G1 X122.044 Y123.023 E818.84908
G1 X122.013 Y122.767 E818.85766
G1 X122.004 Y122.611 E818.86285
G1 X122.045 Y122.377 E818.87075
G1 X122.045 Y122.221 E818.87594
G1 X122.136 Y122.099 E818.88101
G1 X122.162 Y122.082 E818.88204
G1 X122.193 Y122.023 E818.88426
G1 X122.235 Y122.005 E818.88578
G1 X122.311 Y122.013 E818.88832
G1 X122.448 Y122.147 E818.89469
G1 X122.94 Y122.821 E818.92245
G1 X124.044 Y122.461 E818.96107
G1 X124.045 Y91.967 E819.9753
G1 F2400 E819.1753
G0 F9000 X124.045 Y91.102
G0 X129.885 Y91.102
G0 X129.885 Y92.327
G1 F2400 E819.9753
G1 X128 Y92.327 E820.038
G1 X128 Y120.227 E820.96596
G1 X127.933 Y120.392 E820.97188
G1 X127.873 Y120.455 E820.97477
G1 X127.746 Y120.765 E820.98591
G1 X127.711 Y120.796 E820.98747
G1 X127.572 Y121.099 E820.99856
G1 X127.39 Y121.254 E821.00651
G1 X127.39 Y121.396 E821.01123
G1 X127.34 Y121.513 E821.01546
G1 X127.281 Y121.567 E821.01812
G1 X127.229 Y121.671 E821.02199
G1 X127.157 Y121.828 E821.02774
G1 X127.077 Y121.891 E821.03112
G1 X126.944 Y122.175 E821.04155
G1 X126.875 Y122.228 E821.04445
G1 X126.755 Y122.471 E821.05346
G1 X126.66 Y122.541 E821.05739
G1 X126.553 Y122.759 E821.06546
G1 X126.499 Y122.794 E821.0676
G1 X126.492 Y122.806 E821.06806
G1 X126.358 Y122.895 E821.07341
G1 X126.358 Y123.038 E821.07817
G1 X126.292 Y123.071 E821.08063
G1 X126.272 Y123.112 E821.08214
G1 X126.15 Y123.196 E821.08707
G1 X126.15 Y123.316 E821.09106
G1 X126.064 Y123.372 E821.09447
G1 X126.001 Y123.5 E821.09922
G0 F9000 X126 Y123.502
G1 F2400 X126 Y92.327 E822.1361
G1 X124.405 Y92.327 E822.18915
G1 X124.404 Y122.722 E823.2001
G1 X124 Y122.853 E823.21422
G1 X123.108 Y123.145 E823.24544
G1 X123.804 Y123.772 E823.2766
G1 X123.805 Y125.739 E823.34202
G1 X123.815 Y125.734 E823.34239
G1 X123.87 Y125.657 E823.34554
G1 X123.913 Y125.636 E823.34713
G1 X123.93 Y125.618 E823.34795
G1 X124 Y125.588 E823.35049
G1 X124 Y122.853 E823.44145
G1 F2400 E822.64145
G0 F9000 X126.584 Y124.727
G0 X127.108 Y124.148
G0 X128.123 Y122.597
G0 X129.016 Y120.977
G0 X128 Y120.227
G1 F2400 E823.44145
G1 X128.088 Y120.008 E823.4493
G1 X128.146 Y119.95 E823.45203
G1 X128.261 Y119.663 E823.46231
G1 X128.299 Y119.589 E823.46508
G1 X128.309 Y119.575 E823.46565
G1 X128.508 Y119.053 E823.48423
G1 X128.519 Y119.038 E823.48485
G1 X128.683 Y118.554 E823.50185
G1 X128.717 Y118.484 E823.50444
G1 X128.736 Y118.459 E823.50548
G1 X128.885 Y118.004 E823.52141
G1 X128.885 Y117.678 E823.53225
G1 X129.034 Y117.443 E823.5415
G1 X129.034 Y117.433 E823.54184
G1 X129.085 Y117.351 E823.54505
G1 X129.085 Y117.031 E823.55569
G1 X129.285 Y116.662 E823.56965
G1 X129.285 Y116.272 E823.58262
G1 X129.484 Y115.851 E823.59811
G1 X129.485 Y115.383 E823.61368
G1 X129.684 Y114.811 E823.63382
G1 X129.684 Y114.243 E823.65271
G1 X129.881 Y113.54 E823.67699
G1 X129.885 Y113.487 E823.67876
G1 X129.885 Y92.327 E824.38255
G1 F2400 E823.58255
G0 F9000 X131.11 Y92.327
G0 X121.419 Y121.62
G0 X121.181 Y122.342
G0 X122.367 Y122.646
G1 F2400 E824.38255
G1 X122.529 Y122.869 E824.39171
G1 X122.39 Y122.883 E824.39636
G1 X122.371 Y122.724 E824.40169
G1 X122.367 Y122.646 E824.40428
G0 F9000 X122.477 Y121.898
;TYPE:SUPPORT-INTERFACE
G1 F1500 X122.54 Y121.835 E824.40725
G0 F9000 X123.243 Y121.133
G1 F1500 X123.842 Y120.533 E824.43545
G0 F9000 X123.843 Y120.449
G1 F1500 X123.243 Y119.848 E824.46369
G0 F9000 X123.243 Y117.738
G1 F1500 X123.842 Y117.139 E824.49187
G0 F9000 X123.843 Y117.055
G1 F1500 X123.243 Y116.454 E824.52011
G0 F9000 X123.243 Y114.344
G1 F1500 X123.842 Y113.745 E824.54829
G0 F9000 X123.843 Y113.661
G1 F1500 X123.243 Y113.06 E824.57653
G0 F9000 X123.243 Y110.95
G1 F1500 X123.842 Y110.351 E824.60471
G0 F9000 X123.843 Y110.266
G1 F1500 X123.243 Y109.666 E824.63293
G0 F9000 X123.243 Y107.556
G1 F1500 X123.842 Y106.956 E824.66113
G0 F9000 X123.843 Y106.872
G1 F1500 X123.243 Y106.272 E824.68935
G0 F9000 X123.243 Y104.162
G1 F1500 X123.843 Y103.562 E824.71757
G0 F9000 X123.844 Y103.479
G1 F1500 X123.243 Y102.878 E824.74584
G0 F9000 X123.243 Y100.768
G1 F1500 X123.843 Y100.168 E824.77406
G0 F9000 X123.844 Y100.085
G1 F1500 X123.243 Y99.484 E824.80233
G0 F9000 X123.243 Y97.374
G1 F1500 X123.843 Y96.773 E824.83058
G0 F9000 X123.844 Y96.691
G1 F1500 X123.243 Y96.09 E824.85885
G0 F9000 X123.243 Y93.98
G1 F1500 X123.843 Y93.379 E824.88709
G0 F9000 X123.844 Y93.297
G1 F1500 X123.243 Y92.696 E824.91536
G1 F2400 E824.11536
;MESH:1x_1xm_pusher.stl
G0 F9000 X122.024 Y92.696
G0 X121.844 Y120.383
;TYPE:WALL-INNER
G1 F2400 E824.91536
G1 X121.821 Y120.383 E824.91613
G1 X121.467 Y120.408 E824.92793
G1 X121.118 Y120.466 E824.9397
G1 X120.781 Y120.558 E824.95132
G1 X120.458 Y120.678 E824.96278
G1 X120.152 Y120.834 E824.9742
G1 X119.874 Y121.017 E824.98527
G1 X119.617 Y121.235 E824.99648
G1 X119.374 Y121.515 E825.00881
G1 X119.172 Y121.848 E825.02177
G1 X119.047 Y122.201 E825.03422
G1 X118.992 Y122.586 E825.04716
G1 X119.033 Y123.011 E825.06136
G1 X119.153 Y123.373 E825.07404
G1 X119.346 Y123.712 E825.08702
G1 X119.589 Y123.999 E825.09952
G1 X119.841 Y124.222 E825.11072
G1 X120.122 Y124.412 E825.122
G1 X120.402 Y124.558 E825.1325
G1 X120.727 Y124.688 E825.14414
G1 X121.074 Y124.786 E825.15614
G1 X121.432 Y124.85 E825.16823
G1 X121.795 Y124.879 E825.18034
G1 X121.844 Y124.879 E825.18197
G1 X121.845 Y126.909 E825.24949
G1 X121.165 Y127.076 E825.27278
G1 X120.133 Y127.294 E825.30786
G1 X119.084 Y127.483 E825.34331
G1 X118.551 Y127.561 E825.36123
G1 X116.681 Y120.414 E825.60694
G1 X116.68 Y118.292 E825.67752
G1 X108.614 Y118.292 E825.9458
G1 X96.805 Y109.941 E826.42685
G1 X94.882 Y106.658 E826.5534
G1 X94.882 Y97.078 E826.87203
G1 X98.244 Y94.701 E827.00898
G1 X99.583 Y94.069 E827.05822
G1 X111.815 Y92.367 E827.46898
G1 X121.844 Y92.367 E827.80255
G1 X121.844 Y120.383 E828.73436
G0 F9000 X122.244 Y120.799
;TYPE:WALL-OUTER
G1 F2400 X122.15 Y120.789 E828.73751
G1 X121.995 Y120.787 E828.74266
G1 X121.832 Y120.783 E828.74809
G1 X121.514 Y120.806 E828.75869
G1 X121.203 Y120.857 E828.76917
G1 X120.904 Y120.939 E828.77949
G1 X120.619 Y121.045 E828.7896
G1 X120.353 Y121.18 E828.79952
G1 X120.114 Y121.338 E828.80905
G1 X119.899 Y121.52 E828.81842
G1 X119.698 Y121.752 E828.82863
G1 X119.535 Y122.02 E828.83906
G1 X119.437 Y122.297 E828.84883
G1 X119.395 Y122.595 E828.85884
G1 X119.427 Y122.928 E828.86997
G1 X119.52 Y123.21 E828.87985
G1 X119.675 Y123.482 E828.89026
G1 X119.875 Y123.718 E828.90055
G1 X120.087 Y123.905 E828.90995
G1 X120.327 Y124.068 E828.9196
G1 X120.569 Y124.194 E828.92867
G1 X120.856 Y124.309 E828.93896
G1 X121.164 Y124.396 E828.9496
G1 X121.483 Y124.453 E828.96038
G1 X121.81 Y124.479 E828.97129
G1 X121.991 Y124.477 E828.97731
G1 X122.138 Y124.477 E828.9822
G1 X122.244 Y124.466 E828.98574
G1 X122.244 Y124.613 E828.98937
G1 X122.245 Y127.222 E829.07614
G1 X121.254 Y127.466 E829.11009
G1 X120.204 Y127.688 E829.14578
G1 X119.152 Y127.877 E829.18133
G1 X118.255 Y128.009 E829.21149
G1 X116.281 Y120.465 E829.47085
G1 X116.28 Y118.692 E829.52982
G1 X108.486 Y118.692 E829.78905
G1 X96.504 Y110.219 E830.27715
G1 X94.482 Y106.766 E830.41024
G1 X94.482 Y96.87 E830.73938
G1 X98.041 Y94.354 E830.88435
G1 X99.466 Y93.682 E830.93675
G1 X111.789 Y91.967 E831.35056
G1 X122.244 Y91.967 E831.6983
G1 X122.244 Y120.644 E832.6521
G1 X122.244 Y120.799 E832.65585
G0 F9000 X121.974 Y120.516
G0 X121.683 Y116.684
;TYPE:FILL
G1 F4800 X99.353 Y94.354 E833.70619
G0 F9000 X97.897 Y95.141
G1 F4800 X95.041 Y105.798 E834.07315
G0 F9000 X95.041 Y105.243
G1 F4800 X121.682 Y98.105 E834.99049
G0 F9000 X121.683 Y99.099
G1 F4800 X116.583 Y118.132 E835.64586
G0 F9000 X117.783 Y123.996
G1 F4800 X119.121 Y123.637 E835.69194
G0 F9000 X119.187 Y122.506
G0 X121.683 Y110.528
G1 F4800 X104.444 Y115.147 E836.28553
G0 F9000 X104.878 Y115.453
G1 F4800 X110.99 Y92.642 E837.07099
G0 F9000 X114.496 Y92.527
G1 F4800 X121.683 Y99.714 E837.40905
G0 F9000 X100.108 Y112.079
G1 F4800 X95.606 Y107.577 E837.62081
G0 F9000 X95.641 Y107.557
G1 F2400 E836.82081
;MESH:NONMESH
G0 F300 X95.641 Y107.557 Z5.2
G0 F9000 X122.03 Y92.181
G0 X124.245 Y91.967
;TIME_ELAPSED:999.304374
;LAYER:25
;TYPE:SUPPORT
G1 F2400 E837.62081
G1 X130.245 Y91.967 E837.82037
G1 X130.245 Y113.51 E838.53689
G1 X130.242 Y113.564 E838.53869
G1 X130.233 Y113.619 E838.54054
G1 X130.044 Y114.293 E838.56382
G1 X130.044 Y114.871 E838.58305
G1 X129.845 Y115.444 E838.60322
G1 X129.844 Y115.934 E838.61952
G1 X129.645 Y116.353 E838.63495
G1 X129.645 Y116.755 E838.64832
G1 X129.445 Y117.123 E838.66225
G1 X129.445 Y117.453 E838.67323
G1 X129.394 Y117.536 E838.67647
G1 X129.394 Y117.547 E838.67683
G1 X129.245 Y117.782 E838.68609
G1 X129.245 Y118.107 E838.6969
G1 X129.218 Y118.143 E838.69839
G1 X129.059 Y118.629 E838.7154
G1 X129.025 Y118.674 E838.71728
G1 X129.016 Y118.692 E838.71795
G1 X128.842 Y119.207 E838.73603
G1 X128.823 Y119.234 E838.73712
G1 X128.627 Y119.75 E838.75548
G1 X128.575 Y119.818 E838.75833
G1 X128.575 Y119.848 E838.75933
G1 X128.454 Y120.152 E838.77021
G1 X128.394 Y120.211 E838.77301
G1 X128.24 Y120.592 E838.78668
G1 X128.181 Y120.654 E838.78952
G1 X128.047 Y120.98 E838.80125
G1 X128.006 Y121.016 E838.80306
G1 X127.866 Y121.321 E838.81422
G1 X127.75 Y121.42 E838.8193
G1 X127.75 Y121.471 E838.82099
G1 X127.64 Y121.726 E838.83023
G1 X127.573 Y121.788 E838.83326
G1 X127.553 Y121.827 E838.83472
G1 X127.446 Y122.06 E838.84325
G1 X127.374 Y122.113 E838.84622
G1 X127.368 Y122.118 E838.84648
G1 X127.233 Y122.406 E838.85706
G1 X127.161 Y122.462 E838.8601
G1 X127.038 Y122.709 E838.86927
G1 X126.944 Y122.779 E838.87317
G1 X126.832 Y123.006 E838.88159
G1 X126.769 Y123.047 E838.88409
G1 X126.763 Y123.058 E838.88451
G1 X126.718 Y123.088 E838.88631
G1 X126.718 Y123.144 E838.88817
G1 X126.641 Y123.291 E838.89369
G1 X126.601 Y123.319 E838.89531
G1 X126.561 Y123.339 E838.8968
G1 X126.554 Y123.353 E838.89732
G1 X126.51 Y123.384 E838.89911
G1 X126.51 Y123.435 E838.90081
G1 X126.448 Y123.551 E838.90518
G1 X126.344 Y123.619 E838.90931
G1 X126.322 Y123.664 E838.91098
G1 X126.247 Y123.803 E838.91623
G1 X126.146 Y123.863 E838.92014
G1 X126.053 Y124.039 E838.92676
G1 X125.943 Y124.102 E838.93098
G1 X125.836 Y124.299 E838.93843
G1 X125.748 Y124.344 E838.94172
G1 X125.647 Y124.519 E838.94844
G1 X125.567 Y124.565 E838.95151
G1 X125.525 Y124.586 E838.95307
G1 X125.496 Y124.644 E838.95523
G1 X125.449 Y124.722 E838.95826
G1 X125.336 Y124.779 E838.96247
G1 X125.302 Y124.83 E838.96451
G1 X125.23 Y124.949 E838.96913
G1 X125.138 Y124.999 E838.97262
G1 X125.046 Y125.146 E838.97838
G1 X124.942 Y125.196 E838.98222
G1 X124.901 Y125.237 E838.98415
G1 X124.837 Y125.339 E838.98815
G1 X124.731 Y125.389 E838.99205
G1 X124.649 Y125.515 E838.99705
G1 X124.518 Y125.57 E839.00178
G1 X124.432 Y125.706 E839.00713
G1 X124.409 Y125.716 E839.00796
G1 X124.342 Y125.716 E839.01019
G1 X124.317 Y125.755 E839.01173
G1 X124.309 Y125.759 E839.01203
G1 X124.28 Y125.815 E839.01413
G1 X124.245 Y125.869 E839.01627
G1 X124.245 Y122.942 E839.11362
G1 X124.243 Y122.638 E839.12373
G1 X124.245 Y122.249 E839.13667
G1 X124.243 Y121.983 E839.14552
G1 X124.245 Y121.687 E839.15536
G1 X124.243 Y121.407 E839.16468
G1 X124.245 Y91.967 E840.14386
G1 F2400 E839.34386
G0 F9000 X124.245 Y91.102
G0 X129.885 Y91.102
G0 X129.885 Y92.327
G1 F2400 E840.14386
G1 X128 Y92.327 E840.20655
G1 X128 Y120.227 E841.13451
G1 X127.933 Y120.392 E841.14043
G1 X127.873 Y120.455 E841.14333
G1 X127.746 Y120.765 E841.15447
G1 X127.711 Y120.796 E841.15602
G1 X127.572 Y121.099 E841.16711
G1 X127.39 Y121.254 E841.17506
G1 X127.39 Y121.396 E841.17978
G1 X127.34 Y121.513 E841.18402
G1 X127.281 Y121.567 E841.18668
G1 X127.229 Y121.671 E841.19054
G1 X127.157 Y121.828 E841.19629
G1 X127.077 Y121.891 E841.19968
G1 X126.944 Y122.175 E841.21011
G1 X126.875 Y122.228 E841.213
G1 X126.755 Y122.471 E841.22201
G1 X126.66 Y122.541 E841.22594
G1 X126.553 Y122.759 E841.23402
G1 X126.499 Y122.794 E841.23616
G1 X126.492 Y122.806 E841.23662
G1 X126.358 Y122.895 E841.24197
G1 X126.358 Y123.038 E841.24672
G1 X126.292 Y123.071 E841.24918
G1 X126.272 Y123.112 E841.2507
G1 X126.15 Y123.196 E841.25562
G1 X126.15 Y123.316 E841.25961
G1 X126.064 Y123.372 E841.26303
G1 X126.001 Y123.5 E841.26777
G0 F9000 X126 Y123.502
G1 F2400 X125.977 Y123.545 E841.26939
G1 X125.874 Y123.606 E841.27338
G1 X125.784 Y123.778 E841.27983
G1 X125.675 Y123.841 E841.28402
G1 X125.573 Y124.03 E841.29116
G1 X125.489 Y124.072 E841.29429
G1 X125.386 Y124.253 E841.30121
G1 X125.256 Y124.319 E841.30606
G1 X125.191 Y124.449 E841.3109
G1 X125.089 Y124.5 E841.31469
G1 X124.998 Y124.637 E841.32016
G1 X124.973 Y124.678 E841.32176
G1 X124.882 Y124.728 E841.32521
G1 X124.794 Y124.869 E841.33074
G1 X124.731 Y124.899 E841.33306
G1 X124.618 Y125.012 E841.33837
G1 X124.605 Y125.033 E841.3392
G1 X124.605 Y122.94 E841.40881
G1 X124.603 Y122.64 E841.41879
G1 X124.605 Y122.249 E841.43179
G1 X124.603 Y121.985 E841.44057
G1 X124.605 Y121.687 E841.45048
G1 X124.603 Y121.407 E841.4598
G1 X124.605 Y92.327 E842.427
G1 X126 Y92.327 E842.4734
G1 X126 Y123.502 E843.51029
G1 F2400 E842.71029
G0 F9000 X127.221 Y123.937
G0 X128.049 Y122.748
G0 X129.016 Y120.977
G0 X128 Y120.227
G1 F2400 E843.51029
G1 X128.088 Y120.008 E843.51814
G1 X128.146 Y119.95 E843.52086
G1 X128.215 Y119.778 E843.52703
G1 X128.215 Y119.696 E843.52975
G1 X128.308 Y119.575 E843.53483
G1 X128.502 Y119.064 E843.55301
G1 X128.518 Y119.04 E843.55397
G1 X128.683 Y118.554 E843.57104
G1 X128.717 Y118.484 E843.57363
G1 X128.736 Y118.459 E843.57467
G1 X128.885 Y118.004 E843.5906
G1 X128.885 Y117.678 E843.60144
G1 X129.034 Y117.443 E843.61069
G1 X129.034 Y117.433 E843.61103
G1 X129.085 Y117.351 E843.61424
G1 X129.085 Y117.031 E843.62488
G1 X129.285 Y116.662 E843.63884
G1 X129.285 Y116.272 E843.65181
G1 X129.484 Y115.851 E843.6673
G1 X129.485 Y115.383 E843.68287
G1 X129.684 Y114.811 E843.70301
G1 X129.684 Y114.243 E843.7219
G1 X129.881 Y113.54 E843.74618
G1 X129.885 Y113.487 E843.74795
G1 X129.885 Y92.327 E844.45174
G1 F2400 E843.65174
G0 F9000 X131.11 Y92.327
G0 X121.429 Y121.642
G0 X122.178 Y122.05
G1 F2400 E844.45174
G1 X122.366 Y122.31 E844.46241
G1 X122.43 Y122.457 E844.46774
G1 X122.456 Y122.601 E844.47261
G1 X122.446 Y122.744 E844.47738
G1 X122.399 Y122.89 E844.48248
G1 X122.322 Y123.023 E844.48759
G1 X122.162 Y123.184 E844.49514
G1 X122.116 Y123.153 E844.49698
G1 X122.044 Y123.042 E844.50138
G1 X122.044 Y123.023 E844.50202
G1 X122.013 Y122.767 E844.51059
G1 X122.004 Y122.611 E844.51579
G1 X122.045 Y122.377 E844.52369
G1 X122.045 Y122.221 E844.52888
G1 X122.136 Y122.099 E844.53394
G1 X122.162 Y122.082 E844.53497
G1 X122.178 Y122.05 E844.53616
G0 F9000 X122.383 Y121.992
;TYPE:SUPPORT-INTERFACE
G1 F1500 X122.476 Y121.899 E844.54054
G0 F9000 X122.653 Y122.653
G1 F1500 X124.044 Y124.044 E844.60597
G0 F9000 X124.044 Y123.726
G1 F1500 X123.444 Y124.325 E844.63417
G0 F9000 X123.443 Y120.932
G1 F1500 X124.042 Y120.334 E844.66232
G0 F9000 X124.042 Y120.648
G1 F1500 X123.443 Y120.049 E844.69049
G0 F9000 X123.443 Y117.538
G1 F1500 X124.042 Y116.939 E844.71867
G0 F9000 X124.042 Y117.254
G1 F1500 X123.443 Y116.654 E844.74687
G0 F9000 X123.443 Y114.144
G1 F1500 X124.042 Y113.545 E844.77504
G0 F9000 X124.042 Y113.86
G1 F1500 X123.443 Y113.26 E844.80324
G0 F9000 X123.443 Y110.749
G1 F1500 X124.042 Y110.15 E844.83142
G0 F9000 X124.043 Y110.467
G1 F1500 X123.443 Y109.866 E844.85966
G0 F9000 X123.443 Y107.355
G1 F1500 X124.042 Y106.756 E844.88784
G0 F9000 X124.043 Y107.072
G1 F1500 X123.443 Y106.472 E844.91606
G0 F9000 X123.443 Y103.961
G1 F1500 X124.042 Y103.362 E844.94423
G0 F9000 X124.043 Y103.678
G1 F1500 X123.443 Y103.078 E844.97246
G0 F9000 X123.443 Y100.567
G1 F1500 X124.043 Y99.967 E845.00068
G0 F9000 X124.044 Y100.285
G1 F1500 X123.443 Y99.684 E845.02895
G0 F9000 X123.443 Y97.173
G1 F1500 X124.043 Y96.573 E845.05717
G0 F9000 X124.044 Y96.891
G1 F1500 X123.443 Y96.29 E845.08544
G0 F9000 X123.443 Y93.779
G1 F1500 X124.043 Y93.179 E845.11366
G0 F9000 X124.044 Y93.497
G1 F1500 X123.443 Y92.896 E845.14193
G1 F2400 E844.34193
;MESH:1x_1xm_pusher.stl
G0 F9000 X122.224 Y92.896
G0 X122.044 Y120.397
;TYPE:WALL-INNER
G1 F2400 E845.14193
G1 X121.748 Y120.383 E845.15179
G1 X121.393 Y120.395 E845.1636
G1 X121.04 Y120.442 E845.17544
G1 X120.697 Y120.522 E845.18716
G1 X120.369 Y120.633 E845.19868
G1 X120.058 Y120.776 E845.21006
G1 X119.77 Y120.948 E845.22122
G1 X119.503 Y121.155 E845.23245
G1 X119.24 Y121.428 E845.24506
G1 X119.024 Y121.747 E845.25788
G1 X118.876 Y122.096 E845.27048
G1 X118.8 Y122.466 E845.28305
G1 X118.806 Y122.85 E845.29582
G1 X118.893 Y123.221 E845.3085
G1 X119.054 Y123.567 E845.32119
G1 X119.277 Y123.878 E845.33392
G1 X119.517 Y124.12 E845.34525
G1 X119.789 Y124.327 E845.35662
G1 X120.087 Y124.502 E845.36812
G1 X120.41 Y124.645 E845.37986
G1 X120.749 Y124.754 E845.39171
G1 X121.102 Y124.831 E845.40373
G1 X121.465 Y124.874 E845.41588
G1 X121.833 Y124.881 E845.42812
G1 X122.044 Y124.867 E845.43516
G1 X122.044 Y124.88
G1 X122.045 Y126.808 E845.49928
G1 X121.975 Y126.828 E845.50171
G1 X120.971 Y127.075 E845.53609
G1 X119.933 Y127.294 E845.57138
G1 X118.884 Y127.483 E845.60683
G1 X118.351 Y127.561 E845.62475
G1 X116.881 Y121.942 E845.81792
G1 X116.88 Y118.292 E845.93932
G1 X108.814 Y118.292 E846.2076
G1 X97.005 Y109.941 E846.68866
G1 X95.082 Y106.658 E846.8152
G1 X95.082 Y97.077 E847.13387
G1 X98.045 Y94.982 E847.25456
G1 X99.554 Y94.272 E847.31003
G1 X113.238 Y92.367 E847.76955
G1 X122.044 Y92.367 E848.06244
G1 X122.044 Y120.383 E848.99426
G1 X122.044 Y120.397
G0 F9000 X122.444 Y120.86
;TYPE:WALL-OUTER
G1 F2400 X122.376 Y120.843 E848.99659
G1 X122.062 Y120.799 E849.00713
G1 X122.053 Y120.799 E849.00743
G1 X121.745 Y120.783 E849.01769
G1 X121.426 Y120.794 E849.02831
G1 X121.112 Y120.836 E849.03884
G1 X120.807 Y120.907 E849.04926
G1 X120.517 Y121.005 E849.05944
G1 X120.245 Y121.13 E849.0694
G1 X119.996 Y121.279 E849.07905
G1 X119.771 Y121.453 E849.08851
G1 X119.552 Y121.681 E849.09902
G1 X119.377 Y121.939 E849.10939
G1 X119.26 Y122.215 E849.11936
G1 X119.201 Y122.504 E849.12917
G1 X119.205 Y122.801 E849.13905
G1 X119.273 Y123.089 E849.14889
G1 X119.401 Y123.364 E849.15898
G1 X119.584 Y123.619 E849.16942
G1 X119.782 Y123.819 E849.17878
G1 X120.012 Y123.994 E849.1884
G1 X120.27 Y124.146 E849.19836
G1 X120.552 Y124.271 E849.20861
G1 X120.853 Y124.367 E849.21912
G1 X121.168 Y124.436 E849.22985
G1 X121.493 Y124.474 E849.24073
G1 X121.823 Y124.481 E849.25171
G1 X122.094 Y124.461 E849.26075
G1 X122.15 Y124.458 E849.26261
G1 X122.444 Y124.408 E849.27253
G1 X122.444 Y124.457
G1 X122.444 Y124.513 E849.27422
G1 X122.445 Y127.111 E849.36063
G1 X122.084 Y127.213 E849.3731
G1 X121.054 Y127.466 E849.40838
G1 X120.004 Y127.688 E849.44407
G1 X118.952 Y127.877 E849.47962
G1 X118.055 Y128.009 E849.50978
G1 X116.481 Y121.993 E849.71661
G1 X116.48 Y118.692 E849.8264
G1 X108.686 Y118.692 E850.08563
G1 X96.704 Y110.219 E850.57373
G1 X94.682 Y106.766 E850.70682
G1 X94.682 Y96.87 E851.03596
G1 X97.841 Y94.636 E851.16465
G1 X99.438 Y93.884 E851.22336
G1 X113.212 Y91.967 E851.6859
G1 X122.444 Y91.967 E851.99295
G1 X122.444 Y120.79 E852.95161
G1 X122.444 Y120.799
G1 X122.444 Y120.843
G1 X122.444 Y120.86
G0 F9000 X122.179 Y120.548
G0 X121.883 Y116.684
;TYPE:FILL
G1 F4800 X99.622 Y94.424 E853.99868
G0 F9000 X97.67 Y95.442
G1 F4800 X95.241 Y104.507 E854.31082
G0 F9000 X95.241 Y105.335
G1 F4800 X121.883 Y98.197 E855.22819
G0 F9000 X121.883 Y97.808
G1 F4800 X116.437 Y118.131 E855.92798
G0 F9000 X116.68 Y118.43
G0 X117.632 Y124.182
G1 F4800 X119.029 Y123.808 E855.97608
G0 F9000 X118.962 Y122.482
G0 X121.882 Y110.62
G1 F4800 X104.738 Y115.214 E856.56641
G0 F9000 X104.787 Y115.246
G1 F4800 X110.783 Y92.868 E857.33696
G0 F9000 X114.696 Y92.527
G1 F4800 X121.883 Y99.714 E857.67501
G0 F9000 X100.307 Y112.079
G1 F4800 X95.807 Y107.579 E857.88668
G0 F9000 X95.842 Y107.559
G1 F2400 E857.08668
;MESH:NONMESH
G0 F300 X95.842 Y107.559 Z5.4
G0 F9000 X122.23 Y92.181
G0 X124.445 Y91.967
;TIME_ELAPSED:1022.666811
;LAYER:26
;TYPE:SUPPORT
G1 F2400 E857.88668
G1 X130.245 Y91.967 E858.07959
G1 X130.245 Y113.51 E858.79611
G1 X130.242 Y113.564 E858.79791
G1 X130.233 Y113.619 E858.79976
G1 X130.044 Y114.293 E858.82305
G1 X130.044 Y114.871 E858.84227
G1 X129.845 Y115.444 E858.86245
G1 X129.844 Y115.934 E858.87874
G1 X129.645 Y116.353 E858.89417
G1 X129.645 Y116.755 E858.90754
G1 X129.445 Y117.123 E858.92147
G1 X129.445 Y117.453 E858.93245
G1 X129.394 Y117.536 E858.93569
G1 X129.394 Y117.546 E858.93602
G1 X129.245 Y117.782 E858.9453
G1 X129.245 Y118.107 E858.95611
G1 X129.218 Y118.143 E858.95761
G1 X129.059 Y118.629 E858.97462
G1 X129.025 Y118.674 E858.97649
G1 X129.016 Y118.692 E858.97716
G1 X128.842 Y119.207 E858.99524
G1 X128.823 Y119.233 E858.99631
G1 X128.628 Y119.748 E859.01463
G1 X128.575 Y119.802 E859.01715
G1 X128.575 Y119.848 E859.01868
G1 X128.454 Y120.152 E859.02956
G1 X128.394 Y120.211 E859.03236
G1 X128.24 Y120.592 E859.04603
G1 X128.181 Y120.654 E859.04887
G1 X128.047 Y120.98 E859.0606
G1 X128.011 Y121.012 E859.0622
G1 X128.001 Y121.026 E859.06277
G1 X127.866 Y121.321 E859.07356
G1 X127.75 Y121.419 E859.07861
G1 X127.75 Y121.471 E859.08034
G1 X127.64 Y121.726 E859.08958
G1 X127.573 Y121.788 E859.09261
G1 X127.553 Y121.827 E859.09407
G1 X127.446 Y122.06 E859.1026
G1 X127.374 Y122.113 E859.10557
G1 X127.368 Y122.118 E859.10583
G1 X127.232 Y122.407 E859.11646
G1 X127.161 Y122.462 E859.11944
G1 X127.038 Y122.709 E859.12862
G1 X126.944 Y122.779 E859.13252
G1 X126.832 Y123.006 E859.14094
G1 X126.769 Y123.047 E859.14344
G1 X126.763 Y123.058 E859.14385
G1 X126.718 Y123.088 E859.14565
G1 X126.718 Y123.144 E859.14752
G1 X126.641 Y123.291 E859.15303
G1 X126.601 Y123.319 E859.15466
G1 X126.561 Y123.339 E859.15615
G1 X126.554 Y123.353 E859.15667
G1 X126.51 Y123.384 E859.15846
G1 X126.51 Y123.435 E859.16015
G1 X126.448 Y123.551 E859.16453
G1 X126.344 Y123.619 E859.16866
G1 X126.322 Y123.664 E859.17033
G1 X126.247 Y123.803 E859.17558
G1 X126.146 Y123.863 E859.17949
G1 X126.053 Y124.039 E859.18611
G1 X125.943 Y124.102 E859.19032
G1 X125.836 Y124.299 E859.19778
G1 X125.748 Y124.344 E859.20107
G1 X125.647 Y124.519 E859.20779
G1 X125.567 Y124.565 E859.21086
G1 X125.525 Y124.586 E859.21242
G1 X125.496 Y124.644 E859.21458
G1 X125.449 Y124.722 E859.2176
G1 X125.336 Y124.779 E859.22181
G1 X125.302 Y124.83 E859.22385
G1 X125.23 Y124.949 E859.22848
G1 X125.138 Y124.999 E859.23196
G1 X125.046 Y125.146 E859.23773
G1 X124.942 Y125.196 E859.24157
G1 X124.901 Y125.237 E859.2435
G1 X124.837 Y125.339 E859.2475
G1 X124.731 Y125.389 E859.2514
G1 X124.649 Y125.515 E859.2564
G1 X124.518 Y125.57 E859.26112
G1 X124.445 Y125.685 E859.26566
G1 X124.445 Y122.96 E859.35629
G1 X124.443 Y122.64 E859.36693
G1 X124.445 Y122.19 E859.3819
G1 X124.443 Y121.891 E859.39184
G1 X124.445 Y121.565 E859.40269
G1 X124.443 Y121.296 E859.41164
G1 X124.445 Y91.967 E860.38712
G1 F2400 E859.58712
G0 F9000 X124.445 Y91.102
G0 X129.885 Y91.102
G0 X129.885 Y92.327
G1 F2400 E860.38712
G1 X128 Y92.327 E860.44982
G1 X128 Y120.227 E861.37777
G1 X127.933 Y120.392 E861.3837
G1 X127.873 Y120.455 E861.38659
G1 X127.747 Y120.764 E861.39769
G1 X127.742 Y120.768 E861.3979
G1 X127.688 Y120.845 E861.40103
G1 X127.572 Y121.099 E861.41032
G1 X127.39 Y121.252 E861.41823
G1 X127.39 Y121.396 E861.42302
G1 X127.34 Y121.513 E861.42725
G1 X127.281 Y121.567 E861.42991
G1 X127.229 Y121.671 E861.43378
G1 X127.157 Y121.828 E861.43952
G1 X127.077 Y121.891 E861.44291
G1 X126.942 Y122.176 E861.4534
G1 X126.875 Y122.228 E861.45622
G1 X126.755 Y122.471 E861.46523
G1 X126.66 Y122.541 E861.46916
G1 X126.553 Y122.759 E861.47723
G1 X126.499 Y122.794 E861.47937
G1 X126.492 Y122.806 E861.47984
G1 X126.358 Y122.895 E861.48519
G1 X126.358 Y123.038 E861.48994
G1 X126.292 Y123.071 E861.4924
G1 X126.272 Y123.112 E861.49391
G1 X126.15 Y123.196 E861.49884
G1 X126.15 Y123.316 E861.50283
G1 X126.064 Y123.372 E861.50624
G1 X126.001 Y123.5 E861.51099
G0 F9000 X126 Y123.502
G1 F2400 X125.977 Y123.545 E861.51261
G1 X125.874 Y123.606 E861.51659
G1 X125.784 Y123.778 E861.52305
G1 X125.675 Y123.841 E861.52724
G1 X125.573 Y124.03 E861.53438
G1 X125.489 Y124.072 E861.5375
G1 X125.386 Y124.253 E861.54443
G1 X125.256 Y124.319 E861.54928
G1 X125.191 Y124.449 E861.55411
G1 X125.089 Y124.5 E861.55791
G1 X124.998 Y124.637 E861.56338
G1 X124.973 Y124.678 E861.56497
G1 X124.882 Y124.728 E861.56843
G1 X124.805 Y124.851 E861.57325
G1 X124.805 Y122.958 E861.63622
G1 X124.803 Y122.642 E861.64673
G1 X124.805 Y122.19 E861.66176
G1 X124.803 Y121.893 E861.67164
G1 X124.805 Y121.565 E861.68255
G1 X124.803 Y121.296 E861.69149
G1 X124.805 Y92.327 E862.65501
G1 X126 Y92.327 E862.69475
G1 X126 Y123.502 E863.73164
G1 F2400 E862.93164
G0 F9000 X127.221 Y123.937
G0 X128.049 Y122.748
G0 X129.016 Y120.977
G0 X128 Y120.227
G1 F2400 E863.73164
G1 X128.088 Y120.008 E863.73949
G1 X128.146 Y119.95 E863.74222
G1 X128.215 Y119.778 E863.74838
G1 X128.215 Y119.654 E863.7525
G1 X128.318 Y119.551 E863.75735
G1 X128.504 Y119.06 E863.77481
G1 X128.519 Y119.04 E863.77564
G1 X128.683 Y118.554 E863.7927
G1 X128.717 Y118.484 E863.79529
G1 X128.736 Y118.459 E863.79634
G1 X128.885 Y118.004 E863.81226
G1 X128.885 Y117.678 E863.8231
G1 X129.034 Y117.443 E863.83236
G1 X129.034 Y117.433 E863.83269
G1 X129.085 Y117.351 E863.8359
G1 X129.085 Y117.031 E863.84655
G1 X129.285 Y116.662 E863.86051
G1 X129.285 Y116.272 E863.87348
G1 X129.484 Y115.851 E863.88897
G1 X129.485 Y115.383 E863.90453
G1 X129.684 Y114.811 E863.92467
G1 X129.684 Y114.243 E863.94357
G1 X129.881 Y113.54 E863.96785
G1 X129.885 Y113.487 E863.96962
G1 X129.885 Y92.327 E864.6734
G1 F2400 E863.8734
G0 F9000 X131.11 Y92.327
G0 X122.298 Y121.942
G0 X122.012 Y122.742
G1 F2400 E864.6734
G1 X122.216 Y122.838 E864.6809
G1 X122.199 Y122.892 E864.68278
G1 X122.078 Y123.095 E864.69064
G1 X122.044 Y123.042 E864.69274
G1 X122.044 Y123.023 E864.69337
G1 X122.013 Y122.767 E864.70195
G1 X122.012 Y122.742 E864.70278
G0 F9000 X122.725 Y122.725
;TYPE:SUPPORT-INTERFACE
G1 F1500 X124.245 Y124.245 E864.77427
G0 F9000 X123.644 Y124.125
G1 F1500 X124.244 Y123.525 E864.8025
G0 F9000 X124.242 Y120.848
G1 F1500 X123.643 Y120.249 E864.83067
G0 F9000 X123.643 Y120.732
G1 F1500 X124.242 Y120.133 E864.85885
G0 F9000 X124.242 Y117.454
G1 F1500 X123.643 Y116.855 E864.88702
G0 F9000 X123.643 Y117.338
G1 F1500 X124.242 Y116.739 E864.9152
G0 F9000 X124.242 Y114.06
G1 F1500 X123.643 Y113.46 E864.9434
G0 F9000 X123.643 Y113.943
G1 F1500 X124.242 Y113.345 E864.97155
G0 F9000 X124.243 Y110.667
G1 F1500 X123.643 Y110.066 E864.99979
G0 F9000 X123.643 Y110.549
G1 F1500 X124.242 Y109.95 E865.02797
G0 F9000 X124.243 Y107.273
G1 F1500 X123.643 Y106.672 E865.05621
G0 F9000 X123.643 Y107.155
G1 F1500 X124.242 Y106.556 E865.08439
G0 F9000 X124.243 Y103.878
G1 F1500 X123.643 Y103.278 E865.11261
G0 F9000 X123.643 Y103.761
G1 F1500 X124.242 Y103.162 E865.14079
G0 F9000 X124.244 Y100.485
G1 F1500 X123.643 Y99.884 E865.16906
G0 F9000 X123.643 Y100.367
G1 F1500 X124.243 Y99.767 E865.19728
G0 F9000 X124.244 Y97.091
G1 F1500 X123.643 Y96.49 E865.22555
G0 F9000 X123.643 Y96.973
G1 F1500 X124.243 Y96.373 E865.25377
G0 F9000 X124.244 Y93.697
G1 F1500 X123.643 Y93.096 E865.28204
G0 F9000 X123.643 Y93.579
G1 F1500 X124.243 Y92.979 E865.31026
G1 F2400 E864.51026
;MESH:1x_1xm_pusher.stl
G0 F9000 X122.424 Y92.979
G0 X118.752 Y122.632
G0 X118.802 Y123.021
G0 X119.104 Y123.655
G0 X119.585 Y124.128
G0 X120.474 Y124.565
G0 X120.765 Y124.608
G0 X122.244 Y124.817
;TYPE:WALL-INNER
G1 F2400 E865.31026
G1 X122.244 Y124.868 E865.31196
G1 X122.244 Y124.879 E865.31232
G1 X122.245 Y126.695 E865.37272
G1 X121.775 Y126.828 E865.38897
G1 X120.771 Y127.075 E865.42336
G1 X119.733 Y127.294 E865.45864
G1 X118.684 Y127.483 E865.49409
G1 X118.151 Y127.561 E865.51201
G1 X117.081 Y123.469 E865.65269
G1 X117.08 Y118.292 E865.82487
G1 X109.014 Y118.292 E866.09315
G1 X97.205 Y109.941 E866.57421
G1 X95.282 Y106.658 E866.70075
G1 X95.282 Y97.077 E867.01942
G1 X97.845 Y95.265 E867.12382
G1 X99.525 Y94.474 E867.18558
G1 X114.66 Y92.367 E867.69382
G1 X122.244 Y92.367 E867.94607
G1 X122.244 Y120.265 E868.87396
G1 X122.244 Y120.431 E868.87948
G1 X122.244 Y120.452 E868.88018
G1 X122.142 Y120.431 E868.88205
G1 X121.977 Y120.413 E868.88603
G1 X121.791 Y120.391 E868.89226
G1 X121.437 Y120.383 E868.90404
G1 X121.081 Y120.406 E868.9159
G1 X120.732 Y120.463 E868.92766
G1 X120.394 Y120.553 E868.9393
G1 X120.07 Y120.674 E868.9508
G1 X119.766 Y120.826 E868.9621
G1 X119.484 Y121.009 E868.97328
G1 X119.226 Y121.227 E868.98452
G1 X118.974 Y121.515 E868.99725
G1 X118.779 Y121.837 E869.00977
G1 X118.645 Y122.203 E869.02273
G1 X118.591 Y122.632 E869.03711
G1 X118.645 Y123.059 E869.05143
G1 X118.773 Y123.416 E869.06404
G1 X118.974 Y123.751 E869.07704
G1 X119.227 Y124.036 E869.08971
G1 X119.488 Y124.257 E869.10109
G1 X119.778 Y124.444 E869.11256
G1 X120.094 Y124.599 E869.12427
G1 X120.427 Y124.719 E869.13604
G1 X120.777 Y124.808 E869.14805
G1 X121.137 Y124.861 E869.16016
G1 X121.502 Y124.881 E869.17231
G1 X121.857 Y124.869 E869.18413
G1 X121.868 Y124.869 E869.18449
G1 X122.233 Y124.82 E869.1935
G1 X122.244 Y124.817
G0 F9000 X122.644 Y124.291
;TYPE:WALL-OUTER
G1 F2400 X122.644 Y124.349 E869.19542
G1 X122.644 Y124.493 E869.20021
G1 X122.645 Y126.998 E869.28353
G1 X121.884 Y127.213 E869.30983
G1 X120.854 Y127.466 E869.34511
G1 X119.804 Y127.688 E869.3808
G1 X118.752 Y127.877 E869.41635
G1 X117.855 Y128.009 E869.44651
G1 X116.681 Y123.52 E869.60084
G1 X116.68 Y118.692 E869.76142
G1 X108.886 Y118.692 E870.02065
G1 X96.904 Y110.219 E870.50874
G1 X94.882 Y106.766 E870.64183
G1 X94.882 Y96.87 E870.97097
G1 X97.641 Y94.919 E871.08336
G1 X99.409 Y94.086 E871.14837
G1 X114.634 Y91.967 E871.65963
G1 X122.644 Y91.967 E871.92605
G1 X122.644 Y120.804 E872.88517
G1 X122.644 Y120.89 E872.88803
G1 X122.644 Y120.971 E872.89073
G1 X122.385 Y120.89 E872.89632
G1 X122.301 Y120.873 E872.89878
G1 X122.078 Y120.826 E872.90636
G1 X121.764 Y120.79 E872.91687
G1 X121.446 Y120.783 E872.92745
G1 X121.127 Y120.804 E872.93808
G1 X120.816 Y120.855 E872.94856
G1 X120.515 Y120.935 E872.95892
G1 X120.23 Y121.041 E872.96904
G1 X119.965 Y121.174 E872.9789
G1 X119.723 Y121.331 E872.98849
G1 X119.507 Y121.513 E872.99789
G1 X119.298 Y121.752 E873.00845
G1 X119.141 Y122.011 E873.01852
G1 X119.036 Y122.298 E873.02868
G1 X118.994 Y122.632 E873.03988
G1 X119.036 Y122.965 E873.05104
G1 X119.136 Y123.244 E873.0609
G1 X119.298 Y123.513 E873.07135
G1 X119.507 Y123.749 E873.08183
G1 X119.727 Y123.935 E873.09141
G1 X119.975 Y124.095 E873.10123
G1 X120.25 Y124.23 E873.11142
G1 X120.544 Y124.336 E873.12181
G1 X120.856 Y124.415 E873.13252
G1 X121.178 Y124.463 E873.14335
G1 X121.506 Y124.481 E873.15427
G1 X121.834 Y124.47 E873.16519
G1 X122.159 Y124.426 E873.17609
G1 X122.332 Y124.384 E873.18202
G1 X122.471 Y124.35 E873.18571
G1 X122.644 Y124.291 E873.18907
G0 F9000 X122.383 Y124.64
G0 X121.504 Y124.72
G0 X120.577 Y124.581
G0 X118.958 Y123.974
;TYPE:FILL
G1 F4800 X117.482 Y124.37 E873.2399
G0 F9000 X116.908 Y118.464
G0 X116.29 Y118.131
G1 F4800 X122.083 Y96.514 E873.98425
G0 F9000 X122.083 Y98.29
G1 F4800 X95.441 Y105.429 E874.90163
G0 F9000 X95.441 Y103.213
G1 F4800 X97.442 Y95.744 E875.15881
G0 F9000 X99.972 Y94.573
G1 F4800 X122.082 Y116.683 E876.1988
G0 F9000 X122.082 Y110.714
G1 F4800 X105.034 Y115.282 E876.78582
G0 F9000 X104.695 Y115.041
G1 F4800 X110.575 Y93.095 E877.54149
G0 F9000 X114.897 Y92.527
G1 F4800 X122.082 Y99.712 E877.87945
G0 F9000 X100.508 Y112.079
G1 F4800 X96.006 Y107.577 E878.09121
G0 F9000 X96.041 Y107.557
G1 F2400 E877.29121
;MESH:NONMESH
G0 F300 X96.041 Y107.557 Z5.6
G0 F9000 X122.43 Y92.181
G0 X124.645 Y91.967
;TIME_ELAPSED:1046.238256
;LAYER:27
;TYPE:SUPPORT
G1 F2400 E878.09121
G1 X130.245 Y91.967 E878.27747
G1 X130.245 Y113.51 E878.99399
G1 X130.242 Y113.564 E878.99579
G1 X130.233 Y113.619 E878.99764
G1 X130.044 Y114.293 E879.02092
G1 X130.044 Y114.871 E879.04015
G1 X129.845 Y115.444 E879.06032
G1 X129.844 Y115.934 E879.07662
G1 X129.645 Y116.353 E879.09205
G1 X129.645 Y116.755 E879.10542
G1 X129.445 Y117.123 E879.11935
G1 X129.445 Y117.453 E879.13033
G1 X129.394 Y117.536 E879.13357
G1 X129.394 Y117.546 E879.1339
G1 X129.245 Y117.782 E879.14318
G1 X129.245 Y118.107 E879.15399
G1 X129.218 Y118.143 E879.15549
G1 X129.059 Y118.629 E879.1725
G1 X129.025 Y118.674 E879.17437
G1 X129.016 Y118.692 E879.17504
G1 X128.842 Y119.207 E879.19312
G1 X128.8 Y119.263 E879.19545
G1 X128.8 Y119.294 E879.19648
G1 X128.63 Y119.742 E879.21242
G1 X128.603 Y119.776 E879.21386
G1 X128.452 Y120.154 E879.2274
G1 X128.394 Y120.211 E879.2301
G1 X128.24 Y120.592 E879.24377
G1 X128.181 Y120.654 E879.24662
G1 X128.047 Y120.98 E879.25834
G1 X128.011 Y121.012 E879.25994
G1 X128.001 Y121.026 E879.26052
G1 X127.866 Y121.321 E879.27131
G1 X127.75 Y121.419 E879.27636
G1 X127.75 Y121.471 E879.27809
G1 X127.64 Y121.726 E879.28732
G1 X127.573 Y121.788 E879.29036
G1 X127.553 Y121.827 E879.29182
G1 X127.446 Y122.06 E879.30035
G1 X127.374 Y122.113 E879.30332
G1 X127.368 Y122.118 E879.30358
G1 X127.232 Y122.407 E879.3142
G1 X127.161 Y122.462 E879.31719
G1 X127.038 Y122.709 E879.32637
G1 X126.944 Y122.779 E879.33027
G1 X126.832 Y123.006 E879.33868
G1 X126.769 Y123.047 E879.34118
G1 X126.763 Y123.058 E879.3416
G1 X126.718 Y123.088 E879.3434
G1 X126.718 Y123.144 E879.34526
G1 X126.641 Y123.291 E879.35078
G1 X126.51 Y123.384 E879.35613
G1 X126.51 Y123.435 E879.35782
G1 X126.45 Y123.55 E879.36214
G1 X126.344 Y123.619 E879.36634
G1 X126.322 Y123.664 E879.36801
G1 X126.247 Y123.803 E879.37326
G1 X126.146 Y123.863 E879.37717
G1 X126.053 Y124.039 E879.38379
G1 X125.943 Y124.102 E879.38801
G1 X125.836 Y124.299 E879.39546
G1 X125.748 Y124.344 E879.39875
G1 X125.647 Y124.519 E879.40547
G1 X125.567 Y124.565 E879.40854
G1 X125.525 Y124.586 E879.4101
G1 X125.496 Y124.644 E879.41226
G1 X125.449 Y124.722 E879.41529
G1 X125.336 Y124.779 E879.4195
G1 X125.302 Y124.83 E879.42153
G1 X125.23 Y124.949 E879.42616
G1 X125.138 Y124.999 E879.42964
G1 X125.046 Y125.146 E879.43541
G1 X124.942 Y125.196 E879.43925
G1 X124.901 Y125.237 E879.44118
G1 X124.837 Y125.339 E879.44518
G1 X124.741 Y125.384 E879.44871
G1 X124.731 Y125.397 E879.44925
G1 X124.72 Y125.404 E879.44969
G1 X124.645 Y125.517 E879.4542
G1 X124.643 Y121.798 E879.57789
G1 X124.645 Y121.443 E879.5897
G1 X124.643 Y121.184 E879.59832
G1 X124.645 Y91.967 E880.57008
G1 F2400 E879.77008
G0 F9000 X124.645 Y91.102
G0 X129.885 Y91.102
G0 X129.885 Y92.327
G1 F2400 E880.57008
G1 X128 Y92.327 E880.63277
G1 X128 Y120.225 E881.56066
G1 X127.932 Y120.394 E881.56672
G1 X127.874 Y120.454 E881.5695
G1 X127.747 Y120.764 E881.58064
G1 X127.742 Y120.768 E881.58085
G1 X127.688 Y120.845 E881.58398
G1 X127.572 Y121.099 E881.59327
G1 X127.39 Y121.252 E881.60118
G1 X127.39 Y121.396 E881.60597
G1 X127.34 Y121.513 E881.6102
G1 X127.281 Y121.567 E881.61286
G1 X127.229 Y121.671 E881.61673
G1 X127.157 Y121.828 E881.62247
G1 X127.077 Y121.891 E881.62586
G1 X126.942 Y122.176 E881.63635
G1 X126.875 Y122.228 E881.63917
G1 X126.755 Y122.471 E881.64818
G1 X126.66 Y122.541 E881.65211
G1 X126.553 Y122.759 E881.66018
G1 X126.499 Y122.794 E881.66232
G1 X126.492 Y122.806 E881.66279
G1 X126.358 Y122.895 E881.66814
G1 X126.358 Y123.051 E881.67332
G1 X126.15 Y123.198 E881.6818
G1 X126.15 Y123.316 E881.68572
G1 X126.065 Y123.372 E881.68911
G1 X126.006 Y123.492 E881.69355
G0 F9000 X126.005 Y123.492
G1 F2400 X126 Y123.502 E881.69393
G1 X125.976 Y123.545 E881.69556
G1 X125.874 Y123.606 E881.69952
G1 X125.784 Y123.778 E881.70597
G1 X125.675 Y123.841 E881.71016
G1 X125.573 Y124.03 E881.7173
G1 X125.489 Y124.072 E881.72043
G1 X125.386 Y124.253 E881.72735
G1 X125.256 Y124.319 E881.7322
G1 X125.191 Y124.449 E881.73704
G1 X125.089 Y124.5 E881.74083
G1 X125.005 Y124.627 E881.74589
G1 X125.003 Y121.799 E881.83995
G1 X125.005 Y121.442 E881.85183
G1 X125.003 Y121.184 E881.86041
G1 X125.005 Y92.327 E882.8202
G1 X126 Y92.327 E882.85329
G1 X126 Y123.502 E883.89018
G1 F2400 E883.09018
G0 F9000 X127.222 Y123.937
G0 X128.049 Y122.748
G0 X129.016 Y120.977
G0 X128 Y120.225
G1 F2400 E883.89018
G1 X128.088 Y120.006 E883.89803
G1 X128.146 Y119.95 E883.90071
G1 X128.288 Y119.594 E883.91346
G1 X128.312 Y119.563 E883.91476
G1 X128.44 Y119.226 E883.92675
G1 X128.44 Y119.142 E883.92954
G1 X128.52 Y119.036 E883.93396
G1 X128.683 Y118.554 E883.95088
G1 X128.717 Y118.484 E883.95347
G1 X128.736 Y118.459 E883.95452
G1 X128.885 Y118.004 E883.97044
G1 X128.885 Y117.678 E883.98128
G1 X129.034 Y117.443 E883.99054
G1 X129.034 Y117.433 E883.99087
G1 X129.085 Y117.351 E883.99408
G1 X129.085 Y117.031 E884.00473
G1 X129.285 Y116.662 E884.01869
G1 X129.285 Y116.272 E884.03166
G1 X129.484 Y115.851 E884.04714
G1 X129.485 Y115.383 E884.06271
G1 X129.684 Y114.811 E884.08285
G1 X129.684 Y114.243 E884.10175
G1 X129.881 Y113.54 E884.12603
G1 X129.885 Y113.487 E884.1278
G1 X129.885 Y92.327 E884.83158
G1 F2400 E884.03158
G0 F9000 X129.885 Y91.102
G0 X124.443 Y91.102
G0 X124.443 Y92.78
;TYPE:SUPPORT-INTERFACE
G1 F2400 E884.83158
G1 F1500 X123.843 Y93.379 E884.85978
G0 F9000 X123.843 Y93.296
G1 F1500 X124.443 Y93.896 E884.888
G0 F9000 X124.443 Y96.174
G1 F1500 X123.843 Y96.773 E884.9162
G0 F9000 X123.843 Y96.69
G1 F1500 X124.443 Y97.29 E884.94442
G0 F9000 X124.443 Y99.568
G1 F1500 X123.843 Y100.168 E884.97264
G0 F9000 X123.843 Y100.084
G1 F1500 X124.443 Y100.684 E885.00087
G0 F9000 X124.443 Y102.962
G1 F1500 X123.843 Y103.562 E885.02909
G0 F9000 X123.843 Y103.478
G1 F1500 X124.443 Y104.079 E885.05733
G0 F9000 X124.443 Y106.356
G1 F1500 X123.843 Y106.956 E885.08556
G0 F9000 X123.843 Y106.872
G1 F1500 X124.443 Y107.472 E885.11378
G0 F9000 X124.442 Y109.751
G1 F1500 X123.843 Y110.35 E885.14195
G0 F9000 X123.843 Y110.266
G1 F1500 X124.443 Y110.866 E885.17018
G0 F9000 X124.442 Y113.145
G1 F1500 X123.843 Y113.744 E885.19835
G0 F9000 X123.843 Y113.661
G1 F1500 X124.443 Y114.26 E885.22655
G0 F9000 X124.442 Y116.539
G1 F1500 X123.843 Y117.138 E885.25472
G0 F9000 X123.843 Y117.055
G1 F1500 X124.443 Y117.654 E885.28292
G0 F9000 X124.442 Y119.933
G1 F1500 X123.843 Y120.532 E885.3111
G0 F9000 X123.843 Y120.449
G1 F1500 X124.443 Y121.048 E885.3393
G0 F9000 X124.443 Y123.326
G1 F1500 X123.843 Y123.926 E885.36752
G0 F9000 X123.842 Y123.842
G1 F1500 X124.443 Y124.443 E885.39579
G1 F2400 E884.59579
;MESH:1x_1xm_pusher.stl
G0 F9000 X122.644 Y124.443
G0 X122.444 Y124.715
;TYPE:WALL-INNER
G1 F2400 E885.39579
G1 X122.444 Y124.796 E885.39848
G1 X122.444 Y124.854 E885.40041
G1 X122.445 Y126.583 E885.45792
G1 X121.57 Y126.829 E885.48815
G1 X120.565 Y127.076 E885.52257
G1 X119.533 Y127.294 E885.55765
G1 X118.484 Y127.483 E885.5931
G1 X117.952 Y127.561 E885.61099
G1 X117.281 Y124.993 E885.69927
G1 X117.28 Y118.292 E885.92214
G1 X109.214 Y118.292 E886.19042
G1 X97.405 Y109.941 E886.67148
G1 X95.482 Y106.658 E886.79802
G1 X95.482 Y97.078 E887.11665
G1 X97.645 Y95.548 E887.20477
G1 X99.497 Y94.676 E887.27286
G1 X116.083 Y92.367 E887.82983
G1 X122.444 Y92.367 E888.0414
G1 X122.444 Y120.398 E888.97371
G1 X122.444 Y120.477 E888.97634
G1 X122.444 Y120.55 E888.97877
G1 X122.179 Y120.477 E888.98455
G1 X122.102 Y120.464 E888.98681
G1 X121.831 Y120.415 E888.99597
G1 X121.48 Y120.386 E889.00768
G1 X121.126 Y120.386 E889.01946
G1 X120.771 Y120.421 E889.03132
G1 X120.426 Y120.488 E889.04301
G1 X120.091 Y120.587 E889.05463
G1 X119.773 Y120.717 E889.06606
G1 X119.474 Y120.88 E889.07738
G1 X119.201 Y121.073 E889.0885
G1 X118.953 Y121.299 E889.09966
G1 X118.71 Y121.604 E889.11263
G1 X118.535 Y121.93 E889.12494
G1 X118.422 Y122.31 E889.13813
G1 X118.395 Y122.742 E889.15252
G1 X118.475 Y123.165 E889.16684
G1 X118.621 Y123.507 E889.17921
G1 X118.839 Y123.835 E889.19231
G1 X119.106 Y124.11 E889.20506
G1 X119.378 Y124.32 E889.21649
G1 X119.674 Y124.495 E889.22792
G1 X119.996 Y124.641 E889.23968
G1 X120.336 Y124.751 E889.25157
G1 X120.687 Y124.828 E889.26352
G1 X121.05 Y124.872 E889.27568
G1 X121.418 Y124.881 E889.28792
G1 X121.782 Y124.857 E889.30006
G1 X122.087 Y124.806 E889.31034
G1 X122.144 Y124.797 E889.31208
G1 X122.444 Y124.715 E889.31889
G0 F9000 X122.844 Y124.114
;TYPE:WALL-OUTER
G1 F2400 X122.844 Y124.209 E889.32205
G1 X122.844 Y124.364 E889.3272
G1 X122.845 Y126.879 E889.41085
G1 X122.69 Y126.929 E889.41627
G1 X121.677 Y127.214 E889.45127
G1 X120.654 Y127.466 E889.48631
G1 X119.604 Y127.688 E889.522
G1 X118.552 Y127.877 E889.55755
G1 X117.656 Y128.009 E889.58768
G1 X116.881 Y125.044 E889.68961
G1 X116.88 Y118.692 E889.90088
G1 X109.086 Y118.692 E890.1601
G1 X97.104 Y110.219 E890.6482
G1 X95.082 Y106.766 E890.78129
G1 X95.082 Y96.87 E891.11043
G1 X97.441 Y95.202 E891.20653
G1 X99.381 Y94.288 E891.27785
G1 X116.057 Y91.967 E891.83785
G1 X122.844 Y91.967 E892.06358
G1 X122.844 Y120.895 E893.02573
G1 X122.844 Y121.062 E893.03129
G1 X122.844 Y121.151 E893.03425
G1 X122.672 Y121.062 E893.03745
G1 X122.517 Y121.001 E893.04168
G1 X122.39 Y120.951 E893.04622
G1 X122.09 Y120.867 E893.05659
G1 X121.78 Y120.812 E893.06706
G1 X121.464 Y120.786 E893.0776
G1 X121.146 Y120.786 E893.08818
G1 X120.829 Y120.817 E893.09877
G1 X120.521 Y120.877 E893.10921
G1 X120.224 Y120.965 E893.11951
G1 X119.945 Y121.079 E893.12954
G1 X119.686 Y121.22 E893.13935
G1 X119.452 Y121.385 E893.14887
G1 X119.246 Y121.573 E893.15815
G1 X119.046 Y121.825 E893.16885
G1 X118.907 Y122.084 E893.17862
G1 X118.818 Y122.381 E893.18893
G1 X118.797 Y122.717 E893.20013
G1 X118.86 Y123.048 E893.21134
G1 X118.974 Y123.316 E893.22103
G1 X119.152 Y123.583 E893.2317
G1 X119.373 Y123.811 E893.24226
G1 X119.603 Y123.988 E893.25191
G1 X119.859 Y124.14 E893.26181
G1 X120.14 Y124.267 E893.27207
G1 X120.441 Y124.364 E893.28259
G1 X120.755 Y124.433 E893.29328
G1 X121.079 Y124.473 E893.30414
G1 X121.409 Y124.481 E893.31512
G1 X121.736 Y124.459 E893.32602
G1 X122.058 Y124.406 E893.33687
G1 X122.366 Y124.321 E893.3475
G1 X122.514 Y124.264 E893.35278
G1 X122.659 Y124.21 E893.35678
G1 X122.844 Y124.114 E893.36032
G0 F9000 X122.588 Y124.512
G0 X121.763 Y124.697
G0 X120.715 Y124.669
G0 X118.906 Y124.134
;TYPE:FILL
G1 F4800 X117.44 Y124.527 E893.4108
G0 F9000 X117.108 Y118.464
G0 X116.144 Y118.132
G1 F4800 X122.283 Y95.219 E894.19977
G0 F9000 X122.283 Y98.383
G1 F4800 X95.641 Y105.521 E895.11714
G0 F9000 X96.206 Y107.578
G1 F4800 X97.215 Y108.587 E895.1646
G0 F9000 X97.129 Y108.48
G0 X97.491 Y108.276
G0 X99.38 Y109.983
G0 X99.099 Y110.448
G0 X98.989 Y110.36
G1 F4800 X100.704 Y112.075 E895.24527
G0 F9000 X104.604 Y114.834
G1 F4800 X110.368 Y93.323 E895.98596
G0 F9000 X115.218 Y92.648
G1 F4800 X122.283 Y99.714 E896.3183
G0 F9000 X122.282 Y110.806
G1 F4800 X105.329 Y115.349 E896.90206
G0 F9000 X95.641 Y101.921
G1 F4800 X97.216 Y96.046 E897.10436
G0 F9000 X100.322 Y94.723
G1 F4800 X122.283 Y116.684 E898.13734
G0 F9000 X99.276 Y109.793
G0 X99.081 Y110.007
;TYPE:SKIN
G1 F750 X98.753 Y110.417 E898.1548
G1 X97.7 Y109.672 E898.19771
G1 X97.191 Y108.803 E898.2312
G1 X97.484 Y108.565 E898.24376
G1 X99.081 Y110.007 E898.31532
G0 F9000 X98.614 Y110.123
G1 F1500 X98.784 Y109.952 E898.32334
G0 F9000 X98.487 Y109.684
G1 F1500 X98.282 Y109.889 E898.33298
G0 F9000 X97.951 Y109.654
G1 F1500 X98.19 Y109.416 E898.3442
G0 F9000 X97.892 Y109.148
G1 F1500 X97.694 Y109.346 E898.35352
G0 F9000 X97.485 Y108.989
G1 F1500 X97.595 Y108.879 E898.35869
G0 F9000 X98.098 Y108.326
G1 F2400 E897.55869
;MESH:NONMESH
G0 F300 X98.098 Y108.326 Z5.8
G0 F9000 X122.63 Y92.181
G0 X124.845 Y91.967
;TIME_ELAPSED:1070.132271
;LAYER:28
;TYPE:SUPPORT
G1 F2400 E898.35869
G1 X130.245 Y91.967 E898.53829
G1 X130.245 Y113.51 E899.25482
G1 X130.242 Y113.564 E899.25662
G1 X130.233 Y113.619 E899.25847
G1 X130.044 Y114.293 E899.28175
G1 X130.044 Y114.871 E899.30098
G1 X129.845 Y115.444 E899.32115
G1 X129.844 Y115.934 E899.33745
G1 X129.645 Y116.353 E899.35288
G1 X129.645 Y116.755 E899.36625
G1 X129.445 Y117.123 E899.38018
G1 X129.445 Y117.453 E899.39115
G1 X129.394 Y117.536 E899.39439
G1 X129.394 Y117.546 E899.39473
G1 X129.245 Y117.782 E899.40401
G1 X129.245 Y118.107 E899.41482
G1 X129.218 Y118.143 E899.41632
G1 X129.059 Y118.629 E899.43332
G1 X129.025 Y118.674 E899.4352
G1 X129.016 Y118.692 E899.43587
G1 X128.842 Y119.207 E899.45395
G1 X128.822 Y119.234 E899.45507
G1 X128.63 Y119.742 E899.47313
G1 X128.603 Y119.776 E899.47457
G1 X128.452 Y120.154 E899.48811
G1 X128.394 Y120.211 E899.49082
G1 X128.242 Y120.587 E899.5043
G1 X128.194 Y120.637 E899.50661
G1 X128.187 Y120.651 E899.50713
G1 X128.178 Y120.662 E899.5076
G1 X128.047 Y120.98 E899.51904
G1 X128.011 Y121.012 E899.52064
G1 X128.001 Y121.026 E899.52122
G1 X127.866 Y121.321 E899.53201
G1 X127.75 Y121.419 E899.53706
G1 X127.75 Y121.471 E899.53879
G1 X127.64 Y121.726 E899.54802
G1 X127.573 Y121.788 E899.55106
G1 X127.553 Y121.827 E899.55252
G1 X127.446 Y122.06 E899.56105
G1 X127.374 Y122.113 E899.56402
G1 X127.368 Y122.118 E899.56428
G1 X127.232 Y122.407 E899.5749
G1 X127.161 Y122.462 E899.57789
G1 X127.154 Y122.477 E899.57844
G1 X127.118 Y122.512 E899.58011
G1 X127.118 Y122.549 E899.58134
G1 X127.038 Y122.709 E899.58729
G1 X126.944 Y122.779 E899.59119
G1 X126.832 Y123.006 E899.59961
G1 X126.767 Y123.048 E899.60218
G1 X126.761 Y123.059 E899.6026
G1 X126.718 Y123.088 E899.60432
G1 X126.718 Y123.143 E899.60615
G1 X126.639 Y123.292 E899.61176
G1 X126.551 Y123.353 E899.61532
G1 X126.447 Y123.553 E899.62282
G1 X126.344 Y123.619 E899.62689
G1 X126.322 Y123.664 E899.62856
G1 X126.247 Y123.803 E899.63381
G1 X126.146 Y123.863 E899.63772
G1 X126.053 Y124.039 E899.64434
G1 X125.943 Y124.102 E899.64855
G1 X125.836 Y124.299 E899.65601
G1 X125.748 Y124.344 E899.6593
G1 X125.647 Y124.519 E899.66602
G1 X125.567 Y124.565 E899.66909
G1 X125.525 Y124.586 E899.67065
G1 X125.496 Y124.644 E899.67281
G1 X125.449 Y124.722 E899.67583
G1 X125.336 Y124.779 E899.68004
G1 X125.302 Y124.83 E899.68208
G1 X125.23 Y124.949 E899.68671
G1 X125.136 Y125 E899.69027
G1 X125.044 Y125.146 E899.696
G1 X124.942 Y125.196 E899.69978
G1 X124.901 Y125.237 E899.70171
G1 X124.844 Y125.327 E899.70525
G1 X124.845 Y122.071 E899.81355
G1 X124.843 Y121.706 E899.82569
G1 X124.845 Y121.321 E899.8385
G1 X124.843 Y121.072 E899.84678
G1 X124.845 Y91.967 E900.81481
G1 F2400 E900.01481
G0 F9000 X124.845 Y91.102
G0 X129.885 Y91.102
G0 X129.885 Y92.327
G1 F2400 E900.81481
G1 X128 Y92.327 E900.87751
G1 X128 Y120.226 E901.80543
G1 X127.936 Y120.386 E901.81116
G1 X127.898 Y120.426 E901.813
G1 X127.884 Y120.452 E901.81398
G1 X127.864 Y120.477 E901.81505
G1 X127.747 Y120.764 E901.82536
G1 X127.742 Y120.768 E901.82557
G1 X127.688 Y120.845 E901.8287
G1 X127.572 Y121.099 E901.83798
G1 X127.39 Y121.252 E901.84589
G1 X127.39 Y121.396 E901.85068
G1 X127.34 Y121.513 E901.85491
G1 X127.281 Y121.567 E901.85757
G1 X127.229 Y121.671 E901.86144
G1 X127.157 Y121.828 E901.86719
G1 X127.077 Y121.891 E901.87057
G1 X126.942 Y122.176 E901.88106
G1 X126.871 Y122.231 E901.88405
G1 X126.855 Y122.266 E901.88533
G1 X126.758 Y122.36 E901.88982
G1 X126.758 Y122.464 E901.89328
G1 X126.754 Y122.472 E901.89358
G1 X126.66 Y122.541 E901.89746
G1 X126.554 Y122.758 E901.90549
G1 X126.497 Y122.794 E901.90773
G1 X126.489 Y122.809 E901.9083
G1 X126.358 Y122.897 E901.91354
G1 X126.358 Y123.049 E901.9186
G1 X126.272 Y123.108 E901.92207
G1 X126.173 Y123.301 E901.92928
G1 X126.065 Y123.37 E901.93355
G1 X126.001 Y123.5 E901.93837
G0 F9000 X126 Y123.502
G1 F2400 X125.977 Y123.545 E901.93999
G1 X125.874 Y123.606 E901.94397
G1 X125.784 Y123.778 E901.95043
G1 X125.675 Y123.841 E901.95461
G1 X125.573 Y124.03 E901.96176
G1 X125.489 Y124.072 E901.96488
G1 X125.386 Y124.253 E901.97181
G1 X125.256 Y124.319 E901.97666
G1 X125.204 Y124.423 E901.98052
G1 X125.205 Y122.07 E902.05878
G1 X125.203 Y121.707 E902.07086
G1 X125.205 Y121.32 E902.08373
G1 X125.203 Y121.072 E902.09198
G1 X125.205 Y92.327 E903.04804
G1 X126 Y92.327 E903.07448
G1 X126 Y123.502 E904.11137
G1 F2400 E903.31137
G0 F9000 X127.219 Y123.94
G0 X128.048 Y122.748
G0 X129.018 Y120.972
G0 X128 Y120.226
G1 F2400 E904.11137
G1 X128.088 Y120.006 E904.11925
G1 X128.146 Y119.95 E904.12193
G1 X128.288 Y119.594 E904.13468
G1 X128.312 Y119.563 E904.13598
G1 X128.504 Y119.059 E904.15392
G1 X128.52 Y119.038 E904.1548
G1 X128.683 Y118.554 E904.17178
G1 X128.717 Y118.484 E904.17437
G1 X128.736 Y118.459 E904.17542
G1 X128.885 Y118.004 E904.19134
G1 X128.885 Y117.678 E904.20218
G1 X129.034 Y117.443 E904.21144
G1 X129.034 Y117.433 E904.21177
G1 X129.085 Y117.351 E904.21498
G1 X129.085 Y117.031 E904.22563
G1 X129.285 Y116.662 E904.23959
G1 X129.285 Y116.272 E904.25256
G1 X129.484 Y115.851 E904.26805
G1 X129.485 Y115.383 E904.28361
G1 X129.684 Y114.811 E904.30375
G1 X129.684 Y114.243 E904.32265
G1 X129.881 Y113.54 E904.34693
G1 X129.885 Y113.487 E904.3487
G1 X129.885 Y92.327 E905.05248
G1 F2400 E904.25248
G0 F9000 X129.885 Y91.102
G0 X124.643 Y91.102
G0 X124.643 Y92.579
;TYPE:SUPPORT-INTERFACE
G1 F2400 E905.05248
G1 F1500 X124.044 Y93.178 E905.08066
G0 F9000 X124.043 Y93.496
G1 F1500 X124.644 Y94.097 E905.10893
G0 F9000 X124.643 Y95.973
G1 F1500 X124.044 Y96.573 E905.13712
G0 F9000 X124.043 Y96.89
G1 F1500 X124.644 Y97.491 E905.16539
G0 F9000 X124.643 Y99.367
G1 F1500 X124.044 Y99.967 E905.19359
G0 F9000 X124.043 Y100.284
G1 F1500 X124.644 Y100.885 E905.22186
G0 F9000 X124.643 Y102.762
G1 F1500 X124.044 Y103.361 E905.25004
G0 F9000 X124.043 Y103.678
G1 F1500 X124.643 Y104.279 E905.27828
G0 F9000 X124.643 Y106.156
G1 F1500 X124.044 Y106.755 E905.30646
G0 F9000 X124.042 Y107.072
G1 F1500 X124.643 Y107.673 E905.33473
G0 F9000 X124.643 Y109.55
G1 F1500 X124.043 Y110.15 E905.36295
G0 F9000 X124.042 Y110.466
G1 F1500 X124.643 Y111.067 E905.39122
G0 F9000 X124.642 Y112.945
G1 F1500 X124.043 Y113.544 E905.41939
G0 F9000 X124.042 Y113.86
G1 F1500 X124.643 Y114.46 E905.44764
G0 F9000 X124.642 Y116.339
G1 F1500 X124.043 Y116.938 E905.47581
G0 F9000 X124.042 Y117.254
G1 F1500 X124.643 Y117.854 E905.50406
G0 F9000 X124.642 Y119.733
G1 F1500 X124.043 Y120.332 E905.53223
G0 F9000 X124.042 Y120.648
G1 F1500 X124.643 Y121.249 E905.5605
G0 F9000 X124.643 Y123.126
G1 F1500 X124.044 Y123.726 E905.5887
G0 F9000 X124.043 Y124.043
G1 F1500 X124.643 Y124.643 E905.61692
G1 F2400 E904.81692
;MESH:1x_1xm_pusher.stl
G0 F9000 X122.844 Y124.643
G0 X122.644 Y124.564
;TYPE:WALL-INNER
G1 F2400 E905.61692
G1 X122.644 Y124.579 E905.61742
G1 X122.644 Y124.704 E905.62158
G1 X122.644 Y124.728 E905.62238
G1 X122.645 Y126.46 E905.67999
G1 X122.388 Y126.542 E905.68896
G1 X121.37 Y126.829 E905.72414
G1 X120.365 Y127.076 E905.75856
G1 X119.333 Y127.294 E905.79364
G1 X118.284 Y127.483 E905.82909
G1 X117.752 Y127.561 E905.84698
G1 X117.481 Y126.521 E905.88272
G1 X117.48 Y118.292 E906.15642
G1 X109.414 Y118.292 E906.42469
G1 X97.604 Y109.941 E906.90578
G1 X95.682 Y106.658 E907.03231
G1 X95.682 Y97.078 E907.35094
G1 X97.445 Y95.831 E907.42276
G1 X99.469 Y94.878 E907.49717
G1 X116.192 Y92.551 E908.05874
G1 X117.479 Y92.37 E908.10197
G1 X122.446 Y92.367 E908.26717
G1 X122.645 Y92.367 E908.27379
G1 X122.645 Y92.566 E908.27807
G1 X122.644 Y120.522 E909.20789
G1 X122.644 Y120.573 E909.20959
G1 X122.643 Y120.7 E909.21381
G1 X122.323 Y120.573 E909.22121
G1 X122.274 Y120.56 E909.22277
G1 X121.987 Y120.479 E909.23269
G1 X121.639 Y120.416 E909.24445
G1 X121.288 Y120.386 E909.25616
G1 X120.932 Y120.386 E909.26801
G1 X120.579 Y120.421 E909.2798
G1 X120.234 Y120.486 E909.29148
G1 X119.898 Y120.585 E909.30313
G1 X119.58 Y120.715 E909.31456
G1 X119.281 Y120.876 E909.32585
G1 X119.007 Y121.068 E909.33698
G1 X118.758 Y121.295 E909.34819
G1 X118.513 Y121.602 E909.36125
G1 X118.337 Y121.926 E909.37351
G1 X118.222 Y122.311 E909.38688
G1 X118.195 Y122.742 E909.40124
G1 X118.276 Y123.169 E909.4157
G1 X118.449 Y123.56 E909.42992
G1 X118.664 Y123.864 E909.4423
G1 X118.903 Y124.107 E909.45364
G1 X119.17 Y124.315 E909.4649
G1 X119.467 Y124.493 E909.47641
G1 X119.79 Y124.638 E909.48819
G1 X120.128 Y124.748 E909.50001
G1 X120.48 Y124.827 E909.51201
G1 X120.843 Y124.871 E909.52417
G1 X121.209 Y124.881 E909.53635
G1 X121.575 Y124.858 E909.54855
G1 X121.936 Y124.798 E909.56072
G1 X122.26 Y124.711 E909.57188
G1 X122.283 Y124.705 E909.57264
G1 X122.615 Y124.579 E909.58156
G1 X122.644 Y124.564 E909.58198
G0 F9000 X123.044 Y123.842
;TYPE:WALL-OUTER
G1 F2400 X123.044 Y123.91 E909.58424
G1 X123.044 Y124.073 E909.58966
G1 X123.044 Y124.137 E909.59179
G1 X123.045 Y126.753 E909.6788
G1 X122.496 Y126.927 E909.69796
G1 X121.477 Y127.214 E909.73317
G1 X120.454 Y127.466 E909.76821
G1 X119.404 Y127.688 E909.8039
G1 X118.352 Y127.877 E909.83945
G1 X117.456 Y128.009 E909.86958
G1 X117.081 Y126.572 E909.91897
G1 X117.08 Y118.692 E910.18106
G1 X109.286 Y118.692 E910.44029
G1 X97.314 Y110.226 E910.92798
G1 X97.301 Y110.214 E910.92857
G1 X95.282 Y106.766 E911.06147
G1 X95.282 Y96.87 E911.39061
G1 X97.241 Y95.485 E911.4704
G1 X99.353 Y94.49 E911.54806
G1 X116.137 Y92.155 E912.11167
G1 X117.079 Y92.022 E912.14331
G1 X117.079 Y91.967 E912.14514
G1 X123.045 Y91.967 E912.34357
G1 X123.045 Y121.124 E913.31334
G1 X123.045 Y121.201 E913.3159
G1 X123.045 Y121.363 E913.32129
G1 X123.044 Y121.424 E913.32331
G1 X122.976 Y121.363 E913.32423
G1 X122.739 Y121.201 E913.33024
G1 X122.671 Y121.166 E913.33252
G1 X122.477 Y121.064 E913.33981
G1 X122.195 Y120.953 E913.34989
G1 X121.897 Y120.869 E913.36019
G1 X121.586 Y120.813 E913.3707
G1 X121.271 Y120.786 E913.38122
G1 X120.952 Y120.786 E913.39183
G1 X120.636 Y120.817 E913.40239
G1 X120.328 Y120.875 E913.41281
G1 X120.031 Y120.963 E913.42311
G1 X119.751 Y121.077 E913.43317
G1 X119.492 Y121.217 E913.44296
G1 X119.258 Y121.381 E913.45247
G1 X119.051 Y121.57 E913.46179
G1 X118.847 Y121.824 E913.47262
G1 X118.708 Y122.08 E913.48231
G1 X118.618 Y122.382 E913.49279
G1 X118.597 Y122.717 E913.50396
G1 X118.66 Y123.049 E913.5152
G1 X118.799 Y123.362 E913.52659
G1 X118.972 Y123.607 E913.53656
G1 X119.169 Y123.807 E913.5459
G1 X119.397 Y123.984 E913.5555
G1 X119.653 Y124.138 E913.56544
G1 X119.934 Y124.264 E913.57568
G1 X120.234 Y124.362 E913.58618
G1 X120.548 Y124.432 E913.59688
G1 X120.873 Y124.472 E913.60777
G1 X121.202 Y124.481 E913.61871
G1 X121.53 Y124.46 E913.62965
G1 X121.851 Y124.407 E913.64047
G1 X122.16 Y124.324 E913.65111
G1 X122.452 Y124.213 E913.6615
G1 X122.666 Y124.103 E913.6695
G1 X122.723 Y124.074 E913.67145
G1 X122.967 Y123.91 E913.67886
G1 X123.044 Y123.842 E913.67991
G0 F9000 X122.798 Y124.322
G0 X121.901 Y124.642
G0 X120.855 Y124.711
G0 X118.878 Y124.289
;TYPE:FILL
G1 F4800 X117.64 Y124.62 E913.72253
G0 F9000 X117.308 Y118.464
G0 X115.997 Y118.131
G1 F4800 X122.484 Y93.921 E914.55617
G0 F9000 X122.483 Y98.476
G1 F4800 X95.841 Y105.615 E915.47355
G0 F9000 X96.406 Y107.577
G1 F4800 X96.872 Y108.043 E915.49546
G0 F9000 X96.798 Y107.938
G0 X97.733 Y109.823
G0 X100.225 Y111.573
G0 X100.254 Y111.425
G1 F4800 X100.914 Y112.084 E915.52649
G0 F9000 X104.513 Y114.628
G1 F4800 X110.161 Y93.549 E916.25231
G0 F9000 X115.569 Y92.799
G1 F4800 X122.484 Y99.714 E916.57757
G0 F9000 X122.482 Y110.9
G1 F4800 X105.625 Y115.416 E917.158
G0 F9000 X122.482 Y116.683
G1 F4800 X100.672 Y94.872 E918.1839
G0 F9000 X96.987 Y96.349
G1 F4800 X95.842 Y100.624 E918.3311
G0 F9000 X97.59 Y107.679
G0 X97.38 Y107.863
;TYPE:SKIN
G1 F750 X98.174 Y108.768 E918.37115
G1 X100.506 Y110.874 E918.47566
G1 X100.178 Y111.284 E918.49312
G1 X97.899 Y109.672 E918.58596
G1 X97 Y108.137 E918.64513
G1 X97.38 Y107.863 E918.66071
G0 F9000 X97.59 Y107.679
G0 X96.723 Y108.079
G0 X97.318 Y109.235
G0 X97.699 Y109.013
G1 F1500 X98.796 Y110.11 E918.71231
G0 F9000 X98.801 Y109.549
G1 F1500 X100.223 Y110.971 E918.7792
G0 F9000 X100.573 Y111.252
G0 X100.805 Y110.85
G0 X97.885 Y107.999
G0 X97.546 Y108.294
G1 F1500 X97.34 Y108.088 E918.78889
G0 F9000 X97.089 Y107.837
;TYPE:SKIN
G1 F1500 X97.253 Y107.718 E918.79083
G1 X97.557 Y107.739 E918.79376
G1 X96.76 Y108.074 E918.80207
G0 F9000 X96.689 Y108.16
G0 X97.733 Y109.823
G0 X100.225 Y111.573
G0 X117.308 Y118.464
G0 X117.661 Y122.187
G0 X117.846 Y122.372
G1 F1500 X118.019 Y122.262 E918.8079
G1 X117.811 Y122.902 E918.82701
G1 X117.682 Y123.056 E918.83272
G0 F9000 X117.709 Y123.083
G1 F2400 E918.03272
;MESH:NONMESH
G0 F300 X117.709 Y123.083 Z6
G0 F9000 X122.831 Y92.181
G0 X125.045 Y91.967
;TIME_ELAPSED:1095.494170
;LAYER:29
;TYPE:SUPPORT
G1 F2400 E918.83272
G1 X130.245 Y91.967 E919.00567
G1 X130.245 Y113.51 E919.72219
G1 X130.242 Y113.564 E919.72399
G1 X130.233 Y113.619 E919.72585
G1 X130.044 Y114.293 E919.74913
G1 X130.044 Y114.871 E919.76835
G1 X129.845 Y115.444 E919.78853
G1 X129.844 Y115.934 E919.80483
G1 X129.645 Y116.353 E919.82025
G1 X129.645 Y116.755 E919.83362
G1 X129.445 Y117.123 E919.84755
G1 X129.445 Y117.453 E919.85853
G1 X129.394 Y117.536 E919.86177
G1 X129.394 Y117.546 E919.8621
G1 X129.245 Y117.782 E919.87139
G1 X129.245 Y118.107 E919.8822
G1 X129.218 Y118.143 E919.88369
G1 X129.146 Y118.362 E919.89136
G1 X129.06 Y118.629 E919.90069
G1 X129.025 Y118.674 E919.90259
G1 X129.016 Y118.692 E919.90325
G1 X128.843 Y119.206 E919.92129
G1 X128.819 Y119.238 E919.92262
G1 X128.627 Y119.745 E919.94065
G1 X128.578 Y119.793 E919.94294
G1 X128.578 Y119.838 E919.94443
G1 X128.452 Y120.154 E919.95575
G1 X128.394 Y120.211 E919.95845
G1 X128.242 Y120.587 E919.97194
G1 X128.194 Y120.637 E919.97425
G1 X128.187 Y120.651 E919.97477
G1 X128.178 Y120.662 E919.97524
G1 X128.047 Y120.98 E919.98668
G1 X128.011 Y121.012 E919.98828
G1 X128.001 Y121.026 E919.98885
G1 X127.866 Y121.321 E919.99964
G1 X127.75 Y121.419 E920.00469
G1 X127.75 Y121.471 E920.00642
G1 X127.64 Y121.726 E920.01566
G1 X127.573 Y121.788 E920.0187
G1 X127.553 Y121.827 E920.02015
G1 X127.446 Y122.06 E920.02868
G1 X127.374 Y122.113 E920.03166
G1 X127.368 Y122.118 E920.03192
G1 X127.232 Y122.407 E920.04254
G1 X127.161 Y122.462 E920.04553
G1 X127.154 Y122.477 E920.04608
G1 X127.118 Y122.512 E920.04775
G1 X127.118 Y122.549 E920.04898
G1 X127.038 Y122.709 E920.05493
G1 X126.944 Y122.779 E920.05883
G1 X126.832 Y123.006 E920.06724
G1 X126.767 Y123.048 E920.06982
G1 X126.761 Y123.059 E920.07023
G1 X126.718 Y123.088 E920.07196
G1 X126.718 Y123.144 E920.07382
G1 X126.642 Y123.288 E920.07924
G1 X126.55 Y123.353 E920.08298
G1 X126.445 Y123.554 E920.09053
G1 X126.345 Y123.619 E920.09449
G1 X126.247 Y123.803 E920.10143
G1 X126.146 Y123.863 E920.10534
G1 X126.053 Y124.039 E920.11196
G1 X125.943 Y124.102 E920.11617
G1 X125.836 Y124.299 E920.12363
G1 X125.748 Y124.344 E920.12692
G1 X125.647 Y124.519 E920.13364
G1 X125.567 Y124.565 E920.13671
G1 X125.525 Y124.586 E920.13827
G1 X125.496 Y124.644 E920.14042
G1 X125.449 Y124.722 E920.14345
G1 X125.336 Y124.779 E920.14766
G1 X125.302 Y124.83 E920.1497
G1 X125.23 Y124.949 E920.15433
G1 X125.136 Y125 E920.15788
G1 X125.045 Y125.145 E920.16358
G1 X125.045 Y123.306 E920.22474
G1 X125.043 Y122.644 E920.24676
G1 X125.045 Y122.01 E920.26785
G1 X125.043 Y121.614 E920.28102
G1 X125.045 Y121.264 E920.29266
G1 X125.043 Y120.96 E920.30277
G1 X125.045 Y91.967 E921.26708
G1 F2400 E920.46708
G0 F9000 X125.045 Y91.102
G0 X129.885 Y91.102
G0 X129.885 Y92.327
G1 F2400 E921.26708
G1 X128 Y92.327 E921.32978
G1 X128 Y120.226 E922.2577
G1 X127.936 Y120.386 E922.26343
G1 X127.898 Y120.426 E922.26527
G1 X127.884 Y120.452 E922.26625
G1 X127.864 Y120.477 E922.26732
G1 X127.747 Y120.764 E922.27763
G1 X127.742 Y120.768 E922.27784
G1 X127.688 Y120.845 E922.28097
G1 X127.572 Y121.099 E922.29025
G1 X127.39 Y121.252 E922.29816
G1 X127.39 Y121.396 E922.30295
G1 X127.34 Y121.513 E922.30718
G1 X127.281 Y121.567 E922.30984
G1 X127.229 Y121.671 E922.31371
G1 X127.157 Y121.828 E922.31946
G1 X127.077 Y121.891 E922.32284
G1 X126.942 Y122.176 E922.33333
G1 X126.871 Y122.231 E922.33632
G1 X126.855 Y122.266 E922.3376
G1 X126.758 Y122.36 E922.34209
G1 X126.758 Y122.464 E922.34555
G1 X126.754 Y122.472 E922.34585
G1 X126.66 Y122.541 E922.34973
G1 X126.554 Y122.758 E922.35776
G1 X126.497 Y122.794 E922.36
G1 X126.489 Y122.809 E922.36057
G1 X126.358 Y122.897 E922.36581
G1 X126.358 Y123.048 E922.37084
G1 X126.271 Y123.11 E922.37439
G1 X126.17 Y123.303 E922.38164
G1 X126.071 Y123.368 E922.38557
G1 X126 Y123.501 E922.39059
G1 X125.976 Y123.545 E922.39226
G1 X125.875 Y123.605 E922.39616
G1 X125.784 Y123.778 E922.40266
G1 X125.675 Y123.841 E922.40685
G1 X125.573 Y124.03 E922.414
G1 X125.489 Y124.072 E922.41712
G1 X125.405 Y124.22 E922.42278
G1 X125.403 Y122.644 E922.4752
G1 X125.405 Y122.009 E922.49632
G1 X125.403 Y121.616 E922.50939
G1 X125.405 Y121.264 E922.5211
G1 X125.403 Y120.96 E922.53121
G1 X125.405 Y92.327 E923.48355
G1 X126 Y92.327 E923.50333
G1 X126 Y123.501 E924.54019
G1 F2400 E923.74019
G0 F9000 X127.22 Y123.936
G0 X128.048 Y122.748
G0 X129.018 Y120.972
G0 X128 Y120.226
G1 F2400 E924.54019
G1 X128.088 Y120.006 E924.54807
G1 X128.145 Y119.951 E924.5507
G1 X128.218 Y119.768 E924.55725
G1 X128.218 Y119.642 E924.56145
G1 X128.318 Y119.543 E924.56613
G1 X128.5 Y119.063 E924.5832
G1 X128.519 Y119.038 E924.58424
G1 X128.683 Y118.553 E924.60127
G1 X128.719 Y118.482 E924.60392
G1 X128.737 Y118.458 E924.60492
G1 X128.885 Y118.001 E924.6209
G1 X128.885 Y117.678 E924.63164
G1 X129.034 Y117.443 E924.64089
G1 X129.034 Y117.433 E924.64123
G1 X129.085 Y117.351 E924.64444
G1 X129.085 Y117.031 E924.65508
G1 X129.285 Y116.662 E924.66904
G1 X129.285 Y116.272 E924.68201
G1 X129.484 Y115.851 E924.6975
G1 X129.485 Y115.383 E924.71307
G1 X129.684 Y114.811 E924.73321
G1 X129.684 Y114.243 E924.7521
G1 X129.881 Y113.54 E924.77638
G1 X129.885 Y113.487 E924.77815
G1 X129.885 Y92.327 E925.48194
G1 F2400 E924.68194
G0 F9000 X129.885 Y91.102
G0 X124.843 Y91.102
G0 X124.843 Y92.379
;TYPE:SUPPORT-INTERFACE
G1 F2400 E925.48194
G1 F1500 X124.244 Y92.978 E925.51011
G0 F9000 X124.243 Y93.696
G1 F1500 X124.843 Y94.296 E925.53833
G0 F9000 X124.843 Y95.774
G1 F1500 X124.244 Y96.372 E925.56648
G0 F9000 X124.243 Y97.09
G1 F1500 X124.843 Y97.691 E925.59473
G0 F9000 X124.843 Y99.168
G1 F1500 X124.244 Y99.767 E925.62291
G0 F9000 X124.243 Y100.484
G1 F1500 X124.843 Y101.085 E925.65115
G0 F9000 X124.842 Y102.563
G1 F1500 X124.244 Y103.161 E925.67928
G0 F9000 X124.243 Y103.878
G1 F1500 X124.843 Y104.478 E925.7075
G0 F9000 X124.842 Y105.957
G1 F1500 X124.244 Y106.555 E925.73563
G0 F9000 X124.243 Y107.273
G1 F1500 X124.843 Y107.872 E925.76383
G0 F9000 X124.842 Y109.351
G1 F1500 X124.244 Y109.949 E925.79196
G0 F9000 X124.243 Y110.667
G1 F1500 X124.842 Y111.266 E925.82013
G0 F9000 X124.841 Y112.746
G1 F1500 X124.244 Y113.343 E925.84821
G0 F9000 X124.243 Y114.061
G1 F1500 X124.842 Y114.66 E925.87639
G0 F9000 X124.841 Y116.14
G1 F1500 X124.244 Y116.737 E925.90447
G0 F9000 X124.243 Y117.455
G1 F1500 X124.842 Y118.054 E925.93264
G0 F9000 X124.841 Y119.534
G1 F1500 X124.244 Y120.131 E925.96072
G0 F9000 X124.243 Y120.849
G1 F1500 X124.843 Y121.449 E925.98895
G0 F9000 X124.842 Y122.927
G1 F1500 X124.243 Y123.526 E926.01712
G0 F9000 X124.243 Y124.243
G1 F1500 X124.844 Y124.844 E926.04539
G1 F2400 E925.24539
;MESH:1x_1xm_pusher.stl
G0 F9000 X123.144 Y124.844
G0 X122.844 Y124.339
;TYPE:WALL-INNER
G1 F2400 E926.04539
G1 X122.844 Y124.421 E926.04812
G1 X122.844 Y124.646 E926.0556
G1 X122.845 Y126.334 E926.11174
G1 X122.181 Y126.545 E926.13492
G1 X121.176 Y126.828 E926.16964
G1 X120.165 Y127.076 E926.20427
G1 X119.133 Y127.294 E926.23935
G1 X118.084 Y127.483 E926.2748
G1 X117.908 Y127.509 E926.28072
G1 X117.681 Y127.542 E926.28835
G1 X117.681 Y127.313 E926.29309
G1 X117.681 Y127.312 E926.29312
G1 X117.681 Y123.148 E926.43162
G1 X117.681 Y122.959 E926.4379
G1 X117.681 Y122.552 E926.45144
G1 X117.681 Y122.196 E926.46328
G1 X117.681 Y122.107 E926.46624
G1 X117.68 Y118.292 E926.59313
G1 X109.614 Y118.292 E926.8614
G1 X98.981 Y110.773 E927.29455
G1 X97.728 Y109.641 E927.35071
G1 X97.43 Y109.303 E927.3657
G1 X95.882 Y106.658 E927.46763
G1 X95.882 Y97.078 E927.78626
G1 X97.245 Y96.114 E927.84179
G1 X99.441 Y95.08 E927.92252
G1 X117.679 Y92.541 E928.53497
G1 X117.679 Y92.367 E928.54075
G1 X122.646 Y92.367 E928.70596
G1 X122.845 Y92.367 E928.71258
G1 X122.845 Y92.566 E928.71686
G1 X122.844 Y120.671 E929.65163
G1 X122.844 Y120.752 E929.65433
G1 X122.843 Y120.919 E929.65988
G1 X122.552 Y120.752 E929.66637
G1 X122.478 Y120.72 E929.66875
G1 X122.238 Y120.615 E929.67747
G1 X121.908 Y120.509 E929.68899
G1 X121.563 Y120.434 E929.70074
G1 X121.213 Y120.393 E929.71246
G1 X120.86 Y120.382 E929.7242
G1 X120.503 Y120.404 E929.7361
G1 X120.153 Y120.459 E929.74788
G1 X119.814 Y120.548 E929.75954
G1 X119.491 Y120.665 E929.77097
G1 X119.185 Y120.815 E929.7823
G1 X118.901 Y120.996 E929.7935
G1 X118.639 Y121.213 E929.80482
G1 X118.376 Y121.512 E929.81806
G1 X118.186 Y121.821 E929.83013
G1 X118.078 Y122.112 E929.84045
G1 X118.048 Y122.195 E929.84327
G1 X117.994 Y122.552 E929.85365
G1 X118.022 Y122.959 E929.86477
G1 X118.078 Y123.139 E929.87059
G1 X118.152 Y123.373 E929.87875
G1 X118.371 Y123.747 E929.89317
G1 X118.613 Y124.022 E929.90535
G1 X118.872 Y124.244 E929.9167
G1 X119.158 Y124.433 E929.9281
G1 X119.472 Y124.591 E929.93979
G1 X119.802 Y124.711 E929.95147
G1 X120.096 Y124.792 E929.96161
G1 X120.393 Y124.844 E929.97164
G1 X120.688 Y124.876 E929.98151
G1 X121.006 Y124.882 E929.99209
G1 X121.367 Y124.858 E930.00412
G1 X121.728 Y124.801 E930.01628
G1 X122.076 Y124.707 E930.02827
G1 X122.409 Y124.581 E930.04011
G1 X122.521 Y124.524 E930.04429
G1 X122.721 Y124.422 E930.04955
G1 X122.844 Y124.339 E930.05159
G0 F9000 X123.138 Y123.703
G0 X123.135 Y123.444
G0 X123.244 Y123.373
;TYPE:WALL-OUTER
G1 F2400 X123.244 Y123.511 E930.05618
G1 X123.244 Y123.725 E930.0633
G1 X123.244 Y123.87 E930.06812
G1 X123.245 Y126.627 E930.15982
G1 X122.289 Y126.93 E930.19318
G1 X121.283 Y127.213 E930.22794
G1 X120.254 Y127.466 E930.26318
G1 X119.204 Y127.688 E930.29888
G1 X118.152 Y127.877 E930.33443
G1 X117.509 Y127.972 E930.35604
G1 X117.281 Y128.005 E930.36371
G1 X117.281 Y127.775 E930.36846
G1 X117.281 Y127.774 E930.3685
G1 X117.28 Y118.692 E930.67056
G1 X109.486 Y118.692 E930.92979
G1 X98.732 Y111.088 E931.36786
G1 X97.441 Y109.921 E931.42574
G1 X97.106 Y109.541 E931.44259
G1 X95.482 Y106.766 E931.54953
G1 X95.482 Y96.87 E931.87867
G1 X97.041 Y95.768 E931.94217
G1 X99.325 Y94.692 E932.02614
G1 X117.279 Y92.193 E932.62905
G1 X117.279 Y91.967 E932.63657
G1 X123.045 Y91.967 E932.82835
G1 X123.245 Y91.967 E932.835
G1 X123.245 Y92.167 E932.83931
G1 X123.244 Y121.415 E933.8121
G1 X123.244 Y121.418 E933.8122
G1 X123.243 Y121.519 E933.81556
G1 X123.243 Y121.619 E933.81888
G1 X123.244 Y121.881 E933.8276
G1 X123.072 Y121.644 E933.83042
G1 X123.054 Y121.62
G1 X122.848 Y121.418 E933.83858
G1 X122.846 Y121.417 E933.83865
G1 X122.625 Y121.255 E933.84776
G1 X122.372 Y121.11 E933.85746
G1 X122.097 Y120.99 E933.86744
G1 X121.804 Y120.896 E933.87768
G1 X121.497 Y120.829 E933.88813
G1 X121.183 Y120.792 E933.89864
G1 X120.866 Y120.782 E933.90919
G1 X120.547 Y120.802 E933.91982
G1 X120.235 Y120.851 E933.93033
G1 X119.933 Y120.93 E933.94071
G1 X119.648 Y121.034 E933.9508
G1 X119.381 Y121.164 E933.96068
G1 X119.137 Y121.32 E933.97031
G1 X118.919 Y121.501 E933.97973
G1 X118.699 Y121.751 E933.99081
G1 X118.547 Y121.997 E934.00043
G1 X118.437 Y122.295 E934.01099
G1 X118.396 Y122.568 E934.02018
G1 X118.418 Y122.884 E934.03071
G1 X118.52 Y123.21 E934.04207
G1 X118.697 Y123.512 E934.05371
G1 X118.895 Y123.737 E934.06368
G1 X119.113 Y123.924 E934.07324
G1 X119.359 Y124.086 E934.08303
G1 X119.631 Y124.223 E934.09316
G1 X119.924 Y124.33 E934.10354
G1 X120.184 Y124.401 E934.1125
G1 X120.449 Y124.448 E934.12145
G1 X120.713 Y124.476 E934.13028
G1 X120.997 Y124.482 E934.13973
G1 X121.322 Y124.46 E934.15057
G1 X121.645 Y124.409 E934.16144
G1 X121.953 Y124.326 E934.17205
G1 X122.247 Y124.215 E934.1825
G1 X122.518 Y124.077 E934.19262
G1 X122.762 Y123.913 E934.2024
G1 X122.868 Y123.821 E934.20706
G1 X122.977 Y123.726 E934.21114
G1 X123.163 Y123.511 E934.21757
G1 X123.244 Y123.373 E934.2186
G1 F2400 E933.4186
G0 F9000 X123.269 Y123.31
G0 X123.062 Y123.811
G0 X122.586 Y124.198
G0 X121.677 Y124.546
G0 X120.89 Y124.601
G0 X118.873 Y124.436
;TYPE:FILL
G1 F2400 E934.2186
G1 F4800 X117.841 Y124.712 E934.25413
G0 F9000 X117.408 Y118.564
G0 X115.851 Y118.131
G1 F4800 X122.684 Y92.631 E935.13219
G0 F9000 X122.682 Y98.568
G1 F4800 X96.041 Y105.707 E936.04953
G0 F9000 X96.041 Y99.334
G1 F4800 X96.76 Y96.65 E936.14195
G0 F9000 X101.02 Y95.021
G1 F4800 X122.683 Y116.683 E937.16089
G0 F9000 X122.682 Y110.992
G1 F4800 X105.919 Y115.484 E937.7381
G0 F9000 X104.422 Y114.423
G1 F4800 X109.954 Y93.776 E938.44904
G0 F9000 X115.917 Y92.947
G1 F4800 X122.683 Y99.714 E938.76732
G0 F9000 X102.126 Y111.528
G0 X101.931 Y111.742
;TYPE:SKIN
G1 F750 X101.604 Y112.151 E938.78474
G1 X99.224 Y110.468 E938.88169
G1 X98.007 Y109.368 E938.93625
G1 X97.749 Y109.076 E938.94921
G1 X96.799 Y107.452 E939.01179
G1 X97.177 Y107.179 E939.02729
G1 X98.322 Y108.479 E939.08491
G1 X101.931 Y111.742 E939.24674
G0 F9000 X101.43 Y111.832
G1 F1500 X101.603 Y111.659 E939.25487
G0 F9000 X101.306 Y111.391
G1 F1500 X101.099 Y111.598 E939.26461
G0 F9000 X100.768 Y111.363
G1 F1500 X101.009 Y111.122 E939.27595
G0 F9000 X100.712 Y110.853
G1 F1500 X100.436 Y111.129 E939.28893
G0 F9000 X100.105 Y110.895
G1 F1500 X100.414 Y110.585 E939.30349
G0 F9000 X100.117 Y110.317
G1 F1500 X99.774 Y110.66 E939.31962
G0 F9000 X99.442 Y110.426
G1 F1500 X99.82 Y110.048 E939.3374
G0 F9000 X99.523 Y109.779
G1 F1500 X99.133 Y110.17 E939.35577
G0 F9000 X98.836 Y109.901
G1 F1500 X99.226 Y109.511 E939.37411
G0 F9000 X98.929 Y109.242
G1 F1500 X98.539 Y109.632 E939.39246
G0 F9000 X98.242 Y109.363
G1 F1500 X98.632 Y108.974 E939.41078
G0 F9000 X98.335 Y108.705
G1 F1500 X97.963 Y109.076 E939.42825
G0 F9000 X97.737 Y108.738
G1 F1500 X98.055 Y108.419 E939.44323
G0 F9000 X97.791 Y108.118
G1 F1500 X97.528 Y108.381 E939.4556
G0 F9000 X97.319 Y108.023
G1 F1500 X97.526 Y107.817 E939.46532
G0 F9000 X97.261 Y107.516
G1 F1500 X97.111 Y107.666 E939.47237
G0 F9000 X96.73 Y107.888
G0 X96.517 Y107.386
G0 X97.21 Y106.885
G0 X117.408 Y118.564
G0 X117.854 Y121.43
G0 X117.891 Y121.392
;TYPE:SKIN
G1 F1500 X118.008 Y121.558 E939.47648
G1 X117.917 Y121.932 E939.48426
G0 F9000 X117.825 Y121.922
G0 X117.978 Y123.325
G0 X117.903 Y123.361
G1 F1500 X117.943 Y123.603 E939.49036
G1 X118.027 Y123.802 E939.49573
G0 F9000 X118.218 Y123.505
G1 F2400 E938.69573
;MESH:NONMESH
G0 F300 X118.218 Y123.505 Z6.2
G0 F9000 X118.285 Y122.498
G0 X123.131 Y92.081
G0 X125.245 Y91.967
;TIME_ELAPSED:1121.668538
;LAYER:30
;TYPE:SUPPORT
G1 F2400 E939.49573
G1 X130.245 Y91.967 E939.66203
G1 X130.245 Y113.51 E940.37855
G1 X130.242 Y113.564 E940.38035
G1 X130.233 Y113.619 E940.38221
G1 X130.044 Y114.293 E940.40549
G1 X130.044 Y114.871 E940.42471
G1 X129.845 Y115.444 E940.44489
G1 X129.844 Y115.934 E940.46118
G1 X129.645 Y116.353 E940.47661
G1 X129.645 Y116.755 E940.48998
G1 X129.445 Y117.123 E940.50391
G1 X129.445 Y117.453 E940.51489
G1 X129.394 Y117.536 E940.51813
G1 X129.394 Y117.546 E940.51846
G1 X129.245 Y117.782 E940.52775
G1 X129.245 Y118.107 E940.53855
G1 X129.218 Y118.143 E940.54005
G1 X129.21 Y118.161 E940.54071
G1 X129.06 Y118.629 E940.55705
G1 X129.025 Y118.674 E940.55895
G1 X129.016 Y118.692 E940.55962
G1 X128.842 Y119.206 E940.57767
G1 X128.818 Y119.238 E940.579
G1 X128.627 Y119.745 E940.59702
G1 X128.578 Y119.793 E940.5993
G1 X128.578 Y119.838 E940.60079
G1 X128.452 Y120.154 E940.61211
G1 X128.394 Y120.211 E940.61481
G1 X128.242 Y120.587 E940.6283
G1 X128.194 Y120.637 E940.63061
G1 X128.187 Y120.651 E940.63113
G1 X128.178 Y120.662 E940.6316
G1 X128.047 Y120.98 E940.64304
G1 X128.011 Y121.012 E940.64464
G1 X128.001 Y121.026 E940.64522
G1 X127.866 Y121.321 E940.65601
G1 X127.75 Y121.419 E940.66106
G1 X127.75 Y121.471 E940.66279
G1 X127.64 Y121.726 E940.67202
G1 X127.573 Y121.788 E940.67506
G1 X127.553 Y121.827 E940.67652
G1 X127.446 Y122.06 E940.68504
G1 X127.374 Y122.113 E940.68802
G1 X127.368 Y122.118 E940.68828
G1 X127.232 Y122.407 E940.6989
G1 X127.161 Y122.462 E940.70189
G1 X127.154 Y122.477 E940.70244
G1 X127.118 Y122.512 E940.70411
G1 X127.118 Y122.549 E940.70534
G1 X127.038 Y122.709 E940.71129
G1 X126.944 Y122.779 E940.71519
G1 X126.832 Y123.006 E940.72361
G1 X126.777 Y123.044 E940.72583
G1 X126.77 Y123.056 E940.72629
G1 X126.759 Y123.065 E940.72676
G1 X126.642 Y123.285 E940.73505
G1 X126.551 Y123.349 E940.73875
G1 X126.443 Y123.554 E940.74646
G1 X126.344 Y123.619 E940.7504
G1 X126.322 Y123.664 E940.75206
G1 X126.247 Y123.803 E940.75732
G1 X126.146 Y123.863 E940.76122
G1 X126.053 Y124.039 E940.76785
G1 X125.943 Y124.102 E940.77206
G1 X125.836 Y124.299 E940.77952
G1 X125.748 Y124.344 E940.78281
G1 X125.647 Y124.519 E940.78953
G1 X125.567 Y124.565 E940.7926
G1 X125.525 Y124.586 E940.79416
G1 X125.496 Y124.644 E940.79631
G1 X125.449 Y124.722 E940.79934
G1 X125.336 Y124.779 E940.80355
G1 X125.302 Y124.83 E940.80559
G1 X125.245 Y124.925 E940.80928
G1 X125.243 Y122.646 E940.88508
G1 X125.245 Y121.952 E940.90816
G1 X125.243 Y121.522 E940.92246
G1 X125.245 Y121.14 E940.93517
G1 X125.243 Y120.848 E940.94488
G1 X125.245 Y91.967 E941.90546
G1 F2400 E941.10546
G0 F9000 X125.245 Y91.102
G0 X129.885 Y91.102
G0 X129.885 Y92.327
G1 F2400 E941.90546
G1 X128 Y92.327 E941.96816
G1 X128 Y120.226 E942.89608
G1 X127.936 Y120.386 E942.90182
G1 X127.898 Y120.426 E942.90365
G1 X127.884 Y120.452 E942.90463
G1 X127.864 Y120.477 E942.9057
G1 X127.747 Y120.764 E942.91601
G1 X127.742 Y120.768 E942.91622
G1 X127.688 Y120.845 E942.91935
G1 X127.572 Y121.099 E942.92863
G1 X127.39 Y121.252 E942.93654
G1 X127.39 Y121.396 E942.94133
G1 X127.34 Y121.513 E942.94556
G1 X127.281 Y121.567 E942.94822
G1 X127.229 Y121.671 E942.95209
G1 X127.157 Y121.828 E942.95784
G1 X127.077 Y121.891 E942.96122
G1 X126.942 Y122.176 E942.97171
G1 X126.871 Y122.231 E942.9747
G1 X126.855 Y122.266 E942.97598
G1 X126.758 Y122.36 E942.98047
G1 X126.758 Y122.464 E942.98393
G1 X126.754 Y122.472 E942.98423
G1 X126.66 Y122.541 E942.98811
G1 X126.551 Y122.763 E942.99633
G1 X126.506 Y122.795 E942.99817
G1 X126.493 Y122.817 E942.99902
G1 X126.475 Y122.832 E942.9998
G1 X126.363 Y123.041 E943.00768
G1 X126.273 Y123.105 E943.01136
G1 X126.168 Y123.303 E943.01881
G1 X126.064 Y123.372 E943.02296
G1 X126.001 Y123.5 E943.02771
G0 F9000 X126 Y123.502
G1 F2400 X125.977 Y123.545 E943.02933
G1 X125.874 Y123.606 E943.03331
G1 X125.784 Y123.778 E943.03977
G1 X125.675 Y123.841 E943.04395
G1 X125.605 Y123.971 E943.04887
G1 X125.603 Y122.646 E943.09294
G1 X125.605 Y121.952 E943.11602
G1 X125.603 Y121.524 E943.13025
G1 X125.605 Y121.14 E943.14303
G1 X125.603 Y120.848 E943.15274
G1 X125.605 Y92.327 E944.10135
G1 X126 Y92.327 E944.11449
G1 X126 Y123.502 E945.15137
G1 F2400 E944.35137
G0 F9000 X127.219 Y123.935
G0 X128.048 Y122.747
G0 X129.018 Y120.972
G0 X128 Y120.226
G1 F2400 E945.15137
G1 X128.088 Y120.006 E945.15925
G1 X128.145 Y119.951 E945.16189
G1 X128.218 Y119.768 E945.16844
G1 X128.218 Y119.642 E945.17263
G1 X128.317 Y119.545 E945.17724
G1 X128.5 Y119.062 E945.19442
G1 X128.52 Y119.036 E945.19551
G1 X128.683 Y118.553 E945.21247
G1 X128.719 Y118.482 E945.21511
G1 X128.737 Y118.458 E945.21611
G1 X128.873 Y118.034 E945.23092
G1 X128.884 Y118.008 E945.23186
G1 X128.885 Y117.677 E945.24287
G1 X129.034 Y117.442 E945.25212
G1 X129.034 Y117.433 E945.25242
G1 X129.085 Y117.351 E945.25564
G1 X129.085 Y117.031 E945.26628
G1 X129.285 Y116.662 E945.28024
G1 X129.285 Y116.272 E945.29321
G1 X129.484 Y115.851 E945.3087
G1 X129.485 Y115.383 E945.32426
G1 X129.684 Y114.811 E945.34441
G1 X129.684 Y114.243 E945.3633
G1 X129.881 Y113.54 E945.38758
G1 X129.885 Y113.487 E945.38935
G1 X129.885 Y92.327 E946.09313
G1 F2400 E945.29313
G0 F9000 X129.885 Y91.102
G0 X125.044 Y91.102
G0 X125.044 Y92.179
;TYPE:SUPPORT-INTERFACE
G1 F2400 E946.09313
G1 F1500 X124.443 Y92.779 E946.12138
G0 F9000 X124.443 Y93.896
G1 F1500 X125.044 Y94.497 E946.14965
G0 F9000 X125.044 Y95.573
G1 F1500 X124.443 Y96.173 E946.17789
G0 F9000 X124.443 Y97.29
G1 F1500 X125.044 Y97.891 E946.20616
G0 F9000 X125.044 Y98.967
G1 F1500 X124.443 Y99.567 E946.23441
G0 F9000 X124.443 Y100.684
G1 F1500 X125.044 Y101.285 E946.26268
G0 F9000 X125.043 Y102.362
G1 F1500 X124.443 Y102.961 E946.29088
G0 F9000 X124.443 Y104.078
G1 F1500 X125.044 Y104.679 E946.31915
G0 F9000 X125.043 Y105.756
G1 F1500 X124.443 Y106.355 E946.34735
G0 F9000 X124.442 Y107.471
G1 F1500 X125.044 Y108.073 E946.37566
G0 F9000 X125.043 Y109.15
G1 F1500 X124.443 Y109.75 E946.40388
G0 F9000 X124.442 Y110.865
G1 F1500 X125.043 Y111.466 E946.43215
G0 F9000 X125.042 Y112.545
G1 F1500 X124.443 Y113.144 E946.46033
G0 F9000 X124.442 Y114.259
G1 F1500 X125.043 Y114.861 E946.48862
G0 F9000 X125.042 Y115.939
G1 F1500 X124.443 Y116.538 E946.5168
G0 F9000 X124.442 Y117.654
G1 F1500 X125.043 Y118.255 E946.54506
G0 F9000 X125.042 Y119.333
G1 F1500 X124.443 Y119.933 E946.57326
G0 F9000 X124.442 Y121.048
G1 F1500 X125.043 Y121.649 E946.60153
G0 F9000 X125.041 Y122.728
G1 F1500 X124.445 Y123.325 E946.62959
G0 F9000 X124.444 Y124.444
G1 F1500 X125.045 Y125.045 E946.65786
G1 F2400 E945.85786
;MESH:1x_1xm_pusher.stl
G0 F9000 X123.225 Y125.045
G0 X119.926 Y124.633
G0 X119.036 Y124.291
G0 X118.523 Y123.906
G0 X118.099 Y123.306
G0 X117.88 Y122.109
;TYPE:WALL-INNER
G1 F2400 E946.65786
G1 X117.88 Y121.796 E946.66827
G1 X117.88 Y121.448 E946.67984
G1 X117.88 Y121.378 E946.68217
G1 X117.88 Y118.292 E946.78481
G1 X109.814 Y118.292 E947.05309
G1 X100.404 Y111.638 E947.43641
G1 X97.871 Y109.348 E947.54998
G1 X97.233 Y108.624 E947.58208
G1 X96.082 Y106.658 E947.65785
G1 X96.082 Y97.077 E947.97652
G1 X97.044 Y96.396 E948.01572
G1 X99.413 Y95.282 E948.10279
G1 X117.879 Y92.711 E948.72289
G1 X117.879 Y92.367 E948.73434
G1 X122.846 Y92.367 E948.89954
G1 X123.045 Y92.367 E948.90616
G1 X123.045 Y92.566 E948.91044
G1 X123.044 Y120.854 E949.8513
G1 X123.044 Y121.113 E949.85992
G1 X123.043 Y121.246 E949.86434
G1 X122.908 Y121.113 E949.86654
G1 X122.7 Y120.96 E949.8726
G1 X122.633 Y120.911 E949.87536
G1 X122.356 Y120.754 E949.88595
G1 X122.045 Y120.617 E949.89725
G1 X121.714 Y120.511 E949.90881
G1 X121.373 Y120.436 E949.92042
G1 X121.021 Y120.393 E949.93222
G1 X120.668 Y120.382 E949.94396
G1 X120.366 Y120.399 E949.95402
G1 X120.014 Y120.448 E949.96584
G1 X119.667 Y120.532 E949.97772
G1 X119.335 Y120.647 E949.9894
G1 X119.023 Y120.795 E950.00089
G1 X118.733 Y120.974 E950.01222
G1 X118.469 Y121.186 E950.02349
G1 X118.27 Y121.397 E950.03313
G1 X118.223 Y121.448 E950.03529
G1 X117.998 Y121.796 E950.04393
G1 X117.88 Y122.109 E950.04602
G0 F9000 X117.881 Y123.145
G1 F1200 X117.952 Y123.373 E950.05396
G1 X118.171 Y123.746 E950.06835
G1 X118.266 Y123.855 E950.07316
G1 X118.407 Y124.017 E950.0803
G1 X118.665 Y124.241 E950.09166
G1 X118.951 Y124.428 E950.10303
G1 X119.23 Y124.572 E950.11347
G1 X119.556 Y124.697 E950.12508
G1 X119.896 Y124.792 E950.13682
G1 X120.249 Y124.853 E950.14874
G1 X120.551 Y124.877 E950.15882
G1 X120.849 Y124.88 E950.16873
G1 X121.162 Y124.859 E950.17916
G1 X121.522 Y124.802 E950.19128
G1 X121.869 Y124.709 E950.20323
G1 X122.202 Y124.585 E950.21505
G1 X122.514 Y124.426 E950.2267
G1 X122.681 Y124.315 E950.23337
G1 X122.8 Y124.236 E950.23812
G1 X123.045 Y124.024 E950.24889
G1 X123.045 Y124.236 E950.25031
G1 X123.045 Y124.379 E950.25426
G1 X123.045 Y126.204 E950.31496
G1 X122.958 Y126.235 E950.31803
G1 X121.98 Y126.544 E950.35215
G1 X120.974 Y126.828 E950.38691
G1 X119.965 Y127.076 E950.42147
G1 X118.933 Y127.294 E950.45655
G1 X118.115 Y127.441 E950.4842
G1 X117.881 Y127.483 E950.4921
G1 X117.881 Y127.246 E950.49696
G1 X117.881 Y127.245 E950.49699
G1 X117.881 Y123.891 E950.60855
G1 X117.881 Y123.746 E950.61221
G1 X117.881 Y123.373 E950.61754
G1 X117.881 Y123.145 E950.61814
G0 F9000 X118.592 Y123.926
G0 X119.255 Y124.472
G0 X119.394 Y124.207
;TYPE:WALL-OUTER
G1 F1200 X119.681 Y124.317 E950.62836
G1 X119.984 Y124.401 E950.63882
G1 X120.299 Y124.456 E950.64945
G1 X120.569 Y124.477 E950.65846
G1 X120.838 Y124.48 E950.66741
G1 X121.117 Y124.461 E950.67671
G1 X121.439 Y124.41 E950.68755
G1 X121.747 Y124.328 E950.69815
G1 X122.041 Y124.218 E950.70859
G1 X122.312 Y124.08 E950.71871
G1 X122.557 Y123.917 E950.7285
G1 X122.773 Y123.73 E950.738
G1 X122.963 Y123.511 E950.74764
G1 X123.052 Y123.36 E950.75347
G1 X123.135 Y123.218 E950.75894
G1 X123.239 Y122.892 E950.77032
G1 X123.256 Y122.622 E950.77932
G1 X123.261 Y122.556 E950.78152
G1 X123.215 Y122.294 E950.79037
G1 X123.202 Y122.225 E950.79271
G1 X123.15 Y122.106 E950.79703
G1 X123.065 Y121.91 E950.80413
G1 X123.047 Y121.885 E950.80516
G1 X122.857 Y121.624 E950.81589
G1 X122.648 Y121.418 E950.82565
G1 X122.415 Y121.247 E950.83527
G1 X122.177 Y121.112 E950.84437
G1 X121.903 Y120.992 E950.85432
G1 X121.61 Y120.898 E950.86455
G1 X121.305 Y120.831 E950.87494
G1 X120.99 Y120.792 E950.88549
G1 X120.673 Y120.782 E950.89604
G1 X120.405 Y120.797 E950.90497
G1 X120.089 Y120.841 E950.91558
G1 X119.78 Y120.916 E950.92616
G1 X119.487 Y121.018 E950.93648
G1 X119.214 Y121.147 E950.94652
G1 X118.964 Y121.301 E950.95629
G1 X118.742 Y121.48 E950.96577
G1 X118.539 Y121.696 E950.97563
G1 X118.357 Y121.977 E950.98676
G1 X118.238 Y122.294 E950.99803
G1 X118.196 Y122.564 E951.00711
G1 X118.218 Y122.884 E951.01778
G1 X118.32 Y123.21 E951.02914
G1 X118.497 Y123.511 E951.04076
G1 X118.69 Y123.733 E951.05054
G1 X118.907 Y123.921 E951.06009
G1 X119.153 Y124.082 E951.06987
G1 X119.394 Y124.207 E951.0789
G0 F9000 X119.214 Y124.608
G0 X117.746 Y127.639
G0 X117.481 Y127.946
G1 F2400 X117.481 Y127.716 E951.08655
G1 X117.481 Y127.715 E951.08658
G1 X117.48 Y118.692 E951.38669
G1 X109.686 Y118.692 E951.64592
G1 X100.155 Y111.953 E952.03416
G1 X97.588 Y109.632 E952.14926
G1 X96.907 Y108.858 E952.18355
G1 X95.682 Y106.766 E952.26418
G1 X95.682 Y96.871 E952.59329
G1 X96.844 Y96.048 E952.64065
G1 X99.297 Y94.894 E952.73082
G1 X117.479 Y92.363 E953.34138
G1 X117.479 Y91.967 E953.35455
G1 X123.245 Y91.967 E953.54633
G1 X123.445 Y91.967 E953.55298
G1 X123.445 Y92.167 E953.55729
G1 X123.443 Y121.407 E954.52982
G1 X123.445 Y121.69 E954.53923
G1 X123.444 Y121.88 E954.54555
G1 X123.444 Y121.912 E954.54631
G1 X123.443 Y121.978 E954.54792
G1 X123.444 Y122.223 E954.55425
G1 X123.445 Y122.252 E954.55455
G1 X123.444 Y122.556 E954.56013
G1 X123.443 Y122.634 E954.56091
G1 X123.444 Y122.89 E954.56497
G1 X123.445 Y122.945 E954.56503
G1 X123.445 Y123.218 E954.57061
G1 X123.445 Y123.383 E954.5755
G1 X123.445 Y126.487 E954.67874
G1 X123.092 Y126.612 E954.69119
G1 X122.089 Y126.929 E954.72618
G1 X121.083 Y127.213 E954.76095
G1 X120.054 Y127.466 E954.79619
G1 X119.004 Y127.688 E954.83189
G1 X117.952 Y127.877 E954.86744
G1 X117.709 Y127.913 E954.87561
G1 X117.481 Y127.946 E954.88037
G0 F9000 X117.746 Y127.639
G0 X118.041 Y124.806
;TYPE:FILL
G1 F4800 X118.894 Y124.577 E954.90975
G0 F9000 X118.099 Y123.306
G0 X117.697 Y122.161
G0 X117.708 Y118.464
G0 X115.704 Y118.131
G1 F4800 X122.565 Y92.526 E955.79142
G0 F9000 X116.267 Y93.096
G1 F4800 X122.884 Y99.714 E956.10268
G0 F9000 X122.883 Y98.662
G1 F4800 X96.241 Y105.8 E957.02005
G0 F9000 X96.241 Y98.041
G1 F4800 X96.533 Y96.95 E957.05762
G0 F9000 X101.371 Y95.171
G1 F4800 X122.883 Y116.683 E958.06947
G0 F9000 X122.883 Y111.085
G1 F4800 X106.216 Y115.551 E958.64338
G0 F9000 X104.33 Y114.216
G1 F4800 X109.746 Y94.003 E959.33938
G0 F9000 X96.808 Y106.26
G0 X96.977 Y106.495
;TYPE:SKIN
G1 F750 X98.468 Y108.191 E959.41449
G1 X103.357 Y112.609 E959.63365
G1 X103.03 Y113.018 E959.65107
G1 X100.647 Y111.333 E959.74814
G1 X98.155 Y109.079 E959.8599
G1 X97.55 Y108.394 E959.8903
G1 X96.599 Y106.769 E959.95292
G1 X96.977 Y106.495 E959.96845
G0 F9000 X97.062 Y107.244
G1 F1500 X101.696 Y111.879 E960.18644
G0 F9000 X101.802 Y111.418
G1 F1500 X103.08 Y112.697 E960.24658
G0 F9000 X103.431 Y112.979
G0 X103.077 Y113.307
G0 X100.516 Y111.509
G0 X97.994 Y109.229
G0 X97.37 Y108.52
G0 X96.322 Y106.711
G0 X96.483 Y106.665
;TYPE:SKIN
G1 F1500 X96.257 Y106.439 E960.25189
G0 F9000 X97.01 Y106.201
G0 X117.708 Y118.464
G0 X118.074 Y120.903
G0 X118.182 Y121.011
G1 F1500 X118.104 Y121.215 E960.25932
G0 F9000 X118.055 Y121.166
G0 X117.975 Y122.286
G0 X118.036 Y124.061
G0 X118.181 Y124.121
G1 F1500 X118.084 Y124.307 E960.26665
G0 F9000 X118.055 Y124.278
G0 X120.553 Y124.716
G0 X121.08 Y124.677
G0 X122.751 Y124.443
G0 X122.769 Y124.466
G1 F1500 X122.833 Y124.53 E960.26816
G0 F9000 X122.845 Y124.606
G1 F2400 E959.46816
;MESH:NONMESH
G0 F300 X122.845 Y124.606 Z6.4
G0 F9000 X120.553 Y124.716
G0 X119.609 Y124.546
G0 X118.76 Y124.11
G0 X118.302 Y123.649
G0 X118.099 Y123.306
G0 X117.982 Y122.931
G0 X117.962 Y122.624
G0 X123.231 Y92.181
G0 X125.445 Y91.967
;TIME_ELAPSED:1148.829033
;LAYER:31
;TYPE:SUPPORT
G1 F2400 E960.26816
G1 X130.245 Y91.967 E960.42781
G1 X130.245 Y113.51 E961.14433
G1 X130.242 Y113.564 E961.14613
G1 X130.233 Y113.619 E961.14798
G1 X130.044 Y114.293 E961.17126
G1 X130.044 Y114.871 E961.19049
G1 X129.845 Y115.444 E961.21066
G1 X129.844 Y115.934 E961.22696
G1 X129.645 Y116.353 E961.24239
G1 X129.645 Y116.755 E961.25576
G1 X129.445 Y117.123 E961.26969
G1 X129.445 Y117.453 E961.28067
G1 X129.394 Y117.536 E961.28391
G1 X129.394 Y117.546 E961.28424
G1 X129.245 Y117.782 E961.29352
G1 X129.245 Y118.107 E961.30433
G1 X129.218 Y118.143 E961.30583
G1 X129.21 Y118.161 E961.30648
G1 X129.06 Y118.629 E961.32283
G1 X129.025 Y118.674 E961.32472
G1 X129.016 Y118.692 E961.32539
G1 X128.842 Y119.206 E961.34344
G1 X128.82 Y119.236 E961.34468
G1 X128.629 Y119.741 E961.36264
G1 X128.578 Y119.793 E961.36506
G1 X128.578 Y119.838 E961.36656
G1 X128.452 Y120.154 E961.37787
G1 X128.394 Y120.211 E961.38058
G1 X128.242 Y120.587 E961.39406
G1 X128.194 Y120.637 E961.39637
G1 X128.187 Y120.651 E961.39689
G1 X128.178 Y120.662 E961.39736
G1 X128.047 Y120.98 E961.4088
G1 X128.011 Y121.012 E961.4104
G1 X128.001 Y121.026 E961.41098
G1 X127.866 Y121.321 E961.42177
G1 X127.75 Y121.419 E961.42682
G1 X127.75 Y121.471 E961.42855
G1 X127.64 Y121.726 E961.43778
G1 X127.573 Y121.788 E961.44082
G1 X127.553 Y121.827 E961.44228
G1 X127.446 Y122.06 E961.45081
G1 X127.374 Y122.113 E961.45378
G1 X127.368 Y122.118 E961.45404
G1 X127.232 Y122.407 E961.46466
G1 X127.161 Y122.462 E961.46765
G1 X127.154 Y122.477 E961.4682
G1 X127.118 Y122.512 E961.46987
G1 X127.118 Y122.549 E961.4711
G1 X127.038 Y122.709 E961.47705
G1 X126.944 Y122.779 E961.48095
G1 X126.832 Y123.006 E961.48937
G1 X126.777 Y123.044 E961.49159
G1 X126.77 Y123.055 E961.49202
G1 X126.758 Y123.065 E961.49254
G1 X126.642 Y123.283 E961.50076
G1 X126.553 Y123.346 E961.50438
G1 X126.443 Y123.555 E961.51224
G1 X126.345 Y123.619 E961.51613
G1 X126.247 Y123.803 E961.52307
G1 X126.146 Y123.863 E961.52697
G1 X126.053 Y124.039 E961.53359
G1 X125.943 Y124.102 E961.53781
G1 X125.836 Y124.299 E961.54527
G1 X125.748 Y124.344 E961.54855
G1 X125.647 Y124.519 E961.55527
G1 X125.567 Y124.565 E961.55834
G1 X125.525 Y124.586 E961.55991
G1 X125.496 Y124.644 E961.56206
G1 X125.449 Y124.722 E961.56509
G1 X125.443 Y122.121 E961.6516
G1 X125.445 Y121.681 E961.66624
G1 X125.443 Y121.43 E961.67458
G1 X125.445 Y121.017 E961.68832
G1 X125.443 Y120.737 E961.69763
G1 X125.445 Y91.967 E962.65453
G1 F2400 E961.85453
G0 F9000 X125.445 Y91.102
G0 X129.885 Y91.102
G0 X129.885 Y92.327
G1 F2400 E962.65453
G1 X128 Y92.327 E962.71722
G1 X128 Y120.226 E963.64515
G1 X127.936 Y120.386 E963.65088
G1 X127.898 Y120.426 E963.65271
G1 X127.884 Y120.452 E963.6537
G1 X127.864 Y120.477 E963.65476
G1 X127.747 Y120.764 E963.66507
G1 X127.742 Y120.768 E963.66528
G1 X127.688 Y120.845 E963.66841
G1 X127.572 Y121.099 E963.6777
G1 X127.39 Y121.252 E963.68561
G1 X127.39 Y121.395 E963.69036
G1 X127.34 Y121.513 E963.69463
G1 X127.281 Y121.567 E963.69729
G1 X127.229 Y121.671 E963.70115
G1 X127.157 Y121.828 E963.7069
G1 X127.077 Y121.891 E963.71028
G1 X126.942 Y122.176 E963.72077
G1 X126.871 Y122.231 E963.72376
G1 X126.855 Y122.266 E963.72504
G1 X126.758 Y122.36 E963.72953
G1 X126.758 Y122.464 E963.73299
G1 X126.754 Y122.472 E963.73329
G1 X126.66 Y122.541 E963.73717
G1 X126.552 Y122.761 E963.74532
G1 X126.512 Y122.788 E963.74692
G1 X126.496 Y122.815 E963.74797
G1 X126.474 Y122.833 E963.74891
G1 X126.364 Y123.038 E963.75665
G1 X126.274 Y123.102 E963.76032
G1 X126.167 Y123.306 E963.76799
G1 X126.072 Y123.368 E963.77176
G1 X126 Y123.5 E963.77676
G1 X125.976 Y123.544 E963.77843
G1 X125.875 Y123.605 E963.78235
G1 X125.807 Y123.734 E963.7872
G1 X125.803 Y122.123 E963.84078
G1 X125.805 Y121.681 E963.85549
G1 X125.803 Y121.432 E963.86377
G1 X125.805 Y121.017 E963.87757
G1 X125.803 Y120.737 E963.88688
G1 X125.805 Y92.327 E964.8318
G1 X126 Y92.327 E964.83829
G1 X126 Y123.5 E965.87511
G1 F2400 E965.07511
G0 F9000 X127.218 Y123.933
G0 X128.048 Y122.747
G0 X129.018 Y120.972
G0 X128 Y120.226
G1 F2400 E965.87511
G1 X128.088 Y120.006 E965.88299
G1 X128.145 Y119.951 E965.88562
G1 X128.218 Y119.768 E965.89218
G1 X128.218 Y119.645 E965.89627
G1 X128.319 Y119.544 E965.90102
G1 X128.501 Y119.063 E965.91812
G1 X128.519 Y119.039 E965.91912
G1 X128.683 Y118.553 E965.93618
G1 X128.719 Y118.482 E965.93883
G1 X128.737 Y118.458 E965.93983
G1 X128.873 Y118.034 E965.95464
G1 X128.884 Y118.008 E965.95558
G1 X128.885 Y117.677 E965.96658
G1 X129.034 Y117.442 E965.97584
G1 X129.034 Y117.433 E965.97614
G1 X129.085 Y117.351 E965.97935
G1 X129.085 Y117.031 E965.98999
G1 X129.285 Y116.662 E966.00395
G1 X129.285 Y116.272 E966.01692
G1 X129.484 Y115.851 E966.03241
G1 X129.485 Y115.383 E966.04798
G1 X129.684 Y114.811 E966.06812
G1 X129.684 Y114.243 E966.08701
G1 X129.881 Y113.54 E966.1113
G1 X129.885 Y113.487 E966.11306
G1 X129.885 Y92.327 E966.81685
G1 F2400 E966.01685
G0 F9000 X129.885 Y91.102
G0 X125.243 Y91.102
G0 X125.243 Y91.979
;TYPE:SUPPORT-INTERFACE
G1 F2400 E966.81685
G1 F1500 X124.644 Y92.578 E966.84502
G0 F9000 X124.643 Y94.096
G1 F1500 X125.244 Y94.697 E966.87329
G0 F9000 X125.243 Y95.373
G1 F1500 X124.644 Y95.972 E966.90147
G0 F9000 X124.643 Y97.49
G1 F1500 X125.244 Y98.091 E966.92974
G0 F9000 X125.243 Y98.767
G1 F1500 X124.644 Y99.366 E966.95791
G0 F9000 X124.643 Y100.885
G1 F1500 X125.244 Y101.485 E966.98616
G0 F9000 X125.243 Y102.162
G1 F1500 X124.643 Y102.761 E967.01436
G0 F9000 X124.643 Y104.278
G1 F1500 X125.244 Y104.879 E967.04263
G0 F9000 X125.243 Y105.556
G1 F1500 X124.643 Y106.155 E967.07082
G0 F9000 X124.643 Y107.672
G1 F1500 X125.243 Y108.272 E967.09905
G0 F9000 X125.242 Y108.951
G1 F1500 X124.643 Y109.549 E967.1272
G0 F9000 X124.643 Y111.066
G1 F1500 X125.243 Y111.667 E967.15544
G0 F9000 X125.242 Y112.345
G1 F1500 X124.643 Y112.944 E967.18362
G0 F9000 X124.642 Y114.46
G1 F1500 X125.243 Y115.061 E967.21189
G0 F9000 X125.242 Y115.739
G1 F1500 X124.643 Y116.338 E967.24006
G0 F9000 X124.642 Y117.854
G1 F1500 X125.243 Y118.455 E967.26833
G0 F9000 X125.242 Y119.133
G1 F1500 X124.643 Y119.732 E967.29651
G0 F9000 X124.642 Y121.248
G1 F1500 X125.244 Y121.85 E967.32482
G0 F9000 X125.242 Y122.527
G1 F1500 X124.645 Y123.124 E967.35291
G0 F9000 X124.644 Y124.644
G1 F1500 X125.228 Y125.228 E967.38037
G1 F2400 E966.58037
;MESH:1x_1xm_pusher.stl
G0 F9000 X123.425 Y125.228
G0 X123.3 Y122.548
G0 X123.234 Y122.16
G0 X122.89 Y121.526
G0 X122.365 Y121.06
G0 X121.475 Y120.667
G0 X120.53 Y120.542
G0 X119.508 Y120.687
G0 X119.007 Y120.924
G0 X118.08 Y121.387
;TYPE:WALL-INNER
G1 F2400 E967.38037
G1 X118.08 Y121.186 E967.38706
G1 X118.08 Y120.968 E967.39431
G1 X118.08 Y118.292 E967.48331
G1 X110.014 Y118.292 E967.75159
G1 X101.827 Y112.503 E968.08509
G1 X98.017 Y109.06 E968.25589
G1 X97.033 Y107.942 E968.30542
G1 X96.282 Y106.658 E968.3549
G1 X96.282 Y97.077 E968.67356
G1 X96.844 Y96.679 E968.69647
G1 X99.385 Y95.484 E968.78986
G1 X118.079 Y92.881 E969.41762
G1 X118.079 Y92.367 E969.43472
G1 X123.046 Y92.367 E969.59992
G1 X123.245 Y92.367 E969.60654
G1 X123.245 Y92.566 E969.61082
G1 X123.243 Y121.128 E970.5608
G1 X123.243 Y121.297 E970.56642
G1 X123.243 Y121.422 E970.57058
G1 X123.245 Y121.565 E970.57533
G1 X123.245 Y121.723 E970.58059
G1 X123.244 Y121.778 E970.58242
G1 X123.22 Y121.723
G1 X123.155 Y121.628 E970.58263
G1 X123.029 Y121.444 E970.58658
G1 X123.015 Y121.424
G1 X122.897 Y121.304 E970.59128
G1 X122.728 Y121.132 E970.5993
G1 X122.457 Y120.928 E970.61058
G1 X122.165 Y120.759 E970.6218
G1 X121.853 Y120.62 E970.63316
G1 X121.522 Y120.512 E970.64474
G1 X121.178 Y120.437 E970.65645
G1 X120.83 Y120.395 E970.66811
G1 X120.53 Y120.382 E970.6781
G1 X120.169 Y120.398 E970.69011
G1 X119.814 Y120.448 E970.70204
G1 X119.467 Y120.532 E970.71391
G1 X119.135 Y120.647 E970.7256
G1 X118.823 Y120.795 E970.73708
G1 X118.533 Y120.974 E970.74842
G1 X118.44 Y121.049 E970.75239
G1 X118.27 Y121.186 E970.75794
G1 X118.08 Y121.387 E970.7615
G0 F9000 X119.201 Y120.794
G0 X120.181 Y120.56
G0 X121.146 Y120.595
G0 X122.095 Y120.905
G0 X122.625 Y121.256
G0 X123.079 Y121.8
G0 X123.234 Y122.16
G0 X123.3 Y122.548
G0 X123.275 Y122.944
G0 X123.153 Y123.322
G0 X122.742 Y123.9
G0 X122.222 Y124.292
G0 X121.279 Y124.647
G0 X120.407 Y124.719
G0 X119.408 Y124.546
G0 X118.081 Y123.873
G1 F1200 X118.202 Y124.014 E970.76768
G1 X118.461 Y124.236 E970.77903
G1 X118.475 Y124.245 E970.77958
G1 X118.744 Y124.424 E970.79033
G1 X119.03 Y124.572 E970.80104
G1 X119.356 Y124.697 E970.81265
G1 X119.696 Y124.792 E970.82439
G1 X120.05 Y124.853 E970.83634
G1 X120.407 Y124.88 E970.84825
G1 X120.709 Y124.879 E970.85829
G1 X121.01 Y124.853 E970.86834
G1 X121.316 Y124.803 E970.87865
G1 X121.661 Y124.712 E970.89052
G1 X121.995 Y124.588 E970.90237
G1 X122.307 Y124.43 E970.914
G1 X122.595 Y124.241 E970.92546
G1 X122.848 Y124.021 E970.93661
G1 X122.851 Y124.018 E970.93675
G1 X123.089 Y123.746 E970.94877
G1 X123.245 Y123.481 E970.959
G1 X123.245 Y123.746 E970.96043
G1 X123.245 Y124.018 E970.96641
G1 X123.245 Y124.023 E970.96658
G1 X123.245 Y126.062 E971.03439
G1 X122.758 Y126.235 E971.05158
G1 X121.78 Y126.544 E971.0857
G1 X120.774 Y126.828 E971.12046
G1 X119.765 Y127.076 E971.15502
G1 X118.733 Y127.294 E971.19011
G1 X118.315 Y127.369 E971.20423
G1 X118.081 Y127.411 E971.21214
G1 X118.081 Y127.174 E971.21699
G1 X118.081 Y127.173 E971.21703
G1 X118.081 Y124.253 E971.31415
G1 X118.081 Y124.236
G1 X118.081 Y124.014 E971.31835
G1 X118.081 Y123.873 E971.31872
G0 F9000 X119.087 Y124.486
G0 X119.194 Y124.207
;TYPE:WALL-OUTER
G1 F1200 X119.481 Y124.317 E971.32894
G1 X119.784 Y124.401 E971.3394
G1 X120.099 Y124.456 E971.35004
G1 X120.421 Y124.48 E971.36078
G1 X120.691 Y124.479 E971.36976
G1 X120.96 Y124.456 E971.37874
G1 X121.232 Y124.411 E971.38791
G1 X121.54 Y124.33 E971.3985
G1 X121.834 Y124.221 E971.40893
G1 X122.106 Y124.083 E971.41907
G1 X122.353 Y123.921 E971.4289
G1 X122.568 Y123.734 E971.43837
G1 X122.763 Y123.511 E971.44823
G1 X122.933 Y123.222 E971.45938
G1 X123.038 Y122.897 E971.47074
G1 X123.061 Y122.562 E971.48191
G1 X123.003 Y122.229 E971.49315
G1 X122.868 Y121.917 E971.50446
G1 X122.705 Y121.679 E971.51405
G1 X122.464 Y121.434 E971.52548
G1 X122.236 Y121.262 E971.53498
G1 X121.983 Y121.116 E971.5447
G1 X121.709 Y120.994 E971.55467
G1 X121.417 Y120.899 E971.56488
G1 X121.111 Y120.832 E971.5753
G1 X120.797 Y120.794 E971.58582
G1 X120.53 Y120.782 E971.59471
G1 X120.206 Y120.797 E971.6055
G1 X119.889 Y120.841 E971.61614
G1 X119.58 Y120.916 E971.62672
G1 X119.287 Y121.018 E971.63704
G1 X119.014 Y121.147 E971.64708
G1 X118.764 Y121.301 E971.65685
G1 X118.542 Y121.48 E971.66633
G1 X118.342 Y121.692 E971.67603
G1 X118.158 Y121.977 E971.68731
G1 X118.079 Y122.184 E971.69468
G1 X118.038 Y122.293 E971.69855
G1 X117.996 Y122.558 E971.70748
G1 X118.018 Y122.884 E971.71834
G1 X118.079 Y123.08 E971.72517
G1 X118.12 Y123.21 E971.7297
G1 X118.297 Y123.511 E971.74132
G1 X118.486 Y123.73 E971.75094
G1 X118.703 Y123.917 E971.76047
G1 X118.947 Y124.079 E971.77021
G1 X119.194 Y124.207 E971.77946
G0 F9000 X119.014 Y124.608
G0 X117.945 Y127.574
G0 X117.681 Y127.887
G1 F2400 X117.681 Y127.691 E971.78598
G1 X117.681 Y123.09 E971.93901
G1 X117.681 Y122.884 E971.94533
G1 X117.681 Y122.558 E971.95417
G1 X117.681 Y122.294 E971.96168
G1 X117.681 Y122.177 E971.96537
G1 X117.68 Y118.692 E972.08128
G1 X109.886 Y118.692 E972.34051
G1 X101.578 Y112.818 E972.67893
G1 X97.735 Y109.344 E972.85123
G1 X96.707 Y108.176 E972.90298
G1 X95.882 Y106.766 E972.95732
G1 X95.882 Y96.871 E973.28643
G1 X96.644 Y96.331 E973.31749
G1 X99.269 Y95.096 E973.41398
G1 X117.679 Y92.533 E974.0322
G1 X117.679 Y91.967 E974.05103
G1 X123.445 Y91.967 E974.2428
G1 X123.645 Y91.967 E974.24946
G1 X123.645 Y92.167 E974.25376
G1 X123.643 Y121.296 E975.2226
G1 X123.645 Y121.568 E975.23165
G1 X123.643 Y121.886 E975.24222
G1 X123.645 Y122.192 E975.2524
G1 X123.643 Y122.636 E975.26717
G1 X123.645 Y122.963 E975.27804
G1 X123.645 Y126.345 E975.39053
G1 X122.892 Y126.612 E975.4171
G1 X121.889 Y126.929 E975.45209
G1 X120.883 Y127.213 E975.48686
G1 X119.854 Y127.466 E975.5221
G1 X118.804 Y127.688 E975.5578
G1 X117.945 Y127.843 E975.58683
G1 X117.752 Y127.877 E975.59128
G1 X117.681 Y127.887 E975.59367
G0 F9000 X117.945 Y127.574
G0 X118.241 Y124.898
;TYPE:FILL
G1 F4800 X118.946 Y124.709 E975.61794
G0 F9000 X120.989 Y124.695
G0 X121.933 Y124.44
G0 X122.496 Y124.113
G0 X122.958 Y123.653
G0 X123.153 Y123.322
G0 X123.275 Y122.944
G0 X123.3 Y122.548
G0 X123.234 Y122.16
G0 X122.89 Y121.526
G0 X122.365 Y121.06
G0 X117.908 Y118.464
G0 X115.559 Y118.131
G1 F4800 X122.42 Y92.525 E976.49965
G0 F9000 X116.616 Y93.246
G1 F4800 X123.083 Y99.714 E976.80386
G0 F9000 X123.083 Y98.754
G1 F4800 X97.612 Y105.579 E977.68091
G0 F9000 X97.753 Y105.579
G0 X104.598 Y112.919
G0 X104.504 Y113.022
G1 F4800 X109.54 Y94.229 E978.32802
G0 F9000 X101.72 Y95.32
G1 F4800 X123.082 Y116.683 E979.33285
G0 F9000 X123.082 Y111.178
G1 F4800 X106.509 Y115.618 E979.90351
G0 F9000 X104.291 Y114.109
G0 X104.452 Y113.882
;TYPE:SKIN
G1 F1500 X102.07 Y112.198 E980.00053
G1 X98.296 Y108.787 E980.16973
G1 X97.353 Y107.715 E980.21722
G1 X96.672 Y106.551 E980.26207
G1 X96.672 Y97.279 E980.57046
G1 X97.042 Y97.017 E980.58554
G1 X97.462 Y96.819 E980.60098
G1 X97.463 Y106.591 E980.926
G1 X98.615 Y107.903 E980.98407
G1 X104.779 Y113.473 E981.26039
G1 X104.452 Y113.882 E981.27781
G0 F9000 X104.248 Y113.54
G1 F1500 X104.422 Y113.366 E981.28599
G0 F9000 X104.125 Y113.097
G1 F1500 X103.916 Y113.306 E981.29582
G0 F9000 X103.584 Y113.072
G1 F1500 X103.828 Y112.828 E981.3073
G0 F9000 X103.531 Y112.56
G1 F1500 X103.253 Y112.838 E981.32037
G0 F9000 X102.921 Y112.604
G1 F1500 X103.234 Y112.292 E981.33507
G0 F9000 X102.937 Y112.023
G1 F1500 X102.59 Y112.369 E981.35137
G0 F9000 X102.258 Y112.135
G1 F1500 X102.64 Y111.754 E981.36932
G0 F9000 X102.342 Y111.486
G1 F1500 X101.952 Y111.876 E981.38766
G0 F9000 X101.655 Y111.608
G1 F1500 X102.045 Y111.217 E981.40603
G0 F9000 X101.748 Y110.949
G1 F1500 X101.358 Y111.339 E981.42437
G0 F9000 X101.061 Y111.07
G1 F1500 X101.451 Y110.68 E981.44272
G0 F9000 X101.153 Y110.412
G1 F1500 X100.764 Y110.802 E981.46104
G0 F9000 X100.467 Y110.533
G1 F1500 X100.856 Y110.143 E981.47936
G0 F9000 X100.559 Y109.875
G1 F1500 X100.169 Y110.265 E981.4977
G0 F9000 X99.872 Y109.996
G1 F1500 X100.262 Y109.606 E981.51605
G0 F9000 X99.965 Y109.338
G1 F1500 X99.575 Y109.728 E981.53439
G0 F9000 X99.278 Y109.459
G1 F1500 X99.668 Y109.069 E981.55274
G0 F9000 X99.371 Y108.801
G1 F1500 X98.98 Y109.191 E981.5711
G0 F9000 X98.683 Y108.922
G1 F1500 X99.074 Y108.532 E981.58947
G0 F9000 X98.776 Y108.264
G1 F1500 X98.389 Y108.651 E981.60768
G0 F9000 X98.125 Y108.349
G1 F1500 X98.48 Y107.994 E981.62437
G0 F9000 X98.216 Y107.693
G1 F1500 X97.86 Y108.049 E981.64112
G0 F9000 X97.595 Y107.748
G1 F1500 X97.951 Y107.391 E981.65789
G0 F9000 X97.687 Y107.09
G1 F1500 X97.363 Y107.414 E981.67313
G0 F9000 X97.154 Y107.058
G1 F1500 X97.423 Y106.788 E981.6858
G0 F9000 X97.302 Y106.344
G1 F1500 X96.945 Y106.7 E981.70257
G0 F9000 X96.831 Y106.249
G1 F1500 X97.302 Y105.778 E981.72473
G0 F9000 X96.831 Y105.683
G1 F1500 X97.302 Y105.213 E981.74686
G0 F9000 X96.831 Y105.117
G1 F1500 X97.302 Y104.647 E981.76899
G0 F9000 X96.831 Y104.552
G1 F1500 X97.302 Y104.081 E981.79114
G0 F9000 X96.831 Y103.986
G1 F1500 X97.302 Y103.516 E981.81327
G0 F9000 X96.831 Y103.42
G1 F1500 X97.302 Y102.95 E981.8354
G0 F9000 X96.831 Y102.855
G1 F1500 X97.302 Y102.384 E981.85756
G0 F9000 X96.831 Y102.289
G1 F1500 X97.301 Y101.819 E981.87967
G0 F9000 X96.831 Y101.723
G1 F1500 X97.301 Y101.254 E981.90175
G0 F9000 X96.831 Y101.157
G1 F1500 X97.301 Y100.688 E981.92383
G0 F9000 X96.831 Y100.592
G1 F1500 X97.301 Y100.122 E981.94594
G0 F9000 X96.831 Y100.026
G1 F1500 X97.301 Y99.557 E981.96803
G0 F9000 X96.831 Y99.46
G1 F1500 X97.301 Y98.991 E981.99011
G0 F9000 X96.831 Y98.895
G1 F1500 X97.301 Y98.425 E982.01222
G0 F9000 X96.831 Y98.329
G1 F1500 X97.301 Y97.86 E982.0343
G0 F9000 X96.831 Y97.763
G1 F1500 X97.301 Y97.294 E982.05638
G0 F9000 X97.753 Y97.294
G0 X117.908 Y118.464
G0 X118.354 Y120.647
G0 X118.304 Y120.696
;TYPE:SKIN
G1 F1500 X118.513 Y120.77 E982.05972
G0 F9000 X118.535 Y120.749
G0 X120.53 Y120.542
G0 X121.475 Y120.667
G0 X122.365 Y121.06
G0 X122.89 Y121.526
G0 X123.234 Y122.16
G0 X123.3 Y122.548
G0 X123.275 Y122.944
G0 X123.153 Y123.322
G0 X122.742 Y123.9
G0 X122.222 Y124.292
G0 X121.279 Y124.647
G0 X120.407 Y124.719
G0 X118.393 Y124.369
G0 X118.291 Y124.386
G1 F1500 X118.416 Y124.545 E982.06505
G0 F9000 X118.494 Y124.467
G0 X120.407 Y124.719
G0 X120.9 Y124.68
G0 X122.832 Y124.371
G0 X122.95 Y124.252
G1 F1500 X123.048 Y124.438 E982.07161
G0 F9000 X123.027 Y124.459
G0 X123.3 Y122.548
G0 X122.931 Y121.141
G0 X123.016 Y121.075
G1 F1500 X122.904 Y120.904 E982.07772
G0 F9000 X122.791 Y120.929
G1 F2400 E981.27772
;MESH:NONMESH
G0 F300 X122.791 Y120.929 Z6.6
G0 F9000 X123.431 Y92.181
G0 X125.645 Y91.967
;TIME_ELAPSED:1179.500868
;LAYER:32
;TYPE:SUPPORT
G1 F2400 E982.07772
G1 X130.245 Y91.967 E982.23072
G1 X130.245 Y113.51 E982.94724
G1 X130.242 Y113.564 E982.94904
G1 X130.233 Y113.619 E982.9509
G1 X130.044 Y114.293 E982.97418
G1 X130.044 Y114.871 E982.9934
G1 X129.845 Y115.444 E983.01358
G1 X129.844 Y115.934 E983.02988
G1 X129.645 Y116.353 E983.0453
G1 X129.645 Y116.755 E983.05867
G1 X129.445 Y117.123 E983.0726
G1 X129.445 Y117.453 E983.08358
G1 X129.394 Y117.536 E983.08682
G1 X129.394 Y117.546 E983.08715
G1 X129.245 Y117.782 E983.09644
G1 X129.245 Y118.107 E983.10725
G1 X129.218 Y118.143 E983.10874
G1 X129.21 Y118.161 E983.1094
G1 X129.06 Y118.629 E983.12574
G1 X129.025 Y118.674 E983.12764
G1 X129.016 Y118.692 E983.12831
G1 X128.842 Y119.206 E983.14636
G1 X128.82 Y119.236 E983.14759
G1 X128.632 Y119.734 E983.1653
G1 X128.613 Y119.758 E983.16632
G1 X128.578 Y119.793 E983.16796
G1 X128.578 Y119.838 E983.16946
G1 X128.452 Y120.154 E983.18078
G1 X128.394 Y120.211 E983.18348
G1 X128.242 Y120.587 E983.19697
G1 X128.194 Y120.637 E983.19927
G1 X128.187 Y120.651 E983.19979
G1 X128.178 Y120.662 E983.20027
G1 X128.047 Y120.98 E983.21171
G1 X128.011 Y121.012 E983.21331
G1 X128.001 Y121.026 E983.21388
G1 X127.866 Y121.321 E983.22467
G1 X127.75 Y121.419 E983.22972
G1 X127.75 Y121.471 E983.23145
G1 X127.64 Y121.726 E983.24069
G1 X127.573 Y121.788 E983.24372
G1 X127.553 Y121.827 E983.24518
G1 X127.446 Y122.06 E983.25371
G1 X127.374 Y122.113 E983.25668
G1 X127.368 Y122.118 E983.25694
G1 X127.232 Y122.407 E983.26757
G1 X127.161 Y122.462 E983.27055
G1 X127.154 Y122.477 E983.2711
G1 X127.118 Y122.512 E983.27277
G1 X127.118 Y122.549 E983.274
G1 X127.038 Y122.707 E983.2799
G1 X126.944 Y122.778 E983.28381
G1 X126.832 Y123.006 E983.29226
G1 X126.772 Y123.047 E983.29468
G1 X126.761 Y123.06 E983.29525
G1 X126.642 Y123.283 E983.30365
G1 X126.553 Y123.346 E983.30728
G1 X126.443 Y123.555 E983.31513
G1 X126.345 Y123.619 E983.31903
G1 X126.247 Y123.803 E983.32596
G1 X126.146 Y123.863 E983.32987
G1 X126.053 Y124.039 E983.33649
G1 X125.943 Y124.102 E983.34071
G1 X125.836 Y124.299 E983.34816
G1 X125.748 Y124.344 E983.35145
G1 X125.645 Y124.52 E983.35823
G1 X125.645 Y122.687 E983.4192
G1 X125.643 Y122.08 E983.43939
G1 X125.645 Y121.603 E983.45525
G1 X125.643 Y121.338 E983.46407
G1 X125.645 Y120.893 E983.47887
G1 X125.643 Y120.625 E983.48778
G1 X125.645 Y91.967 E984.44095
G0 F9000 X128 Y92.327
G1 F2400 X126.005 Y92.327 E984.5073
G1 X126.003 Y120.625 E985.4485
G1 X126.005 Y120.893 E985.45741
G1 X126.003 Y121.34 E985.47228
G1 X126.005 Y121.601 E985.48096
G1 X126.003 Y122.08 E985.49689
G1 X126.005 Y123.493 E985.54389
G1 X126.072 Y123.368 E985.54861
G1 X126.167 Y123.306 E985.55238
G1 X126.274 Y123.102 E985.56004
G1 X126.366 Y123.037 E985.56379
G1 X126.462 Y122.857 E985.57057
G1 X126.529 Y122.777 E985.57404
G1 X126.549 Y122.763 E985.57486
G1 X126.658 Y122.543 E985.58302
G1 X126.755 Y122.469 E985.58708
G1 X126.758 Y122.464 E985.58727
G1 X126.758 Y122.36 E985.59073
G1 X126.855 Y122.266 E985.59523
G1 X126.871 Y122.231 E985.59651
G1 X126.942 Y122.176 E985.59949
G1 X127.077 Y121.891 E985.60998
G1 X127.157 Y121.828 E985.61337
G1 X127.229 Y121.671 E985.61911
G1 X127.281 Y121.567 E985.62298
G1 X127.34 Y121.513 E985.62564
G1 X127.39 Y121.396 E985.62987
G1 X127.39 Y121.252 E985.63466
G1 X127.572 Y121.099 E985.64257
G1 X127.688 Y120.845 E985.65186
G1 X127.742 Y120.768 E985.65499
G1 X127.747 Y120.764 E985.6552
G1 X127.864 Y120.477 E985.66551
G1 X127.884 Y120.452 E985.66657
G1 X127.898 Y120.426 E985.66755
G1 X127.936 Y120.386 E985.66939
G1 X128 Y120.226 E985.67512
G1 X128 Y92.327 E986.60305
G1 X129.885 Y92.327 E986.66574
G1 X129.885 Y113.487 E987.36953
G1 X129.881 Y113.54 E987.37129
G1 X129.684 Y114.243 E987.39558
G1 X129.684 Y114.811 E987.41447
G1 X129.485 Y115.383 E987.43461
G1 X129.484 Y115.851 E987.45018
G1 X129.285 Y116.272 E987.46566
G1 X129.285 Y116.662 E987.47864
G1 X129.085 Y117.031 E987.4926
G1 X129.085 Y117.351 E987.50324
G1 X129.034 Y117.433 E987.50645
G1 X129.034 Y117.442 E987.50675
G1 X128.885 Y117.677 E987.516
G1 X128.884 Y118.008 E987.52701
G1 X128.873 Y118.034 E987.52795
G1 X128.737 Y118.458 E987.54276
G1 X128.719 Y118.482 E987.54376
G1 X128.683 Y118.553 E987.54641
G1 X128.519 Y119.039 E987.56347
G1 X128.501 Y119.063 E987.56447
G1 X128.319 Y119.544 E987.58157
G1 X128.218 Y119.643 E987.58628
G1 X128.218 Y119.768 E987.59043
G1 X128.145 Y119.951 E987.59699
G1 X128.088 Y120.006 E987.59962
G1 X128 Y120.226 E987.6075
G0 F9000 X125.442 Y118.933
;TYPE:SUPPORT-INTERFACE
G1 F1500 X124.843 Y119.532 E987.63568
G0 F9000 X125.442 Y118.654
G1 F1500 X124.842 Y118.054 E987.6639
G0 F9000 X124.843 Y116.138
G1 F1500 X125.442 Y115.539 E987.69207
G0 F9000 X125.442 Y115.26
G1 F1500 X124.842 Y114.66 E987.7203
G0 F9000 X124.843 Y112.744
G1 F1500 X125.442 Y112.145 E987.74847
G0 F9000 X125.442 Y111.866
G1 F1500 X124.842 Y111.266 E987.77669
G0 F9000 X124.843 Y109.35
G1 F1500 X125.442 Y108.75 E987.80489
G0 F9000 X125.443 Y108.473
G1 F1500 X124.842 Y107.871 E987.83318
G0 F9000 X124.843 Y105.955
G1 F1500 X125.442 Y105.356 E987.86136
G0 F9000 X125.443 Y105.078
G1 F1500 X124.843 Y104.478 E987.88958
G0 F9000 X124.843 Y102.561
G1 F1500 X125.442 Y101.962 E987.91776
G0 F9000 X125.443 Y101.684
G1 F1500 X124.843 Y101.084 E987.94598
G0 F9000 X124.843 Y99.167
G1 F1500 X125.443 Y98.567 E987.9742
G0 F9000 X125.444 Y98.291
G1 F1500 X124.843 Y97.69 E988.00247
G0 F9000 X124.843 Y95.773
G1 F1500 X125.443 Y95.173 E988.03069
G0 F9000 X125.444 Y94.897
G1 F1500 X124.843 Y94.296 E988.05896
G0 F9000 X124.843 Y92.379
G1 F1500 X125.443 Y91.779 E988.08718
G1 F2400 E987.28718
G0 F9000 X125.443 Y91.102
G0 X121.971 Y122.483
G0 X124.843 Y121.449
G1 F2400 E988.08718
G1 F1500 X125.443 Y122.049 E988.11541
G0 F9000 X125.442 Y122.327
G1 F1500 X124.844 Y122.925 E988.14353
G0 F9000 X124.844 Y124.844
G1 F1500 X125.228 Y125.228 E988.1616
G1 F2400 E987.3616
;MESH:1x_1xm_pusher.stl
G0 F9000 X123.744 Y125.229
G0 X120.616 Y124.715
G0 X118.28 Y124.249
;TYPE:WALL-INNER
G1 F2400 E988.1616
G1 X118.522 Y124.412 E988.1713
G1 X118.637 Y124.471 E988.1756
G1 X118.83 Y124.572 E988.18284
G1 X119.156 Y124.697 E988.19446
G1 X119.496 Y124.792 E988.2062
G1 X119.85 Y124.853 E988.21815
G1 X120.21 Y124.88 E988.23015
G1 X120.567 Y124.876 E988.24203
G1 X120.866 Y124.845 E988.25203
G1 X121.164 Y124.792 E988.26209
G1 X121.457 Y124.712 E988.2722
G1 X121.787 Y124.591 E988.28389
G1 X122.101 Y124.434 E988.29556
G1 X122.39 Y124.243 E988.30708
G1 X122.646 Y124.022 E988.31833
G1 X122.889 Y123.748 E988.33051
G1 X123.05 Y123.473 E988.34111
G1 X123.096 Y123.394 E988.34415
G1 X123.232 Y122.98 E988.35865
G1 X123.263 Y122.548 E988.37305
G1 X123.201 Y122.175 E988.38563
G1 X123.191 Y122.12 E988.38749
G1 X123.113 Y121.937 E988.3941
G1 X123.076 Y121.85 E988.39725
G1 X123.022 Y121.727 E988.40172
G1 X122.815 Y121.425 E988.41389
G1 X122.535 Y121.139 E988.42721
G1 X122.263 Y120.931 E988.43859
G1 X121.971 Y120.763 E988.4498
G1 X121.659 Y120.622 E988.46119
G1 X121.329 Y120.515 E988.47273
G1 X120.988 Y120.439 E988.48435
G1 X120.688 Y120.398 E988.49442
G1 X120.33 Y120.382 E988.50633
G1 X119.969 Y120.398 E988.51835
G1 X119.614 Y120.448 E988.53028
G1 X119.267 Y120.532 E988.54215
G1 X118.935 Y120.647 E988.55384
G1 X118.662 Y120.777 E988.5639
G1 X118.623 Y120.795 E988.56532
G1 X118.333 Y120.974 E988.57666
G1 X118.28 Y121.017 E988.57893
G1 X118.28 Y120.974
G1 X118.28 Y120.795 E988.58103
G1 X118.28 Y120.751 E988.58241
G1 X118.28 Y118.292 E988.66419
G1 X110.214 Y118.292 E988.93247
G1 X103.249 Y113.368 E989.21617
G1 X98.165 Y108.772 E989.44412
G1 X96.834 Y107.26 E989.51112
G1 X96.482 Y106.658 E989.53431
G1 X96.482 Y97.077 E989.85298
G1 X96.648 Y96.96 E989.85973
G1 X99.357 Y95.686 E989.9593
G1 X118.279 Y93.051 E990.59472
G1 X118.279 Y92.367 E990.61747
G1 X123.246 Y92.367 E990.78267
G1 X123.445 Y92.367 E990.78929
G1 X123.445 Y92.566 E990.79358
G1 X123.443 Y121.186 E991.74548
G1 X123.445 Y121.445 E991.75409
G1 X123.443 Y121.699 E991.76254
G1 X123.443 Y121.794 E991.76555
G1 X123.444 Y122.118 E991.77434
G1 X123.445 Y122.133 E991.7744
G1 X123.445 Y122.548 E991.78213
G1 X123.445 Y122.98 E991.78924
G1 X123.445 Y123.394 E991.79888
G1 X123.445 Y123.486 E991.80176
G1 X123.445 Y125.92 E991.88272
G1 X122.557 Y126.235 E991.91405
G1 X121.58 Y126.544 E991.94813
G1 X120.574 Y126.828 E991.9829
G1 X119.565 Y127.076 E992.01746
G1 X118.621 Y127.276 E992.04956
G1 X118.533 Y127.294 E992.05254
G1 X118.281 Y127.339 E992.06106
G1 X118.281 Y127.295
G1 X118.281 Y127.205 E992.06362
G1 X118.281 Y124.543 E992.15216
G1 X118.281 Y124.413 E992.1541
G1 X118.28 Y124.249 E992.15483
G0 F9000 X117.984 Y123.528
G0 X117.904 Y123.229
G0 X117.88 Y123.082
;TYPE:WALL-OUTER
G1 F2400 X117.92 Y123.21 E992.15929
G1 X118.097 Y123.511 E992.17091
G1 X118.258 Y123.698 E992.17912
G1 X118.282 Y123.726 E992.18034
G1 X118.498 Y123.913 E992.18984
G1 X118.727 Y124.068 E992.19904
G1 X118.994 Y124.207 E992.20905
G1 X119.281 Y124.317 E992.21928
G1 X119.584 Y124.401 E992.22973
G1 X119.899 Y124.456 E992.24037
G1 X120.222 Y124.48 E992.25114
G1 X120.544 Y124.476 E992.26185
G1 X120.81 Y124.449 E992.27075
G1 X121.076 Y124.401 E992.27974
G1 X121.335 Y124.331 E992.28866
G1 X121.628 Y124.223 E992.29905
G1 X121.901 Y124.087 E992.30919
G1 X122.148 Y123.924 E992.31903
G1 X122.364 Y123.737 E992.32853
G1 X122.563 Y123.512 E992.33853
G1 X122.729 Y123.228 E992.34947
G1 X122.837 Y122.902 E992.36089
G1 X122.861 Y122.567 E992.37206
G1 X122.805 Y122.234 E992.38329
G1 X122.67 Y121.921 E992.39463
G1 X122.505 Y121.68 E992.40434
G1 X122.269 Y121.439 E992.41556
G1 X122.041 Y121.265 E992.4251
G1 X121.788 Y121.119 E992.43482
G1 X121.515 Y120.996 E992.44478
G1 X121.223 Y120.901 E992.45499
G1 X120.918 Y120.833 E992.46538
G1 X120.652 Y120.797 E992.47431
G1 X120.33 Y120.782 E992.48503
G1 X120.006 Y120.797 E992.49582
G1 X119.689 Y120.841 E992.50646
G1 X119.38 Y120.916 E992.51704
G1 X119.087 Y121.018 E992.52736
G1 X118.814 Y121.147 E992.5374
G1 X118.564 Y121.301 E992.54717
G1 X118.342 Y121.48 E992.55665
G1 X118.261 Y121.566 E992.56058
G1 X118.145 Y121.688 E992.56618
G1 X117.958 Y121.977 E992.57763
G1 X117.88 Y122.182 E992.58492
G1 X117.88 Y121.977 E992.58548
G1 X117.88 Y121.688 E992.58933
G1 X117.88 Y121.519 E992.59407
G1 X117.88 Y118.692 E992.6881
G1 X110.086 Y118.692 E992.94733
G1 X103.001 Y113.683 E993.23592
G1 X97.882 Y109.056 E993.46542
G1 X96.508 Y107.494 E993.53462
G1 X96.082 Y106.766 E993.56267
G1 X96.082 Y96.87 E993.89181
G1 X96.444 Y96.614 E993.90656
G1 X99.241 Y95.298 E994.00937
G1 X117.879 Y92.703 E994.63525
G1 X117.879 Y91.967 E994.65973
G1 X123.645 Y91.967 E994.85151
G1 X123.845 Y91.967 E994.85816
G1 X123.845 Y92.167 E994.86247
G1 X123.843 Y121.184 E995.82758
G1 X123.845 Y121.447 E995.83633
G1 X123.843 Y121.794 E995.84787
G1 X123.845 Y122.133 E995.85914
G1 X123.844 Y124.737 E995.94575
G1 X123.845 Y126.195 E995.99425
G1 X123.658 Y126.269 E996.00093
G1 X122.691 Y126.612 E996.03506
G1 X121.689 Y126.929 E996.07001
G1 X120.683 Y127.213 E996.10478
G1 X119.654 Y127.466 E996.14003
G1 X118.604 Y127.688 E996.17572
G1 X118.116 Y127.776 E996.19221
G1 X117.881 Y127.818 E996.20015
G1 X117.881 Y127.58 E996.20503
G1 X117.881 Y127.579 E996.20507
G1 X117.881 Y123.758 E996.33216
G1 X117.881 Y123.511 E996.33833
G1 X117.881 Y123.211 E996.34122
G1 X117.88 Y123.082 E996.3414
G1 F2400 E995.5414
G0 F9000 X117.984 Y123.528
G0 X118.439 Y124.991
;TYPE:FILL
G1 F2400 E996.3414
G1 F4800 X119.05 Y124.827 E996.36244
G0 F9000 X121.376 Y124.465
G0 X122.233 Y124.035
G0 X122.676 Y123.593
G0 X122.857 Y123.285
G0 X122.974 Y122.931
G0 X123.001 Y122.56
G0 X122.94 Y122.194
G0 X122.613 Y121.591
G0 X122.123 Y121.152
G0 X118.008 Y118.564
G0 X115.412 Y118.132
G1 F4800 X122.274 Y92.525 E997.24418
G0 F9000 X116.965 Y93.396
G1 F4800 X123.284 Y99.714 E997.54138
G0 F9000 X123.283 Y98.847
G1 F4800 X98.013 Y105.618 E998.41151
G0 F9000 X98.154 Y105.618
G0 X104.571 Y112.473
G0 X104.477 Y112.576
G1 F4800 X109.333 Y94.457 E999.03542
G0 F9000 X102.068 Y95.47
G1 F4800 X123.282 Y116.683 E1000.03324
G0 F9000 X123.282 Y111.27
G1 F4800 X106.804 Y115.685 E1000.60063
G0 F9000 X105.72 Y114.979
G0 X105.881 Y114.752
;TYPE:SKIN
G1 F1500 X103.492 Y113.063 E1000.69794
G1 X98.444 Y108.5 E1000.92427
G1 X97.154 Y107.033 E1000.98924
G1 X96.872 Y106.551 E1001.00781
G1 X96.872 Y97.286 E1001.31597
G1 X97.863 Y96.82 E1001.35239
G1 X97.864 Y106.591 E1001.67738
G1 X98.759 Y107.61 E1001.72249
G1 X106.208 Y114.343 E1002.05645
G1 X105.881 Y114.752 E1002.07387
G0 F9000 X105.72 Y114.979
G0 X106.507 Y114.319
G0 X99.224 Y107.64
G0 X98.922 Y107.973
G1 F1500 X104.595 Y113.646 E1002.34071
G0 F9000 X104.799 Y113.284
G1 F1500 X105.938 Y114.424 E1002.3943
G0 F9000 X106.289 Y114.705
G0 X105.929 Y115.041
G0 X103.618 Y113.42
G0 X100.479 Y110.715
G0 X100.774 Y110.39
G1 F1500 X97.232 Y106.849 E1002.56089
G0 F9000 X97.032 Y106.082
G1 F1500 X98.451 Y107.502 E1002.62765
G0 F9000 X98.789 Y107.207
G0 X98.154 Y106.189
G0 X97.703 Y106.189
G1 F1500 X97.032 Y105.517 E1002.65924
G0 F9000 X97.032 Y104.951
G1 F1500 X97.703 Y105.623 E1002.69083
G0 F9000 X97.703 Y105.057
G1 F1500 X97.032 Y104.385 E1002.72241
G0 F9000 X97.032 Y103.82
G1 F1500 X97.703 Y104.491 E1002.75397
G0 F9000 X97.703 Y103.926
G1 F1500 X97.032 Y103.254 E1002.78556
G0 F9000 X97.032 Y102.688
G1 F1500 X97.703 Y103.36 E1002.81714
G0 F9000 X97.703 Y102.794
G1 F1500 X97.032 Y102.123 E1002.84871
G0 F9000 X97.032 Y101.557
G1 F1500 X97.703 Y102.229 E1002.88029
G0 F9000 X97.703 Y101.662
G1 F1500 X97.032 Y100.991 E1002.91185
G0 F9000 X97.032 Y100.426
G1 F1500 X97.703 Y101.097 E1002.94341
G0 F9000 X97.703 Y100.531
G1 F1500 X97.032 Y99.86 E1002.97498
G0 F9000 X97.032 Y99.294
G1 F1500 X97.703 Y99.965 E1003.00654
G0 F9000 X97.703 Y99.4
G1 F1500 X97.032 Y98.729 E1003.0381
G0 F9000 X97.032 Y98.163
G1 F1500 X97.703 Y98.834 E1003.06966
G0 F9000 X97.703 Y98.268
G1 F1500 X97.032 Y97.597 E1003.10122
G0 F9000 X97.273 Y97.273
G1 F1500 X97.703 Y97.703 E1003.12145
G0 F9000 X98.154 Y97.703
G0 X122.981 Y121.284
G0 X123.125 Y121.428
;TYPE:SKIN
G1 F1500 X123.224 Y121.244 E1003.13027
G0 F9000 X123.181 Y121.201
G0 X123.124 Y123.689
G0 X123.196 Y123.762
G1 F1500 X123.118 Y123.967 E1003.1385
G0 F9000 X122.967 Y123.804
G1 F2400 E1002.3385
;MESH:NONMESH
G0 F300 X122.967 Y123.804 Z6.8
G0 F9000 X123.731 Y92.081
G0 X125.845 Y91.967
;TIME_ELAPSED:1206.730813
;LAYER:33
;TYPE:SUPPORT
G1 F2400 E1003.1385
G1 X130.245 Y91.967 E1003.28484
G1 X130.245 Y113.51 E1004.00136
G1 X130.242 Y113.564 E1004.00316
G1 X130.233 Y113.619 E1004.00502
G1 X130.044 Y114.293 E1004.0283
G1 X130.044 Y114.871 E1004.04752
G1 X129.845 Y115.444 E1004.0677
G1 X129.844 Y115.934 E1004.084
G1 X129.645 Y116.353 E1004.09942
G1 X129.645 Y116.755 E1004.11279
G1 X129.445 Y117.123 E1004.12672
G1 X129.445 Y117.453 E1004.1377
G1 X129.394 Y117.536 E1004.14094
G1 X129.394 Y117.546 E1004.14127
G1 X129.245 Y117.782 E1004.15056
G1 X129.245 Y118.107 E1004.16137
G1 X129.218 Y118.143 E1004.16286
G1 X129.21 Y118.161 E1004.16352
G1 X129.06 Y118.629 E1004.17986
G1 X129.025 Y118.674 E1004.18176
G1 X129.016 Y118.692 E1004.18243
G1 X128.842 Y119.206 E1004.20048
G1 X128.82 Y119.236 E1004.20171
G1 X128.634 Y119.731 E1004.2193
G1 X128.604 Y119.767 E1004.22086
G1 X128.578 Y119.793 E1004.22208
G1 X128.578 Y119.838 E1004.22358
G1 X128.452 Y120.154 E1004.2349
G1 X128.394 Y120.211 E1004.2376
G1 X128.242 Y120.587 E1004.25109
G1 X128.194 Y120.637 E1004.25339
G1 X128.187 Y120.651 E1004.25392
G1 X128.178 Y120.662 E1004.25439
G1 X128.047 Y120.98 E1004.26583
G1 X128.011 Y121.012 E1004.26743
G1 X128.001 Y121.026 E1004.268
G1 X127.866 Y121.321 E1004.27879
G1 X127.75 Y121.419 E1004.28384
G1 X127.75 Y121.471 E1004.28557
G1 X127.64 Y121.726 E1004.29481
G1 X127.573 Y121.788 E1004.29784
G1 X127.553 Y121.827 E1004.2993
G1 X127.446 Y122.06 E1004.30783
G1 X127.374 Y122.113 E1004.3108
G1 X127.368 Y122.118 E1004.31106
G1 X127.232 Y122.407 E1004.32169
G1 X127.161 Y122.462 E1004.32467
G1 X127.154 Y122.477 E1004.32522
G1 X127.118 Y122.512 E1004.32689
G1 X127.118 Y122.549 E1004.32813
G1 X127.04 Y122.705 E1004.33393
G1 X126.943 Y122.779 E1004.33798
G1 X126.832 Y123.006 E1004.34639
G1 X126.772 Y123.047 E1004.34881
G1 X126.761 Y123.06 E1004.34937
G1 X126.642 Y123.283 E1004.35778
G1 X126.553 Y123.346 E1004.36141
G1 X126.443 Y123.555 E1004.36926
G1 X126.345 Y123.619 E1004.37315
G1 X126.247 Y123.803 E1004.38009
G1 X126.146 Y123.863 E1004.384
G1 X126.053 Y124.039 E1004.39062
G1 X125.943 Y124.102 E1004.39483
G1 X125.845 Y124.282 E1004.40165
G1 X125.845 Y91.967 E1005.47645
G0 F9000 X128 Y92.327
G1 F2400 X126.205 Y92.327 E1005.53615
G1 X126.205 Y123.234 E1006.56412
G1 X126.274 Y123.102 E1006.56908
G1 X126.366 Y123.037 E1006.57282
G1 X126.462 Y122.857 E1006.57961
G1 X126.529 Y122.777 E1006.58308
G1 X126.549 Y122.763 E1006.58389
G1 X126.657 Y122.545 E1006.59198
G1 X126.755 Y122.47 E1006.59609
G1 X126.758 Y122.464 E1006.59631
G1 X126.758 Y122.36 E1006.59977
G1 X126.855 Y122.266 E1006.60426
G1 X126.871 Y122.231 E1006.60554
G1 X126.942 Y122.176 E1006.60853
G1 X127.077 Y121.891 E1006.61902
G1 X127.157 Y121.828 E1006.62241
G1 X127.229 Y121.671 E1006.62815
G1 X127.281 Y121.567 E1006.63202
G1 X127.34 Y121.513 E1006.63468
G1 X127.39 Y121.396 E1006.63891
G1 X127.39 Y121.252 E1006.6437
G1 X127.572 Y121.099 E1006.65161
G1 X127.688 Y120.845 E1006.66089
G1 X127.742 Y120.768 E1006.66402
G1 X127.747 Y120.764 E1006.66424
G1 X127.864 Y120.477 E1006.67454
G1 X127.884 Y120.452 E1006.67561
G1 X127.898 Y120.426 E1006.67659
G1 X127.936 Y120.386 E1006.67843
G1 X128 Y120.226 E1006.68416
G1 X128 Y92.327 E1007.61208
G1 X129.885 Y92.327 E1007.67478
G1 X129.885 Y113.487 E1008.37856
G1 X129.881 Y113.54 E1008.38033
G1 X129.684 Y114.243 E1008.40461
G1 X129.684 Y114.811 E1008.4235
G1 X129.485 Y115.383 E1008.44365
G1 X129.484 Y115.851 E1008.45921
G1 X129.285 Y116.272 E1008.4747
G1 X129.285 Y116.662 E1008.48767
G1 X129.085 Y117.031 E1008.50163
G1 X129.085 Y117.351 E1008.51228
G1 X129.034 Y117.433 E1008.51549
G1 X129.034 Y117.442 E1008.51579
G1 X128.885 Y117.677 E1008.52504
G1 X128.884 Y118.008 E1008.53605
G1 X128.873 Y118.034 E1008.53699
G1 X128.737 Y118.458 E1008.5518
G1 X128.719 Y118.482 E1008.5528
G1 X128.683 Y118.553 E1008.55544
G1 X128.519 Y119.037 E1008.57244
G1 X128.5 Y119.062 E1008.57349
G1 X128.322 Y119.54 E1008.59045
G1 X128.218 Y119.644 E1008.59534
G1 X128.218 Y119.768 E1008.59947
G1 X128.145 Y119.951 E1008.60602
G1 X128.088 Y120.006 E1008.60865
G1 X128 Y120.226 E1008.61654
G0 F9000 X125.643 Y118.855
;TYPE:SUPPORT-INTERFACE
G1 F1500 X125.041 Y118.253 E1008.64485
G0 F9000 X125.642 Y118.733
G1 F1500 X125.042 Y119.333 E1008.67307
G0 F9000 X125.041 Y121.647
G1 F1500 X125.644 Y122.25 E1008.70144
G0 F9000 X125.643 Y122.126
G1 F1500 X125.044 Y122.725 E1008.72961
G0 F9000 X125.044 Y125.044
G1 F1500 X125.228 Y125.228 E1008.73827
G1 F2400 E1007.93827
G0 F9000 X125.944 Y125.438
G0 X126.424 Y124.964
G0 X127.514 Y123.577
G0 X128.571 Y121.854
G0 X129.4 Y120.145
G0 X130.309 Y117.644
G0 X130.308 Y117.342
G0 X125.042 Y115.939
G1 F2400 E1008.73827
G1 F1500 X125.642 Y115.339 E1008.76649
G0 F9000 X125.643 Y115.461
G1 F1500 X125.041 Y114.859 E1008.79481
G0 F9000 X125.043 Y112.544
G1 F1500 X125.642 Y111.944 E1008.823
G0 F9000 X125.643 Y112.067
G1 F1500 X125.042 Y111.466 E1008.85127
G0 F9000 X125.043 Y109.15
G1 F1500 X125.642 Y108.55 E1008.87947
G0 F9000 X125.643 Y108.673
G1 F1500 X125.042 Y108.072 E1008.90774
G0 F9000 X125.044 Y105.755
G1 F1500 X125.642 Y105.156 E1008.93589
G0 F9000 X125.643 Y105.279
G1 F1500 X125.043 Y104.678 E1008.96414
G0 F9000 X125.044 Y102.361
G1 F1500 X125.643 Y101.761 E1008.99234
G0 F9000 X125.644 Y101.885
G1 F1500 X125.043 Y101.284 E1009.02061
G0 F9000 X125.044 Y98.966
G1 F1500 X125.643 Y98.367 E1009.04878
G0 F9000 X125.644 Y98.491
G1 F1500 X125.044 Y97.891 E1009.077
G0 F9000 X125.044 Y95.572
G1 F1500 X125.643 Y94.973 E1009.10518
G0 F9000 X125.644 Y95.097
G1 F1500 X125.044 Y94.497 E1009.1334
G0 F9000 X125.044 Y92.178
G1 F1500 X125.456 Y91.766 E1009.15278
G1 F2400 E1008.35278
;MESH:1x_1xm_pusher.stl
G0 F9000 X123.831 Y92.181
G0 X122.889 Y122.855
G0 X122.648 Y123.514
G0 X122.201 Y124.029
G0 X121.359 Y124.509
G0 X120.359 Y124.715
G0 X119.778 Y124.671
G0 X118.48 Y124.494
;TYPE:WALL-INNER
G1 F2400 E1009.15278
G1 X118.63 Y124.572 E1009.1584
G1 X118.799 Y124.636 E1009.16441
G1 X118.956 Y124.697 E1009.17002
G1 X119.296 Y124.792 E1009.18176
G1 X119.65 Y124.853 E1009.19371
G1 X120.01 Y124.88 E1009.20571
G1 X120.369 Y124.876 E1009.21765
G1 X120.728 Y124.837 E1009.22966
G1 X121.078 Y124.764 E1009.24156
G1 X121.416 Y124.66 E1009.25332
G1 X121.736 Y124.521 E1009.26492
G1 X122.033 Y124.352 E1009.27629
G1 X122.306 Y124.152 E1009.28754
G1 X122.551 Y123.915 E1009.29888
G1 X122.785 Y123.599 E1009.31196
G1 X122.95 Y123.269 E1009.32423
G1 X123.049 Y122.877 E1009.33768
G1 X123.056 Y122.446 E1009.35201
G1 X122.959 Y122.023 E1009.36645
G1 X122.769 Y121.641 E1009.38064
G1 X122.55 Y121.346 E1009.39286
G1 X122.305 Y121.111 E1009.40415
G1 X122.033 Y120.911 E1009.41538
G1 X121.735 Y120.742 E1009.42677
G1 X121.416 Y120.604 E1009.43833
G1 X121.078 Y120.499 E1009.45011
G1 X120.727 Y120.427 E1009.46202
G1 X120.369 Y120.388 E1009.474
G1 X120.01 Y120.384 E1009.48594
G1 X119.65 Y120.411 E1009.49795
G1 X119.296 Y120.472 E1009.5099
G1 X118.956 Y120.567 E1009.52164
G1 X118.799 Y120.628 E1009.52724
G1 X118.63 Y120.692 E1009.53325
G1 X118.481 Y120.77 E1009.53884
G1 X118.481 Y120.693
G1 X118.481 Y120.512 E1009.54332
G1 X118.48 Y118.292 E1009.61716
G1 X110.414 Y118.292 E1009.88543
G1 X104.672 Y114.233 E1010.11931
G1 X98.311 Y108.483 E1010.4045
G1 X96.682 Y106.632 E1010.48651
G1 X96.682 Y97.133 E1010.80245
G1 X99.329 Y95.888 E1010.89974
G1 X118.479 Y93.222 E1011.54282
G1 X118.479 Y92.367 E1011.57126
G1 X123.446 Y92.367 E1011.73646
G1 X123.645 Y92.367 E1011.74308
G1 X123.645 Y92.566 E1011.74736
G1 X123.643 Y121.074 E1012.69554
G1 X123.645 Y121.323 E1012.70382
G1 X123.643 Y121.702 E1012.71643
G1 X123.645 Y122.073 E1012.72877
G1 X123.645 Y125.766 E1012.8516
G1 X123.325 Y125.892 E1012.86304
G1 X122.357 Y126.235 E1012.89719
G1 X121.38 Y126.544 E1012.93127
G1 X120.374 Y126.828 E1012.96604
G1 X119.365 Y127.076 E1013.0006
G1 X118.721 Y127.213 E1013.0225
G1 X118.481 Y127.263 E1013.03065
G1 X118.481 Y127.018 E1013.03564
G1 X118.481 Y127.017 E1013.03568
G1 X118.481 Y124.754 E1013.11094
G1 X118.481 Y124.573 E1013.11496
G1 X118.48 Y124.494
G0 F9000 X118.08 Y123.722
;TYPE:WALL-OUTER
G1 F2400 X118.287 Y123.905 E1013.12415
G1 X118.438 Y124.007 E1013.13021
G1 X118.527 Y124.068 E1013.13379
G1 X118.794 Y124.207 E1013.14381
G1 X119.081 Y124.317 E1013.15403
G1 X119.384 Y124.401 E1013.16449
G1 X119.699 Y124.456 E1013.17512
G1 X120.022 Y124.48 E1013.1859
G1 X120.345 Y124.476 E1013.19664
G1 X120.665 Y124.441 E1013.20735
G1 X120.978 Y124.376 E1013.21798
G1 X121.277 Y124.284 E1013.22838
G1 X121.557 Y124.163 E1013.23853
G1 X121.815 Y124.016 E1013.2484
G1 X122.047 Y123.846 E1013.25797
G1 X122.249 Y123.65 E1013.26733
G1 X122.443 Y123.389 E1013.27815
G1 X122.573 Y123.129 E1013.28782
G1 X122.65 Y122.824 E1013.29828
G1 X122.655 Y122.488 E1013.30946
G1 X122.58 Y122.158 E1013.32071
G1 X122.427 Y121.851 E1013.33212
G1 X122.249 Y121.612 E1013.34203
G1 X122.047 Y121.418 E1013.35135
G1 X121.815 Y121.247 E1013.36093
G1 X121.557 Y121.101 E1013.37079
G1 X121.277 Y120.98 E1013.38094
G1 X120.978 Y120.887 E1013.39135
G1 X120.665 Y120.823 E1013.40198
G1 X120.345 Y120.788 E1013.41269
G1 X120.022 Y120.784 E1013.42343
G1 X119.699 Y120.808 E1013.4342
G1 X119.384 Y120.863 E1013.44484
G1 X119.081 Y120.947 E1013.4553
G1 X118.794 Y121.057 E1013.46552
G1 X118.527 Y121.196 E1013.47553
G1 X118.438 Y121.257 E1013.47912
G1 X118.287 Y121.359 E1013.48518
G1 X118.081 Y121.541 E1013.49432
G1 X118.081 Y121.36 E1013.49519
G1 X118.081 Y121.177 E1013.49998
G1 X118.08 Y118.692 E1013.58263
G1 X110.286 Y118.692 E1013.84186
G1 X104.424 Y114.548 E1014.08063
G1 X98.029 Y108.767 E1014.36736
G1 X96.306 Y106.81 E1014.45408
G1 X96.282 Y106.768 E1014.45569
G1 X96.282 Y96.879 E1014.7846
G1 X99.213 Y95.5 E1014.89233
G1 X118.079 Y92.874 E1015.52587
G1 X118.079 Y91.967 E1015.55604
G1 X123.845 Y91.967 E1015.74781
G1 X124.045 Y91.967 E1015.75447
G1 X124.045 Y92.167 E1015.75877
G1 X124.043 Y121.072 E1016.72016
G1 X124.045 Y121.325 E1016.72857
G1 X124.043 Y121.702 E1016.74111
G1 X124.045 Y122.073 E1016.75345
G1 X124.044 Y124.973 E1016.84991
G1 X124.045 Y126.038 E1016.88533
G1 X123.459 Y126.269 E1016.90628
G1 X122.491 Y126.612 E1016.94043
G1 X121.489 Y126.929 E1016.97539
G1 X120.483 Y127.213 E1017.01016
G1 X119.454 Y127.466 E1017.0454
G1 X118.448 Y127.679 E1017.0796
G1 X118.402 Y127.688 E1017.08116
G1 X118.081 Y127.746 E1017.09201
G1 X118.081 Y127.689
G1 X118.081 Y127.641 E1017.09349
G1 X118.081 Y124.089 E1017.21163
G1 X118.081 Y123.906 E1017.21536
G1 X118.08 Y123.722 E1017.21628
G0 F9000 X118.326 Y124.23
G0 X118.639 Y125.084
;TYPE:FILL
G1 F4800 X119.208 Y124.932 E1017.23587
G0 F9000 X121.143 Y124.552
G0 X122.687 Y124
G1 F4800 X123.484 Y123.786 E1017.26332
G0 F9000 X123.483 Y116.683
G1 F4800 X102.418 Y95.619 E1018.25413
G0 F9000 X109.125 Y94.683
G1 F4800 X104.45 Y112.13 E1018.85489
G0 F9000 X104.544 Y112.027
G0 X107.929 Y115.183
G0 X107.569 Y115.746
G0 X107.459 Y115.657
G1 F4800 X123.482 Y111.363 E1019.40662
G0 F9000 X115.265 Y118.132
G1 F4800 X122.127 Y92.525 E1020.28836
G0 F9000 X117.315 Y93.545
G1 F4800 X123.484 Y99.714 E1020.57853
G0 F9000 X123.483 Y98.94
G1 F4800 X98.414 Y105.657 E1021.44174
G0 F9000 X98.265 Y106.59
;TYPE:SKIN
G1 F1500 X98.911 Y107.326 E1021.47432
G1 X107.63 Y115.207 E1021.86522
G1 X107.303 Y115.616 E1021.88264
G1 X104.915 Y113.928 E1021.9799
G1 X98.595 Y108.214 E1022.26328
G1 X97.072 Y106.484 E1022.33994
G1 X97.072 Y97.381 E1022.64271
G1 X98.264 Y96.82 E1022.68653
G1 X98.265 Y106.59 E1023.01148
G0 F9000 X98.548 Y106.483
G0 X98.475 Y96.499
G0 X96.859 Y97.245
G0 X96.792 Y97.929
G0 X97.232 Y97.929
G1 F1500 X98.077 Y97.084 E1023.05122
G0 F9000 X98.103 Y97.623
G1 F1500 X97.232 Y98.495 E1023.09222
G0 F9000 X97.232 Y99.06
G1 F1500 X98.103 Y98.189 E1023.13318
G0 F9000 X98.103 Y98.755
G1 F1500 X97.232 Y99.626 E1023.17415
G0 F9000 X97.232 Y100.192
G1 F1500 X98.103 Y99.32 E1023.21515
G0 F9000 X98.103 Y99.886
G1 F1500 X97.232 Y100.757 E1023.25612
G0 F9000 X97.232 Y101.323
G1 F1500 X98.103 Y100.452 E1023.29709
G0 F9000 X98.103 Y101.017
G1 F1500 X97.232 Y101.889 E1023.33808
G0 F9000 X97.232 Y102.454
G1 F1500 X98.103 Y101.583 E1023.37905
G0 F9000 X98.103 Y102.148
G1 F1500 X97.232 Y103.02 E1023.42004
G0 F9000 X97.232 Y103.586
G1 F1500 X98.103 Y102.714 E1023.46103
G0 F9000 X98.103 Y103.28
G1 F1500 X97.232 Y104.151 E1023.502
G0 F9000 X97.232 Y104.717
G1 F1500 X98.103 Y103.845 E1023.54299
G0 F9000 X98.103 Y104.411
G1 F1500 X97.232 Y105.283 E1023.58399
G0 F9000 X97.232 Y105.848
G1 F1500 X98.103 Y104.977 E1023.62496
G0 F9000 X98.103 Y105.542
G1 F1500 X97.232 Y106.414 E1023.66595
G0 F9000 X97.493 Y106.719
G1 F1500 X98.103 Y106.108 E1023.69466
G0 F9000 X98.115 Y106.662
G1 F1500 X97.758 Y107.019 E1023.71146
G0 F9000 X98.023 Y107.32
G1 F1500 X98.379 Y106.964 E1023.7282
G0 F9000 X98.644 Y107.265
G1 F1500 X98.287 Y107.621 E1023.74497
G0 F9000 X98.553 Y107.922
G1 F1500 X98.923 Y107.551 E1023.7624
G0 F9000 X99.22 Y107.82
G1 F1500 X98.83 Y108.21 E1023.78074
G0 F9000 X99.127 Y108.479
G1 F1500 X99.518 Y108.088 E1023.79913
G0 F9000 X99.815 Y108.357
G1 F1500 X99.424 Y108.748 E1023.81753
G0 F9000 X99.721 Y109.016
G1 F1500 X100.112 Y108.625 E1023.83592
G0 F9000 X100.409 Y108.894
G1 F1500 X100.018 Y109.285 E1023.85431
G0 F9000 X100.315 Y109.554
G1 F1500 X100.706 Y109.163 E1023.8727
G0 F9000 X101.003 Y109.431
G1 F1500 X100.612 Y109.822 E1023.89109
G0 F9000 X100.909 Y110.091
G1 F1500 X101.3 Y109.699 E1023.90951
G0 F9000 X101.597 Y109.968
G1 F1500 X101.206 Y110.359 E1023.9279
G0 F9000 X101.503 Y110.628
G1 F1500 X101.894 Y110.237 E1023.94629
G0 F9000 X102.191 Y110.505
G1 F1500 X101.8 Y110.896 E1023.96468
G0 F9000 X102.097 Y111.165
G1 F1500 X102.489 Y110.773 E1023.98312
G0 F9000 X102.786 Y111.042
G1 F1500 X102.394 Y111.434 E1024.00156
G0 F9000 X102.691 Y111.703
G1 F1500 X103.083 Y111.311 E1024.02
G0 F9000 X103.38 Y111.58
G1 F1500 X102.988 Y111.971 E1024.03841
G0 F9000 X103.285 Y112.24
G1 F1500 X103.677 Y111.848 E1024.05685
G0 F9000 X103.975 Y112.116
G1 F1500 X103.583 Y112.508 E1024.07529
G0 F9000 X103.88 Y112.777
G1 F1500 X104.272 Y112.385 E1024.09373
G0 F9000 X104.569 Y112.654
G1 F1500 X104.177 Y113.045 E1024.11214
G0 F9000 X104.474 Y113.314
G1 F1500 X104.866 Y112.922 E1024.13058
G0 F9000 X105.163 Y113.19
G1 F1500 X104.771 Y113.583 E1024.14904
G0 F9000 X105.074 Y113.845
G1 F1500 X105.46 Y113.459 E1024.1672
G0 F9000 X105.757 Y113.728
G1 F1500 X105.406 Y114.079 E1024.18371
G0 F9000 X105.737 Y114.313
G1 F1500 X106.054 Y113.996 E1024.19862
G0 F9000 X106.351 Y114.265
G1 F1500 X106.068 Y114.548 E1024.21193
G0 F9000 X106.4 Y114.782
G1 F1500 X106.649 Y114.533 E1024.22364
G0 F9000 X106.946 Y114.802
G1 F1500 X106.732 Y115.016 E1024.23371
G0 F9000 X107.063 Y115.25
G1 F1500 X107.243 Y115.071 E1024.24215
G0 F9000 X107.544 Y114.739
G0 X118.308 Y118.464
G0 X122.201 Y121.235
G0 X122.632 Y121.726
G0 X122.807 Y122.077
G0 X122.894 Y122.463
G0 X122.889 Y122.855
G0 X122.648 Y123.514
G0 X122.201 Y124.029
G0 X121.359 Y124.509
G0 X120.549 Y124.675
G0 X118.659 Y124.894
G0 X118.664 Y124.863
;TYPE:SKIN
G1 F1500 X118.731 Y124.796 E1024.24373
G0 F9000 X118.7 Y124.753
G0 X120.702 Y124.678
G0 X121.663 Y124.377
G0 X121.967 Y124.181
G0 X123.144 Y123.211
G0 X123.306 Y123.048
G1 F1500 X123.346 Y122.725 E1024.25353
G1 X123.275 Y121.948 E1024.27702
G0 F9000 X123.15 Y122.074
G0 X123.469 Y123.169
G1 F1500 X123.233 Y123.405 E1024.28257
G1 F2400 E1023.48257
;MESH:NONMESH
G0 F300 X123.233 Y123.405 Z7
G0 F9000 X123.831 Y92.181
G0 X126.045 Y91.967
;TIME_ELAPSED:1236.110996
;LAYER:34
;TYPE:SUPPORT
G1 F2400 E1024.28257
G1 X130.245 Y91.967 E1024.42226
G1 X130.245 Y113.51 E1025.13879
G1 X130.242 Y113.564 E1025.14059
G1 X130.233 Y113.619 E1025.14244
G1 X130.044 Y114.293 E1025.16572
G1 X130.044 Y114.871 E1025.18495
G1 X129.845 Y115.444 E1025.20512
G1 X129.844 Y115.934 E1025.22142
G1 X129.645 Y116.353 E1025.23685
G1 X129.645 Y116.755 E1025.25022
G1 X129.445 Y117.123 E1025.26415
G1 X129.445 Y117.453 E1025.27512
G1 X129.394 Y117.536 E1025.27836
G1 X129.394 Y117.546 E1025.2787
G1 X129.245 Y117.782 E1025.28798
G1 X129.245 Y118.107 E1025.29879
G1 X129.218 Y118.142 E1025.30026
G1 X129.21 Y118.161 E1025.30094
G1 X129.06 Y118.629 E1025.31729
G1 X129.025 Y118.674 E1025.31919
G1 X129.016 Y118.692 E1025.31986
G1 X128.842 Y119.206 E1025.3379
G1 X128.82 Y119.236 E1025.33914
G1 X128.635 Y119.725 E1025.35653
G1 X128.61 Y119.756 E1025.35786
G1 X128.452 Y120.154 E1025.3721
G1 X128.394 Y120.211 E1025.3748
G1 X128.242 Y120.587 E1025.38829
G1 X128.194 Y120.637 E1025.3906
G1 X128.187 Y120.651 E1025.39112
G1 X128.178 Y120.662 E1025.39159
G1 X128.047 Y120.98 E1025.40303
G1 X128.011 Y121.012 E1025.40463
G1 X128.001 Y121.026 E1025.4052
G1 X127.866 Y121.321 E1025.41599
G1 X127.75 Y121.419 E1025.42105
G1 X127.75 Y121.471 E1025.42277
G1 X127.64 Y121.726 E1025.43201
G1 X127.573 Y121.788 E1025.43505
G1 X127.553 Y121.827 E1025.43651
G1 X127.446 Y122.06 E1025.44503
G1 X127.374 Y122.113 E1025.44801
G1 X127.368 Y122.118 E1025.44827
G1 X127.232 Y122.407 E1025.45889
G1 X127.161 Y122.462 E1025.46188
G1 X127.154 Y122.477 E1025.46243
G1 X127.118 Y122.512 E1025.4641
G1 X127.118 Y122.549 E1025.46533
G1 X127.04 Y122.705 E1025.47113
G1 X126.943 Y122.779 E1025.47519
G1 X126.832 Y123.006 E1025.48359
G1 X126.772 Y123.047 E1025.48601
G1 X126.767 Y123.057 E1025.48638
G1 X126.759 Y123.063 E1025.48671
G1 X126.643 Y123.283 E1025.49498
G1 X126.553 Y123.346 E1025.49864
G1 X126.443 Y123.555 E1025.50649
G1 X126.345 Y123.619 E1025.51039
G1 X126.247 Y123.803 E1025.51732
G1 X126.146 Y123.863 E1025.52123
G1 X126.053 Y124.039 E1025.52785
G1 X126.045 Y124.043 E1025.52815
G1 X126.045 Y122.703 E1025.57272
G1 X126.043 Y122.657 E1025.57425
G1 X126.045 Y122.02 E1025.59543
G1 X126.043 Y121.998 E1025.59617
G1 X126.045 Y121.449 E1025.61443
G1 X126.043 Y121.154 E1025.62424
G1 X126.045 Y120.695 E1025.63951
G1 X126.043 Y120.401 E1025.64929
G1 X126.045 Y118.098 E1025.72588
G1 X126.045 Y91.967 E1026.595
G0 F9000 X128 Y92.327
G1 F2400 X126.405 Y92.327 E1026.64805
G1 X126.405 Y118.098 E1027.5052
G1 X126.403 Y120.401 E1027.5818
G1 X126.405 Y120.695 E1027.59158
G1 X126.403 Y121.156 E1027.60691
G1 X126.405 Y121.449 E1027.61666
G1 X126.403 Y121.985 E1027.63448
G1 X126.405 Y122.003 E1027.63509
G1 X126.403 Y122.658 E1027.65687
G1 X126.405 Y122.695 E1027.6581
G1 X126.405 Y122.962 E1027.66698
G1 X126.48 Y122.819 E1027.67236
G0 F9000 X126.484 Y122.817
G1 F2400 X126.49 Y122.803 E1027.67286
G1 X126.549 Y122.763 E1027.67523
G1 X126.657 Y122.545 E1027.68332
G1 X126.755 Y122.47 E1027.68743
G1 X126.758 Y122.464 E1027.68765
G1 X126.758 Y122.36 E1027.69111
G1 X126.855 Y122.266 E1027.6956
G1 X126.871 Y122.231 E1027.69688
G1 X126.942 Y122.176 E1027.69987
G1 X127.077 Y121.891 E1027.71036
G1 X127.157 Y121.828 E1027.71375
G1 X127.229 Y121.671 E1027.71949
G1 X127.281 Y121.567 E1027.72336
G1 X127.34 Y121.513 E1027.72602
G1 X127.39 Y121.396 E1027.73025
G1 X127.39 Y121.252 E1027.73504
G1 X127.572 Y121.099 E1027.74295
G1 X127.688 Y120.845 E1027.75224
G1 X127.742 Y120.768 E1027.75536
G1 X127.747 Y120.764 E1027.75558
G1 X127.864 Y120.477 E1027.76588
G1 X127.884 Y120.452 E1027.76695
G1 X127.898 Y120.426 E1027.76793
G1 X127.936 Y120.386 E1027.76977
G1 X128 Y120.226 E1027.7755
G1 X128 Y92.327 E1028.70342
G1 X129.885 Y92.327 E1028.76612
G1 X129.885 Y113.487 E1029.4699
G1 X129.881 Y113.54 E1029.47167
G1 X129.684 Y114.243 E1029.49595
G1 X129.684 Y114.811 E1029.51484
G1 X129.485 Y115.383 E1029.53499
G1 X129.484 Y115.851 E1029.55055
G1 X129.285 Y116.272 E1029.56604
G1 X129.285 Y116.662 E1029.57901
G1 X129.085 Y117.031 E1029.59297
G1 X129.085 Y117.351 E1029.60362
G1 X129.034 Y117.433 E1029.60683
G1 X129.034 Y117.442 E1029.60713
G1 X128.885 Y117.677 E1029.61638
G1 X128.884 Y118.008 E1029.62739
G1 X128.872 Y118.036 E1029.6284
G1 X128.737 Y118.458 E1029.64314
G1 X128.719 Y118.482 E1029.64414
G1 X128.683 Y118.553 E1029.64679
G1 X128.519 Y119.039 E1029.66385
G1 X128.501 Y119.063 E1029.66484
G1 X128.318 Y119.544 E1029.68196
G1 X128.295 Y119.573 E1029.68319
G1 X128.145 Y119.951 E1029.69672
G1 X128.088 Y120.006 E1029.69935
G1 X128 Y120.226 E1029.70723
G0 F9000 X125.843 Y119.055
;TYPE:SUPPORT-INTERFACE
G1 F1500 X125.242 Y118.453 E1029.73553
G0 F9000 X125.843 Y118.533
G1 F1500 X125.242 Y119.133 E1029.76377
G0 F9000 X125.243 Y121.849
G1 F1500 X125.843 Y122.449 E1029.79199
G0 F9000 X125.842 Y121.927
G1 F1500 X125.242 Y122.527 E1029.82022
G0 F9000 X125.242 Y115.739
G1 F1500 X125.843 Y115.138 E1029.84849
G0 F9000 X125.843 Y115.661
G1 F1500 X125.242 Y115.059 E1029.87678
G0 F9000 X125.242 Y112.345
G1 F1500 X125.843 Y111.744 E1029.90505
G0 F9000 X125.843 Y112.267
G1 F1500 X125.242 Y111.665 E1029.93334
G0 F9000 X125.243 Y108.95
G1 F1500 X125.843 Y108.349 E1029.96159
G0 F9000 X125.843 Y108.873
G1 F1500 X125.242 Y108.272 E1029.98986
G0 F9000 X125.243 Y105.556
G1 F1500 X125.843 Y104.955 E1030.0181
G0 F9000 X125.843 Y105.479
G1 F1500 X125.242 Y104.878 E1030.04637
G0 F9000 X125.243 Y102.162
G1 F1500 X125.843 Y101.561 E1030.07462
G0 F9000 X125.843 Y102.085
G1 F1500 X125.243 Y101.484 E1030.10286
G0 F9000 X125.244 Y98.767
G1 F1500 X125.843 Y98.167 E1030.13106
G0 F9000 X125.843 Y98.69
G1 F1500 X125.243 Y98.09 E1030.15928
G0 F9000 X125.244 Y95.373
G1 F1500 X125.843 Y94.773 E1030.18748
G0 F9000 X125.843 Y95.296
G1 F1500 X125.243 Y94.696 E1030.2157
G0 F9000 X125.244 Y91.979
G1 F1500 X125.456 Y91.766 E1030.2257
G0 F9000 X125.708 Y91.766
G1 F1500 X125.843 Y91.902 E1030.23207
G1 F2400 E1029.43207
;MESH:1x_1xm_pusher.stl
G0 F9000 X124.031 Y92.181
G0 X122.648 Y123.056
G0 X122.329 Y123.687
G0 X121.835 Y124.157
G0 X120.947 Y124.578
G0 X120.124 Y124.694
G0 X118.68 Y124.667
;TYPE:WALL-INNER
G1 F2400 E1030.23207
G1 X118.867 Y124.732 E1030.23866
G1 X118.998 Y124.763 E1030.24313
G1 X119.214 Y124.816 E1030.25053
G1 X119.569 Y124.866 E1030.26246
G1 X119.93 Y124.882 E1030.27447
G1 X120.29 Y124.866 E1030.28646
G1 X120.647 Y124.816 E1030.29845
G1 X120.992 Y124.732 E1030.31026
G1 X121.323 Y124.617 E1030.32191
G1 X121.637 Y124.469 E1030.33346
G1 X121.928 Y124.289 E1030.34484
G1 X122.193 Y124.074 E1030.35619
G1 X122.457 Y123.786 E1030.36918
G1 X122.659 Y123.469 E1030.38169
G1 X122.805 Y123.097 E1030.39498
G1 X122.865 Y122.67 E1030.40932
G1 X122.823 Y122.239 E1030.42372
G1 X122.678 Y121.835 E1030.438
G1 X122.486 Y121.513 E1030.45047
G1 X122.223 Y121.22 E1030.46356
G1 X121.967 Y121.006 E1030.47466
G1 X121.685 Y120.823 E1030.48584
G1 X121.378 Y120.671 E1030.49724
G1 X121.057 Y120.553 E1030.50861
G1 X120.763 Y120.472 E1030.51875
G1 X120.409 Y120.411 E1030.5307
G1 X120.05 Y120.384 E1030.54268
G1 X119.69 Y120.388 E1030.55465
G1 X119.331 Y120.427 E1030.56666
G1 X119.04 Y120.487 E1030.57654
G1 X118.982 Y120.499 E1030.57851
G1 X118.681 Y120.593 E1030.589
G1 X118.681 Y120.5
G1 X118.681 Y120.44 E1030.59081
G1 X118.68 Y118.292 E1030.66225
G1 X110.614 Y118.292 E1030.93053
G1 X106.095 Y115.097 E1031.1146
G1 X98.459 Y108.195 E1031.45695
G1 X97.052 Y106.596 E1031.52779
G1 X97.051 Y97.148 E1031.84203
G1 X99.3 Y96.091 E1031.92468
G1 X118.679 Y93.392 E1032.57545
G1 X118.679 Y92.367 E1032.60954
G1 X123.646 Y92.367 E1032.77475
G1 X123.845 Y92.367 E1032.78137
G1 X123.845 Y92.566 E1032.78565
G1 X123.843 Y120.961 E1033.73007
G1 X123.845 Y121.265 E1033.74018
G1 X123.843 Y121.61 E1033.75166
G1 X123.845 Y122.012 E1033.76503
G1 X123.843 Y122.642 E1033.78598
G1 X123.845 Y123.308 E1033.80813
G1 X123.845 Y125.608 E1033.88463
G1 X123.124 Y125.892 E1033.9104
G1 X122.157 Y126.235 E1033.94453
G1 X121.18 Y126.544 E1033.97861
G1 X120.174 Y126.828 E1034.01338
G1 X119.165 Y127.076 E1034.04794
G1 X118.922 Y127.128 E1034.0562
G1 X118.681 Y127.179 E1034.0644
G1 X118.681 Y126.933 E1034.0694
G1 X118.681 Y124.868 E1034.13808
G1 X118.681 Y124.733 E1034.14033
G1 X118.68 Y124.667
G0 F9000 X118.28 Y124.034
;TYPE:WALL-OUTER
G1 F2400 X118.414 Y124.117 E1034.14558
G1 X118.604 Y124.207 E1034.15257
G1 X118.687 Y124.246 E1034.15562
G1 X118.98 Y124.348 E1034.16594
G1 X119.289 Y124.423 E1034.17651
G1 X119.606 Y124.467 E1034.18716
G1 X119.93 Y124.482 E1034.19794
G1 X120.253 Y124.467 E1034.2087
G1 X120.572 Y124.423 E1034.21941
G1 X120.879 Y124.348 E1034.22992
G1 X121.172 Y124.246 E1034.24024
G1 X121.446 Y124.117 E1034.25031
G1 X121.696 Y123.962 E1034.2601
G1 X121.918 Y123.782 E1034.2696
G1 X122.139 Y123.541 E1034.28048
G1 X122.301 Y123.287 E1034.2905
G1 X122.415 Y122.995 E1034.30092
G1 X122.462 Y122.661 E1034.31214
G1 X122.43 Y122.327 E1034.3233
G1 X122.315 Y122.007 E1034.33461
G1 X122.162 Y121.751 E1034.34453
G1 X121.944 Y121.508 E1034.35539
G1 X121.729 Y121.328 E1034.36472
G1 X121.487 Y121.171 E1034.37431
G1 X121.22 Y121.039 E1034.38422
G1 X120.935 Y120.934 E1034.39432
G1 X120.676 Y120.863 E1034.40325
G1 X120.36 Y120.808 E1034.41392
G1 X120.038 Y120.784 E1034.42466
G1 X119.714 Y120.788 E1034.43543
G1 X119.393 Y120.823 E1034.44617
G1 X119.082 Y120.887 E1034.45674
G1 X118.783 Y120.98 E1034.46715
G1 X118.626 Y121.048 E1034.47284
G1 X118.503 Y121.101 E1034.4773
G1 X118.281 Y121.227 E1034.48579
G1 X118.281 Y121.102 E1034.48592
G1 X118.281 Y120.967 E1034.48958
G1 X118.28 Y118.692 E1034.56525
G1 X110.486 Y118.692 E1034.82448
G1 X105.847 Y115.412 E1035.01344
G1 X98.176 Y108.479 E1035.35734
G1 X96.652 Y106.746 E1035.4341
G1 X96.651 Y96.894 E1035.76178
G1 X99.184 Y95.703 E1035.85487
G1 X118.279 Y93.044 E1036.49611
G1 X118.279 Y91.967 E1036.53193
G1 X124.045 Y91.967 E1036.7237
G1 X124.245 Y91.967 E1036.73036
G1 X124.245 Y92.167 E1036.73466
G1 X124.243 Y120.96 E1037.69232
G1 X124.245 Y121.267 E1037.70253
G1 X124.243 Y121.61 E1037.71394
G1 X124.245 Y122.013 E1037.72735
G1 X124.243 Y122.642 E1037.74827
G1 X124.245 Y123.308 E1037.77042
G1 X124.245 Y125.878 E1037.8559
G1 X124.184 Y125.904 E1037.8581
G1 X123.258 Y126.269 E1037.89121
G1 X122.291 Y126.612 E1037.92533
G1 X121.289 Y126.929 E1037.96029
G1 X120.283 Y127.213 E1037.99506
G1 X119.254 Y127.466 E1038.0303
G1 X118.521 Y127.622 E1038.05523
G1 X118.281 Y127.672 E1038.06338
G1 X118.281 Y127.427 E1038.06837
G1 X118.281 Y127.426 E1038.0684
G1 X118.281 Y124.328 E1038.17144
G1 X118.281 Y124.118 E1038.17646
G1 X118.28 Y124.034
G0 F9000 X118.533 Y124.453
G0 X118.839 Y125.177
;TYPE:FILL
G1 F4800 X119.459 Y125.011 E1038.1978
G0 F9000 X122.195 Y124.278
G1 F4800 X123.683 Y123.879 E1038.24904
G0 F9000 X123.683 Y116.684
G1 F4800 X102.768 Y95.769 E1039.23282
G0 F9000 X108.918 Y94.912
G1 F4800 X104.423 Y111.686 E1039.81041
G0 F9000 X104.517 Y111.583
G0 X108.725 Y115.385
G0 X108.63 Y115.489
G1 F4800 X123.682 Y111.456 E1040.3287
G0 F9000 X115.119 Y118.131
G1 F4800 X121.98 Y92.525 E1041.2104
G0 F9000 X117.664 Y93.695
G1 F4800 X123.684 Y99.714 E1041.49354
G0 F9000 X123.683 Y99.032
G1 F4800 X98.815 Y105.696 E1042.34984
G0 F9000 X98.666 Y106.592
;TYPE:SKIN
G1 F1500 X99.058 Y107.039 E1042.36961
G1 X109.051 Y116.07 E1042.8176
G1 X108.724 Y116.479 E1042.83501
G1 X106.338 Y114.792 E1042.93221
G1 X98.743 Y107.926 E1043.27274
G1 X97.442 Y106.448 E1043.33823
G1 X97.441 Y97.396 E1043.6393
G1 X98.665 Y96.82 E1043.68429
G1 X98.666 Y106.592 E1044.00931
G0 F9000 X98.505 Y106.425
G1 F1500 X97.601 Y105.52 E1044.05185
G0 F9000 X97.601 Y104.955
G1 F1500 X98.505 Y105.859 E1044.09438
G0 F9000 X98.505 Y105.293
G1 F1500 X97.601 Y104.389 E1044.1369
G0 F9000 X97.601 Y103.823
G1 F1500 X98.505 Y104.728 E1044.17944
G0 F9000 X98.505 Y104.162
G1 F1500 X97.6 Y103.257 E1044.22201
G0 F9000 X97.6 Y102.691
G1 F1500 X98.505 Y103.596 E1044.26458
G0 F9000 X98.505 Y103.031
G1 F1500 X97.6 Y102.126 E1044.30715
G0 F9000 X97.6 Y101.56
G1 F1500 X98.505 Y102.465 E1044.34972
G0 F9000 X98.505 Y101.899
G1 F1500 X97.6 Y100.994 E1044.39228
G0 F9000 X97.599 Y100.428
G1 F1500 X98.504 Y101.333 E1044.43485
G0 F9000 X98.504 Y100.767
G1 F1500 X97.599 Y99.862 E1044.47742
G0 F9000 X97.599 Y99.296
G1 F1500 X98.504 Y100.201 E1044.51999
G0 F9000 X98.504 Y99.636
G1 F1500 X97.599 Y98.731 E1044.56256
G0 F9000 X97.599 Y98.165
G1 F1500 X98.504 Y99.07 E1044.60513
G0 F9000 X98.504 Y98.504
G1 F1500 X97.599 Y97.599 E1044.6477
G0 F9000 X97.915 Y97.349
G1 F1500 X98.504 Y97.939 E1044.67542
G0 F9000 X98.504 Y97.373
G1 F1500 X98.299 Y97.168 E1044.68507
G0 F9000 X98.113 Y96.771
G0 X97.228 Y97.26
G0 X97.161 Y106.086
G0 X97.601 Y106.086
G1 F1500 X103.759 Y112.244 E1044.97472
G0 F9000 X103.464 Y112.569
G0 X106.207 Y114.968
G0 X108.771 Y116.768
G0 X109.35 Y116.046
G0 X102.226 Y109.513
G0 X101.925 Y109.845
G1 F1500 X107.49 Y115.41 E1045.23648
G0 F9000 X107.804 Y115.158
G1 F1500 X108.789 Y116.142 E1045.28279
G0 F9000 X109.139 Y116.423
G0 X118.508 Y118.464
G0 X122.11 Y121.336
G0 X122.533 Y121.904
G0 X122.666 Y122.275
G0 X122.702 Y122.665
G0 X122.648 Y123.056
G0 X122.329 Y123.687
G0 X118.924 Y126.844
;TYPE:SKIN
G1 F1500 X119.01 Y126.929 E1045.2848
G0 F9000 X118.747 Y126.96
G1 F2400 E1044.4848
;MESH:NONMESH
G0 F300 X118.747 Y126.96 Z7.2
G0 F9000 X122.329 Y123.687
G0 X122.648 Y123.056
G0 X124.031 Y92.181
G0 X126.245 Y91.967
;TIME_ELAPSED:1263.476811
;LAYER:35
;TYPE:SUPPORT
G1 F2400 E1045.2848
G1 X130.245 Y91.967 E1045.41784
G1 X130.245 Y113.51 E1046.13436
G1 X130.242 Y113.564 E1046.13616
G1 X130.233 Y113.619 E1046.13801
G1 X130.044 Y114.293 E1046.1613
G1 X130.044 Y114.871 E1046.18052
G1 X129.845 Y115.444 E1046.2007
G1 X129.844 Y115.934 E1046.21699
G1 X129.645 Y116.353 E1046.23242
G1 X129.645 Y116.755 E1046.24579
G1 X129.445 Y117.123 E1046.25972
G1 X129.445 Y117.453 E1046.2707
G1 X129.394 Y117.536 E1046.27394
G1 X129.394 Y117.546 E1046.27427
G1 X129.245 Y117.782 E1046.28355
G1 X129.245 Y118.107 E1046.29436
G1 X129.218 Y118.143 E1046.29586
G1 X129.21 Y118.161 E1046.29652
G1 X129.06 Y118.629 E1046.31286
G1 X129.025 Y118.674 E1046.31476
G1 X129.016 Y118.692 E1046.31543
G1 X128.842 Y119.206 E1046.33348
G1 X128.82 Y119.236 E1046.33471
G1 X128.636 Y119.724 E1046.35206
G1 X128.617 Y119.747 E1046.35305
G1 X128.601 Y119.778 E1046.35421
G1 X128.452 Y120.154 E1046.36766
G1 X128.394 Y120.211 E1046.37037
G1 X128.242 Y120.587 E1046.38386
G1 X128.194 Y120.637 E1046.38616
G1 X128.187 Y120.651 E1046.38668
G1 X128.178 Y120.662 E1046.38716
G1 X128.047 Y120.98 E1046.39859
G1 X128.011 Y121.012 E1046.4002
G1 X128.001 Y121.026 E1046.40077
G1 X127.866 Y121.321 E1046.41156
G1 X127.75 Y121.419 E1046.41661
G1 X127.75 Y121.471 E1046.41834
G1 X127.64 Y121.726 E1046.42758
G1 X127.573 Y121.788 E1046.43061
G1 X127.553 Y121.827 E1046.43207
G1 X127.446 Y122.06 E1046.4406
G1 X127.374 Y122.113 E1046.44357
G1 X127.368 Y122.118 E1046.44383
G1 X127.232 Y122.407 E1046.45445
G1 X127.161 Y122.462 E1046.45744
G1 X127.154 Y122.477 E1046.45799
G1 X127.118 Y122.512 E1046.45966
G1 X127.118 Y122.547 E1046.46083
G1 X127.04 Y122.702 E1046.4666
G1 X126.995 Y122.735 E1046.46845
G1 X126.966 Y122.75 E1046.46954
G1 X126.96 Y122.761 E1046.46996
G1 X126.943 Y122.779 E1046.47078
G1 X126.832 Y123.006 E1046.47918
G1 X126.772 Y123.047 E1046.4816
G1 X126.767 Y123.057 E1046.48197
G1 X126.759 Y123.063 E1046.48231
G1 X126.643 Y123.283 E1046.49058
G1 X126.553 Y123.346 E1046.49423
G1 X126.443 Y123.555 E1046.50209
G1 X126.345 Y123.619 E1046.50598
G1 X126.247 Y123.803 E1046.51291
G1 X126.243 Y122.643 E1046.5515
G1 X126.245 Y121.978 E1046.57361
G1 X126.243 Y121.94 E1046.57488
G1 X126.245 Y121.372 E1046.59377
G1 X126.243 Y121.062 E1046.60408
G1 X126.245 Y120.569 E1046.62048
G1 X126.243 Y120.29 E1046.62976
G1 X126.245 Y91.967 E1047.57179
G0 F9000 X128 Y92.327
G1 F2400 X126.605 Y92.327 E1047.61818
G1 X126.603 Y120.29 E1048.54824
G1 X126.605 Y120.569 E1048.55752
G1 X126.603 Y121.064 E1048.57398
G1 X126.605 Y121.372 E1048.58423
G1 X126.603 Y121.93 E1048.60278
G1 X126.605 Y121.97 E1048.60412
G1 X126.603 Y122.644 E1048.62653
G1 X126.603 Y122.654 E1048.62687
G1 X126.644 Y122.571 E1048.62995
G1 X126.666 Y122.548 E1048.631
G1 X126.703 Y122.48 E1048.63358
G1 X126.758 Y122.452 E1048.63563
G1 X126.758 Y122.36 E1048.63869
G1 X126.855 Y122.266 E1048.64318
G1 X126.871 Y122.231 E1048.64446
G1 X126.942 Y122.176 E1048.64745
G1 X127.077 Y121.891 E1048.65794
G1 X127.157 Y121.828 E1048.66133
G1 X127.229 Y121.671 E1048.66707
G1 X127.281 Y121.567 E1048.67094
G1 X127.34 Y121.513 E1048.6736
G1 X127.39 Y121.396 E1048.67783
G1 X127.39 Y121.252 E1048.68262
G1 X127.572 Y121.099 E1048.69053
G1 X127.688 Y120.845 E1048.69982
G1 X127.742 Y120.768 E1048.70294
G1 X127.747 Y120.764 E1048.70316
G1 X127.864 Y120.477 E1048.71347
G1 X127.884 Y120.452 E1048.71453
G1 X127.898 Y120.426 E1048.71551
G1 X127.936 Y120.386 E1048.71735
G1 X128 Y120.226 E1048.72308
G1 X128 Y92.327 E1049.651
G1 X129.885 Y92.327 E1049.7137
G1 X129.885 Y113.487 E1050.41748
G1 X129.881 Y113.54 E1050.41925
G1 X129.684 Y114.243 E1050.44353
G1 X129.684 Y114.811 E1050.46243
G1 X129.485 Y115.383 E1050.48257
G1 X129.484 Y115.851 E1050.49813
G1 X129.285 Y116.272 E1050.51362
G1 X129.285 Y116.662 E1050.52659
G1 X129.085 Y117.031 E1050.54055
G1 X129.085 Y117.351 E1050.5512
G1 X129.034 Y117.433 E1050.55441
G1 X129.034 Y117.442 E1050.55471
G1 X128.885 Y117.677 E1050.56396
G1 X128.884 Y118.008 E1050.57497
G1 X128.873 Y118.034 E1050.57591
G1 X128.737 Y118.458 E1050.59072
G1 X128.719 Y118.482 E1050.59172
G1 X128.683 Y118.553 E1050.59437
G1 X128.519 Y119.039 E1050.61143
G1 X128.501 Y119.063 E1050.61242
G1 X128.321 Y119.54 E1050.62938
G1 X128.315 Y119.546 E1050.62966
G1 X128.273 Y119.629 E1050.63276
G1 X128.145 Y119.951 E1050.64428
G1 X128.088 Y120.006 E1050.64692
G1 X128 Y120.226 E1050.6548
G0 F9000 X126.042 Y119.254
;TYPE:SUPPORT-INTERFACE
G1 F1500 X125.442 Y118.654 E1050.68302
G0 F9000 X125.443 Y118.932
G1 F1500 X126.041 Y118.334 E1050.71115
G0 F9000 X126.042 Y115.86
G1 F1500 X125.442 Y115.26 E1050.73937
G0 F9000 X125.443 Y115.538
G1 F1500 X126.041 Y114.94 E1050.7675
G0 F9000 X126.043 Y112.466
G1 F1500 X125.442 Y111.866 E1050.79574
G0 F9000 X125.443 Y112.144
G1 F1500 X126.042 Y111.545 E1050.82392
G0 F9000 X126.043 Y109.072
G1 F1500 X125.442 Y108.472 E1050.85217
G0 F9000 X125.443 Y108.75
G1 F1500 X126.042 Y108.151 E1050.88034
G0 F9000 X126.043 Y105.679
G1 F1500 X125.443 Y105.078 E1050.90859
G0 F9000 X125.444 Y105.355
G1 F1500 X126.043 Y104.756 E1050.93676
G0 F9000 X126.043 Y102.285
G1 F1500 X125.443 Y101.684 E1050.96501
G0 F9000 X125.444 Y101.961
G1 F1500 X126.043 Y101.362 E1050.99318
G0 F9000 X126.044 Y98.891
G1 F1500 X125.443 Y98.29 E1051.02145
G0 F9000 X125.444 Y98.567
G1 F1500 X126.043 Y97.967 E1051.04965
G0 F9000 X126.044 Y95.497
G1 F1500 X125.443 Y94.896 E1051.07792
G0 F9000 X125.444 Y95.173
G1 F1500 X126.043 Y94.573 E1051.10612
G0 F9000 X126.044 Y92.103
G1 F1500 X125.708 Y91.767 E1051.12192
G1 F2400 E1050.32192
G0 F9000 X125.708 Y91.102
G0 X130.602 Y91.106
G0 X131.106 Y91.61
G0 X131.083 Y113.79
G0 X130.664 Y116.222
G0 X130.108 Y118.301
G0 X129.189 Y120.642
G0 X128.596 Y121.759
G0 X128.059 Y122.679
G0 X126.042 Y121.727
G1 F2400 E1051.12192
G1 F1500 X125.443 Y122.326 E1051.1501
G0 F9000 X125.443 Y122.049
G1 F1500 X126.042 Y122.648 E1051.17827
G1 F2400 E1050.37827
;MESH:1x_1xm_pusher.stl
G0 F9000 X124.224 Y122.641
G0 X121.164 Y120.838
G0 X120.375 Y120.622
G0 X118.881 Y120.479
;TYPE:WALL-INNER
G1 F2400 E1051.17827
G1 X118.881 Y120.428 E1051.17997
G1 X118.881 Y120.346 E1051.1827
G1 X118.88 Y118.292 E1051.25101
G1 X110.814 Y118.292 E1051.51929
G1 X107.518 Y115.962 E1051.65354
G1 X98.61 Y107.913 E1052.05285
G1 X97.453 Y106.595 E1052.11119
G1 X97.452 Y97.148 E1052.42539
G1 X99.271 Y96.293 E1052.49224
G1 X118.879 Y93.562 E1053.1507
G1 X118.879 Y92.367 E1053.19045
G1 X123.846 Y92.367 E1053.35565
G1 X124.045 Y92.367 E1053.36227
G1 X124.045 Y92.566 E1053.36655
G1 X124.043 Y120.849 E1054.30725
G1 X124.045 Y121.141 E1054.31696
G1 X124.043 Y121.518 E1054.3295
G1 X124.045 Y121.953 E1054.34397
G1 X124.043 Y122.644 E1054.36695
G1 X124.045 Y123.352 E1054.3905
G1 X124.045 Y125.443 E1054.46005
G1 X123.857 Y125.525 E1054.46687
G1 X122.924 Y125.892 E1054.50022
G1 X121.957 Y126.235 E1054.53434
G1 X120.98 Y126.544 E1054.56842
G1 X119.974 Y126.828 E1054.60319
G1 X119.159 Y127.029 E1054.63111
G1 X118.965 Y127.076 E1054.63775
G1 X118.881 Y127.094 E1054.64061
G1 X118.881 Y127.076
G1 X118.881 Y126.876 E1054.6452
G1 X118.881 Y124.969 E1054.70862
G1 X118.881 Y124.816 E1054.71371
G1 X118.881 Y124.784 E1054.71478
G1 X119.014 Y124.816 E1054.71728
G1 X119.165 Y124.837 E1054.72107
G1 X119.369 Y124.866 E1054.72792
G1 X119.73 Y124.882 E1054.73994
G1 X120.09 Y124.866 E1054.75193
G1 X120.447 Y124.816 E1054.76392
G1 X120.792 Y124.732 E1054.77573
G1 X121.123 Y124.617 E1054.78738
G1 X121.437 Y124.469 E1054.79893
G1 X121.728 Y124.289 E1054.81031
G1 X121.993 Y124.074 E1054.82166
G1 X122.254 Y123.79 E1054.83449
G1 X122.459 Y123.47 E1054.84713
G1 X122.603 Y123.103 E1054.86024
G1 X122.665 Y122.677 E1054.87456
G1 X122.625 Y122.251 E1054.88879
G1 X122.505 Y121.89 E1054.90144
G1 X122.314 Y121.556 E1054.91424
G1 X122.073 Y121.266 E1054.92678
G1 X121.819 Y121.042 E1054.93804
G1 X121.538 Y120.852 E1054.94933
G1 X121.23 Y120.692 E1054.96087
G1 X120.904 Y120.567 E1054.97248
G1 X120.564 Y120.472 E1054.98422
G1 X120.209 Y120.411 E1054.9962
G1 X119.85 Y120.384 E1055.00818
G1 X119.49 Y120.388 E1055.02015
G1 X119.212 Y120.419 E1055.02946
G1 X119.131 Y120.427 E1055.03179
G1 X118.881 Y120.479 E1055.03719
G0 F9000 X118.481 Y121.024
;TYPE:WALL-OUTER
G1 F2400 X118.481 Y120.981 E1055.03862
G1 X118.481 Y120.779 E1055.04534
G1 X118.48 Y118.692 E1055.11475
G1 X110.686 Y118.692 E1055.37398
G1 X107.27 Y116.277 E1055.51313
G1 X98.323 Y108.192 E1055.91421
G1 X97.053 Y106.746 E1055.97822
G1 X97.052 Y96.894 E1056.30589
G1 X99.155 Y95.905 E1056.38319
G1 X118.479 Y93.214 E1057.03211
G1 X118.479 Y91.967 E1057.07359
G1 X124.245 Y91.967 E1057.26536
G1 X124.445 Y91.967 E1057.27202
G1 X124.445 Y92.167 E1057.27632
G1 X124.443 Y120.848 E1058.23026
G1 X124.445 Y121.143 E1058.24007
G1 X124.443 Y121.518 E1058.25254
G1 X124.445 Y121.954 E1058.26704
G1 X124.443 Y122.644 E1058.28999
G1 X124.445 Y123.352 E1058.31354
G1 X124.445 Y125.705 E1058.3918
G1 X124.017 Y125.892 E1058.40734
G1 X123.058 Y126.269 E1058.44161
G1 X122.091 Y126.612 E1058.47573
G1 X121.089 Y126.929 E1058.51069
G1 X120.083 Y127.213 E1058.54546
G1 X119.054 Y127.466 E1058.5807
G1 X118.721 Y127.537 E1058.59203
G1 X118.481 Y127.587 E1058.60018
G1 X118.481 Y127.342 E1058.60517
G1 X118.481 Y127.341 E1058.6052
G1 X118.481 Y124.412 E1058.70262
G1 X118.481 Y124.348 E1058.70475
G1 X118.481 Y124.244 E1058.70821
G1 X118.78 Y124.348 E1058.71494
G1 X118.842 Y124.363 E1058.71685
G1 X119.089 Y124.423 E1058.7253
G1 X119.406 Y124.467 E1058.73595
G1 X119.73 Y124.482 E1058.74674
G1 X120.053 Y124.467 E1058.75749
G1 X120.372 Y124.423 E1058.7682
G1 X120.679 Y124.348 E1058.77871
G1 X120.972 Y124.246 E1058.78903
G1 X121.246 Y124.117 E1058.7991
G1 X121.496 Y123.962 E1058.80889
G1 X121.718 Y123.782 E1058.81839
G1 X121.936 Y123.545 E1058.8291
G1 X122.101 Y123.287 E1058.83929
G1 X122.214 Y123 E1058.84955
G1 X122.262 Y122.667 E1058.86074
G1 X122.231 Y122.334 E1058.87186
G1 X122.138 Y122.054 E1058.88167
G1 X121.984 Y121.785 E1058.89198
G1 X121.785 Y121.546 E1058.90233
G1 X121.573 Y121.359 E1058.91173
G1 X121.333 Y121.196 E1058.92138
G1 X121.066 Y121.057 E1058.93139
G1 X120.779 Y120.947 E1058.94161
G1 X120.476 Y120.863 E1058.95207
G1 X120.16 Y120.808 E1058.96274
G1 X119.838 Y120.784 E1058.97348
G1 X119.514 Y120.788 E1058.98426
G1 X119.193 Y120.823 E1058.995
G1 X118.882 Y120.887 E1059.00556
G1 X118.775 Y120.92 E1059.00928
G1 X118.583 Y120.98 E1059.01396
G1 X118.481 Y121.024 E1059.01571
G0 F9000 X118.74 Y120.66
G0 X119.845 Y120.545
G0 X120.854 Y120.719
G0 X121.72 Y121.17
G0 X122.181 Y121.648
G0 X122.467 Y122.285
G0 X122.502 Y122.672
G0 X122.447 Y123.062
G0 X122.126 Y123.692
G0 X121.635 Y124.157
G0 X119.929 Y125.032
;TYPE:FILL
G1 F4800 X119.04 Y125.27 E1059.04632
G0 F9000 X121.52 Y124.606
G1 F4800 X123.883 Y123.972 E1059.12769
G0 F9000 X123.882 Y116.683
G1 F4800 X103.118 Y95.919 E1060.10437
G0 F9000 X108.71 Y95.138
G1 F4800 X104.396 Y111.239 E1060.65878
G0 F9000 X104.49 Y111.136
G0 X109.211 Y115.402
G0 X109.116 Y115.506
G1 F4800 X123.882 Y111.549 E1061.16723
G0 F9000 X114.972 Y118.131
G1 F4800 X121.833 Y92.525 E1062.04893
G0 F9000 X118.014 Y93.843
G1 F4800 X123.884 Y99.714 E1062.32506
G0 F9000 X123.883 Y99.126
G1 F4800 X99.216 Y105.735 E1063.17442
G0 F9000 X99.067 Y106.591
;TYPE:SKIN
G1 F1500 X99.206 Y106.751 E1063.18147
G1 X110.474 Y116.934 E1063.68661
G1 X110.147 Y117.343 E1063.70403
G1 X107.761 Y115.657 E1063.8012
G1 X98.889 Y107.642 E1064.19887
G1 X97.843 Y106.449 E1064.25164
G1 X97.842 Y97.396 E1064.55275
G1 X99.066 Y96.82 E1064.59774
G1 X99.067 Y106.591 E1064.92272
G0 F9000 X99.35 Y106.485
G0 X99.277 Y96.499
G0 X97.629 Y97.26
G0 X97.562 Y97.724
G0 X98.002 Y97.724
G1 F1500 X98.432 Y97.295 E1064.94293
G0 F9000 X98.905 Y97.387
G1 F1500 X98.002 Y98.29 E1064.9854
G0 F9000 X98.002 Y98.856
G1 F1500 X98.905 Y97.953 E1065.02787
G0 F9000 X98.905 Y98.519
G1 F1500 X98.002 Y99.422 E1065.07035
G0 F9000 X98.002 Y99.987
G1 F1500 X98.905 Y99.084 E1065.11282
G0 F9000 X98.905 Y99.65
G1 F1500 X98.002 Y100.553 E1065.1553
G0 F9000 X98.002 Y101.119
G1 F1500 X98.905 Y100.216 E1065.19777
G0 F9000 X98.905 Y100.781
G1 F1500 X98.002 Y101.684 E1065.24025
G0 F9000 X98.002 Y102.249
G1 F1500 X98.905 Y101.346 E1065.28272
G0 F9000 X98.905 Y101.912
G1 F1500 X98.002 Y102.815 E1065.32519
G0 F9000 X98.002 Y103.381
G1 F1500 X98.905 Y102.478 E1065.36767
G0 F9000 X98.905 Y103.043
G1 F1500 X98.002 Y103.946 E1065.41014
G0 F9000 X98.002 Y104.512
G1 F1500 X98.906 Y103.608 E1065.45266
G0 F9000 X98.906 Y104.174
G1 F1500 X98.002 Y105.078 E1065.49519
G0 F9000 X98.002 Y105.643
G1 F1500 X98.906 Y104.74 E1065.53768
G0 F9000 X98.906 Y105.305
G1 F1500 X98.002 Y106.209 E1065.58021
G0 F9000 X98.183 Y106.594
G1 F1500 X98.906 Y105.871 E1065.61421
G0 F9000 X98.906 Y106.437
G1 F1500 X98.448 Y106.895 E1065.63576
G0 F9000 X98.712 Y107.197
G1 F1500 X99.07 Y106.838 E1065.65262
G0 F9000 X99.366 Y107.108
G1 F1500 X98.975 Y107.499 E1065.67101
G0 F9000 X99.269 Y107.771
G1 F1500 X99.663 Y107.377 E1065.68954
G0 F9000 X99.96 Y107.645
G1 F1500 X99.566 Y108.04 E1065.7081
G0 F9000 X99.863 Y108.308
G1 F1500 X100.257 Y107.914 E1065.72663
G0 F9000 X100.554 Y108.183
G1 F1500 X100.16 Y108.576 E1065.74514
G0 F9000 X100.457 Y108.845
G1 F1500 X100.851 Y108.451 E1065.76367
G0 F9000 X101.149 Y108.719
G1 F1500 X100.754 Y109.114 E1065.78225
G0 F9000 X101.052 Y109.382
G1 F1500 X101.446 Y108.988 E1065.80078
G0 F9000 X101.743 Y109.257
G1 F1500 X101.349 Y109.651 E1065.81932
G0 F9000 X101.646 Y109.919
G1 F1500 X102.04 Y109.525 E1065.83785
G0 F9000 X102.338 Y109.793
G1 F1500 X101.944 Y110.187 E1065.85638
G0 F9000 X102.241 Y110.456
G1 F1500 X102.635 Y110.062 E1065.87492
G0 F9000 X102.932 Y110.331
G1 F1500 X102.538 Y110.725 E1065.89345
G0 F9000 X102.835 Y110.993
G1 F1500 X103.229 Y110.599 E1065.91198
G0 F9000 X103.526 Y110.868
G1 F1500 X103.132 Y111.261 E1065.93049
G0 F9000 X103.429 Y111.53
G1 F1500 X103.823 Y111.136 E1065.94902
G0 F9000 X104.12 Y111.405
G1 F1500 X103.727 Y111.798 E1065.96751
G0 F9000 X104.024 Y112.067
G1 F1500 X104.417 Y111.674 E1065.98599
G0 F9000 X104.714 Y111.942
G1 F1500 X104.321 Y112.335 E1066.00448
G0 F9000 X104.619 Y112.603
G1 F1500 X105.012 Y112.21 E1066.02296
G0 F9000 X105.309 Y112.479
G1 F1500 X104.916 Y112.872 E1066.04145
G0 F9000 X105.213 Y113.141
G1 F1500 X105.606 Y112.748 E1066.05993
G0 F9000 X105.903 Y113.016
G1 F1500 X105.51 Y113.409 E1066.07842
G0 F9000 X105.807 Y113.678
G1 F1500 X106.2 Y113.285 E1066.09691
G0 F9000 X106.498 Y113.553
G1 F1500 X106.104 Y113.946 E1066.11541
G0 F9000 X106.402 Y114.214
G1 F1500 X106.795 Y113.822 E1066.13388
G0 F9000 X107.092 Y114.09
G1 F1500 X106.699 Y114.483 E1066.15236
G0 F9000 X106.996 Y114.752
G1 F1500 X107.389 Y114.359 E1066.17085
G0 F9000 X107.686 Y114.627
G1 F1500 X107.294 Y115.02 E1066.18931
G0 F9000 X107.591 Y115.288
G1 F1500 X107.983 Y114.896 E1066.20775
G0 F9000 X108.28 Y115.165
G1 F1500 X107.891 Y115.553 E1066.22602
G0 F9000 X108.223 Y115.788
G1 F1500 X108.577 Y115.433 E1066.2427
G0 F9000 X108.874 Y115.702
G1 F1500 X108.554 Y116.022 E1066.25775
G0 F9000 X108.885 Y116.256
G1 F1500 X109.172 Y115.97 E1066.27122
G0 F9000 X109.469 Y116.239
G1 F1500 X109.217 Y116.49 E1066.28305
G0 F9000 X109.549 Y116.724
G1 F1500 X109.766 Y116.507 E1066.29326
G0 F9000 X110.063 Y116.776
G1 F1500 X109.88 Y116.958 E1066.30185
G0 F9000 X109.676 Y117.245
G1 F2400 E1065.50185
;MESH:NONMESH
G0 F300 X109.676 Y117.245 Z7.4
G0 F9000 X109.625 Y117.315
G0 X110.194 Y117.632
G0 X110.662 Y117.048
G0 X124.231 Y92.181
G0 X126.445 Y91.967
;TIME_ELAPSED:1292.532943
;LAYER:36
;TYPE:SUPPORT
G1 F2400 E1066.30185
G1 X130.245 Y91.967 E1066.42823
G1 X130.245 Y113.51 E1067.14476
G1 X130.242 Y113.564 E1067.14656
G1 X130.233 Y113.619 E1067.14841
G1 X130.044 Y114.293 E1067.17169
G1 X130.044 Y114.871 E1067.19092
G1 X129.845 Y115.444 E1067.21109
G1 X129.844 Y115.934 E1067.22739
G1 X129.645 Y116.353 E1067.24282
G1 X129.645 Y116.755 E1067.25619
G1 X129.445 Y117.123 E1067.27012
G1 X129.445 Y117.453 E1067.28109
G1 X129.394 Y117.536 E1067.28433
G1 X129.394 Y117.546 E1067.28467
G1 X129.245 Y117.782 E1067.29395
G1 X129.245 Y118.107 E1067.30476
G1 X129.218 Y118.143 E1067.30626
G1 X129.21 Y118.161 E1067.30691
G1 X129.06 Y118.629 E1067.32326
G1 X129.025 Y118.674 E1067.32515
G1 X129.016 Y118.692 E1067.32582
G1 X128.842 Y119.206 E1067.34387
G1 X128.82 Y119.236 E1067.34511
G1 X128.638 Y119.719 E1067.36227
G1 X128.611 Y119.751 E1067.36367
G1 X128.453 Y120.153 E1067.37803
G1 X128.394 Y120.211 E1067.38079
G1 X128.242 Y120.587 E1067.39427
G1 X128.182 Y120.65 E1067.39717
G1 X128.047 Y120.98 E1067.40903
G1 X128.011 Y121.012 E1067.41063
G1 X128.001 Y121.026 E1067.4112
G1 X127.866 Y121.321 E1067.42199
G1 X127.75 Y121.419 E1067.42704
G1 X127.75 Y121.471 E1067.42877
G1 X127.64 Y121.726 E1067.43801
G1 X127.573 Y121.788 E1067.44104
G1 X127.553 Y121.827 E1067.4425
G1 X127.446 Y122.06 E1067.45103
G1 X127.374 Y122.113 E1067.454
G1 X127.368 Y122.118 E1067.45426
G1 X127.232 Y122.407 E1067.46489
G1 X127.161 Y122.462 E1067.46787
G1 X127.154 Y122.477 E1067.46842
G1 X127.118 Y122.512 E1067.47009
G1 X127.118 Y122.547 E1067.47126
G1 X127.04 Y122.702 E1067.47703
G1 X126.995 Y122.735 E1067.47889
G1 X126.966 Y122.75 E1067.47997
G1 X126.96 Y122.761 E1067.48039
G1 X126.943 Y122.779 E1067.48121
G1 X126.832 Y123.006 E1067.48962
G1 X126.772 Y123.047 E1067.49203
G1 X126.767 Y123.057 E1067.49241
G1 X126.759 Y123.063 E1067.49274
G1 X126.643 Y123.283 E1067.50101
G1 X126.553 Y123.346 E1067.50466
G1 X126.445 Y123.551 E1067.51237
G1 X126.445 Y122.689 E1067.54104
G1 X126.443 Y122.641 E1067.54264
G1 X126.445 Y121.939 E1067.56599
G1 X126.443 Y121.893 E1067.56752
G1 X126.445 Y120.979 E1067.59792
G1 X126.443 Y120.957 E1067.59865
G1 X126.445 Y120.441 E1067.61582
G1 X126.443 Y120.178 E1067.62456
G1 X126.445 Y91.967 E1068.56287
G0 F9000 X128 Y92.327
G1 F2400 X126.805 Y92.327 E1068.60261
G1 X126.803 Y120.178 E1069.52894
G1 X126.805 Y120.441 E1069.53769
G1 X126.803 Y120.944 E1069.55442
G1 X126.805 Y120.962 E1069.55502
G1 X126.803 Y121.893 E1069.58598
G1 X126.805 Y121.931 E1069.58725
G1 X126.804 Y122.316 E1069.60006
G1 X126.855 Y122.266 E1069.60243
G1 X126.871 Y122.231 E1069.60371
G1 X126.942 Y122.176 E1069.6067
G1 X127.077 Y121.891 E1069.61719
G1 X127.157 Y121.828 E1069.62057
G1 X127.229 Y121.671 E1069.62632
G1 X127.281 Y121.567 E1069.63019
G1 X127.34 Y121.513 E1069.63285
G1 X127.39 Y121.396 E1069.63708
G1 X127.39 Y121.252 E1069.64187
G1 X127.572 Y121.099 E1069.64978
G1 X127.688 Y120.845 E1069.65906
G1 X127.742 Y120.768 E1069.66219
G1 X127.747 Y120.764 E1069.6624
G1 X127.874 Y120.451 E1069.67364
G1 X127.935 Y120.387 E1069.67658
G1 X128 Y120.226 E1069.68235
G1 X128 Y92.327 E1070.61028
G1 X129.885 Y92.327 E1070.67297
G1 X129.885 Y113.487 E1071.37676
G1 X129.881 Y113.54 E1071.37853
G1 X129.684 Y114.243 E1071.40281
G1 X129.684 Y114.811 E1071.4217
G1 X129.485 Y115.383 E1071.44184
G1 X129.484 Y115.851 E1071.45741
G1 X129.285 Y116.272 E1071.4729
G1 X129.285 Y116.662 E1071.48587
G1 X129.085 Y117.031 E1071.49983
G1 X129.085 Y117.351 E1071.51047
G1 X129.034 Y117.433 E1071.51368
G1 X129.034 Y117.442 E1071.51398
G1 X128.885 Y117.677 E1071.52324
G1 X128.884 Y118.008 E1071.53425
G1 X128.873 Y118.034 E1071.53519
G1 X128.737 Y118.458 E1071.55
G1 X128.719 Y118.482 E1071.55099
G1 X128.683 Y118.553 E1071.55364
G1 X128.519 Y119.039 E1071.5707
G1 X128.501 Y119.063 E1071.5717
G1 X128.322 Y119.535 E1071.58849
G1 X128.298 Y119.564 E1071.58974
G1 X128.147 Y119.95 E1071.60353
G1 X128.088 Y120.007 E1071.60626
G1 X128 Y120.226 E1071.61411
G0 F9000 X126.242 Y119.454
;TYPE:SUPPORT-INTERFACE
G1 F1500 X125.642 Y118.854 E1071.64233
G0 F9000 X125.642 Y118.733
G1 F1500 X126.241 Y118.134 E1071.6705
G0 F9000 X126.242 Y116.06
G1 F1500 X125.642 Y115.459 E1071.69875
G0 F9000 X125.642 Y115.339
G1 F1500 X126.241 Y114.74 E1071.72692
G0 F9000 X126.242 Y112.666
G1 F1500 X125.642 Y112.065 E1071.75517
G0 F9000 X125.642 Y111.944
G1 F1500 X126.241 Y111.345 E1071.78334
G0 F9000 X126.243 Y109.272
G1 F1500 X125.642 Y108.672 E1071.81159
G0 F9000 X125.643 Y108.55
G1 F1500 X126.242 Y107.951 E1071.83976
G0 F9000 X126.243 Y105.878
G1 F1500 X125.642 Y105.278 E1071.86801
G0 F9000 X125.643 Y105.155
G1 F1500 X126.242 Y104.557 E1071.89616
G0 F9000 X126.243 Y102.484
G1 F1500 X125.642 Y101.884 E1071.92441
G0 F9000 X125.643 Y101.761
G1 F1500 X126.243 Y101.162 E1071.95261
G0 F9000 X126.244 Y99.091
G1 F1500 X125.643 Y98.49 E1071.98088
G0 F9000 X125.644 Y98.367
G1 F1500 X126.243 Y97.768 E1072.00905
G0 F9000 X126.244 Y95.697
G1 F1500 X125.643 Y95.096 E1072.03732
G0 F9000 X125.644 Y94.972
G1 F1500 X126.243 Y94.374 E1072.06547
G0 F9000 X126.244 Y92.302
G1 F1500 X125.708 Y91.766 E1072.09068
G1 F2400 E1071.29068
G0 F9000 X125.708 Y91.102
G0 X130.602 Y91.106
G0 X131.106 Y91.61
G0 X131.083 Y113.79
G0 X130.664 Y116.222
G0 X130.108 Y118.301
G0 X129.189 Y120.641
G0 X128.283 Y122.308
G0 X126.242 Y121.527
G1 F2400 E1072.09068
G1 F1500 X125.642 Y122.127 E1072.11891
G0 F9000 X125.642 Y122.248
G1 F1500 X126.244 Y122.849 E1072.1472
G1 F2400 E1071.3472
;MESH:1x_1xm_pusher.stl
G0 F9000 X124.443 Y122.85
G0 X120.654 Y124.545
G0 X119.081 Y124.853
;TYPE:WALL-INNER
G1 F2400 E1072.1472
G1 X119.29 Y124.876 E1072.15419
G1 X119.386 Y124.877 E1072.15738
G1 X119.65 Y124.88 E1072.16617
G1 X120.008 Y124.853 E1072.17811
G1 X120.364 Y124.792 E1072.19012
G1 X120.704 Y124.697 E1072.20186
G1 X121.03 Y124.572 E1072.21347
G1 X121.338 Y124.412 E1072.22502
G1 X121.619 Y124.222 E1072.2363
G1 X121.872 Y123.998 E1072.24754
G1 X122.116 Y123.707 E1072.26017
G1 X122.307 Y123.371 E1072.27303
G1 X122.424 Y123.008 E1072.28571
G1 X122.467 Y122.632 E1072.2983
G1 X122.424 Y122.252 E1072.31102
G1 X122.306 Y121.891 E1072.32365
G1 X122.117 Y121.561 E1072.3363
G1 X121.873 Y121.267 E1072.349
G1 X121.619 Y121.042 E1072.36029
G1 X121.338 Y120.852 E1072.37157
G1 X121.03 Y120.692 E1072.38312
G1 X120.704 Y120.567 E1072.39473
G1 X120.364 Y120.472 E1072.40647
G1 X120.008 Y120.411 E1072.41848
G1 X119.65 Y120.384 E1072.43043
G1 X119.386 Y120.387 E1072.43921
G1 X119.29 Y120.388 E1072.4424
G1 X119.081 Y120.411 E1072.44939
G1 X119.081 Y120.389
G1 X119.081 Y120.293 E1072.45205
G1 X119.08 Y118.292 E1072.5186
G1 X111.014 Y118.292 E1072.78688
G1 X108.941 Y116.827 E1072.87131
G1 X98.753 Y107.618 E1073.32807
G1 X97.854 Y106.596 E1073.37335
G1 X97.853 Y97.148 E1073.68759
G1 X99.243 Y96.495 E1073.73867
G1 X119.079 Y93.732 E1074.40478
G1 X119.079 Y92.367 E1074.45018
G1 X124.046 Y92.367 E1074.61539
G1 X124.245 Y92.367 E1074.62201
G1 X124.245 Y92.566 E1074.62629
G1 X124.243 Y120.738 E1075.56329
G1 X124.245 Y121.017 E1075.57257
G1 X124.243 Y121.427 E1075.58621
G1 X124.245 Y121.682 E1075.59469
G1 X124.243 Y122.116 E1075.60913
G1 X124.245 Y125.268 E1075.71396
G1 X123.656 Y125.525 E1075.73534
G1 X122.724 Y125.892 E1075.76865
G1 X121.757 Y126.235 E1075.80278
G1 X120.78 Y126.544 E1075.83686
G1 X119.774 Y126.828 E1075.87163
G1 X119.327 Y126.939 E1075.88694
G1 X119.081 Y126.999 E1075.89537
G1 X119.081 Y126.746 E1075.90047
G1 X119.081 Y126.745 E1075.9005
G1 X119.081 Y124.972 E1075.95948
G1 X119.081 Y124.876 E1075.96019
G1 X119.081 Y124.853
G0 F9000 X118.681 Y124.376
;TYPE:WALL-OUTER
G1 F2400 X118.993 Y124.441 E1075.97079
G1 X119.041 Y124.446 E1075.9724
G1 X119.314 Y124.476 E1075.98153
G1 X119.638 Y124.48 E1075.99231
G1 X119.959 Y124.456 E1076.00301
G1 X120.276 Y124.401 E1076.01372
G1 X120.579 Y124.317 E1076.02417
G1 X120.866 Y124.207 E1076.0344
G1 X121.133 Y124.068 E1076.04441
G1 X121.373 Y123.905 E1076.05406
G1 X121.585 Y123.718 E1076.06346
G1 X121.786 Y123.478 E1076.07387
G1 X121.939 Y123.209 E1076.08416
G1 X122.031 Y122.923 E1076.09416
G1 X122.064 Y122.632 E1076.1039
G1 X122.031 Y122.337 E1076.11377
G1 X121.939 Y122.054 E1076.12367
G1 X121.787 Y121.79 E1076.1338
G1 X121.585 Y121.546 E1076.14434
G1 X121.373 Y121.359 E1076.15374
G1 X121.133 Y121.196 E1076.16339
G1 X120.866 Y121.057 E1076.1734
G1 X120.579 Y120.947 E1076.18362
G1 X120.276 Y120.863 E1076.19408
G1 X119.959 Y120.808 E1076.20478
G1 X119.638 Y120.784 E1076.21549
G1 X119.314 Y120.788 E1076.22626
G1 X119.041 Y120.818 E1076.2354
G1 X118.993 Y120.823 E1076.237
G1 X118.681 Y120.887 E1076.2476
G1 X118.681 Y120.824
G1 X118.681 Y120.775 E1076.2491
G1 X118.68 Y118.692 E1076.31838
G1 X110.886 Y118.692 E1076.57761
G1 X108.693 Y117.142 E1076.66692
G1 X98.471 Y107.902 E1077.12522
G1 X97.454 Y106.746 E1077.17643
G1 X97.453 Y96.894 E1077.50411
G1 X99.127 Y96.107 E1077.56564
G1 X118.679 Y93.384 E1078.22221
G1 X118.679 Y91.967 E1078.26934
G1 X124.445 Y91.967 E1078.46112
G1 X124.645 Y91.967 E1078.46777
G1 X124.645 Y92.167 E1078.47208
G1 X124.643 Y120.737 E1079.42232
G1 X124.645 Y121.019 E1079.4317
G1 X124.643 Y121.426 E1079.44524
G1 X124.645 Y121.684 E1079.45382
G1 X124.643 Y122.117 E1079.46822
G1 X124.645 Y125.53 E1079.58174
G1 X123.816 Y125.892 E1079.61183
G1 X122.858 Y126.269 E1079.64607
G1 X121.891 Y126.612 E1079.68019
G1 X120.889 Y126.929 E1079.71515
G1 X119.883 Y127.213 E1079.74992
G1 X118.993 Y127.432 E1079.7804
G1 X118.854 Y127.466 E1079.78516
G1 X118.681 Y127.502 E1079.79104
G1 X118.681 Y127.466
G1 X118.681 Y127.322 E1079.79477
G1 X118.681 Y124.49 E1079.88896
G1 X118.681 Y124.441
G1 X118.681 Y124.376
G0 F9000 X118.943 Y124.699
G0 X119.241 Y125.362
;TYPE:FILL
G1 F4800 X124.083 Y124.065 E1080.05568
G0 F9000 X124.083 Y116.683
G1 F4800 X103.468 Y96.068 E1081.02535
G0 F9000 X108.503 Y95.365
G1 F4800 X104.369 Y110.794 E1081.55662
G0 F9000 X104.464 Y110.691
G0 X99.758 Y105.773
G0 X99.618 Y105.773
G1 F4800 X124.083 Y99.218 E1082.39903
G0 F9000 X124.083 Y99.714
G1 F4800 X118.363 Y93.993 E1082.6681
G0 F9000 X121.687 Y92.525
G1 F4800 X114.826 Y118.131 E1083.54981
G0 F9000 X109.695 Y115.418
G0 X109.6 Y115.522
G1 F4800 X124.082 Y111.642 E1084.04847
G0 F9000 X112.117 Y117.973
G0 X111.899 Y117.799
;TYPE:SKIN
G1 F1500 X111.817 Y117.902 E1084.05285
G1 X111.137 Y117.902 E1084.07546
G1 X109.184 Y116.522 E1084.155
G1 X99.037 Y107.349 E1084.60995
G1 X98.244 Y106.448 E1084.64988
G1 X98.243 Y97.396 E1084.95095
G1 X99.357 Y96.873 E1084.99188
G1 X99.467 Y96.857 E1084.99557
G1 X99.468 Y106.566 E1085.3185
G1 X111.899 Y117.799 E1085.87575
G0 F9000 X112.117 Y117.973
G0 X99.758 Y106.096
G0 X99.308 Y106.096
G1 F1500 X98.403 Y105.191 E1085.91832
G0 F9000 X98.403 Y104.625
G1 F1500 X99.308 Y105.53 E1085.96089
G0 F9000 X99.308 Y104.965
G1 F1500 X98.403 Y104.059 E1086.00348
G0 F9000 X98.403 Y103.494
G1 F1500 X99.308 Y104.399 E1086.04605
G0 F9000 X99.308 Y103.833
G1 F1500 X98.402 Y102.927 E1086.08866
G0 F9000 X98.402 Y102.362
G1 F1500 X99.307 Y103.267 E1086.13123
G0 F9000 X99.307 Y102.701
G1 F1500 X98.402 Y101.796 E1086.1738
G0 F9000 X98.402 Y101.23
G1 F1500 X99.307 Y102.135 E1086.21637
G0 F9000 X99.307 Y101.57
G1 F1500 X98.402 Y100.665 E1086.25894
G0 F9000 X98.401 Y100.098
G1 F1500 X99.307 Y101.004 E1086.30155
G0 F9000 X99.307 Y100.438
G1 F1500 X98.401 Y99.533 E1086.34415
G0 F9000 X98.401 Y98.967
G1 F1500 X99.306 Y99.872 E1086.38671
G0 F9000 X99.306 Y99.306
G1 F1500 X98.401 Y98.401 E1086.42928
G0 F9000 X98.401 Y97.836
G1 F1500 X99.306 Y98.741 E1086.47185
G0 F9000 X99.306 Y98.175
G1 F1500 X98.557 Y97.425 E1086.5071
G0 F9000 X98.941 Y97.244
G1 F1500 X99.306 Y97.609 E1086.52427
G0 F9000 X99.758 Y97.609
G0 X99.683 Y96.62
G0 X99.292 Y96.661
G0 X98.03 Y97.26
G0 X97.963 Y105.757
G0 X98.403 Y105.757
G1 F1500 X106.766 Y114.119 E1086.91762
G0 F9000 X106.471 Y114.445
G0 X109.054 Y116.698
G0 X111.068 Y118.12
G0 X111.946 Y118.099
G0 X112.198 Y117.775
G0 X105.212 Y111.367
G0 X104.911 Y111.699
G1 F1500 X110.389 Y117.178 E1087.17531
G0 F9000 X110.778 Y117.001
G1 F1500 X111.518 Y117.741 E1087.21012
G0 F9000 X111.518 Y118.182
G0 X111.068 Y118.12
G0 X109.256 Y116.841
G0 X100.579 Y109.119
G0 X100.874 Y108.794
G1 F1500 X98.403 Y106.322 E1087.32637
G0 F9000 X97.963 Y106.322
G0 X98.876 Y107.499
G0 X109.054 Y116.698
G0 X111.068 Y118.12
G0 X111.946 Y118.099
G0 X111.987 Y117.927
;TYPE:SKIN
G1 F1500 X112.176 Y118.116 E1087.33082
G0 F9000 X112.305 Y118.092
G1 F2400 E1086.53082
;MESH:NONMESH
G0 F300 X112.305 Y118.092 Z7.6
G0 F9000 X124.431 Y92.181
G0 X126.645 Y91.967
;TIME_ELAPSED:1320.384781
;LAYER:37
;TYPE:SUPPORT
G1 F2400 E1087.33082
G1 X130.245 Y91.967 E1087.45055
G1 X130.245 Y113.51 E1088.16707
G1 X130.242 Y113.564 E1088.16887
G1 X130.233 Y113.619 E1088.17073
G1 X130.044 Y114.293 E1088.19401
G1 X130.044 Y114.871 E1088.21323
G1 X129.845 Y115.444 E1088.23341
G1 X129.844 Y115.934 E1088.24971
G1 X129.645 Y116.353 E1088.26513
G1 X129.645 Y116.755 E1088.2785
G1 X129.445 Y117.123 E1088.29243
G1 X129.445 Y117.453 E1088.30341
G1 X129.394 Y117.536 E1088.30665
G1 X129.394 Y117.546 E1088.30698
G1 X129.245 Y117.782 E1088.31627
G1 X129.245 Y118.107 E1088.32708
G1 X129.218 Y118.143 E1088.32857
G1 X129.21 Y118.161 E1088.32923
G1 X129.06 Y118.629 E1088.34557
G1 X129.025 Y118.674 E1088.34747
G1 X129.016 Y118.692 E1088.34814
G1 X128.842 Y119.206 E1088.36619
G1 X128.82 Y119.236 E1088.36743
G1 X128.638 Y119.719 E1088.38459
G1 X128.611 Y119.751 E1088.38598
G1 X128.453 Y120.153 E1088.40035
G1 X128.394 Y120.211 E1088.4031
G1 X128.242 Y120.587 E1088.41659
G1 X128.182 Y120.65 E1088.41949
G1 X128.047 Y120.98 E1088.43134
G1 X128.011 Y121.012 E1088.43295
G1 X128.001 Y121.026 E1088.43352
G1 X127.866 Y121.321 E1088.44431
G1 X127.75 Y121.419 E1088.44936
G1 X127.75 Y121.471 E1088.45109
G1 X127.64 Y121.726 E1088.46033
G1 X127.573 Y121.788 E1088.46336
G1 X127.553 Y121.827 E1088.46482
G1 X127.446 Y122.06 E1088.47335
G1 X127.374 Y122.113 E1088.47632
G1 X127.368 Y122.118 E1088.47658
G1 X127.232 Y122.407 E1088.4872
G1 X127.161 Y122.462 E1088.49019
G1 X127.154 Y122.477 E1088.49074
G1 X127.118 Y122.512 E1088.49241
G1 X127.118 Y122.547 E1088.49358
G1 X127.04 Y122.702 E1088.49935
G1 X126.995 Y122.735 E1088.5012
G1 X126.966 Y122.75 E1088.50229
G1 X126.96 Y122.761 E1088.50271
G1 X126.943 Y122.779 E1088.50353
G1 X126.832 Y123.006 E1088.51193
G1 X126.772 Y123.047 E1088.51435
G1 X126.767 Y123.057 E1088.51472
G1 X126.759 Y123.063 E1088.51506
G1 X126.645 Y123.278 E1088.52315
G1 X126.645 Y122.677 E1088.54314
G1 X126.643 Y122.641 E1088.54434
G1 X126.645 Y121.897 E1088.56908
G1 X126.643 Y121.851 E1088.57061
G1 X126.645 Y120.897 E1088.60235
G1 X126.643 Y120.875 E1088.60308
G1 X126.645 Y120.314 E1088.62174
G1 X126.643 Y120.066 E1088.62999
G1 X126.645 Y91.967 E1089.56456
G0 F9000 X128 Y92.327
G1 F2400 X127.005 Y92.327 E1089.59766
G1 X127.003 Y120.066 E1090.52026
G1 X127.005 Y120.314 E1090.52851
G1 X127.003 Y120.861 E1090.5467
G1 X127.005 Y120.88 E1090.54734
G1 X127.003 Y121.851 E1090.57963
G1 X127.005 Y121.889 E1090.5809
G1 X127.005 Y122.045 E1090.58609
G1 X127.077 Y121.891 E1090.59174
G1 X127.157 Y121.828 E1090.59513
G1 X127.229 Y121.671 E1090.60087
G1 X127.281 Y121.567 E1090.60474
G1 X127.34 Y121.513 E1090.6074
G1 X127.39 Y121.396 E1090.61163
G1 X127.39 Y121.252 E1090.61642
G1 X127.572 Y121.099 E1090.62433
G1 X127.688 Y120.845 E1090.63362
G1 X127.742 Y120.768 E1090.63675
G1 X127.747 Y120.764 E1090.63696
G1 X127.874 Y120.451 E1090.64819
G1 X127.935 Y120.387 E1090.65114
G1 X128 Y120.226 E1090.65691
G1 X128 Y92.327 E1091.58483
G1 X129.885 Y92.327 E1091.64753
G1 X129.885 Y113.487 E1092.35131
G1 X129.881 Y113.54 E1092.35308
G1 X129.684 Y114.243 E1092.37736
G1 X129.684 Y114.811 E1092.39626
G1 X129.485 Y115.383 E1092.4164
G1 X129.484 Y115.851 E1092.43197
G1 X129.285 Y116.272 E1092.44745
G1 X129.285 Y116.662 E1092.46042
G1 X129.085 Y117.031 E1092.47438
G1 X129.085 Y117.351 E1092.48503
G1 X129.034 Y117.433 E1092.48824
G1 X129.034 Y117.442 E1092.48854
G1 X128.885 Y117.677 E1092.49779
G1 X128.884 Y118.008 E1092.5088
G1 X128.873 Y118.034 E1092.50974
G1 X128.737 Y118.458 E1092.52455
G1 X128.719 Y118.482 E1092.52555
G1 X128.683 Y118.553 E1092.5282
G1 X128.519 Y119.039 E1092.54526
G1 X128.501 Y119.063 E1092.54626
G1 X128.322 Y119.535 E1092.56305
G1 X128.298 Y119.564 E1092.5643
G1 X128.147 Y119.95 E1092.57808
G1 X128.088 Y120.007 E1092.58081
G1 X128 Y120.226 E1092.58866
G0 F9000 X126.443 Y119.655
;TYPE:SUPPORT-INTERFACE
G1 F1500 X125.842 Y119.054 E1092.61693
G0 F9000 X125.843 Y118.533
G1 F1500 X126.442 Y117.933 E1092.64513
G0 F9000 X126.443 Y116.261
G1 F1500 X125.842 Y115.66 E1092.6734
G0 F9000 X125.843 Y115.138
G1 F1500 X126.442 Y114.539 E1092.70157
G0 F9000 X126.443 Y112.866
G1 F1500 X125.842 Y112.265 E1092.72984
G0 F9000 X125.843 Y111.744
G1 F1500 X126.442 Y111.145 E1092.75802
G0 F9000 X126.444 Y109.473
G1 F1500 X125.842 Y108.871 E1092.78633
G0 F9000 X125.843 Y108.35
G1 F1500 X126.443 Y107.75 E1092.81456
G0 F9000 X126.444 Y106.079
G1 F1500 X125.843 Y105.478 E1092.84283
G0 F9000 X125.843 Y104.955
G1 F1500 X126.443 Y104.356 E1092.87102
G0 F9000 X126.444 Y102.685
G1 F1500 X125.843 Y102.084 E1092.89929
G0 F9000 X125.843 Y101.561
G1 F1500 X126.444 Y100.961 E1092.92754
G0 F9000 X126.444 Y99.291
G1 F1500 X125.843 Y98.69 E1092.95581
G0 F9000 X125.843 Y98.167
G1 F1500 X126.444 Y97.567 E1092.98405
G0 F9000 X126.444 Y95.897
G1 F1500 X125.843 Y95.296 E1093.01232
G0 F9000 X125.843 Y94.773
G1 F1500 X126.444 Y94.173 E1093.04057
G0 F9000 X126.444 Y92.503
G1 F1500 X125.843 Y91.901 E1093.06886
G1 F2400 E1092.26886
G0 F9000 X125.843 Y91.102
G0 X130.602 Y91.106
G0 X131.106 Y91.61
G0 X131.083 Y113.79
G0 X130.664 Y116.222
G0 X130.108 Y118.301
G0 X129.189 Y120.641
G0 X128.283 Y122.308
G0 X126.443 Y121.326
G1 F2400 E1093.06886
G1 F1500 X125.843 Y121.927 E1093.09711
G0 F9000 X125.843 Y122.448
G1 F1500 X126.444 Y123.05 E1093.1254
G1 F2400 E1092.3254
;MESH:1x_1xm_pusher.stl
G0 F9000 X124.625 Y123.05
G0 X119.281 Y126.9
;TYPE:WALL-INNER
G1 F2400 E1093.1254
G1 X119.281 Y126.829 E1093.12776
G1 X119.281 Y126.76 E1093.13006
G1 X119.28 Y124.88 E1093.19259
G1 X119.33 Y124.882 E1093.19425
G1 X119.69 Y124.866 E1093.20624
G1 X120.047 Y124.816 E1093.21822
G1 X120.392 Y124.732 E1093.23003
G1 X120.723 Y124.617 E1093.24169
G1 X121.037 Y124.469 E1093.25324
G1 X121.328 Y124.289 E1093.26462
G1 X121.592 Y124.075 E1093.27592
G1 X121.846 Y123.8 E1093.28837
G1 X122.059 Y123.472 E1093.30138
G1 X122.197 Y123.119 E1093.31398
G1 X122.263 Y122.739 E1093.32681
G1 X122.239 Y122.312 E1093.34104
G1 X122.128 Y121.945 E1093.35379
G1 X121.948 Y121.605 E1093.36658
G1 X121.715 Y121.314 E1093.37898
G1 X121.472 Y121.086 E1093.39007
G1 X121.2 Y120.892 E1093.40118
G1 X120.905 Y120.728 E1093.4124
G1 X120.616 Y120.604 E1093.42286
G1 X120.278 Y120.499 E1093.43464
G1 X119.927 Y120.427 E1093.44655
G1 X119.569 Y120.388 E1093.45853
G1 X119.281 Y120.385 E1093.46811
G1 X119.28 Y118.292 E1093.53772
G1 X111.214 Y118.292 E1093.806
G1 X110.364 Y117.692 E1093.8406
G1 X98.905 Y107.336 E1094.35432
G1 X98.255 Y106.595 E1094.3871
G1 X98.254 Y97.148 E1094.70131
G1 X99.215 Y96.696 E1094.73663
G1 X119.279 Y93.903 E1095.4104
G1 X119.279 Y92.367 E1095.46148
G1 X124.246 Y92.367 E1095.62669
G1 X124.445 Y92.367 E1095.63331
G1 X124.445 Y92.566 E1095.63759
G1 X124.443 Y120.626 E1096.57087
G1 X124.445 Y120.893 E1096.57975
G1 X124.443 Y121.335 E1096.59445
G1 X124.445 Y121.604 E1096.6034
G1 X124.443 Y122.077 E1096.61913
G1 X124.445 Y122.689 E1096.63948
G1 X124.445 Y125.091 E1096.71937
G1 X124.372 Y125.126 E1096.72207
G1 X123.456 Y125.525 E1096.7553
G1 X122.524 Y125.892 E1096.78861
G1 X121.557 Y126.235 E1096.82274
G1 X120.58 Y126.544 E1096.85682
G1 X119.64 Y126.81 E1096.88931
G1 X119.574 Y126.828 E1096.89135
G1 X119.281 Y126.9 E1096.89794
G0 F9000 X118.881 Y127.41
;TYPE:WALL-OUTER
G1 F2400 X118.881 Y127.156 E1096.90639
G1 X118.881 Y127.155 E1096.90642
G1 X118.881 Y124.612 E1096.991
G1 X118.881 Y124.468 E1096.99579
G1 X118.88 Y124.448 E1096.99646
G1 X119.006 Y124.467 E1096.99884
G1 X119.15 Y124.473 E1097.00245
G1 X119.33 Y124.482 E1097.00844
G1 X119.653 Y124.467 E1097.0192
G1 X119.972 Y124.423 E1097.02991
G1 X120.279 Y124.348 E1097.04042
G1 X120.572 Y124.246 E1097.05074
G1 X120.846 Y124.117 E1097.06081
G1 X121.096 Y123.962 E1097.07059
G1 X121.318 Y123.782 E1097.0801
G1 X121.529 Y123.554 E1097.09043
G1 X121.701 Y123.288 E1097.10097
G1 X121.81 Y123.011 E1097.11087
G1 X121.861 Y122.716 E1097.12083
G1 X121.842 Y122.382 E1097.13195
G1 X121.756 Y122.098 E1097.14182
G1 X121.612 Y121.825 E1097.15209
G1 X121.421 Y121.586 E1097.16226
G1 X121.218 Y121.396 E1097.17151
G1 X120.986 Y121.231 E1097.18098
G1 X120.729 Y121.088 E1097.19076
G1 X120.477 Y120.98 E1097.19988
G1 X120.178 Y120.887 E1097.2103
G1 X119.865 Y120.823 E1097.22092
G1 X119.545 Y120.788 E1097.23163
G1 X119.222 Y120.784 E1097.24237
G1 X118.881 Y120.809 E1097.25375
G1 X118.881 Y120.785
G1 X118.88 Y118.692 E1097.32336
G1 X111.086 Y118.692 E1097.58259
G1 X110.116 Y118.007 E1097.62208
G1 X98.618 Y107.615 E1098.13756
G1 X97.855 Y106.746 E1098.17602
G1 X97.854 Y96.894 E1098.5037
G1 X99.099 Y96.308 E1098.54947
G1 X118.879 Y93.555 E1099.2137
G1 X118.879 Y91.967 E1099.26651
G1 X124.645 Y91.967 E1099.45829
G1 X124.845 Y91.967 E1099.46494
G1 X124.845 Y92.167 E1099.46925
G1 X124.843 Y120.625 E1100.41577
G1 X124.845 Y120.895 E1100.42475
G1 X124.843 Y121.334 E1100.43935
G1 X124.845 Y121.606 E1100.4484
G1 X124.843 Y122.077 E1100.46406
G1 X124.845 Y122.689 E1100.48442
G1 X124.845 Y125.343 E1100.57269
G1 X124.537 Y125.491 E1100.58405
G1 X123.616 Y125.892 E1100.61746
G1 X122.658 Y126.269 E1100.65171
G1 X121.691 Y126.612 E1100.68583
G1 X120.689 Y126.929 E1100.72079
G1 X119.683 Y127.213 E1100.75555
G1 X119.128 Y127.35 E1100.77457
G1 X118.881 Y127.41 E1100.7797
G0 F9000 X119.142 Y127.077
G0 X119.44 Y125.456
;TYPE:FILL
G1 F4800 X124.284 Y124.158 E1100.9465
G0 F9000 X124.283 Y116.683
G1 F4800 X103.817 Y96.217 E1101.90916
G0 F9000 X108.295 Y95.592
G1 F4800 X104.342 Y110.345 E1102.41715
G0 F9000 X104.436 Y110.242
G0 X100.941 Y105.604
G0 X100.8 Y105.604
G1 F4800 X124.283 Y99.311 E1103.22576
G0 F9000 X124.284 Y99.714
G1 F4800 X118.713 Y94.142 E1103.48782
G0 F9000 X121.54 Y92.525
G1 F4800 X114.679 Y118.131 E1104.36953
G0 F9000 X110.182 Y115.435
G0 X110.087 Y115.539
G1 F4800 X124.282 Y111.735 E1104.85831
G0 F9000 X112.707 Y117.967
G0 X112.437 Y117.864
;TYPE:SKIN
G1 F1500 X112.423 Y117.902 E1104.85966
G1 X111.337 Y117.902 E1104.89578
G1 X110.607 Y117.387 E1104.92549
G1 X99.185 Y107.065 E1105.43753
G1 X98.645 Y106.449 E1105.46478
G1 X98.644 Y97.396 E1105.76588
G1 X99.329 Y97.074 E1105.79106
G1 X100.651 Y96.89 E1105.83545
G1 X100.651 Y107.211 E1106.17873
G1 X112.437 Y117.864 E1106.70713
G0 F9000 X111.991 Y117.676
G1 F1500 X111.927 Y117.741 E1106.71017
G0 F9000 X111.694 Y117.408
G1 F1500 X111.371 Y117.731 E1106.72536
G0 F9000 X111.039 Y117.497
G1 F1500 X111.397 Y117.139 E1106.7422
G0 F9000 X111.1 Y116.87
G1 F1500 X110.708 Y117.263 E1106.76066
G0 F9000 X110.41 Y116.995
G1 F1500 X110.803 Y116.601 E1106.77917
G0 F9000 X110.506 Y116.333
G1 F1500 X110.113 Y116.726 E1106.79766
G0 F9000 X109.816 Y116.457
G1 F1500 X110.208 Y116.065 E1106.81609
G0 F9000 X109.911 Y115.796
G1 F1500 X109.519 Y116.188 E1106.83453
G0 F9000 X109.221 Y115.92
G1 F1500 X109.614 Y115.527 E1106.85302
G0 F9000 X109.318 Y115.259
G1 F1500 X108.924 Y115.652 E1106.87153
G0 F9000 X108.627 Y115.383
G1 F1500 X109.021 Y114.99 E1106.89004
G0 F9000 X108.724 Y114.721
G1 F1500 X108.33 Y115.114 E1106.90855
G0 F9000 X108.033 Y114.846
G1 F1500 X108.426 Y114.453 E1106.92703
G0 F9000 X108.129 Y114.185
G1 F1500 X107.736 Y114.578 E1106.94552
G0 F9000 X107.439 Y114.309
G1 F1500 X107.832 Y113.916 E1106.964
G0 F9000 X107.535 Y113.647
G1 F1500 X107.142 Y114.04 E1106.98249
G0 F9000 X106.844 Y113.772
G1 F1500 X107.238 Y113.378 E1107.00102
G0 F9000 X106.94 Y113.11
G1 F1500 X106.547 Y113.504 E1107.01953
G0 F9000 X106.25 Y113.235
G1 F1500 X106.643 Y112.842 E1107.03801
G0 F9000 X106.346 Y112.573
G1 F1500 X105.953 Y112.966 E1107.0565
G0 F9000 X105.655 Y112.698
G1 F1500 X106.049 Y112.304 E1107.07503
G0 F9000 X105.752 Y112.036
G1 F1500 X105.358 Y112.429 E1107.09354
G0 F9000 X105.061 Y112.161
G1 F1500 X105.455 Y111.767 E1107.11207
G0 F9000 X105.158 Y111.499
G1 F1500 X104.764 Y111.892 E1107.13058
G0 F9000 X104.467 Y111.623
G1 F1500 X104.861 Y111.23 E1107.14909
G0 F9000 X104.564 Y110.962
G1 F1500 X104.17 Y111.355 E1107.1676
G0 F9000 X103.873 Y111.087
G1 F1500 X104.267 Y110.693 E1107.18613
G0 F9000 X103.97 Y110.424
G1 F1500 X103.576 Y110.818 E1107.20467
G0 F9000 X103.279 Y110.549
G1 F1500 X103.673 Y110.155 E1107.2232
G0 F9000 X103.375 Y109.887
G1 F1500 X102.981 Y110.281 E1107.24173
G0 F9000 X102.684 Y110.013
G1 F1500 X103.078 Y109.619 E1107.26026
G0 F9000 X102.781 Y109.35
G1 F1500 X102.387 Y109.744 E1107.2788
G0 F9000 X102.09 Y109.475
G1 F1500 X102.484 Y109.081 E1107.29733
G0 F9000 X102.187 Y108.813
G1 F1500 X101.792 Y109.207 E1107.31588
G0 F9000 X101.495 Y108.938
G1 F1500 X101.889 Y108.545 E1107.33439
G0 F9000 X101.592 Y108.276
G1 F1500 X101.199 Y108.67 E1107.3529
G0 F9000 X100.902 Y108.401
G1 F1500 X101.295 Y108.007 E1107.37141
G0 F9000 X100.998 Y107.739
G1 F1500 X100.604 Y108.133 E1107.38994
G0 F9000 X100.307 Y107.864
G1 F1500 X100.701 Y107.47 E1107.40848
G0 F9000 X100.49 Y107.116
G1 F1500 X100.01 Y107.596 E1107.43105
G0 F9000 X99.713 Y107.327
G1 F1500 X100.49 Y106.55 E1107.4676
G0 F9000 X100.49 Y105.984
G1 F1500 X99.415 Y107.059 E1107.51817
G0 F9000 X99.139 Y106.769
G1 F1500 X100.49 Y105.419 E1107.58169
G0 F9000 X100.49 Y104.853
G1 F1500 X98.875 Y106.468 E1107.65766
G0 F9000 X98.805 Y105.972
G1 F1500 X100.49 Y104.287 E1107.73691
G0 F9000 X100.49 Y103.721
G1 F1500 X98.805 Y105.406 E1107.81617
G0 F9000 X98.805 Y104.841
G1 F1500 X100.49 Y103.156 E1107.89543
G0 F9000 X100.49 Y102.59
G1 F1500 X98.805 Y104.275 E1107.97468
G0 F9000 X98.805 Y103.709
G1 F1500 X100.49 Y102.024 E1108.05394
G0 F9000 X100.49 Y101.459
G1 F1500 X98.804 Y103.144 E1108.13322
G0 F9000 X98.804 Y102.579
G1 F1500 X100.49 Y100.893 E1108.21253
G0 F9000 X100.49 Y100.327
G1 F1500 X98.804 Y102.013 E1108.29183
G0 F9000 X98.804 Y101.447
G1 F1500 X100.49 Y99.762 E1108.37111
G0 F9000 X100.49 Y99.196
G1 F1500 X98.804 Y100.882 E1108.45042
G0 F9000 X98.804 Y100.317
G1 F1500 X100.49 Y98.63 E1108.52974
G0 F9000 X100.49 Y98.065
G1 F1500 X98.804 Y99.751 E1108.60905
G0 F9000 X98.804 Y99.185
G1 F1500 X100.49 Y97.499 E1108.68835
G0 F9000 X100.327 Y97.096
G1 F1500 X98.804 Y98.62 E1108.76001
G0 F9000 X98.804 Y98.054
G1 F1500 X99.67 Y97.187 E1108.80077
G0 F9000 X99.622 Y96.841
G1 F2400 E1108.00077
;MESH:NONMESH
G0 F300 X99.622 Y96.841 Z7.8
G0 F9000 X99.612 Y96.752
G0 X119.109 Y93.755
G0 X124.631 Y92.181
G0 X126.845 Y91.967
;TIME_ELAPSED:1349.416294
;LAYER:38
;TYPE:SUPPORT
G1 F2400 E1108.80077
G1 X130.245 Y91.967 E1108.91385
G1 X130.245 Y113.51 E1109.63038
G1 X130.242 Y113.564 E1109.63218
G1 X130.233 Y113.619 E1109.63403
G1 X130.044 Y114.293 E1109.65731
G1 X130.044 Y114.871 E1109.67654
G1 X129.845 Y115.444 E1109.69671
G1 X129.844 Y115.934 E1109.71301
G1 X129.645 Y116.353 E1109.72844
G1 X129.645 Y116.755 E1109.74181
G1 X129.445 Y117.123 E1109.75574
G1 X129.445 Y117.453 E1109.76671
G1 X129.394 Y117.536 E1109.76995
G1 X129.394 Y117.546 E1109.77029
G1 X129.245 Y117.782 E1109.77957
G1 X129.245 Y118.107 E1109.79038
G1 X129.218 Y118.143 E1109.79188
G1 X129.21 Y118.161 E1109.79253
G1 X129.06 Y118.629 E1109.80888
G1 X129.025 Y118.674 E1109.81077
G1 X129.016 Y118.692 E1109.81144
G1 X128.842 Y119.206 E1109.82949
G1 X128.82 Y119.236 E1109.83073
G1 X128.639 Y119.716 E1109.84779
G1 X128.611 Y119.749 E1109.84923
G1 X128.451 Y120.155 E1109.86374
G1 X128.394 Y120.211 E1109.8664
G1 X128.242 Y120.587 E1109.87989
G1 X128.187 Y120.644 E1109.88253
G1 X128.182 Y120.652 E1109.88284
G1 X128.047 Y120.98 E1109.89464
G1 X128.011 Y121.012 E1109.89624
G1 X128.001 Y121.026 E1109.89681
G1 X127.866 Y121.321 E1109.9076
G1 X127.75 Y121.419 E1109.91265
G1 X127.75 Y121.471 E1109.91438
G1 X127.64 Y121.726 E1109.92362
G1 X127.573 Y121.788 E1109.92665
G1 X127.553 Y121.827 E1109.92811
G1 X127.446 Y122.06 E1109.93664
G1 X127.374 Y122.113 E1109.93961
G1 X127.368 Y122.118 E1109.93987
G1 X127.232 Y122.407 E1109.9505
G1 X127.161 Y122.462 E1109.95348
G1 X127.154 Y122.477 E1109.95403
G1 X127.118 Y122.512 E1109.9557
G1 X127.118 Y122.547 E1109.95687
G1 X127.04 Y122.702 E1109.96264
G1 X126.995 Y122.735 E1109.9645
G1 X126.966 Y122.75 E1109.96558
G1 X126.96 Y122.761 E1109.966
G1 X126.943 Y122.779 E1109.96682
G1 X126.832 Y123.006 E1109.97523
G1 X126.772 Y123.047 E1109.97764
G1 X126.767 Y123.057 E1109.97801
G1 X126.759 Y123.063 E1109.97835
G1 X126.643 Y123.283 E1109.98662
G1 X126.566 Y123.334 E1109.98969
G1 X126.553 Y123.353 E1109.99046
G1 X126.544 Y123.362 E1109.99088
G1 X126.442 Y123.555 E1109.99814
G1 X126.345 Y123.619 E1110.00201
G1 X126.247 Y123.803 E1110.00894
G1 X126.245 Y115.766 E1110.27625
G1 X126.392 Y115.798 E1110.28126
G1 X126.609 Y115.316 E1110.29884
G1 X126.768 Y115.094 E1110.30792
G1 X126.844 Y114.855 E1110.31626
G1 X126.845 Y91.967 E1111.07752
G0 F9000 X128 Y92.327
G1 F2400 X127.205 Y92.327 E1111.10396
G1 X127.204 Y114.911 E1111.85511
G1 X127.094 Y115.258 E1111.86721
G1 X126.922 Y115.497 E1111.87701
G1 X126.605 Y116.203 E1111.90275
G1 X126.607 Y122.647 E1112.11708
G1 X126.644 Y122.572 E1112.11986
G1 X126.664 Y122.551 E1112.12082
G1 X126.704 Y122.48 E1112.12353
G1 X126.758 Y122.452 E1112.12556
G1 X126.758 Y122.36 E1112.12862
G1 X126.855 Y122.266 E1112.13311
G1 X126.871 Y122.231 E1112.13439
G1 X126.942 Y122.176 E1112.13738
G1 X127.077 Y121.891 E1112.14786
G1 X127.157 Y121.828 E1112.15125
G1 X127.229 Y121.671 E1112.157
G1 X127.281 Y121.567 E1112.16086
G1 X127.34 Y121.513 E1112.16352
G1 X127.39 Y121.396 E1112.16776
G1 X127.39 Y121.252 E1112.17254
G1 X127.572 Y121.099 E1112.18045
G1 X127.688 Y120.845 E1112.18974
G1 X127.742 Y120.768 E1112.19287
G1 X127.747 Y120.764 E1112.19308
G1 X127.861 Y120.485 E1112.20311
G1 X127.903 Y120.42 E1112.20568
G1 X127.936 Y120.385 E1112.20728
G1 X128 Y120.226 E1112.21298
G1 X128 Y92.327 E1113.1409
G1 X129.885 Y92.327 E1113.2036
G1 X129.885 Y113.487 E1113.90738
G1 X129.881 Y113.54 E1113.90915
G1 X129.684 Y114.243 E1113.93343
G1 X129.684 Y114.811 E1113.95233
G1 X129.485 Y115.383 E1113.97247
G1 X129.484 Y115.851 E1113.98804
G1 X129.285 Y116.272 E1114.00352
G1 X129.285 Y116.662 E1114.0165
G1 X129.085 Y117.031 E1114.03045
G1 X129.085 Y117.351 E1114.0411
G1 X129.034 Y117.433 E1114.04431
G1 X129.034 Y117.442 E1114.04461
G1 X128.885 Y117.677 E1114.05386
G1 X128.884 Y118.008 E1114.06487
G1 X128.873 Y118.034 E1114.06581
G1 X128.737 Y118.458 E1114.08062
G1 X128.719 Y118.482 E1114.08162
G1 X128.683 Y118.553 E1114.08427
G1 X128.519 Y119.039 E1114.10133
G1 X128.501 Y119.063 E1114.10233
G1 X128.323 Y119.533 E1114.11904
G1 X128.298 Y119.562 E1114.12031
G1 X128.144 Y119.951 E1114.13423
G1 X128.088 Y120.006 E1114.13684
G1 X128 Y120.226 E1114.14472
G0 F9000 X126.044 Y114.937
;TYPE:SUPPORT-INTERFACE
G1 F1500 X126.643 Y114.338 E1114.1729
G0 F9000 X126.644 Y113.067
G1 F1500 X126.043 Y112.467 E1114.20114
G0 F9000 X126.044 Y111.543
G1 F1500 X126.643 Y110.944 E1114.22932
G0 F9000 X126.644 Y109.673
G1 F1500 X126.043 Y109.073 E1114.25756
G0 F9000 X126.044 Y108.149
G1 F1500 X126.643 Y107.55 E1114.28574
G0 F9000 X126.644 Y106.279
G1 F1500 X126.043 Y105.679 E1114.31398
G0 F9000 X126.044 Y104.755
G1 F1500 X126.643 Y104.156 E1114.34216
G0 F9000 X126.644 Y102.885
G1 F1500 X126.043 Y102.285 E1114.3704
G0 F9000 X126.044 Y101.36
G1 F1500 X126.643 Y100.762 E1114.39856
G0 F9000 X126.644 Y99.491
G1 F1500 X126.043 Y98.891 E1114.4268
G0 F9000 X126.044 Y97.966
G1 F1500 X126.643 Y97.367 E1114.45498
G0 F9000 X126.644 Y96.097
G1 F1500 X126.043 Y95.496 E1114.48325
G0 F9000 X126.044 Y94.572
G1 F1500 X126.643 Y93.973 E1114.51142
G0 F9000 X126.644 Y92.703
G1 F1500 X126.043 Y92.102 E1114.53969
G1 F2400 E1113.73969
;MESH:1x_1xm_pusher.stl
G0 F9000 X124.831 Y92.181
G0 X121.839 Y123.081
G0 X121.656 Y123.433
G0 X119.481 Y126.798
;TYPE:WALL-INNER
G1 F2400 E1114.53969
G1 X119.481 Y126.536 E1114.5484
G1 X119.481 Y126.535 E1114.54844
G1 X119.48 Y124.866 E1114.60395
G1 X119.847 Y124.816 E1114.61627
G1 X120.192 Y124.732 E1114.62808
G1 X120.523 Y124.617 E1114.63973
G1 X120.837 Y124.469 E1114.65128
G1 X121.128 Y124.289 E1114.66266
G1 X121.392 Y124.075 E1114.67396
G1 X121.642 Y123.805 E1114.6862
G1 X121.858 Y123.472 E1114.6994
G1 X121.995 Y123.125 E1114.71181
G1 X122.063 Y122.74 E1114.72481
G1 X122.039 Y122.308 E1114.7392
G1 X121.907 Y121.894 E1114.75366
G1 X121.722 Y121.57 E1114.76607
G1 X121.474 Y121.268 E1114.77906
G1 X121.219 Y121.043 E1114.79038
G1 X120.938 Y120.852 E1114.80168
G1 X120.63 Y120.692 E1114.81322
G1 X120.304 Y120.567 E1114.82483
G1 X119.964 Y120.472 E1114.83657
G1 X119.608 Y120.411 E1114.84859
G1 X119.481 Y120.401 E1114.85282
G1 X119.48 Y118.292 E1114.92297
G1 X111.495 Y118.292 E1115.18855
G1 X99.053 Y107.048 E1115.74632
G1 X98.656 Y106.595 E1115.76636
G1 X98.655 Y97.148 E1116.08056
G1 X99.187 Y96.898 E1116.10012
G1 X119.479 Y94.073 E1116.78154
G1 X119.479 Y92.367 E1116.83828
G1 X124.645 Y92.367 E1117.0101
G1 X124.645 Y124.899 E1118.09212
G1 X124.172 Y125.126 E1118.10957
G1 X123.256 Y125.525 E1118.1428
G1 X122.324 Y125.892 E1118.17612
G1 X121.357 Y126.235 E1118.21024
G1 X120.38 Y126.544 E1118.24433
G1 X119.734 Y126.727 E1118.26666
G1 X119.481 Y126.798 E1118.27191
G0 F9000 X119.081 Y127.312
;TYPE:WALL-OUTER
G1 F2400 X119.081 Y127.058 E1118.28036
G1 X119.081 Y127.057 E1118.28039
G1 X119.08 Y124.48 E1118.3661
G1 X119.131 Y124.482 E1118.3678
G1 X119.453 Y124.467 E1118.37852
G1 X119.772 Y124.423 E1118.38923
G1 X120.079 Y124.348 E1118.39974
G1 X120.372 Y124.246 E1118.41006
G1 X120.646 Y124.117 E1118.42014
G1 X120.896 Y123.962 E1118.42992
G1 X121.118 Y123.782 E1118.43943
G1 X121.325 Y123.558 E1118.44957
G1 X121.501 Y123.288 E1118.46029
G1 X121.608 Y123.016 E1118.47001
G1 X121.661 Y122.716 E1118.48014
G1 X121.642 Y122.381 E1118.4913
G1 X121.539 Y122.055 E1118.50267
G1 X121.392 Y121.798 E1118.51252
G1 X121.185 Y121.547 E1118.52334
G1 X120.973 Y121.359 E1118.53277
G1 X120.733 Y121.196 E1118.54242
G1 X120.466 Y121.057 E1118.55243
G1 X120.179 Y120.947 E1118.56265
G1 X119.876 Y120.863 E1118.57311
G1 X119.559 Y120.808 E1118.58381
G1 X119.238 Y120.784 E1118.59452
G1 X119.081 Y120.786 E1118.59974
G1 X119.08 Y118.692 E1118.66939
G1 X111.341 Y118.692 E1118.92679
G1 X98.765 Y107.327 E1119.49056
G1 X98.256 Y106.746 E1119.51625
G1 X98.255 Y96.894 E1119.84393
G1 X99.071 Y96.51 E1119.87393
G1 X119.079 Y93.725 E1120.54581
G1 X119.079 Y91.967 E1120.60428
G1 X124.845 Y91.967 E1120.79606
G1 X125.045 Y91.967 E1120.80271
G1 X125.045 Y92.167 E1120.80702
G1 X125.044 Y117.821 E1121.66027
G1 X125.045 Y125.151 E1121.90407
G1 X124.337 Y125.491 E1121.93019
G1 X123.416 Y125.892 E1121.9636
G1 X122.458 Y126.269 E1121.99785
G1 X121.491 Y126.612 E1122.03197
G1 X120.489 Y126.929 E1122.06693
G1 X119.483 Y127.213 E1122.10169
G1 X119.328 Y127.252 E1122.10701
G1 X119.081 Y127.312 E1122.11214
G0 F9000 X119.342 Y126.979
G0 X119.64 Y125.548
;TYPE:FILL
G1 F4800 X124.484 Y124.25 E1122.27894
G0 F9000 X124.484 Y116.685
G1 F4800 X104.166 Y96.366 E1123.23466
G0 F9000 X108.089 Y95.818
G1 F4800 X104.316 Y109.9 E1123.71955
G0 F9000 X104.41 Y109.798
G0 X102.364 Y105.368
G0 X102.223 Y105.368
G1 F4800 X124.484 Y99.404 E1124.48606
G0 F9000 X124.484 Y99.714
G1 F4800 X119.062 Y94.292 E1124.7411
G0 F9000 X121.394 Y92.526
G1 F4800 X114.533 Y118.131 E1125.62277
G0 F9000 X110.666 Y115.451
G0 X110.571 Y115.555
G1 F4800 X124.483 Y111.827 E1126.10181
G0 F9000 X113.173 Y117.967
G0 X112.903 Y117.864
;TYPE:SKIN
G1 F1500 X112.889 Y117.902 E1126.10316
G1 X111.644 Y117.902 E1126.14456
G1 X99.334 Y106.777 E1126.69642
G1 X99.046 Y106.449 E1126.71094
G1 X99.045 Y97.396 E1127.01205
G1 X99.301 Y97.276 E1127.02145
G1 X102.074 Y96.89 E1127.11457
G1 X102.074 Y108.076 E1127.48662
G1 X112.903 Y117.864 E1127.97211
G0 F9000 X113.173 Y117.967
G0 X111.562 Y118.119
G0 X99.172 Y106.925
G0 X98.864 Y106.57
G0 X98.765 Y105.993
G0 X99.204 Y105.993
G1 F1500 X103.895 Y110.684 E1128.19277
G0 F9000 X103.601 Y111.009
G0 X111.562 Y118.119
G0 X113.045 Y118.114
G0 X113.153 Y117.833
G0 X102.355 Y107.953
G0 X102.017 Y108.239
G1 F1500 X109.767 Y115.989 E1128.5573
G0 F9000 X109.472 Y116.315
G0 X111.562 Y118.119
G0 X112.084 Y118.182
G0 X112.084 Y117.741
G1 F1500 X107.899 Y113.556 E1128.75415
G0 F9000 X108.201 Y113.223
G0 X102.355 Y107.953
G0 X101.913 Y108.136
G1 F1500 X99.204 Y105.427 E1128.88157
G0 F9000 X99.204 Y104.861
G1 F1500 X101.913 Y107.57 E1129.009
G0 F9000 X101.913 Y107.005
G1 F1500 X99.204 Y104.296 E1129.13642
G0 F9000 X99.204 Y103.73
G1 F1500 X101.913 Y106.439 E1129.26384
G0 F9000 X101.913 Y105.873
G1 F1500 X99.204 Y103.164 E1129.39127
G0 F9000 X99.204 Y102.599
G1 F1500 X101.913 Y105.307 E1129.51867
G0 F9000 X101.913 Y104.742
G1 F1500 X99.204 Y102.033 E1129.64609
G0 F9000 X99.204 Y101.467
G1 F1500 X101.913 Y104.176 E1129.77351
G0 F9000 X101.913 Y103.61
G1 F1500 X99.204 Y100.902 E1129.90091
G0 F9000 X99.204 Y100.336
G1 F1500 X101.913 Y103.045 E1130.02833
G0 F9000 X101.913 Y102.479
G1 F1500 X99.204 Y99.77 E1130.15576
G0 F9000 X99.204 Y99.204
G1 F1500 X101.913 Y101.913 E1130.28318
G0 F9000 X101.913 Y101.348
G1 F1500 X99.204 Y98.639 E1130.4106
G0 F9000 X99.204 Y98.073
G1 F1500 X101.913 Y100.782 E1130.53803
G0 F9000 X101.913 Y100.216
G1 F1500 X99.204 Y97.507 E1130.66545
G0 F9000 X99.651 Y97.388
G1 F1500 X101.913 Y99.651 E1130.77187
G0 F9000 X101.913 Y99.085
G1 F1500 X100.148 Y97.319 E1130.85491
G0 F9000 X100.644 Y97.25
G1 F1500 X101.913 Y98.519 E1130.9146
G0 F9000 X101.913 Y97.954
G1 F1500 X101.141 Y97.181 E1130.95094
G0 F9000 X101.638 Y97.112
G1 F1500 X101.913 Y97.388 E1130.9639
G0 F9000 X102.664 Y97.388
G1 F2400 E1130.1639
;MESH:NONMESH
G0 F300 X102.664 Y97.388 Z8
G0 F9000 X119.309 Y93.925
G0 X124.831 Y92.181
G0 X126.445 Y91.967
;TIME_ELAPSED:1377.741922
;LAYER:39
;TYPE:SUPPORT
G1 F2400 E1130.9639
G1 X130.245 Y91.967 E1131.09029
G1 X130.245 Y113.51 E1131.80681
G1 X130.242 Y113.564 E1131.80861
G1 X130.233 Y113.619 E1131.81046
G1 X130.044 Y114.293 E1131.83375
G1 X130.044 Y114.871 E1131.85297
G1 X129.845 Y115.444 E1131.87314
G1 X129.844 Y115.934 E1131.88944
G1 X129.645 Y116.353 E1131.90487
G1 X129.645 Y116.755 E1131.91824
G1 X129.445 Y117.123 E1131.93217
G1 X129.445 Y117.453 E1131.94315
G1 X129.394 Y117.536 E1131.94639
G1 X129.394 Y117.546 E1131.94672
G1 X129.245 Y117.782 E1131.956
G1 X129.245 Y118.107 E1131.96681
G1 X129.218 Y118.143 E1131.96831
G1 X129.21 Y118.161 E1131.96896
G1 X129.06 Y118.629 E1131.98531
G1 X129.025 Y118.674 E1131.98721
G1 X129.016 Y118.692 E1131.98787
G1 X128.842 Y119.206 E1132.00592
G1 X128.82 Y119.236 E1132.00716
G1 X128.639 Y119.716 E1132.02422
G1 X128.611 Y119.749 E1132.02566
G1 X128.451 Y120.155 E1132.04018
G1 X128.394 Y120.211 E1132.04283
G1 X128.242 Y120.587 E1132.05632
G1 X128.18 Y120.652 E1132.05931
G1 X128.169 Y120.684 E1132.06044
G1 X128.047 Y120.98 E1132.07109
G1 X128.011 Y121.012 E1132.07269
G1 X128.001 Y121.026 E1132.07326
G1 X127.866 Y121.321 E1132.08405
G1 X127.75 Y121.419 E1132.0891
G1 X127.75 Y121.471 E1132.09083
G1 X127.64 Y121.726 E1132.10007
G1 X127.573 Y121.788 E1132.1031
G1 X127.553 Y121.827 E1132.10456
G1 X127.446 Y122.06 E1132.11309
G1 X127.374 Y122.113 E1132.11606
G1 X127.368 Y122.118 E1132.11632
G1 X127.232 Y122.407 E1132.12695
G1 X127.161 Y122.462 E1132.12993
G1 X127.154 Y122.477 E1132.13048
G1 X127.118 Y122.512 E1132.13215
G1 X127.118 Y122.547 E1132.13332
G1 X127.04 Y122.702 E1132.13909
G1 X126.995 Y122.735 E1132.14094
G1 X126.966 Y122.75 E1132.14203
G1 X126.96 Y122.761 E1132.14245
G1 X126.943 Y122.779 E1132.14327
G1 X126.832 Y123.006 E1132.15167
G1 X126.772 Y123.047 E1132.15409
G1 X126.767 Y123.057 E1132.15446
G1 X126.759 Y123.063 E1132.1548
G1 X126.643 Y123.283 E1132.16307
G1 X126.566 Y123.334 E1132.16614
G1 X126.553 Y123.353 E1132.16691
G1 X126.544 Y123.362 E1132.16733
G1 X126.445 Y123.551 E1132.17443
G1 X126.445 Y122.697 E1132.20283
G1 X126.443 Y122.629 E1132.20509
G1 X126.445 Y122.022 E1132.22528
G1 X126.443 Y121.978 E1132.22675
G1 X126.445 Y121.45 E1132.24431
G1 X126.443 Y121.156 E1132.25409
G1 X126.445 Y120.696 E1132.26939
G1 X126.443 Y120.401 E1132.2792
G1 X126.443 Y115.428 E1132.4446
G1 X126.567 Y115.457 E1132.44884
G1 X126.844 Y114.903 E1132.46944
G1 X126.844 Y114.892 E1132.4698
G1 X126.879 Y114.865 E1132.47127
G1 X127.043 Y114.53 E1132.48368
G1 X127.044 Y106.446 E1132.75255
G1 X126.953 Y106.189 E1132.76162
G1 X126.856 Y106.067 E1132.76681
G1 X126.844 Y106.046 E1132.76761
G1 X126.844 Y105.25 E1132.79409
G1 X126.964 Y105.088 E1132.80079
G1 X127.044 Y104.844 E1132.80933
G1 X127.043 Y96.826 E1133.07601
G1 X127.045 Y96.508 E1133.08659
G1 X126.991 Y96.3 E1133.09374
G1 X126.534 Y95.511 E1133.12406
G1 X126.445 Y95.535 E1133.12713
G1 X126.445 Y91.967 E1133.2458
G0 F9000 X128 Y92.327
G1 F2400 X126.805 Y92.327 E1133.28555
G1 X126.805 Y95.262 E1133.38316
G1 X127.327 Y96.162 E1133.41777
G1 X127.405 Y96.463 E1133.42811
G1 X127.403 Y96.827 E1133.44022
G1 X127.404 Y104.902 E1133.70879
G1 X127.288 Y105.255 E1133.72115
G1 X127.204 Y105.369 E1133.72586
G1 X127.204 Y105.926 E1133.74439
G1 X127.272 Y106.013 E1133.74806
G1 X127.404 Y106.384 E1133.76116
G1 X127.403 Y114.613 E1134.03486
G1 X127.165 Y115.1 E1134.05288
G1 X127.136 Y115.121 E1134.05407
G1 X126.803 Y115.791 E1134.07896
G1 X126.803 Y120.401 E1134.23229
G1 X126.805 Y120.696 E1134.2421
G1 X126.803 Y121.158 E1134.25747
G1 X126.805 Y121.45 E1134.26718
G1 X126.803 Y121.98 E1134.28481
G1 X126.805 Y122.014 E1134.28594
G1 X126.804 Y122.316 E1134.29598
G1 X126.855 Y122.266 E1134.29836
G1 X126.871 Y122.231 E1134.29964
G1 X126.942 Y122.176 E1134.30263
G1 X127.077 Y121.891 E1134.31312
G1 X127.157 Y121.828 E1134.3165
G1 X127.229 Y121.671 E1134.32225
G1 X127.281 Y121.567 E1134.32612
G1 X127.34 Y121.513 E1134.32878
G1 X127.39 Y121.396 E1134.33301
G1 X127.39 Y121.252 E1134.3378
G1 X127.572 Y121.099 E1134.3457
G1 X127.688 Y120.845 E1134.35499
G1 X127.742 Y120.768 E1134.35812
G1 X127.747 Y120.764 E1134.35833
G1 X127.833 Y120.555 E1134.36585
G1 X127.865 Y120.461 E1134.36915
G1 X127.934 Y120.388 E1134.37249
G1 X128 Y120.225 E1134.37834
G1 X128 Y92.327 E1135.30623
G1 X129.885 Y92.327 E1135.36893
G1 X129.885 Y113.487 E1136.07271
G1 X129.881 Y113.54 E1136.07448
G1 X129.684 Y114.243 E1136.09876
G1 X129.684 Y114.811 E1136.11766
G1 X129.485 Y115.383 E1136.1378
G1 X129.484 Y115.851 E1136.15336
G1 X129.285 Y116.272 E1136.16885
G1 X129.285 Y116.662 E1136.18182
G1 X129.085 Y117.031 E1136.19578
G1 X129.085 Y117.351 E1136.20643
G1 X129.034 Y117.433 E1136.20964
G1 X129.034 Y117.442 E1136.20994
G1 X128.885 Y117.677 E1136.21919
G1 X128.884 Y118.008 E1136.2302
G1 X128.873 Y118.034 E1136.23114
G1 X128.737 Y118.458 E1136.24595
G1 X128.719 Y118.482 E1136.24695
G1 X128.683 Y118.553 E1136.2496
G1 X128.519 Y119.039 E1136.26666
G1 X128.501 Y119.063 E1136.26765
G1 X128.323 Y119.533 E1136.28437
G1 X128.298 Y119.562 E1136.28564
G1 X128.144 Y119.951 E1136.29956
G1 X128.088 Y120.006 E1136.30217
G1 X128 Y120.225 E1136.31002
G0 F9000 X126.243 Y114.738
;TYPE:SUPPORT-INTERFACE
G1 F1500 X126.842 Y114.139 E1136.33819
G0 F9000 X126.842 Y113.266
G1 F1500 X126.242 Y112.666 E1136.36642
G0 F9000 X126.243 Y111.344
G1 F1500 X126.842 Y110.745 E1136.39459
G0 F9000 X126.842 Y109.872
G1 F1500 X126.242 Y109.272 E1136.42281
G0 F9000 X126.243 Y107.95
G1 F1500 X126.842 Y107.351 E1136.45099
G0 F9000 X126.842 Y106.477
G1 F1500 X126.242 Y105.877 E1136.47921
G0 F9000 X126.244 Y104.555
G1 F1500 X126.842 Y103.957 E1136.50734
G0 F9000 X126.842 Y103.084
G1 F1500 X126.243 Y102.484 E1136.53554
G0 F9000 X126.244 Y101.161
G1 F1500 X126.842 Y100.563 E1136.56367
G0 F9000 X126.842 Y99.69
G1 F1500 X126.243 Y99.09 E1136.59187
G0 F9000 X126.244 Y97.767
G1 F1500 X126.842 Y97.169 E1136.61999
G0 F9000 X126.637 Y96.09
G1 F1500 X126.322 Y95.775 E1136.63481
G1 F2400 E1135.83481
;MESH:1x_1xm_pusher.stl
G0 F9000 X125.025 Y95.773
G0 X121.679 Y122.926
G0 X119.681 Y126.685
;TYPE:WALL-INNER
G1 F2400 E1136.63481
G1 X119.681 Y126.423 E1136.64352
G1 X119.681 Y126.422 E1136.64356
G1 X119.68 Y124.806 E1136.69731
G1 X119.764 Y124.792 E1136.70014
G1 X120.104 Y124.697 E1136.71188
G1 X120.43 Y124.572 E1136.72349
G1 X120.738 Y124.412 E1136.73504
G1 X121.019 Y124.221 E1136.74634
G1 X121.271 Y123.998 E1136.75753
G1 X121.506 Y123.721 E1136.76961
G1 X121.707 Y123.371 E1136.78303
G1 X121.839 Y122.956 E1136.79752
G1 X121.863 Y122.522 E1136.81198
G1 X121.785 Y122.097 E1136.82635
G1 X121.609 Y121.701 E1136.84076
G1 X121.394 Y121.402 E1136.85301
G1 X121.112 Y121.116 E1136.86637
G1 X120.833 Y120.911 E1136.87788
G1 X120.535 Y120.742 E1136.88928
G1 X120.216 Y120.604 E1136.90084
G1 X119.878 Y120.499 E1136.91261
G1 X119.68 Y120.458 E1136.91934
G1 X119.681 Y118.491 E1136.98476
G1 X119.681 Y118.292 E1136.99138
G1 X119.482 Y118.292 E1136.99566
G1 X111.961 Y118.292 E1137.24581
G1 X99.201 Y106.759 E1137.81787
G1 X99.057 Y106.595 E1137.82513
G1 X99.056 Y97.148 E1138.13934
G1 X99.159 Y97.1 E1138.14312
G1 X119.679 Y94.243 E1138.8322
G1 X119.679 Y92.367 E1138.8946
G1 X124.646 Y92.367 E1139.0598
G1 X124.845 Y92.367 E1139.06642
G1 X124.845 Y92.566 E1139.0707
G1 X124.843 Y120.402 E1139.99653
G1 X124.845 Y120.695 E1140.00627
G1 X124.843 Y121.15 E1140.02141
G1 X124.845 Y121.45 E1140.03139
G1 X124.843 Y122.01 E1140.05001
G1 X124.845 Y122.064 E1140.05181
G1 X124.843 Y122.659 E1140.0716
G1 X124.845 Y122.719 E1140.0736
G1 X124.845 Y124.708 E1140.13975
G1 X123.983 Y125.121 E1140.17154
G1 X123.056 Y125.525 E1140.20517
G1 X122.124 Y125.892 E1140.23849
G1 X121.157 Y126.235 E1140.27262
G1 X120.18 Y126.544 E1140.3067
G1 X119.934 Y126.614 E1140.3152
G1 X119.681 Y126.685 E1140.32046
G0 F9000 X119.281 Y127.214
;TYPE:WALL-OUTER
G1 F2400 X119.281 Y126.951 E1140.32921
G1 X119.281 Y126.95 E1140.32924
G1 X119.28 Y124.462 E1140.41199
G1 X119.359 Y124.456 E1140.41462
G1 X119.676 Y124.401 E1140.42533
G1 X119.979 Y124.317 E1140.43578
G1 X120.266 Y124.207 E1140.44601
G1 X120.533 Y124.068 E1140.45602
G1 X120.773 Y123.905 E1140.46567
G1 X120.984 Y123.718 E1140.47505
G1 X121.177 Y123.49 E1140.48498
G1 X121.339 Y123.209 E1140.49577
G1 X121.442 Y122.883 E1140.50714
G1 X121.461 Y122.547 E1140.51833
G1 X121.4 Y122.216 E1140.52953
G1 X121.26 Y121.901 E1140.54099
G1 X121.087 Y121.661 E1140.55083
G1 X120.849 Y121.419 E1140.56212
G1 X120.615 Y121.247 E1140.57178
G1 X120.357 Y121.101 E1140.58164
G1 X120.077 Y120.98 E1140.59179
G1 X119.778 Y120.887 E1140.6022
G1 X119.465 Y120.823 E1140.61283
G1 X119.28 Y120.803 E1140.61902
G1 X119.281 Y118.892 E1140.68258
G1 X119.281 Y118.692 E1140.68923
G1 X119.081 Y118.692 E1140.69354
G1 X111.807 Y118.692 E1140.93547
G1 X98.913 Y107.038 E1141.51354
G1 X98.657 Y106.746 E1141.52645
G1 X98.656 Y96.894 E1141.85413
G1 X99.043 Y96.712 E1141.86836
G1 X119.279 Y93.895 E1142.5479
G1 X119.279 Y91.967 E1142.61202
G1 X125.045 Y91.967 E1142.8038
G1 X125.245 Y91.967 E1142.81045
G1 X125.245 Y92.167 E1142.81476
G1 X125.244 Y115.885 E1143.60362
G1 X125.245 Y118.098 E1143.67723
G1 X125.243 Y120.401 E1143.75383
G1 X125.245 Y120.697 E1143.76367
G1 X125.243 Y121.15 E1143.77874
G1 X125.245 Y121.451 E1143.78875
G1 X125.243 Y122.002 E1143.80708
G1 X125.245 Y122.046 E1143.80854
G1 X125.243 Y122.654 E1143.82876
G1 X125.245 Y122.719 E1143.83093
G1 X125.245 Y124.95 E1143.90513
G1 X125.039 Y125.059 E1143.91288
G1 X124.143 Y125.488 E1143.94592
G1 X123.216 Y125.892 E1143.97956
G1 X122.258 Y126.269 E1144.0138
G1 X121.291 Y126.612 E1144.04792
G1 X120.289 Y126.929 E1144.08288
G1 X119.535 Y127.143 E1144.10895
G1 X119.281 Y127.214 E1144.11423
G0 F9000 X119.541 Y126.871
G0 X119.84 Y125.641
;TYPE:FILL
G1 F4800 X124.683 Y124.343 E1144.28099
G0 F9000 X124.682 Y116.683
G1 F4800 X104.514 Y96.515 E1145.22963
G0 F9000 X107.882 Y96.045
G1 F4800 X104.289 Y109.455 E1145.69138
G0 F9000 X104.383 Y109.352
G0 X103.787 Y105.133
G0 X103.647 Y105.133
G1 F4800 X124.683 Y99.496 E1146.41573
G0 F9000 X124.684 Y99.714
G1 F4800 X119.411 Y94.442 E1146.66373
G0 F9000 X121.248 Y92.526
G1 F4800 X114.387 Y118.132 E1147.54543
G0 F9000 X111.15 Y115.467
G0 X111.055 Y115.571
G1 F4800 X124.682 Y111.92 E1148.01465
G0 F9000 X113.639 Y117.967
G0 X113.369 Y117.864
;TYPE:SKIN
G1 F1500 X113.355 Y117.902 E1148.016
G1 X112.11 Y117.902 E1148.05741
G1 X99.481 Y106.488 E1148.62358
G1 X99.447 Y106.449 E1148.6253
G1 X99.446 Y97.453 E1148.92451
G1 X103.497 Y96.889 E1149.06055
G1 X103.497 Y108.941 E1149.4614
G1 X113.369 Y117.864 E1149.90399
G0 F9000 X112.731 Y117.502
G1 F1500 X112.492 Y117.741 E1149.91523
G0 F9000 X112.042 Y117.625
G1 F1500 X112.434 Y117.234 E1149.93365
G0 F9000 X112.137 Y116.965
G1 F1500 X111.745 Y117.357 E1149.95209
G0 F9000 X111.447 Y117.089
G1 F1500 X111.84 Y116.696 E1149.97057
G0 F9000 X111.543 Y116.427
G1 F1500 X111.15 Y116.82 E1149.98906
G0 F9000 X110.853 Y116.551
G1 F1500 X111.246 Y116.159 E1150.00752
G0 F9000 X110.948 Y115.891
G1 F1500 X110.556 Y116.283 E1150.02596
G0 F9000 X110.259 Y116.015
G1 F1500 X110.651 Y115.622 E1150.04442
G0 F9000 X110.354 Y115.353
G1 F1500 X109.962 Y115.746 E1150.06288
G0 F9000 X109.665 Y115.477
G1 F1500 X110.057 Y115.085 E1150.08132
G0 F9000 X109.76 Y114.816
G1 F1500 X109.368 Y115.208 E1150.09976
G0 F9000 X109.071 Y114.94
G1 F1500 X109.462 Y114.548 E1150.11817
G0 F9000 X109.165 Y114.279
G1 F1500 X108.773 Y114.672 E1150.13664
G0 F9000 X108.476 Y114.403
G1 F1500 X108.868 Y114.011 E1150.15508
G0 F9000 X108.572 Y113.742
G1 F1500 X108.179 Y114.134 E1150.17354
G0 F9000 X107.882 Y113.866
G1 F1500 X108.275 Y113.473 E1150.19202
G0 F9000 X107.978 Y113.204
G1 F1500 X107.584 Y113.598 E1150.21056
G0 F9000 X107.287 Y113.329
G1 F1500 X107.68 Y112.936 E1150.22904
G0 F9000 X107.383 Y112.668
G1 F1500 X106.99 Y113.06 E1150.2475
G0 F9000 X106.693 Y112.792
G1 F1500 X107.086 Y112.399 E1150.26599
G0 F9000 X106.789 Y112.13
G1 F1500 X106.396 Y112.523 E1150.28447
G0 F9000 X106.099 Y112.255
G1 F1500 X106.492 Y111.862 E1150.30296
G0 F9000 X106.195 Y111.593
G1 F1500 X105.802 Y111.986 E1150.32144
G0 F9000 X105.505 Y111.717
G1 F1500 X105.897 Y111.325 E1150.33988
G0 F9000 X105.6 Y111.056
G1 F1500 X105.208 Y111.449 E1150.35835
G0 F9000 X104.91 Y111.181
G1 F1500 X105.303 Y110.788 E1150.37683
G0 F9000 X105.006 Y110.519
G1 F1500 X104.613 Y110.912 E1150.39532
G0 F9000 X104.316 Y110.643
G1 F1500 X104.709 Y110.25 E1150.4138
G0 F9000 X104.412 Y109.982
G1 F1500 X104.019 Y110.375 E1150.43229
G0 F9000 X103.722 Y110.106
G1 F1500 X104.115 Y109.713 E1150.45077
G0 F9000 X103.818 Y109.445
G1 F1500 X103.424 Y109.838 E1150.46928
G0 F9000 X103.127 Y109.569
G1 F1500 X103.521 Y109.176 E1150.48779
G0 F9000 X103.336 Y108.795
G1 F1500 X102.831 Y109.301 E1150.51157
G0 F9000 X102.534 Y109.032
G1 F1500 X103.336 Y108.229 E1150.54932
G0 F9000 X103.336 Y107.664
G1 F1500 X102.236 Y108.764 E1150.60106
G0 F9000 X101.939 Y108.495
G1 F1500 X103.336 Y107.098 E1150.66677
G0 F9000 X103.336 Y106.532
G1 F1500 X101.642 Y108.226 E1150.74645
G0 F9000 X101.345 Y107.958
G1 F1500 X103.336 Y105.967 E1150.8401
G0 F9000 X103.336 Y105.401
G1 F1500 X101.048 Y107.689 E1150.94772
G0 F9000 X100.75 Y107.421
G1 F1500 X103.336 Y104.835 E1151.06936
G0 F9000 X103.336 Y104.269
G1 F1500 X100.453 Y107.152 E1151.20496
G0 F9000 X100.156 Y106.884
G1 F1500 X103.336 Y103.704 E1151.35454
G0 F9000 X103.336 Y103.138
G1 F1500 X99.859 Y106.615 E1151.51809
G0 F9000 X99.606 Y106.302
G1 F1500 X103.336 Y102.572 E1151.69354
G0 F9000 X103.336 Y102.007
G1 F1500 X99.606 Y105.737 E1151.86898
G0 F9000 X99.606 Y105.171
G1 F1500 X103.336 Y101.441 E1152.04443
G0 F9000 X103.336 Y100.875
G1 F1500 X99.606 Y104.605 E1152.21988
G0 F9000 X99.606 Y104.04
G1 F1500 X103.336 Y100.31 E1152.39533
G0 F9000 X103.336 Y99.744
G1 F1500 X99.606 Y103.474 E1152.57077
G0 F9000 X99.606 Y102.908
G1 F1500 X103.336 Y99.178 E1152.74622
G0 F9000 X103.336 Y98.613
G1 F1500 X99.606 Y102.343 E1152.92167
G0 F9000 X99.606 Y101.777
G1 F1500 X103.336 Y98.047 E1153.09712
G0 F9000 X103.336 Y97.481
G1 F1500 X99.606 Y101.211 E1153.27257
G0 F9000 X99.606 Y100.646
G1 F1500 X103.154 Y97.097 E1153.43948
G0 F9000 X102.497 Y97.189
G1 F1500 X99.606 Y100.08 E1153.57546
G0 F9000 X99.606 Y99.514
G1 F1500 X101.84 Y97.28 E1153.68054
G0 F9000 X101.183 Y97.372
G1 F1500 X99.606 Y98.948 E1153.75469
G0 F9000 X99.606 Y98.383
G1 F1500 X100.525 Y97.464 E1153.79792
G0 F9000 X99.868 Y97.555
G1 F1500 X99.606 Y97.817 E1153.81024
G0 F9000 X99.257 Y97.818
G1 F2400 E1153.01024
;MESH:NONMESH
G0 F300 X99.257 Y97.818 Z8.2
G0 F9000 X99.166 Y97.817
G0 X99.236 Y97.271
G0 X119.509 Y94.095
G0 X125.031 Y92.181
G0 X126.645 Y91.967
;TIME_ELAPSED:1407.880530
;LAYER:40
;TYPE:SUPPORT
G1 F2400 E1153.81024
G1 X130.245 Y91.967 E1153.92998
G1 X130.245 Y113.51 E1154.6465
G1 X130.242 Y113.564 E1154.6483
G1 X130.233 Y113.619 E1154.65016
G1 X130.044 Y114.293 E1154.67344
G1 X130.044 Y114.871 E1154.69266
G1 X129.845 Y115.444 E1154.71284
G1 X129.844 Y115.934 E1154.72914
G1 X129.645 Y116.353 E1154.74456
G1 X129.645 Y116.755 E1154.75793
G1 X129.445 Y117.123 E1154.77186
G1 X129.445 Y117.453 E1154.78284
G1 X129.394 Y117.536 E1154.78608
G1 X129.394 Y117.546 E1154.78641
G1 X129.245 Y117.782 E1154.7957
G1 X129.245 Y118.106 E1154.80647
G1 X129.217 Y118.143 E1154.80802
G1 X129.202 Y118.183 E1154.80944
G1 X129.06 Y118.629 E1154.825
G1 X129.025 Y118.674 E1154.8269
G1 X129.016 Y118.692 E1154.82757
G1 X128.842 Y119.206 E1154.84562
G1 X128.82 Y119.236 E1154.84686
G1 X128.639 Y119.716 E1154.86392
G1 X128.611 Y119.749 E1154.86536
G1 X128.451 Y120.155 E1154.87987
G1 X128.394 Y120.211 E1154.88253
G1 X128.242 Y120.587 E1154.89602
G1 X128.183 Y120.647 E1154.89882
G1 X128.046 Y120.981 E1154.91082
G1 X128.011 Y121.012 E1154.91238
G1 X128.001 Y121.026 E1154.91295
G1 X127.866 Y121.321 E1154.92374
G1 X127.75 Y121.419 E1154.92879
G1 X127.75 Y121.471 E1154.93052
G1 X127.64 Y121.726 E1154.93976
G1 X127.573 Y121.788 E1154.94279
G1 X127.553 Y121.827 E1154.94425
G1 X127.446 Y122.06 E1154.95278
G1 X127.374 Y122.113 E1154.95575
G1 X127.368 Y122.118 E1154.95601
G1 X127.232 Y122.407 E1154.96664
G1 X127.161 Y122.462 E1154.96962
G1 X127.154 Y122.477 E1154.97017
G1 X127.118 Y122.512 E1154.97184
G1 X127.118 Y122.547 E1154.97301
G1 X127.04 Y122.702 E1154.97878
G1 X126.995 Y122.735 E1154.98064
G1 X126.966 Y122.75 E1154.98172
G1 X126.96 Y122.761 E1154.98214
G1 X126.943 Y122.779 E1154.98296
G1 X126.832 Y123.006 E1154.99137
G1 X126.772 Y123.047 E1154.99378
G1 X126.767 Y123.057 E1154.99416
G1 X126.759 Y123.063 E1154.99449
G1 X126.645 Y123.278 E1155.00258
G1 X126.645 Y122.688 E1155.02221
G1 X126.643 Y122.648 E1155.02354
G1 X126.645 Y121.977 E1155.04586
G1 X126.643 Y121.935 E1155.04725
G1 X126.645 Y121.373 E1155.06595
G1 X126.643 Y121.063 E1155.07626
G1 X126.645 Y120.57 E1155.09265
G1 X126.643 Y120.29 E1155.10197
G1 X126.645 Y91.967 E1156.04399
G0 F9000 X128 Y92.327
G1 F2400 X127.005 Y92.327 E1156.07709
G1 X127.003 Y120.29 E1157.00714
G1 X127.005 Y120.57 E1157.01645
G1 X127.003 Y121.065 E1157.03292
G1 X127.005 Y121.373 E1157.04316
G1 X127.003 Y121.937 E1157.06192
G1 X127.005 Y121.969 E1157.06299
G1 X127.005 Y122.044 E1157.06548
G1 X127.077 Y121.891 E1157.07111
G1 X127.157 Y121.828 E1157.07449
G1 X127.229 Y121.671 E1157.08024
G1 X127.281 Y121.567 E1157.08411
G1 X127.34 Y121.513 E1157.08677
G1 X127.39 Y121.396 E1157.091
G1 X127.39 Y121.252 E1157.09579
G1 X127.572 Y121.099 E1157.1037
G1 X127.688 Y120.845 E1157.11298
G1 X127.741 Y120.77 E1157.11604
G1 X127.745 Y120.767 E1157.1162
G1 X127.877 Y120.445 E1157.12778
G1 X127.936 Y120.385 E1157.13058
G1 X128 Y120.226 E1157.13628
G1 X128 Y92.327 E1158.0642
G1 X129.885 Y92.327 E1158.1269
G1 X129.885 Y113.487 E1158.83068
G1 X129.881 Y113.54 E1158.83245
G1 X129.684 Y114.243 E1158.85673
G1 X129.684 Y114.811 E1158.87562
G1 X129.485 Y115.383 E1158.89577
G1 X129.484 Y115.851 E1158.91133
G1 X129.285 Y116.272 E1158.92682
G1 X129.285 Y116.662 E1158.93979
G1 X129.085 Y117.031 E1158.95375
G1 X129.085 Y117.351 E1158.9644
G1 X129.034 Y117.433 E1158.96761
G1 X129.034 Y117.443 E1158.96794
G1 X128.885 Y117.678 E1158.97719
G1 X128.885 Y118.004 E1158.98804
G1 X128.862 Y118.065 E1158.99021
G1 X128.735 Y118.46 E1159.00401
G1 X128.718 Y118.483 E1159.00496
G1 X128.683 Y118.553 E1159.00756
G1 X128.519 Y119.039 E1159.02462
G1 X128.501 Y119.063 E1159.02562
G1 X128.323 Y119.533 E1159.04233
G1 X128.298 Y119.562 E1159.04361
G1 X128.144 Y119.951 E1159.05752
G1 X128.088 Y120.006 E1159.06013
G1 X128 Y120.226 E1159.06801
G1 F2400 E1158.26801
;MESH:1x_1xm_pusher.stl
G0 F9000 X128.919 Y121.129
G0 X128.141 Y122.615
G0 X126.782 Y124.619
G0 X126.31 Y124.619
G0 X125.211 Y124.599
G0 X119.881 Y126.572
;TYPE:WALL-INNER
G1 F2400 E1159.06801
G1 X119.881 Y126.545 E1159.06891
G1 X119.881 Y126.341 E1159.0757
G1 X119.88 Y124.702 E1159.13021
G1 X120.016 Y124.66 E1159.13494
G1 X120.336 Y124.521 E1159.14655
G1 X120.633 Y124.352 E1159.15791
G1 X120.906 Y124.152 E1159.16917
G1 X121.148 Y123.917 E1159.18039
G1 X121.364 Y123.634 E1159.19223
G1 X121.55 Y123.271 E1159.2058
G1 X121.654 Y122.848 E1159.22028
G1 X121.654 Y122.415 E1159.23469
G1 X121.549 Y121.992 E1159.24918
G1 X121.351 Y121.608 E1159.26355
G1 X121.126 Y121.324 E1159.2756
G1 X120.823 Y121.046 E1159.28928
G1 X120.539 Y120.852 E1159.30072
G1 X120.23 Y120.692 E1159.31229
G1 X119.905 Y120.567 E1159.32387
G1 X119.88 Y120.56 E1159.32474
G1 X119.881 Y118.491 E1159.39355
G1 X119.881 Y118.292 E1159.40017
G1 X119.682 Y118.292 E1159.40445
G1 X112.428 Y118.292 E1159.64572
G1 X99.458 Y106.569 E1160.2272
G1 X99.457 Y97.256 E1160.53696
G1 X119.879 Y94.413 E1161.22275
G1 X119.879 Y92.367 E1161.2908
G1 X124.846 Y92.367 E1161.456
G1 X125.045 Y92.367 E1161.46262
G1 X125.045 Y92.566 E1161.4669
G1 X125.043 Y120.291 E1162.38904
G1 X125.045 Y120.569 E1162.39828
G1 X125.043 Y121.058 E1162.41455
G1 X125.045 Y121.373 E1162.42502
G1 X125.043 Y121.971 E1162.44491
G1 X125.045 Y122.022 E1162.44661
G1 X125.043 Y122.662 E1162.4679
G1 X125.045 Y122.714 E1162.46963
G1 X125.045 Y124.499 E1162.529
G1 X124.666 Y124.698 E1162.54324
G1 X123.783 Y125.121 E1162.5758
G1 X122.856 Y125.525 E1162.60943
G1 X121.924 Y125.892 E1162.64275
G1 X120.957 Y126.235 E1162.67688
G1 X120.174 Y126.483 E1162.70419
G1 X119.98 Y126.544 E1162.7089
G1 X119.881 Y126.572 E1162.71066
G0 F9000 X119.481 Y127.101
;TYPE:WALL-OUTER
G1 F2400 X119.481 Y126.838 E1162.71941
G1 X119.481 Y126.837 E1162.71944
G1 X119.48 Y124.397 E1162.8006
G1 X119.578 Y124.376 E1162.80393
G1 X119.877 Y124.284 E1162.81434
G1 X120.157 Y124.163 E1162.82448
G1 X120.415 Y124.016 E1162.83436
G1 X120.647 Y123.846 E1162.84393
G1 X120.848 Y123.651 E1162.85324
G1 X121.024 Y123.42 E1162.8629
G1 X121.173 Y123.13 E1162.87374
G1 X121.254 Y122.8 E1162.88504
G1 X121.254 Y122.464 E1162.89622
G1 X121.172 Y122.134 E1162.90753
G1 X121.013 Y121.826 E1162.91906
G1 X120.832 Y121.597 E1162.92877
G1 X120.574 Y121.36 E1162.94042
G1 X120.333 Y121.196 E1162.95011
G1 X120.066 Y121.057 E1162.96013
G1 X119.779 Y120.947 E1162.97035
G1 X119.48 Y120.863 E1162.98068
G1 X119.481 Y118.892 E1163.04623
G1 X119.481 Y118.692 E1163.05289
G1 X119.281 Y118.692 E1163.05719
G1 X112.274 Y118.692 E1163.29025
G1 X99.058 Y106.747 E1163.88275
G1 X99.057 Y96.908 E1164.21
G1 X119.479 Y94.065 E1164.89579
G1 X119.479 Y91.967 E1164.96557
G1 X125.245 Y91.967 E1165.15734
G1 X125.445 Y91.967 E1165.164
G1 X125.445 Y92.167 E1165.1683
G1 X125.443 Y120.29 E1166.10368
G1 X125.445 Y120.571 E1166.11302
G1 X125.443 Y121.058 E1166.12922
G1 X125.445 Y121.374 E1166.13973
G1 X125.443 Y121.962 E1166.15929
G1 X125.445 Y122.003 E1166.16065
G1 X125.443 Y122.656 E1166.18237
G1 X125.445 Y122.714 E1166.1843
G1 X125.445 Y124.74 E1166.25169
G1 X124.839 Y125.059 E1166.27447
G1 X123.943 Y125.488 E1166.30751
G1 X123.016 Y125.892 E1166.34114
G1 X122.058 Y126.269 E1166.37538
G1 X121.091 Y126.612 E1166.40951
G1 X120.089 Y126.929 E1166.44446
G1 X119.735 Y127.03 E1166.45671
G1 X119.481 Y127.101 E1166.46198
G0 F9000 X119.741 Y126.758
G0 X120.039 Y125.734
;TYPE:FILL
G1 F4800 X124.749 Y124.472 E1166.62417
G0 F9000 X124.882 Y116.683
G1 F4800 X105.07 Y96.87 E1167.55608
G0 F9000 X105.211 Y96.87
G0 X107.674 Y96.271
G1 F4800 X105.07 Y105.99 E1167.89074
G0 F9000 X105.211 Y105.99
G0 X105.211 Y104.898
G0 X105.071 Y104.898
G1 F4800 X124.883 Y99.59 E1168.57293
G0 F9000 X124.884 Y99.714
G1 F4800 X119.76 Y94.59 E1168.81395
G0 F9000 X121.102 Y92.525
G1 F4800 X114.241 Y118.13 E1169.69562
G0 F9000 X114.126 Y117.864
G0 X111.635 Y115.484
G0 X111.54 Y115.588
G1 F4800 X124.882 Y112.013 E1170.15503
G0 F9000 X114.106 Y117.967
G0 X113.836 Y117.864
;TYPE:SKIN
G1 F1500 X113.822 Y117.902 E1170.15638
G1 X112.577 Y117.902 E1170.19778
G1 X99.848 Y106.397 E1170.76846
G1 X99.847 Y97.595 E1171.06121
G1 X104.921 Y96.889 E1171.2316
G1 X104.921 Y109.806 E1171.66122
G1 X113.836 Y117.864 E1172.06091
G0 F9000 X114.106 Y117.967
G0 X112.495 Y118.119
G0 X99.632 Y106.491
G0 X99.567 Y106.229
G0 X100.006 Y106.229
G1 F1500 X101.006 Y107.229 E1172.10795
G0 F9000 X100.712 Y107.553
G0 X99.632 Y106.491
G0 X99.567 Y105.663
G0 X100.006 Y105.663
G1 F1500 X106.888 Y112.545 E1172.43165
G0 F9000 X106.594 Y112.87
G0 X112.495 Y118.119
G0 X113.978 Y118.114
G0 X114.098 Y117.801
G0 X105.312 Y109.77
G0 X105.011 Y110.102
G1 F1500 X112.65 Y117.741 E1172.79097
G0 F9000 X113.216 Y117.741
G1 F1500 X110.892 Y115.418 E1172.90026
G0 F9000 X111.194 Y115.085
G0 X105.202 Y109.683
G0 X104.76 Y109.851
G1 F1500 X100.006 Y105.097 E1173.12387
G0 F9000 X100.006 Y104.532
G1 F1500 X104.76 Y109.286 E1173.34749
G0 F9000 X104.76 Y108.72
G1 F1500 X100.006 Y103.966 E1173.5711
G0 F9000 X100.006 Y103.4
G1 F1500 X104.76 Y108.154 E1173.79471
G0 F9000 X104.76 Y107.589
G1 F1500 X100.006 Y102.835 E1174.01833
G0 F9000 X100.006 Y102.269
G1 F1500 X104.76 Y107.023 E1174.24194
G0 F9000 X104.76 Y106.457
G1 F1500 X100.006 Y101.703 E1174.46555
G0 F9000 X100.006 Y101.138
G1 F1500 X104.76 Y105.892 E1174.68917
G0 F9000 X104.76 Y105.326
G1 F1500 X100.006 Y100.572 E1174.91278
G0 F9000 X100.006 Y100.006
G1 F1500 X104.76 Y104.76 E1175.1364
G0 F9000 X104.76 Y104.195
G1 F1500 X100.006 Y99.441 E1175.36001
G0 F9000 X100.006 Y98.875
G1 F1500 X104.76 Y103.629 E1175.58362
G0 F9000 X104.76 Y103.063
G1 F1500 X100.006 Y98.309 E1175.80724
G0 F9000 X100.006 Y97.744
G1 F1500 X104.76 Y102.497 E1176.03083
G0 F9000 X104.76 Y101.932
G1 F1500 X100.495 Y97.667 E1176.23144
G0 F9000 X100.991 Y97.597
G1 F1500 X104.76 Y101.366 E1176.40872
G0 F9000 X104.76 Y100.8
G1 F1500 X101.488 Y97.528 E1176.56263
G0 F9000 X101.985 Y97.459
G1 F1500 X104.76 Y100.235 E1176.69318
G0 F9000 X104.76 Y99.669
G1 F1500 X102.481 Y97.39 E1176.80037
G0 F9000 X102.978 Y97.321
G1 F1500 X104.76 Y99.103 E1176.88419
G0 F9000 X104.76 Y98.538
G1 F1500 X103.474 Y97.251 E1176.94471
G0 F9000 X103.971 Y97.183
G1 F1500 X104.76 Y97.972 E1176.98182
G0 F9000 X104.76 Y97.406
G1 F1500 X104.467 Y97.114 E1176.99558
G0 F9000 X104.419 Y96.767
G1 F2400 E1176.19558
;MESH:NONMESH
G0 F300 X104.419 Y96.767 Z8.4
G0 F9000 X104.409 Y96.677
G0 X119.709 Y94.265
G0 X125.231 Y92.181
G0 X126.845 Y91.967
;TIME_ELAPSED:1436.013571
;LAYER:41
;TYPE:SUPPORT
G1 F2400 E1176.99558
G1 X130.245 Y91.967 E1177.10866
G1 X130.245 Y113.51 E1177.82519
G1 X130.242 Y113.564 E1177.82698
G1 X130.233 Y113.619 E1177.82884
G1 X130.044 Y114.293 E1177.85212
G1 X130.044 Y114.871 E1177.87134
G1 X129.845 Y115.444 E1177.89152
G1 X129.844 Y115.934 E1177.90782
G1 X129.645 Y116.353 E1177.92324
G1 X129.645 Y116.755 E1177.93661
G1 X129.445 Y117.123 E1177.95055
G1 X129.445 Y117.453 E1177.96152
G1 X129.394 Y117.536 E1177.96476
G1 X129.394 Y117.546 E1177.96509
G1 X129.245 Y117.782 E1177.97438
G1 X129.245 Y118.106 E1177.98515
G1 X129.217 Y118.143 E1177.9867
G1 X129.212 Y118.157 E1177.98719
G1 X129.203 Y118.17 E1177.98772
G1 X129.138 Y118.387 E1177.99525
G1 X129.092 Y118.528 E1178.00018
G1 X129.06 Y118.629 E1178.00371
G1 X129.025 Y118.674 E1178.0056
G1 X129.016 Y118.692 E1178.00627
G1 X128.842 Y119.206 E1178.02432
G1 X128.82 Y119.236 E1178.02556
G1 X128.638 Y119.717 E1178.04266
G1 X128.611 Y119.749 E1178.04406
G1 X128.451 Y120.155 E1178.05857
G1 X128.394 Y120.211 E1178.06123
G1 X128.242 Y120.587 E1178.07472
G1 X128.183 Y120.647 E1178.07752
G1 X128.046 Y120.981 E1178.08952
G1 X128.011 Y121.012 E1178.09108
G1 X128.001 Y121.026 E1178.09165
G1 X127.866 Y121.321 E1178.10244
G1 X127.75 Y121.419 E1178.10749
G1 X127.75 Y121.471 E1178.10922
G1 X127.64 Y121.726 E1178.11846
G1 X127.573 Y121.788 E1178.12149
G1 X127.553 Y121.827 E1178.12295
G1 X127.446 Y122.06 E1178.13148
G1 X127.374 Y122.113 E1178.13445
G1 X127.368 Y122.118 E1178.13471
G1 X127.232 Y122.407 E1178.14534
G1 X127.161 Y122.462 E1178.14832
G1 X127.154 Y122.477 E1178.14887
G1 X127.118 Y122.512 E1178.15054
G1 X127.118 Y122.547 E1178.15171
G1 X127.04 Y122.702 E1178.15748
G1 X126.995 Y122.735 E1178.15934
G1 X126.966 Y122.75 E1178.16042
G1 X126.96 Y122.761 E1178.16084
G1 X126.943 Y122.779 E1178.16166
G1 X126.845 Y122.979 E1178.16907
G1 X126.845 Y122.678 E1178.17908
G1 X126.843 Y122.644 E1178.18021
G1 X126.845 Y121.939 E1178.20366
G1 X126.843 Y121.9 E1178.20496
G1 X126.845 Y120.98 E1178.23556
G1 X126.843 Y120.946 E1178.23669
G1 X126.845 Y120.443 E1178.25342
G1 X126.843 Y120.178 E1178.26224
G1 X126.845 Y91.967 E1179.20054
G0 F9000 X128 Y92.327
G1 F2400 X127.205 Y92.327 E1179.22698
G1 X127.203 Y120.178 E1180.15331
G1 X127.205 Y120.443 E1180.16212
G1 X127.203 Y120.935 E1180.17849
G1 X127.205 Y120.97 E1180.17965
G1 X127.203 Y121.727 E1180.20483
G1 X127.229 Y121.671 E1180.20688
G1 X127.281 Y121.567 E1180.21075
G1 X127.34 Y121.513 E1180.21341
G1 X127.39 Y121.396 E1180.21764
G1 X127.39 Y121.252 E1180.22243
G1 X127.572 Y121.099 E1180.23034
G1 X127.688 Y120.845 E1180.23963
G1 X127.741 Y120.77 E1180.24268
G1 X127.745 Y120.767 E1180.24285
G1 X127.877 Y120.445 E1180.25442
G1 X127.936 Y120.385 E1180.25722
G1 X128 Y120.226 E1180.26292
G1 X128 Y92.327 E1181.19085
G1 X129.885 Y92.327 E1181.25354
G1 X129.885 Y113.487 E1181.95733
G1 X129.881 Y113.54 E1181.9591
G1 X129.684 Y114.243 E1181.98338
G1 X129.684 Y114.811 E1182.00227
G1 X129.485 Y115.383 E1182.02241
G1 X129.484 Y115.851 E1182.03798
G1 X129.285 Y116.272 E1182.05347
G1 X129.285 Y116.662 E1182.06644
G1 X129.085 Y117.031 E1182.0804
G1 X129.085 Y117.351 E1182.09104
G1 X129.034 Y117.433 E1182.09425
G1 X129.034 Y117.443 E1182.09459
G1 X128.885 Y117.678 E1182.10384
G1 X128.885 Y117.997 E1182.11445
G1 X128.875 Y118.011 E1182.11502
G1 X128.796 Y118.275 E1182.12419
G1 X128.736 Y118.458 E1182.13059
G1 X128.719 Y118.482 E1182.13157
G1 X128.683 Y118.553 E1182.13422
G1 X128.519 Y119.039 E1182.15128
G1 X128.501 Y119.063 E1182.15228
G1 X128.322 Y119.532 E1182.16897
G1 X128.298 Y119.562 E1182.17025
G1 X128.144 Y119.951 E1182.18417
G1 X128.088 Y120.006 E1182.18678
G1 X128 Y120.226 E1182.19466
G1 F2400 E1181.39466
;MESH:1x_1xm_pusher.stl
G0 F9000 X125.426 Y121.017
G0 X120.081 Y126.449
;TYPE:WALL-INNER
G1 F2400 E1182.19466
G1 X120.081 Y126.178 E1182.20367
G1 X120.081 Y126.177 E1182.20371
G1 X120.08 Y124.546 E1182.25795
G1 X120.338 Y124.412 E1182.26762
G1 X120.619 Y124.221 E1182.27892
G1 X120.87 Y123.999 E1182.29007
G1 X121.099 Y123.731 E1182.30179
G1 X121.307 Y123.371 E1182.31562
G1 X121.439 Y122.956 E1182.33011
G1 X121.463 Y122.522 E1182.34456
G1 X121.385 Y122.097 E1182.35893
G1 X121.21 Y121.702 E1182.3733
G1 X121.002 Y121.41 E1182.38523
G1 X120.711 Y121.115 E1182.39901
G1 X120.433 Y120.911 E1182.41048
G1 X120.135 Y120.742 E1182.42187
G1 X120.081 Y120.719 E1182.42383
G1 X120.081 Y118.292 E1182.50455
G1 X112.894 Y118.292 E1182.74359
G1 X100.641 Y107.217 E1183.29293
G1 X100.641 Y97.289 E1183.62313
G1 X120.08 Y94.585 E1184.2759
G1 X120.079 Y92.566 E1184.34305
G1 X120.079 Y92.367 E1184.34967
G1 X120.278 Y92.367 E1184.35396
G1 X125.046 Y92.367 E1184.51254
G1 X125.245 Y92.367 E1184.51916
G1 X125.245 Y92.566 E1184.52344
G1 X125.243 Y120.179 E1185.44185
G1 X125.245 Y120.442 E1185.4506
G1 X125.243 Y120.982 E1185.46856
G1 X125.245 Y121.006 E1185.46936
G1 X125.243 Y121.933 E1185.50019
G1 X125.245 Y121.96 E1185.50109
G1 X125.243 Y122.665 E1185.52454
G1 X125.245 Y122.724 E1185.52651
G1 X125.245 Y124.289 E1185.57856
G1 X124.465 Y124.698 E1185.60785
G1 X123.583 Y125.121 E1185.64039
G1 X122.656 Y125.525 E1185.67402
G1 X121.724 Y125.892 E1185.70733
G1 X120.757 Y126.235 E1185.74146
G1 X120.34 Y126.367 E1185.75601
G1 X120.081 Y126.449 E1185.7614
G0 F9000 X119.681 Y126.988
;TYPE:WALL-OUTER
G1 F2400 X119.681 Y126.93 E1185.76333
G1 X119.681 Y126.799 E1185.76769
G1 X119.68 Y124.276 E1185.8516
G1 X119.866 Y124.207 E1185.8582
G1 X120.133 Y124.068 E1185.86821
G1 X120.373 Y123.905 E1185.87786
G1 X120.584 Y123.718 E1185.88724
G1 X120.771 Y123.499 E1185.89682
G1 X120.939 Y123.209 E1185.90797
G1 X121.042 Y122.883 E1185.91934
G1 X121.061 Y122.547 E1185.93053
G1 X121 Y122.216 E1185.94172
G1 X120.861 Y121.901 E1185.95318
G1 X120.695 Y121.668 E1185.96269
G1 X120.449 Y121.419 E1185.97433
G1 X120.215 Y121.247 E1185.98399
G1 X119.957 Y121.101 E1185.99385
G1 X119.681 Y120.982 E1186.00385
G1 X119.681 Y118.692 E1186.08001
G1 X112.74 Y118.692 E1186.31087
G1 X100.241 Y107.395 E1186.87123
G1 X100.241 Y96.941 E1187.21893
G1 X119.68 Y94.237 E1187.8717
G1 X119.679 Y92.167 E1187.94055
G1 X119.679 Y91.967 E1187.9472
G1 X119.879 Y91.967 E1187.95151
G1 X125.445 Y91.967 E1188.13664
G1 X125.645 Y91.967 E1188.14329
G1 X125.645 Y92.167 E1188.14759
G1 X125.643 Y120.178 E1189.07924
G1 X125.645 Y120.444 E1189.08809
G1 X125.643 Y120.971 E1189.10562
G1 X125.645 Y121.006 E1189.10679
G1 X125.643 Y121.923 E1189.13729
G1 X125.645 Y121.961 E1189.13855
G1 X125.643 Y122.658 E1189.16173
G1 X125.645 Y122.708 E1189.1634
G1 X125.645 Y124.525 E1189.22383
G1 X125.519 Y124.597 E1189.22866
G1 X124.638 Y125.059 E1189.26175
G1 X123.743 Y125.488 E1189.29476
G1 X122.816 Y125.892 E1189.32839
G1 X121.858 Y126.269 E1189.36263
G1 X120.891 Y126.612 E1189.39676
G1 X120.014 Y126.89 E1189.42736
G1 X119.889 Y126.929 E1189.43086
G1 X119.681 Y126.988 E1189.43512
G0 F9000 X119.94 Y126.642
G0 X120.24 Y125.826
;TYPE:FILL
G1 F4800 X123.634 Y124.917 E1189.55199
G0 F9000 X124.863 Y124.307
G1 F4800 X125.084 Y123.482 E1189.58039
G0 F9000 X125.082 Y116.683
G1 F4800 X106.493 Y98.094 E1190.45476
G0 F9000 X106.634 Y98.094
G0 X107.468 Y96.498
G1 F4800 X106.493 Y100.135 E1190.58
G0 F9000 X106.634 Y100.135
G0 X106.634 Y104.663
G0 X106.494 Y104.663
G1 F4800 X125.083 Y99.682 E1191.22008
G0 F9000 X125.083 Y99.714
G1 F4800 X120.111 Y94.742 E1191.45395
G0 F9000 X120.955 Y92.526
G1 F4800 X114.236 Y117.601 E1192.31737
G0 F9000 X114.33 Y117.498
G0 X112.119 Y115.5
G0 X112.024 Y115.604
G1 F4800 X125.082 Y112.106 E1192.767
G0 F9000 X114.572 Y117.967
G0 X114.302 Y117.864
;TYPE:SKIN
G1 F1500 X114.288 Y117.902 E1192.76834
G1 X113.043 Y117.902 E1192.80975
G1 X101.031 Y107.045 E1193.34828
G1 X101.031 Y97.628 E1193.66149
G1 X106.344 Y96.889 E1193.8399
G1 X106.344 Y110.672 E1194.29833
G1 X114.302 Y117.864 E1194.65509
G0 F9000 X113.768 Y117.596
G1 F1500 X113.624 Y117.741 E1194.66189
G0 F9000 X113.471 Y117.328
G1 F1500 X113.079 Y117.719 E1194.6803
G0 F9000 X112.782 Y117.451
G1 F1500 X113.174 Y117.059 E1194.69874
G0 F9000 X112.877 Y116.79
G1 F1500 X112.485 Y117.183 E1194.7172
G0 F9000 X112.188 Y116.914
G1 F1500 X112.58 Y116.522 E1194.73564
G0 F9000 X112.282 Y116.254
G1 F1500 X111.891 Y116.645 E1194.75403
G0 F9000 X111.594 Y116.377
G1 F1500 X111.985 Y115.985 E1194.77245
G0 F9000 X111.688 Y115.716
G1 F1500 X111.297 Y116.108 E1194.79086
G0 F9000 X110.999 Y115.84
G1 F1500 X111.391 Y115.447 E1194.80932
G0 F9000 X111.094 Y115.179
G1 F1500 X110.702 Y115.571 E1194.82776
G0 F9000 X110.405 Y115.302
G1 F1500 X110.797 Y114.911 E1194.84618
G0 F9000 X110.5 Y114.642
G1 F1500 X110.108 Y115.034 E1194.86461
G0 F9000 X109.811 Y114.765
G1 F1500 X110.203 Y114.373 E1194.88305
G0 F9000 X109.906 Y114.105
G1 F1500 X109.513 Y114.497 E1194.90152
G0 F9000 X109.216 Y114.228
G1 F1500 X109.608 Y113.837 E1194.91993
G0 F9000 X109.311 Y113.568
G1 F1500 X108.919 Y113.96 E1194.93837
G0 F9000 X108.622 Y113.691
G1 F1500 X109.014 Y113.299 E1194.95681
G0 F9000 X108.717 Y113.031
G1 F1500 X108.325 Y113.422 E1194.97522
G0 F9000 X108.028 Y113.154
G1 F1500 X108.42 Y112.762 E1194.99366
G0 F9000 X108.122 Y112.494
G1 F1500 X107.731 Y112.886 E1195.01208
G0 F9000 X107.434 Y112.617
G1 F1500 X107.826 Y112.225 E1195.03051
G0 F9000 X107.529 Y111.956
G1 F1500 X107.137 Y112.348 E1195.04895
G0 F9000 X106.84 Y112.079
G1 F1500 X107.232 Y111.688 E1195.06737
G0 F9000 X106.935 Y111.419
G1 F1500 X106.542 Y111.811 E1195.08583
G0 F9000 X106.245 Y111.543
G1 F1500 X106.637 Y111.151 E1195.10427
G0 F9000 X106.34 Y110.882
G1 F1500 X105.948 Y111.274 E1195.12271
G0 F9000 X105.651 Y111.005
G1 F1500 X106.183 Y110.474 E1195.14771
G0 F9000 X106.183 Y109.908
G1 F1500 X105.354 Y110.737 E1195.1867
G0 F9000 X105.056 Y110.469
G1 F1500 X106.183 Y109.342 E1195.23971
G0 F9000 X106.183 Y108.777
G1 F1500 X104.759 Y110.2 E1195.30667
G0 F9000 X104.463 Y109.931
G1 F1500 X106.183 Y108.211 E1195.38757
G0 F9000 X106.183 Y107.645
G1 F1500 X104.166 Y109.663 E1195.48247
G0 F9000 X103.869 Y109.394
G1 F1500 X106.183 Y107.08 E1195.59131
G0 F9000 X106.183 Y106.514
G1 F1500 X103.571 Y109.126 E1195.71417
G0 F9000 X103.274 Y108.857
G1 F1500 X106.183 Y105.948 E1195.851
G0 F9000 X106.183 Y105.382
G1 F1500 X102.977 Y108.588 E1196.0018
G0 F9000 X102.68 Y108.32
G1 F1500 X106.183 Y104.817 E1196.16657
G0 F9000 X106.183 Y104.251
G1 F1500 X102.383 Y108.051 E1196.34531
G0 F9000 X102.085 Y107.783
G1 F1500 X106.183 Y103.685 E1196.53807
G0 F9000 X106.183 Y103.12
G1 F1500 X101.788 Y107.514 E1196.74478
G0 F9000 X101.491 Y107.246
G1 F1500 X106.183 Y102.554 E1196.96547
G0 F9000 X106.183 Y101.988
G1 F1500 X101.194 Y106.977 E1197.20014
G0 F9000 X101.191 Y106.415
G1 F1500 X106.183 Y101.423 E1197.43495
G0 F9000 X106.183 Y100.857
G1 F1500 X101.191 Y105.849 E1197.66976
G0 F9000 X101.191 Y105.283
G1 F1500 X106.183 Y100.291 E1197.90456
G0 F9000 X106.183 Y99.726
G1 F1500 X101.191 Y104.718 E1198.13937
G0 F9000 X101.191 Y104.152
G1 F1500 X106.183 Y99.16 E1198.37418
G0 F9000 X106.183 Y98.594
G1 F1500 X101.191 Y103.586 E1198.60899
G0 F9000 X101.191 Y103.021
G1 F1500 X106.183 Y98.029 E1198.8438
G0 F9000 X106.183 Y97.463
G1 F1500 X101.191 Y102.455 E1199.07861
G0 F9000 X101.191 Y101.889
G1 F1500 X105.979 Y97.101 E1199.30382
G0 F9000 X105.322 Y97.192
G1 F1500 X101.191 Y101.324 E1199.49815
G0 F9000 X101.191 Y100.758
G1 F1500 X104.665 Y97.283 E1199.66158
G0 F9000 X104.009 Y97.374
G1 F1500 X101.191 Y100.192 E1199.79413
G0 F9000 X101.191 Y99.627
G1 F1500 X103.352 Y97.466 E1199.89578
G0 F9000 X102.695 Y97.557
G1 F1500 X101.191 Y99.061 E1199.96652
G0 F9000 X101.191 Y98.495
G1 F1500 X102.038 Y97.648 E1200.00636
G0 F9000 X101.381 Y97.739
G1 F1500 X101.191 Y97.93 E1200.01532
G0 F9000 X100.841 Y97.93
G1 F2400 E1199.21532
;MESH:NONMESH
G0 F300 X100.841 Y97.93 Z8.6
G0 F9000 X100.751 Y97.93
G0 X100.821 Y97.446
G0 X119.91 Y94.437
G0 X125.431 Y92.181
G0 X127.045 Y91.967
;TIME_ELAPSED:1464.956244
;LAYER:42
;TYPE:SUPPORT
G1 F2400 E1200.01532
G1 X130.245 Y91.967 E1200.12176
G1 X130.245 Y113.51 E1200.83828
G1 X130.242 Y113.564 E1200.84008
G1 X130.233 Y113.619 E1200.84193
G1 X130.044 Y114.293 E1200.86521
G1 X130.044 Y114.871 E1200.88444
G1 X129.845 Y115.444 E1200.90461
G1 X129.844 Y115.934 E1200.92091
G1 X129.645 Y116.353 E1200.93634
G1 X129.645 Y116.755 E1200.94971
G1 X129.445 Y117.123 E1200.96364
G1 X129.445 Y117.453 E1200.97462
G1 X129.394 Y117.536 E1200.97786
G1 X129.394 Y117.546 E1200.97819
G1 X129.245 Y117.782 E1200.98747
G1 X129.245 Y118.106 E1200.99825
G1 X129.217 Y118.143 E1200.99979
G1 X129.212 Y118.157 E1201.00028
G1 X129.203 Y118.17 E1201.00081
G1 X129.138 Y118.387 E1201.00835
G1 X129.092 Y118.528 E1201.01328
G1 X129.06 Y118.629 E1201.0168
G1 X129.025 Y118.674 E1201.0187
G1 X129.016 Y118.692 E1201.01937
G1 X128.842 Y119.206 E1201.03742
G1 X128.82 Y119.236 E1201.03865
G1 X128.638 Y119.717 E1201.05576
G1 X128.611 Y119.749 E1201.05715
G1 X128.451 Y120.155 E1201.07167
G1 X128.394 Y120.211 E1201.07432
G1 X128.242 Y120.587 E1201.08781
G1 X128.183 Y120.649 E1201.09066
G1 X128.046 Y120.981 E1201.1026
G1 X128.011 Y121.012 E1201.10416
G1 X128.001 Y121.026 E1201.10473
G1 X127.866 Y121.321 E1201.11552
G1 X127.75 Y121.419 E1201.12057
G1 X127.75 Y121.471 E1201.1223
G1 X127.64 Y121.726 E1201.13154
G1 X127.573 Y121.788 E1201.13458
G1 X127.553 Y121.827 E1201.13603
G1 X127.446 Y122.06 E1201.14456
G1 X127.374 Y122.113 E1201.14753
G1 X127.368 Y122.118 E1201.14779
G1 X127.232 Y122.407 E1201.15842
G1 X127.161 Y122.462 E1201.1614
G1 X127.154 Y122.477 E1201.16195
G1 X127.118 Y122.512 E1201.16362
G1 X127.118 Y122.547 E1201.16479
G1 X127.045 Y122.692 E1201.17019
G1 X127.043 Y122.624 E1201.17245
G1 X127.045 Y121.897 E1201.19663
G1 X127.043 Y121.858 E1201.19793
G1 X127.045 Y120.897 E1201.22989
G1 X127.043 Y120.864 E1201.23099
G1 X127.045 Y120.315 E1201.24925
G1 X127.043 Y120.066 E1201.25753
G1 X127.045 Y91.967 E1202.19211
G0 F9000 X128 Y92.327
G1 F2400 X127.405 Y92.327 E1202.2119
G1 X127.403 Y120.066 E1203.1345
G1 X127.405 Y120.315 E1203.14279
G1 X127.403 Y120.853 E1203.16068
G1 X127.405 Y120.887 E1203.16181
G1 X127.404 Y121.24 E1203.17355
G1 X127.572 Y121.099 E1203.18085
G1 X127.688 Y120.845 E1203.19014
G1 X127.741 Y120.77 E1203.19319
G1 X127.745 Y120.767 E1203.19336
G1 X127.876 Y120.449 E1203.2048
G1 X127.934 Y120.389 E1203.20757
G1 X128 Y120.225 E1203.21345
G1 X128 Y92.327 E1204.14134
G1 X129.885 Y92.327 E1204.20404
G1 X129.885 Y113.487 E1204.90782
G1 X129.881 Y113.54 E1204.90959
G1 X129.684 Y114.243 E1204.93387
G1 X129.684 Y114.811 E1204.95276
G1 X129.485 Y115.383 E1204.97291
G1 X129.484 Y115.851 E1204.98847
G1 X129.285 Y116.272 E1205.00396
G1 X129.285 Y116.662 E1205.01693
G1 X129.085 Y117.031 E1205.03089
G1 X129.085 Y117.351 E1205.04154
G1 X129.034 Y117.433 E1205.04475
G1 X129.034 Y117.443 E1205.04508
G1 X128.885 Y117.678 E1205.05434
G1 X128.885 Y117.997 E1205.06495
G1 X128.875 Y118.011 E1205.06552
G1 X128.796 Y118.275 E1205.07468
G1 X128.736 Y118.458 E1205.08109
G1 X128.719 Y118.482 E1205.08207
G1 X128.683 Y118.553 E1205.08471
G1 X128.519 Y119.039 E1205.10177
G1 X128.501 Y119.063 E1205.10277
G1 X128.322 Y119.532 E1205.11947
G1 X128.298 Y119.562 E1205.12075
G1 X128.144 Y119.951 E1205.13466
G1 X128.088 Y120.006 E1205.13727
G1 X128 Y120.225 E1205.14512
G1 F2400 E1204.34512
;MESH:1x_1xm_pusher.stl
G0 F9000 X125.625 Y120.923
G0 X120.281 Y126.322
;TYPE:WALL-INNER
G1 F2400 E1205.14512
G1 X120.281 Y126.236 E1205.14798
G1 X120.281 Y126.149 E1205.15088
G1 X120.28 Y124.317 E1205.21181
G1 X120.506 Y124.152 E1205.22112
G1 X120.751 Y123.914 E1205.23248
G1 X121.008 Y123.566 E1205.24687
G1 X121.185 Y123.167 E1205.26138
G1 X121.263 Y122.742 E1205.27575
G1 X121.239 Y122.309 E1205.29018
G1 X121.107 Y121.891 E1205.30476
G1 X120.889 Y121.518 E1205.31913
G1 X120.661 Y121.257 E1205.33065
G1 X120.414 Y121.04 E1205.34159
G1 X120.28 Y120.949 E1205.34698
G1 X120.281 Y118.491 E1205.42873
G1 X120.281 Y118.292 E1205.43535
G1 X120.082 Y118.292 E1205.43963
G1 X113.36 Y118.292 E1205.66321
G1 X102.064 Y108.082 E1206.16964
G1 X102.064 Y97.289 E1206.52862
G1 X120.28 Y94.755 E1207.14032
G1 X120.279 Y92.566 E1207.21312
G1 X120.279 Y92.367 E1207.21974
G1 X120.478 Y92.367 E1207.22402
G1 X125.246 Y92.367 E1207.38261
G1 X125.445 Y92.367 E1207.38923
G1 X125.445 Y92.566 E1207.39351
G1 X125.443 Y120.068 E1208.30823
G1 X125.445 Y120.316 E1208.31648
G1 X125.443 Y120.887 E1208.33547
G1 X125.445 Y120.941 E1208.33727
G1 X125.443 Y121.892 E1208.3689
G1 X125.445 Y121.918 E1208.36976
G1 X125.443 Y122.67 E1208.39478
G1 X125.445 Y122.722 E1208.39651
G1 X125.445 Y124.064 E1208.44114
G1 X125.124 Y124.248 E1208.45345
G1 X124.265 Y124.698 E1208.4857
G1 X123.383 Y125.121 E1208.51824
G1 X122.456 Y125.525 E1208.55187
G1 X121.524 Y125.892 E1208.58518
G1 X120.638 Y126.206 E1208.61645
G1 X120.557 Y126.235 E1208.61895
G1 X120.281 Y126.322 E1208.62503
G0 F9000 X119.881 Y126.868
;TYPE:WALL-OUTER
G1 F2400 X119.881 Y126.597 E1208.63405
G1 X119.881 Y126.596 E1208.63408
G1 X119.88 Y124.094 E1208.7173
G1 X120.015 Y124.016 E1208.72248
G1 X120.247 Y123.846 E1208.73205
G1 X120.449 Y123.65 E1208.74141
G1 X120.66 Y123.364 E1208.75323
G1 X120.8 Y123.048 E1208.76473
G1 X120.861 Y122.717 E1208.77592
G1 X120.842 Y122.381 E1208.78712
G1 X120.739 Y122.054 E1208.79852
G1 X120.563 Y121.753 E1208.81011
G1 X120.377 Y121.54 E1208.81952
G1 X120.168 Y121.357 E1208.82876
G1 X119.939 Y121.2 E1208.83799
G1 X119.88 Y121.164 E1208.84029
G1 X119.881 Y118.892 E1208.91586
G1 X119.881 Y118.692 E1208.92251
G1 X119.681 Y118.692 E1208.92682
G1 X113.206 Y118.692 E1209.14218
G1 X101.664 Y108.26 E1209.65963
G1 X101.664 Y96.941 E1210.0361
G1 X119.88 Y94.407 E1210.6478
G1 X119.879 Y92.167 E1210.72231
G1 X119.879 Y91.967 E1210.72896
G1 X120.079 Y91.967 E1210.73327
G1 X125.645 Y91.967 E1210.91839
G1 X125.845 Y91.967 E1210.92504
G1 X125.845 Y92.167 E1210.92935
G1 X125.843 Y120.066 E1211.85728
G1 X125.845 Y120.317 E1211.86562
G1 X125.843 Y120.879 E1211.88432
G1 X125.845 Y120.923 E1211.88578
G1 X125.843 Y121.882 E1211.91768
G1 X125.845 Y121.919 E1211.91891
G1 X125.843 Y122.661 E1211.94359
G1 X125.845 Y122.703 E1211.94499
G1 X125.845 Y124.296 E1211.99797
G1 X125.319 Y124.597 E1212.01813
G1 X124.438 Y125.059 E1212.05122
G1 X123.543 Y125.488 E1212.08423
G1 X122.616 Y125.892 E1212.11786
G1 X121.658 Y126.269 E1212.1521
G1 X120.691 Y126.612 E1212.18623
G1 X120.14 Y126.786 E1212.20545
G1 X119.881 Y126.868 E1212.21084
G0 F9000 X120.14 Y126.515
G0 X120.441 Y125.92
;TYPE:FILL
G1 F4800 X122.237 Y125.438 E1212.27269
G0 F9000 X124.724 Y124.276
G1 F4800 X125.283 Y122.19 E1212.34452
G0 F9000 X125.283 Y116.683
G1 F4800 X107.917 Y99.317 E1213.16136
G0 F9000 X108.057 Y99.318
G0 X108.057 Y104.43
G0 X107.917 Y104.429
G1 F4800 X125.283 Y99.775 E1213.75934
G0 F9000 X125.284 Y99.714
G1 F4800 X120.438 Y94.868 E1213.98728
G0 F9000 X120.164 Y94.931
G1 F4800 X114.209 Y117.156 E1214.75256
G0 F9000 X114.303 Y117.053
G0 X112.603 Y115.518
G0 X112.508 Y115.622
G1 F4800 X125.282 Y112.199 E1215.19241
G0 F9000 X120.439 Y93.905
G1 F4800 X120.808 Y92.526 E1215.23989
G0 F9000 X120.11 Y94.607
G0 X107.731 Y96.611
G0 X107.768 Y96.889
;TYPE:SKIN
G1 F1500 X107.767 Y111.537 E1215.72709
G1 X114.768 Y117.864 E1216.04094
G1 X114.754 Y117.902 E1216.04229
G1 X113.509 Y117.902 E1216.0837
G1 X102.454 Y107.91 E1216.57932
G1 X102.454 Y97.628 E1216.9213
G1 X107.768 Y96.889 E1217.09975
G0 F9000 X107.298 Y97.116
G1 F1500 X107.607 Y97.425 E1217.11428
G0 F9000 X107.607 Y97.99
G1 F1500 X106.802 Y97.185 E1217.15215
G0 F9000 X106.305 Y97.254
G1 F1500 X107.607 Y98.556 E1217.21339
G0 F9000 X107.607 Y99.122
G1 F1500 X105.808 Y97.323 E1217.29801
G0 F9000 X105.311 Y97.391
G1 F1500 X107.607 Y99.687 E1217.40601
G0 F9000 X107.607 Y100.253
G1 F1500 X104.815 Y97.461 E1217.53733
G0 F9000 X104.318 Y97.53
G1 F1500 X107.607 Y100.819 E1217.69204
G0 F9000 X107.607 Y101.384
G1 F1500 X103.821 Y97.599 E1217.8701
G0 F9000 X103.325 Y97.668
G1 F1500 X107.607 Y101.95 E1218.07151
G0 F9000 X107.607 Y102.516
G1 F1500 X102.828 Y97.737 E1218.2963
G0 F9000 X102.613 Y98.087
G1 F1500 X107.607 Y103.082 E1218.53122
G0 F9000 X107.607 Y103.647
G1 F1500 X102.613 Y98.653 E1218.76613
G0 F9000 X102.613 Y99.219
G1 F1500 X107.607 Y104.213 E1219.00103
G0 F9000 X107.607 Y104.779
G1 F1500 X102.613 Y99.784 E1219.23595
G0 F9000 X102.613 Y100.35
G1 F1500 X107.607 Y105.344 E1219.47086
G0 F9000 X107.607 Y105.91
G1 F1500 X102.613 Y100.916 E1219.70576
G0 F9000 X102.613 Y101.481
G1 F1500 X107.607 Y106.476 E1219.94069
G0 F9000 X107.607 Y107.041
G1 F1500 X102.613 Y102.047 E1220.17559
G0 F9000 X102.613 Y102.613
G1 F1500 X107.607 Y107.607 E1220.41049
G0 F9000 X107.607 Y108.173
G1 F1500 X102.613 Y103.178 E1220.64542
G0 F9000 X102.613 Y103.744
G1 F1500 X107.607 Y108.738 E1220.88032
G0 F9000 X107.607 Y109.304
G1 F1500 X102.613 Y104.31 E1221.11522
G0 F9000 X102.613 Y104.875
G1 F1500 X107.607 Y109.87 E1221.35015
G0 F9000 X107.607 Y110.435
G1 F1500 X102.613 Y105.441 E1221.58505
G0 F9000 X102.613 Y106.007
G1 F1500 X107.607 Y111.001 E1221.81995
G0 F9000 X107.607 Y111.567
G1 F1500 X102.613 Y106.573 E1222.05485
G0 F9000 X102.613 Y107.138
G1 F1500 X109.892 Y114.418 E1222.39726
G0 F9000 X109.598 Y114.742
G0 X113.427 Y118.119
G0 X114.91 Y118.114
G0 X115.03 Y117.801
G0 X108.333 Y111.66
G0 X108.032 Y111.992
G1 F1500 X113.781 Y117.741 E1222.66768
G0 F9000 X113.898 Y117.292
G1 F1500 X114.326 Y117.72 E1222.68781
G0 F9000 X114.326 Y118.182
G0 X113.427 Y118.119
G0 X103.716 Y109.426
G0 X104.01 Y109.101
G1 F1500 X102.613 Y107.704 E1222.75352
G0 F9000 X102.264 Y107.704
G1 F2400 E1221.95352
;MESH:NONMESH
G0 F300 X102.264 Y107.704 Z8.8
G0 F9000 X102.174 Y107.704
G0 X102.244 Y97.446
G0 X107.984 Y96.651
G0 X107.986 Y100.734
G0 X125.631 Y92.181
G0 X127.245 Y91.967
;TIME_ELAPSED:1493.539487
;LAYER:43
;TYPE:SUPPORT
G1 F2400 E1222.75352
G1 X130.245 Y91.967 E1222.8533
G1 X130.245 Y113.51 E1223.56982
G1 X130.242 Y113.564 E1223.57162
G1 X130.233 Y113.619 E1223.57347
G1 X130.044 Y114.293 E1223.59676
G1 X130.044 Y114.871 E1223.61598
G1 X129.845 Y115.444 E1223.63615
G1 X129.844 Y115.934 E1223.65245
G1 X129.645 Y116.353 E1223.66788
G1 X129.645 Y116.755 E1223.68125
G1 X129.445 Y117.123 E1223.69518
G1 X129.445 Y117.453 E1223.70616
G1 X129.394 Y117.536 E1223.7094
G1 X129.394 Y117.546 E1223.70973
G1 X129.245 Y117.782 E1223.71901
G1 X129.245 Y118.106 E1223.72979
G1 X129.217 Y118.143 E1223.73133
G1 X129.213 Y118.157 E1223.73182
G1 X129.19 Y118.187 E1223.73307
G1 X129.19 Y118.219 E1223.73414
G1 X129.06 Y118.629 E1223.74844
G1 X129.025 Y118.674 E1223.75034
G1 X129.016 Y118.692 E1223.75101
G1 X128.842 Y119.206 E1223.76906
G1 X128.82 Y119.236 E1223.7703
G1 X128.638 Y119.717 E1223.7874
G1 X128.611 Y119.749 E1223.78879
G1 X128.451 Y120.155 E1223.80331
G1 X128.394 Y120.211 E1223.80596
G1 X128.243 Y120.586 E1223.81941
G1 X128.183 Y120.648 E1223.82228
G1 X128.046 Y120.981 E1223.83426
G1 X128.011 Y121.012 E1223.83581
G1 X128.001 Y121.026 E1223.83638
G1 X127.866 Y121.321 E1223.84717
G1 X127.75 Y121.419 E1223.85222
G1 X127.75 Y121.471 E1223.85395
G1 X127.64 Y121.726 E1223.86319
G1 X127.573 Y121.788 E1223.86623
G1 X127.553 Y121.827 E1223.86769
G1 X127.446 Y122.06 E1223.87621
G1 X127.374 Y122.113 E1223.87919
G1 X127.368 Y122.118 E1223.87945
G1 X127.244 Y122.381 E1223.88912
G1 X127.245 Y120.8 E1223.9417
G1 X127.243 Y120.756 E1223.94317
G1 X127.245 Y120.188 E1223.96206
G1 X127.243 Y119.954 E1223.96984
G1 X127.244 Y116.378 E1224.08878
G1 X127.072 Y115.956 E1224.10394
G1 X127.043 Y115.907 E1224.10583
G1 X127.043 Y115.371 E1224.12366
G1 X127.244 Y115.047 E1224.13634
G1 X127.245 Y91.967 E1224.90398
G0 F9000 X128 Y92.327
G1 F2400 X127.605 Y92.327 E1224.91712
G1 X127.604 Y115.15 E1225.67622
G1 X127.403 Y115.473 E1225.68887
G1 X127.403 Y115.812 E1225.70015
G1 X127.604 Y116.308 E1225.71795
G1 X127.603 Y119.954 E1225.83921
G1 X127.605 Y120.187 E1225.84696
G1 X127.603 Y120.758 E1225.86595
G1 X127.605 Y120.792 E1225.86709
G1 X127.605 Y121.027 E1225.8749
G1 X127.688 Y120.845 E1225.88156
G1 X127.741 Y120.77 E1225.88461
G1 X127.745 Y120.767 E1225.88478
G1 X127.877 Y120.447 E1225.89629
G1 X127.935 Y120.387 E1225.89907
G1 X128 Y120.226 E1225.90484
G1 X128 Y92.327 E1226.83276
G1 X129.885 Y92.327 E1226.89546
G1 X129.885 Y113.487 E1227.59924
G1 X129.881 Y113.54 E1227.60101
G1 X129.684 Y114.243 E1227.62529
G1 X129.684 Y114.811 E1227.64419
G1 X129.485 Y115.383 E1227.66433
G1 X129.484 Y115.851 E1227.6799
G1 X129.285 Y116.272 E1227.69538
G1 X129.285 Y116.662 E1227.70836
G1 X129.085 Y117.031 E1227.72231
G1 X129.085 Y117.351 E1227.73296
G1 X129.034 Y117.433 E1227.73617
G1 X129.034 Y117.443 E1227.7365
G1 X128.885 Y117.678 E1227.74576
G1 X128.885 Y117.993 E1227.75623
G1 X128.83 Y118.065 E1227.75925
G1 X128.83 Y118.161 E1227.76244
G1 X128.736 Y118.46 E1227.77287
G1 X128.719 Y118.481 E1227.77376
G1 X128.683 Y118.553 E1227.77644
G1 X128.519 Y119.039 E1227.7935
G1 X128.501 Y119.063 E1227.7945
G1 X128.322 Y119.532 E1227.8112
G1 X128.298 Y119.562 E1227.81247
G1 X128.144 Y119.952 E1227.82642
G1 X128.088 Y120.007 E1227.82903
G1 X128 Y120.226 E1227.83688
G1 F2400 E1227.03688
;MESH:1x_1xm_pusher.stl
G0 F9000 X125.826 Y120.828
G0 X120.481 Y126.191
;TYPE:WALL-INNER
G1 F2400 E1227.83688
G1 X120.481 Y125.91 E1227.84623
G1 X120.481 Y125.909 E1227.84626
G1 X120.48 Y123.982 E1227.91035
G1 X120.549 Y123.917 E1227.9135
G1 X120.808 Y123.566 E1227.92801
G1 X120.985 Y123.167 E1227.94253
G1 X121.063 Y122.742 E1227.9569
G1 X121.039 Y122.309 E1227.97133
G1 X120.907 Y121.891 E1227.98591
G1 X120.687 Y121.514 E1228.00042
G1 X120.48 Y121.285 E1228.01069
G1 X120.481 Y118.491 E1228.10362
G1 X120.481 Y118.292 E1228.11024
G1 X120.282 Y118.292 E1228.11452
G1 X113.827 Y118.292 E1228.32922
G1 X103.487 Y108.947 E1228.79277
G1 X103.487 Y97.289 E1229.18051
G1 X120.48 Y94.925 E1229.75115
G1 X120.479 Y92.566 E1229.82961
G1 X120.479 Y92.367 E1229.83623
G1 X120.678 Y92.367 E1229.84051
G1 X125.446 Y92.367 E1229.99909
G1 X125.645 Y92.367 E1230.00571
G1 X125.645 Y92.566 E1230.00999
G1 X125.644 Y114.603 E1230.74295
G1 X125.568 Y114.709 E1230.74729
G1 X125.391 Y115.101 E1230.76159
G1 X125.311 Y115.529 E1230.77607
G1 X125.337 Y115.963 E1230.79053
G1 X125.466 Y116.381 E1230.80508
G1 X125.644 Y116.684 E1230.81677
G1 X125.643 Y119.956 E1230.9256
G1 X125.645 Y120.19 E1230.93338
G1 X125.643 Y120.796 E1230.95354
G1 X125.645 Y120.847 E1230.95523
G1 X125.643 Y121.864 E1230.98906
G1 X125.645 Y121.883 E1230.9897
G1 X125.643 Y122.675 E1231.01604
G1 X125.645 Y122.706 E1231.01707
G1 X125.645 Y123.833 E1231.05456
G1 X124.917 Y124.251 E1231.08248
G1 X124.065 Y124.698 E1231.11448
G1 X123.183 Y125.121 E1231.14701
G1 X122.256 Y125.525 E1231.18064
G1 X121.324 Y125.892 E1231.21396
G1 X120.746 Y126.097 E1231.23436
G1 X120.481 Y126.191 E1231.23989
G0 F9000 X120.081 Y126.742
;TYPE:WALL-OUTER
G1 F2400 X120.081 Y126.47 E1231.24894
G1 X120.081 Y126.469 E1231.24897
G1 X120.08 Y123.81 E1231.33741
G1 X120.248 Y123.651 E1231.3451
G1 X120.46 Y123.364 E1231.35697
G1 X120.6 Y123.048 E1231.36847
G1 X120.661 Y122.717 E1231.37966
G1 X120.642 Y122.381 E1231.39085
G1 X120.539 Y122.054 E1231.40226
G1 X120.362 Y121.751 E1231.41393
G1 X120.13 Y121.493 E1231.42547
G1 X120.08 Y121.432 E1231.42809
G1 X120.081 Y118.892 E1231.51257
G1 X120.081 Y118.692 E1231.51922
G1 X119.881 Y118.692 E1231.52353
G1 X113.673 Y118.692 E1231.73001
G1 X103.087 Y109.125 E1232.20458
G1 X103.087 Y96.941 E1232.60982
G1 X120.08 Y94.577 E1233.18046
G1 X120.079 Y92.167 E1233.26061
G1 X120.079 Y91.967 E1233.26727
G1 X120.279 Y91.967 E1233.27157
G1 X125.845 Y91.967 E1233.4567
G1 X126.045 Y91.967 E1233.46335
G1 X126.045 Y92.167 E1233.46766
G1 X126.044 Y114.731 E1234.21814
G1 X125.916 Y114.91 E1234.22546
G1 X125.775 Y115.222 E1234.23685
G1 X125.713 Y115.554 E1234.24808
G1 X125.733 Y115.891 E1234.25931
G1 X125.834 Y116.218 E1234.27069
G1 X125.994 Y116.489 E1234.28116
G1 X126.044 Y116.596 E1234.28509
G1 X126.043 Y119.954 E1234.39677
G1 X126.045 Y120.191 E1234.40466
G1 X126.043 Y120.787 E1234.42448
G1 X126.045 Y120.828 E1234.42585
G1 X126.043 Y121.843 E1234.45961
G1 X126.045 Y121.862 E1234.46024
G1 X126.043 Y122.664 E1234.48692
G1 X126.045 Y122.698 E1234.48805
G1 X126.045 Y124.06 E1234.53335
G1 X125.93 Y124.131 E1234.53784
G1 X125.112 Y124.6 E1234.56921
G1 X124.238 Y125.059 E1234.60204
G1 X123.343 Y125.488 E1234.63505
G1 X122.416 Y125.892 E1234.66868
G1 X121.458 Y126.269 E1234.70292
G1 X120.491 Y126.612 E1234.73705
G1 X120.341 Y126.66 E1234.74229
G1 X120.081 Y126.742 E1234.7477
G0 F9000 X120.339 Y126.389
G0 X124.587 Y124.242
;TYPE:FILL
G1 F4800 X125.484 Y120.897 E1234.86288
G0 F9000 X125.423 Y116.623
G1 F4800 X109.339 Y100.54 E1235.6194
G0 F9000 X109.481 Y100.54
G0 X109.481 Y104.193
G0 X109.341 Y104.193
G1 F4800 X125.483 Y99.868 E1236.17522
G0 F9000 X125.483 Y99.714
G1 F4800 X120.638 Y94.868 E1236.40314
G0 F9000 X119.957 Y95.157
G1 F4800 X114.182 Y116.71 E1237.14528
G0 F9000 X114.276 Y116.607
G0 X113.088 Y115.534
G0 X112.993 Y115.638
G1 F4800 X125.483 Y112.291 E1237.57536
G0 F9000 X120.639 Y92.614
G1 F4800 X120.663 Y92.525 E1237.57843
G0 F9000 X120.31 Y94.777
G0 X109.154 Y96.611
G0 X109.191 Y96.889
;TYPE:SKIN
G1 F1500 X109.191 Y112.402 E1238.09439
G1 X115.235 Y117.864 E1238.36534
G1 X115.221 Y117.902 E1238.36669
G1 X113.976 Y117.902 E1238.4081
G1 X103.877 Y108.775 E1238.86084
G1 X103.877 Y97.628 E1239.23159
G1 X109.191 Y96.889 E1239.41004
G0 F9000 X109.154 Y96.611
G0 X103.667 Y97.446
G0 X103.597 Y97.913
G0 X104.036 Y97.913
G1 F1500 X104.207 Y97.742 E1239.41808
G0 F9000 X104.863 Y97.651
G1 F1500 X104.036 Y98.478 E1239.45698
G0 F9000 X104.036 Y99.044
G1 F1500 X105.52 Y97.56 E1239.52678
G0 F9000 X106.177 Y97.469
G1 F1500 X104.036 Y99.61 E1239.62749
G0 F9000 X104.036 Y100.175
G1 F1500 X106.834 Y97.377 E1239.7591
G0 F9000 X107.491 Y97.286
G1 F1500 X104.036 Y100.741 E1239.92161
G0 F9000 X104.036 Y101.307
G1 F1500 X108.148 Y97.195 E1240.11503
G0 F9000 X108.805 Y97.104
G1 F1500 X104.036 Y101.872 E1240.33932
G0 F9000 X104.036 Y102.438
G1 F1500 X109.03 Y97.444 E1240.57422
G0 F9000 X109.03 Y98.01
G1 F1500 X104.036 Y103.004 E1240.80913
G0 F9000 X104.037 Y103.569
G1 F1500 X109.03 Y98.576 E1241.04398
G0 F9000 X109.03 Y99.142
G1 F1500 X104.037 Y104.134 E1241.27881
G0 F9000 X104.037 Y104.7
G1 F1500 X109.03 Y99.707 E1241.51367
G0 F9000 X109.03 Y100.273
G1 F1500 X104.037 Y105.266 E1241.74852
G0 F9000 X104.037 Y105.831
G1 F1500 X109.03 Y100.839 E1241.98336
G0 F9000 X109.03 Y101.404
G1 F1500 X104.037 Y106.397 E1242.21821
G0 F9000 X104.037 Y106.963
G1 F1500 X109.03 Y101.97 E1242.45307
G0 F9000 X109.03 Y102.536
G1 F1500 X104.037 Y107.529 E1242.68792
G0 F9000 X104.037 Y108.094
G1 F1500 X109.03 Y103.101 E1242.92278
G0 F9000 X109.03 Y103.667
G1 F1500 X104.037 Y108.66 E1243.15763
G0 F9000 X104.31 Y108.952
G1 F1500 X109.03 Y104.233 E1243.37962
G0 F9000 X109.03 Y104.798
G1 F1500 X104.607 Y109.221 E1243.58767
G0 F9000 X104.905 Y109.489
G1 F1500 X109.03 Y105.364 E1243.7817
G0 F9000 X109.03 Y105.93
G1 F1500 X105.202 Y109.757 E1243.96173
G0 F9000 X105.499 Y110.026
G1 F1500 X109.03 Y106.495 E1244.12782
G0 F9000 X109.03 Y107.061
G1 F1500 X105.796 Y110.295 E1244.27993
G0 F9000 X106.094 Y110.563
G1 F1500 X109.03 Y107.627 E1244.41803
G0 F9000 X109.03 Y108.192
G1 F1500 X106.391 Y110.831 E1244.54217
G0 F9000 X106.688 Y111.1
G1 F1500 X109.03 Y108.758 E1244.65233
G0 F9000 X109.03 Y109.324
G1 F1500 X106.985 Y111.369 E1244.74852
G0 F9000 X107.282 Y111.637
G1 F1500 X109.03 Y109.89 E1244.83071
G0 F9000 X109.03 Y110.455
G1 F1500 X107.579 Y111.906 E1244.89896
G0 F9000 X107.876 Y112.174
G1 F1500 X109.03 Y111.021 E1244.95322
G0 F9000 X109.03 Y111.587
G1 F1500 X108.173 Y112.443 E1244.99351
G0 F9000 X108.47 Y112.712
G1 F1500 X109.03 Y112.152 E1245.01985
G0 F9000 X109.16 Y112.588
G1 F1500 X108.768 Y112.98 E1245.03829
G0 F9000 X109.065 Y113.248
G1 F1500 X109.458 Y112.856 E1245.05675
G0 F9000 X109.754 Y113.125
G1 F1500 X109.362 Y113.517 E1245.07519
G0 F9000 X109.659 Y113.786
G1 F1500 X110.051 Y113.393 E1245.09365
G0 F9000 X110.348 Y113.662
G1 F1500 X109.957 Y114.054 E1245.11206
G0 F9000 X110.254 Y114.322
G1 F1500 X110.645 Y113.931 E1245.13046
G0 F9000 X110.943 Y114.199
G1 F1500 X110.551 Y114.591 E1245.14889
G0 F9000 X110.848 Y114.86
G1 F1500 X111.24 Y114.467 E1245.16736
G0 F9000 X111.537 Y114.736
G1 F1500 X111.145 Y115.128 E1245.1858
G0 F9000 X111.442 Y115.396
G1 F1500 X111.834 Y115.005 E1245.20421
G0 F9000 X112.132 Y115.273
G1 F1500 X111.739 Y115.665 E1245.22267
G0 F9000 X112.036 Y115.934
G1 F1500 X112.429 Y115.541 E1245.24116
G0 F9000 X112.726 Y115.81
G1 F1500 X112.334 Y116.202 E1245.2596
G0 F9000 X112.631 Y116.471
G1 F1500 X113.023 Y116.079 E1245.27803
G0 F9000 X113.32 Y116.348
G1 F1500 X112.928 Y116.739 E1245.29645
G0 F9000 X113.225 Y117.008
G1 F1500 X113.617 Y116.616 E1245.31489
G0 F9000 X113.914 Y116.884
G1 F1500 X113.522 Y117.277 E1245.33335
G0 F9000 X113.82 Y117.545
G1 F1500 X114.211 Y117.153 E1245.35177
G0 F9000 X114.508 Y117.422
G1 F1500 X114.189 Y117.741 E1245.36677
G0 F9000 X114.189 Y118.092
G1 F2400 E1244.56677
;MESH:NONMESH
G0 F300 X114.189 Y118.092 Z9
G0 F9000 X114.189 Y118.182
G0 X115.377 Y118.114
G0 X125.831 Y92.181
G0 X127.445 Y91.967
;TIME_ELAPSED:1522.808538
;LAYER:44
;TYPE:SUPPORT
G1 F2400 E1245.36677
G1 X130.245 Y91.967 E1245.4599
G1 X130.245 Y113.51 E1246.17642
G1 X130.242 Y113.564 E1246.17822
G1 X130.233 Y113.619 E1246.18007
G1 X130.044 Y114.293 E1246.20336
G1 X130.044 Y114.871 E1246.22258
G1 X129.845 Y115.444 E1246.24276
G1 X129.844 Y115.934 E1246.25905
G1 X129.645 Y116.353 E1246.27448
G1 X129.645 Y116.755 E1246.28785
G1 X129.445 Y117.123 E1246.30178
G1 X129.445 Y117.453 E1246.31276
G1 X129.394 Y117.536 E1246.316
G1 X129.394 Y117.546 E1246.31633
G1 X129.245 Y117.782 E1246.32561
G1 X129.245 Y118.106 E1246.33639
G1 X129.217 Y118.143 E1246.33793
G1 X129.213 Y118.155 E1246.33835
G1 X129.206 Y118.165 E1246.33876
G1 X129.115 Y118.459 E1246.349
G1 X129.06 Y118.629 E1246.35494
G1 X129.025 Y118.674 E1246.35683
G1 X129.016 Y118.692 E1246.3575
G1 X128.842 Y119.206 E1246.37555
G1 X128.82 Y119.236 E1246.37679
G1 X128.638 Y119.717 E1246.39389
G1 X128.611 Y119.749 E1246.39529
G1 X128.451 Y120.156 E1246.40983
G1 X128.394 Y120.212 E1246.41249
G1 X128.244 Y120.585 E1246.42586
G1 X128.183 Y120.648 E1246.42878
G1 X128.046 Y120.981 E1246.44075
G1 X128.011 Y121.012 E1246.44231
G1 X128.001 Y121.026 E1246.44288
G1 X127.866 Y121.321 E1246.45367
G1 X127.75 Y121.419 E1246.45872
G1 X127.75 Y121.471 E1246.46045
G1 X127.64 Y121.726 E1246.46969
G1 X127.573 Y121.788 E1246.47273
G1 X127.553 Y121.827 E1246.47418
G1 X127.445 Y122.06 E1246.48273
G1 X127.445 Y121.753 E1246.49294
G1 X127.443 Y121.735 E1246.49354
G1 X127.445 Y120.711 E1246.5276
G1 X127.443 Y120.675 E1246.5288
G1 X127.445 Y120.061 E1246.54922
G1 X127.443 Y119.844 E1246.55644
G1 X127.445 Y116.676 E1246.6618
G1 X127.212 Y116.185 E1246.67988
G1 X127.142 Y116.128 E1246.68288
G1 X127.072 Y115.956 E1246.68906
G1 X127.043 Y115.907 E1246.69095
G1 X127.043 Y115.371 E1246.70878
G1 X127.244 Y115.047 E1246.72146
G1 X127.244 Y115.033 E1246.72193
G1 X127.443 Y114.623 E1246.73709
G1 X127.444 Y106.274 E1247.01477
G1 X127.244 Y105.937 E1247.02781
G1 X127.244 Y105.381 E1247.0463
G1 X127.324 Y105.273 E1247.05077
G1 X127.444 Y104.908 E1247.06355
G1 X127.443 Y96.801 E1247.33319
G1 X127.42 Y96.244 E1247.35173
G1 X127.245 Y95.943 E1247.36331
G1 X127.245 Y95.36 E1247.3827
G1 X127.342 Y95.216 E1247.38848
G1 X127.444 Y94.874 E1247.40035
G1 X127.445 Y91.967 E1247.49703
G0 F9000 X128 Y92.327
G1 F2400 X127.805 Y92.327 E1247.50352
G1 X127.804 Y94.926 E1247.58996
G1 X127.671 Y95.371 E1247.60541
G1 X127.605 Y95.47 E1247.60937
G1 X127.605 Y95.846 E1247.62187
G1 X127.776 Y96.14 E1247.63319
G1 X127.803 Y96.794 E1247.65496
G1 X127.804 Y104.966 E1247.92676
G1 X127.648 Y105.44 E1247.94336
G1 X127.604 Y105.5 E1247.94583
G1 X127.604 Y105.837 E1247.95704
G1 X127.804 Y106.175 E1247.9701
G1 X127.803 Y114.706 E1248.25384
G1 X127.604 Y115.116 E1248.269
G1 X127.604 Y115.15 E1248.27013
G1 X127.403 Y115.473 E1248.28279
G1 X127.403 Y115.813 E1248.2941
G1 X127.441 Y115.907 E1248.29747
G1 X127.502 Y115.957 E1248.30009
G1 X127.805 Y116.595 E1248.32358
G1 X127.803 Y119.844 E1248.43164
G1 X127.805 Y120.06 E1248.43883
G1 X127.803 Y120.626 E1248.45765
G1 X127.877 Y120.447 E1248.4641
G1 X127.936 Y120.386 E1248.46692
G1 X128 Y120.227 E1248.47262
G1 X128 Y92.327 E1249.40058
G1 X129.885 Y92.327 E1249.46327
G1 X129.885 Y113.487 E1250.16706
G1 X129.881 Y113.54 E1250.16883
G1 X129.684 Y114.243 E1250.19311
G1 X129.684 Y114.811 E1250.212
G1 X129.485 Y115.383 E1250.23214
G1 X129.484 Y115.851 E1250.24771
G1 X129.285 Y116.272 E1250.2632
G1 X129.285 Y116.662 E1250.27617
G1 X129.085 Y117.031 E1250.29013
G1 X129.085 Y117.351 E1250.30077
G1 X129.034 Y117.433 E1250.30398
G1 X129.034 Y117.443 E1250.30432
G1 X128.885 Y117.678 E1250.31357
G1 X128.885 Y117.996 E1250.32415
G1 X128.879 Y118.005 E1250.32451
G1 X128.736 Y118.46 E1250.34037
G1 X128.719 Y118.482 E1250.34129
G1 X128.683 Y118.553 E1250.34394
G1 X128.519 Y119.039 E1250.361
G1 X128.501 Y119.063 E1250.362
G1 X128.322 Y119.532 E1250.3787
G1 X128.298 Y119.562 E1250.37997
G1 X128.145 Y119.953 E1250.39394
G1 X128.088 Y120.008 E1250.39657
G1 X128 Y120.227 E1250.40442
G1 F2400 E1249.60442
;MESH:1x_1xm_pusher.stl
G0 F9000 X126.026 Y120.745
G0 X120.681 Y126.049
;TYPE:WALL-INNER
G1 F2400 E1250.40442
G1 X120.681 Y125.767 E1250.4138
G1 X120.68 Y123.401 E1250.4925
G1 X120.785 Y123.169 E1250.50097
G1 X120.863 Y122.742 E1250.5154
G1 X120.839 Y122.308 E1250.52986
G1 X120.725 Y121.949 E1250.54239
G1 X120.68 Y121.816 E1250.54706
G1 X120.682 Y118.491 E1250.65765
G1 X120.682 Y118.292 E1250.66427
G1 X120.483 Y118.292 E1250.66855
G1 X114.293 Y118.292 E1250.87443
G1 X104.911 Y109.812 E1251.29505
G1 X104.911 Y97.289 E1251.71157
G1 X120.68 Y95.095 E1252.2411
G1 X120.679 Y92.566 E1252.32521
G1 X120.679 Y92.367 E1252.33183
G1 X120.878 Y92.367 E1252.33612
G1 X125.646 Y92.367 E1252.4947
G1 X125.845 Y92.367 E1252.50132
G1 X125.845 Y92.566 E1252.5056
G1 X125.844 Y94.577 E1252.57249
G1 X125.747 Y94.722 E1252.57829
G1 X125.575 Y95.106 E1252.59228
G1 X125.496 Y95.532 E1252.60669
G1 X125.522 Y95.967 E1252.62119
G1 X125.65 Y96.383 E1252.63567
G1 X125.844 Y96.716 E1252.64848
G1 X125.844 Y104.585 E1252.91021
G1 X125.752 Y104.71 E1252.91537
G1 X125.576 Y105.106 E1252.92978
G1 X125.496 Y105.532 E1252.9442
G1 X125.522 Y105.967 E1252.95869
G1 X125.65 Y106.383 E1252.97317
G1 X125.844 Y106.715 E1252.98596
G1 X125.843 Y114.15 E1253.23325
G1 X125.791 Y114.19 E1253.23543
G1 X125.553 Y114.443 E1253.24698
G1 X125.319 Y114.794 E1253.26101
G1 X125.163 Y115.2 E1253.27548
G1 X125.106 Y115.631 E1253.28994
G1 X125.157 Y116.062 E1253.30437
G1 X125.308 Y116.473 E1253.31894
G1 X125.547 Y116.836 E1253.33339
G1 X125.786 Y117.089 E1253.34497
G1 X125.845 Y117.137 E1253.3475
G1 X125.843 Y119.845 E1253.43757
G1 X125.845 Y120.063 E1253.44482
G1 X125.843 Y120.706 E1253.4662
G1 X125.845 Y120.733 E1253.46711
G1 X125.843 Y121.822 E1253.50333
G1 X125.845 Y121.842 E1253.50399
G1 X125.845 Y123.59 E1253.56213
G1 X125.566 Y123.764 E1253.57307
G1 X124.717 Y124.251 E1253.60562
G1 X123.865 Y124.698 E1253.63762
G1 X122.983 Y125.121 E1253.67016
G1 X122.056 Y125.525 E1253.70379
G1 X121.124 Y125.892 E1253.73711
G1 X120.947 Y125.955 E1253.74336
G1 X120.681 Y126.049 E1253.74891
G0 F9000 X120.281 Y126.615
;TYPE:WALL-OUTER
G1 F2400 X120.281 Y126.334 E1253.75826
G1 X120.281 Y126.333 E1253.75829
G1 X120.28 Y123.315 E1253.85867
G1 X120.4 Y123.049 E1253.86838
G1 X120.461 Y122.717 E1253.8796
G1 X120.442 Y122.381 E1253.8908
G1 X120.345 Y122.074 E1253.90151
G1 X120.28 Y121.883 E1253.90822
G1 X120.282 Y118.892 E1254.0077
G1 X120.282 Y118.692 E1254.01435
G1 X120.082 Y118.692 E1254.01866
G1 X114.139 Y118.692 E1254.21632
G1 X104.511 Y109.99 E1254.64796
G1 X104.511 Y96.941 E1255.08198
G1 X120.28 Y94.747 E1255.61151
G1 X120.279 Y92.167 E1255.69732
G1 X120.279 Y91.967 E1255.70397
G1 X120.479 Y91.967 E1255.70828
G1 X126.045 Y91.967 E1255.8934
G1 X126.245 Y91.967 E1255.90006
G1 X126.245 Y92.167 E1255.90436
G1 X126.244 Y94.698 E1255.98854
G1 X126.098 Y94.916 E1255.99727
G1 X125.96 Y95.226 E1256.00856
G1 X125.898 Y95.557 E1256.01976
G1 X125.918 Y95.895 E1256.03102
G1 X126.019 Y96.221 E1256.04237
G1 X126.245 Y96.609 E1256.0573
G1 X126.243 Y96.82 E1256.06432
G1 X126.244 Y104.716 E1256.32694
G1 X126.1 Y104.912 E1256.33503
G1 X125.96 Y105.226 E1256.34647
G1 X125.898 Y105.557 E1256.35767
G1 X125.918 Y105.895 E1256.36893
G1 X126.019 Y106.221 E1256.38028
G1 X126.194 Y106.521 E1256.39183
G1 X126.244 Y106.583 E1256.39448
G1 X126.243 Y114.346 E1256.65268
G1 X126.061 Y114.487 E1256.66034
G1 X125.867 Y114.693 E1256.66975
G1 X125.676 Y114.979 E1256.68119
G1 X125.553 Y115.299 E1256.69259
G1 X125.509 Y115.633 E1256.7038
G1 X125.549 Y115.968 E1256.71502
G1 X125.668 Y116.292 E1256.7265
G1 X125.862 Y116.587 E1256.73824
G1 X126.058 Y116.795 E1256.74775
G1 X126.245 Y116.946 E1256.75574
G1 X126.243 Y119.843 E1256.8521
G1 X126.245 Y120.064 E1256.85945
G1 X126.243 Y120.696 E1256.88047
G1 X126.245 Y120.734 E1256.88173
G1 X126.243 Y121.804 E1256.91732
G1 X126.245 Y121.826 E1256.91806
G1 X126.245 Y123.811 E1256.98408
G1 X125.765 Y124.111 E1257.0029
G1 X124.912 Y124.6 E1257.03561
G1 X124.038 Y125.059 E1257.06844
G1 X123.143 Y125.488 E1257.10145
G1 X122.216 Y125.892 E1257.13508
G1 X121.258 Y126.269 E1257.16933
G1 X120.546 Y126.521 E1257.19445
G1 X120.281 Y126.615 E1257.19998
G0 F9000 X120.538 Y126.25
G0 X124.45 Y124.209
;TYPE:FILL
G1 F4800 X125.682 Y119.61 E1257.35834
G0 F9000 X124.986 Y115.988
G1 F4800 X110.764 Y101.765 E1258.02732
G0 F9000 X110.904 Y101.766
G0 X110.904 Y103.959
G0 X110.764 Y103.958
G1 F4800 X125.683 Y99.96 E1258.54104
G0 F9000 X125.683 Y99.714
G1 F4800 X120.838 Y94.869 E1258.76893
G0 F9000 X119.75 Y95.384
G1 F4800 X114.156 Y116.265 E1259.48792
G0 F9000 X113.477 Y115.654
G1 F4800 X125.682 Y112.384 E1259.90818
G0 F9000 X115.971 Y117.967
G0 X115.701 Y117.864
;TYPE:SKIN
G1 F1500 X115.687 Y117.902 E1259.90953
G1 X114.442 Y117.902 E1259.95094
G1 X105.301 Y109.64 E1260.36075
G1 X105.301 Y97.628 E1260.76027
G1 X110.615 Y96.889 E1260.93872
G1 X110.614 Y113.267 E1261.48345
G1 X115.701 Y117.864 E1261.7115
G0 F9000 X115.971 Y117.967
G0 X114.36 Y118.119
G0 X105.085 Y109.734
G0 X105.021 Y109.419
G0 X105.46 Y109.419
G1 F1500 X107.004 Y110.964 E1261.78414
G0 F9000 X106.71 Y111.289
G0 X105.085 Y109.734
G0 X105.021 Y108.854
G0 X105.46 Y108.854
G1 F1500 X112.885 Y116.279 E1262.13339
G0 F9000 X112.59 Y116.604
G0 X114.36 Y118.119
G0 X114.912 Y118.182
G0 X114.912 Y117.741
G1 F1500 X111.027 Y113.855 E1262.31616
G0 F9000 X110.454 Y113.282
G1 F1500 X105.46 Y108.288 E1262.55106
G0 F9000 X105.46 Y107.722
G1 F1500 X110.454 Y112.717 E1262.78598
G0 F9000 X110.454 Y112.151
G1 F1500 X105.46 Y107.157 E1263.02089
G0 F9000 X105.46 Y106.591
G1 F1500 X110.454 Y111.585 E1263.25579
G0 F9000 X110.454 Y111.02
G1 F1500 X105.46 Y106.025 E1263.49071
G0 F9000 X105.46 Y105.46
G1 F1500 X110.454 Y110.454 E1263.72562
G0 F9000 X110.454 Y109.888
G1 F1500 X105.46 Y104.894 E1263.96052
G0 F9000 X105.46 Y104.328
G1 F1500 X110.454 Y109.322 E1264.19542
G0 F9000 X110.454 Y108.757
G1 F1500 X105.46 Y103.762 E1264.43035
G0 F9000 X105.46 Y103.197
G1 F1500 X110.454 Y108.191 E1264.66525
G0 F9000 X110.454 Y107.625
G1 F1500 X105.46 Y102.631 E1264.90015
G0 F9000 X105.46 Y102.065
G1 F1500 X110.454 Y107.06 E1265.13508
G0 F9000 X110.454 Y106.494
G1 F1500 X105.46 Y101.5 E1265.36998
G0 F9000 X105.46 Y100.934
G1 F1500 X110.454 Y105.928 E1265.60488
G0 F9000 X110.454 Y105.363
G1 F1500 X105.46 Y100.368 E1265.83981
G0 F9000 X105.46 Y99.803
G1 F1500 X110.454 Y104.797 E1266.07471
G0 F9000 X110.454 Y104.231
G1 F1500 X105.46 Y99.237 E1266.30961
G0 F9000 X105.46 Y98.671
G1 F1500 X110.454 Y103.666 E1266.54454
G0 F9000 X110.454 Y103.1
G1 F1500 X105.46 Y98.106 E1266.77944
G0 F9000 X105.658 Y97.739
G1 F1500 X110.454 Y102.534 E1267.00501
G0 F9000 X110.454 Y101.969
G1 F1500 X106.155 Y97.67 E1267.20722
G0 F9000 X106.652 Y97.601
G1 F1500 X110.454 Y101.403 E1267.38606
G0 F9000 X110.454 Y100.837
G1 F1500 X107.149 Y97.532 E1267.54151
G0 F9000 X107.645 Y97.463
G1 F1500 X110.454 Y100.271 E1267.67362
G0 F9000 X110.454 Y99.706
G1 F1500 X108.142 Y97.394 E1267.78236
G0 F9000 X108.639 Y97.325
G1 F1500 X110.454 Y99.14 E1267.86774
G0 F9000 X110.454 Y98.574
G1 F1500 X109.136 Y97.256 E1267.92973
G0 F9000 X109.632 Y97.187
G1 F1500 X110.454 Y98.009 E1267.9684
G0 F9000 X110.454 Y97.443
G1 F1500 X110.129 Y97.118 E1267.98368
G0 F9000 X110.081 Y96.772
G1 F2400 E1267.18368
;MESH:NONMESH
G0 F300 X110.081 Y96.772 Z9.2
G0 F9000 X110.071 Y96.682
G0 X120.51 Y94.947
G0 X126.031 Y92.181
G0 X127.645 Y91.967
;TIME_ELAPSED:1550.890524
;LAYER:45
;TYPE:SUPPORT
G1 F2400 E1267.98368
G1 X130.245 Y91.967 E1268.07016
G1 X130.245 Y113.51 E1268.78668
G1 X130.242 Y113.564 E1268.78848
G1 X130.233 Y113.619 E1268.79033
G1 X130.044 Y114.293 E1268.81362
G1 X130.044 Y114.871 E1268.83284
G1 X129.845 Y115.444 E1268.85302
G1 X129.844 Y115.934 E1268.86931
G1 X129.645 Y116.353 E1268.88474
G1 X129.645 Y116.755 E1268.89811
G1 X129.445 Y117.123 E1268.91204
G1 X129.445 Y117.453 E1268.92302
G1 X129.394 Y117.536 E1268.92626
G1 X129.394 Y117.546 E1268.92659
G1 X129.245 Y117.782 E1268.93587
G1 X129.245 Y118.106 E1268.94665
G1 X129.217 Y118.143 E1268.94819
G1 X129.213 Y118.155 E1268.94861
G1 X129.206 Y118.165 E1268.94902
G1 X129.115 Y118.459 E1268.95926
G1 X129.06 Y118.629 E1268.9652
G1 X129.025 Y118.674 E1268.9671
G1 X129.016 Y118.692 E1268.96776
G1 X128.842 Y119.206 E1268.98581
G1 X128.82 Y119.236 E1268.98705
G1 X128.784 Y119.322 E1268.99015
G1 X128.784 Y119.33 E1268.99042
G1 X128.64 Y119.713 E1269.00403
G1 X128.613 Y119.745 E1269.00542
G1 X128.449 Y120.158 E1269.0202
G1 X128.394 Y120.211 E1269.02274
G1 X128.245 Y120.583 E1269.03607
G1 X128.153 Y120.679 E1269.04049
G1 X128.153 Y120.72 E1269.04185
G1 X128.046 Y120.981 E1269.05124
G1 X128.011 Y121.012 E1269.05279
G1 X128.001 Y121.026 E1269.05336
G1 X127.866 Y121.321 E1269.06415
G1 X127.75 Y121.419 E1269.0692
G1 X127.75 Y121.471 E1269.07093
G1 X127.645 Y121.713 E1269.07971
G1 X127.643 Y121.695 E1269.08031
G1 X127.645 Y120.617 E1269.11616
G1 X127.643 Y120.581 E1269.11736
G1 X127.645 Y119.933 E1269.13892
G1 X127.643 Y119.731 E1269.14564
G1 X127.644 Y116.838 E1269.24186
G1 X127.271 Y116.248 E1269.26507
G1 X127.233 Y116.23 E1269.26647
G1 X127.212 Y116.185 E1269.26812
G1 X127.142 Y116.128 E1269.27113
G1 X127.072 Y115.956 E1269.2773
G1 X127.043 Y115.907 E1269.2792
G1 X127.043 Y115.371 E1269.29702
G1 X127.242 Y115.051 E1269.30956
G1 X127.284 Y115.03 E1269.31112
G1 X127.644 Y114.447 E1269.33391
G1 X127.644 Y106.532 E1269.59716
G1 X127.444 Y106.307 E1269.60717
G1 X127.444 Y106.274 E1269.60827
G1 X127.244 Y105.937 E1269.62131
G1 X127.244 Y105.381 E1269.6398
G1 X127.324 Y105.273 E1269.64427
G1 X127.373 Y105.124 E1269.64949
G1 X127.401 Y105.1 E1269.65071
G1 X127.644 Y104.626 E1269.66843
G1 X127.644 Y96.532 E1269.93764
G1 X127.421 Y96.282 E1269.94878
G1 X127.42 Y96.245 E1269.95001
G1 X127.245 Y95.944 E1269.96159
G1 X127.245 Y95.36 E1269.98101
G1 X127.342 Y95.216 E1269.98679
G1 X127.361 Y95.153 E1269.98898
G1 X127.386 Y95.135 E1269.99
G1 X127.645 Y94.623 E1270.00909
G1 X127.645 Y91.967 E1270.09743
G0 F9000 X129.885 Y92.327
G1 F2400 X128.005 Y92.327 E1270.15995
G1 X128.005 Y94.709 E1270.23918
G1 X128 Y94.718 E1270.23952
G1 X127.675 Y95.362 E1270.26351
G1 X127.672 Y95.371 E1270.26383
G1 X127.605 Y95.471 E1270.26783
G1 X127.605 Y95.847 E1270.28034
G1 X127.774 Y96.137 E1270.2915
G1 X128 Y96.39 E1270.30279
G1 X128 Y94.718 E1270.3584
G0 F9000 X128 Y96.39
G1 F2400 X128.004 Y96.395 E1270.35861
G1 X128.004 Y104.713 E1270.63527
G1 X128 Y104.72 E1270.63554
G1 X127.689 Y105.327 E1270.65822
G1 X127.684 Y105.331 E1270.65843
G1 X127.648 Y105.441 E1270.66228
G1 X127.604 Y105.5 E1270.66473
G1 X127.604 Y105.837 E1270.67594
G1 X127.795 Y106.16 E1270.68842
G1 X128 Y106.39 E1270.69867
G1 X128 Y104.72 E1270.75421
G0 F9000 X128 Y106.39
G1 F2400 X128.004 Y106.395 E1270.75443
G1 X128.004 Y114.549 E1271.02563
G1 X128 Y114.555 E1271.02587
G1 X127.537 Y115.305 E1271.05518
G1 X127.496 Y115.326 E1271.05672
G1 X127.403 Y115.475 E1271.06256
G1 X127.403 Y115.813 E1271.0738
G1 X127.441 Y115.907 E1271.07717
G1 X127.503 Y115.958 E1271.07984
G0 F9000 X127.504 Y115.96
G1 F2400 X127.52 Y115.968 E1271.08044
G1 X128 Y116.727 E1271.11031
G1 X128 Y114.555 E1271.18255
G0 F9000 X128 Y116.727
G1 F2400 X128.004 Y116.734 E1271.18282
G1 X128.003 Y119.731 E1271.2825
G1 X128.005 Y119.931 E1271.28915
G1 X128.004 Y120.215 E1271.29859
G1 X128.088 Y120.006 E1271.30609
G1 X128.143 Y119.954 E1271.3086
G1 X128.3 Y119.558 E1271.32277
G1 X128.325 Y119.528 E1271.32407
G1 X128.424 Y119.266 E1271.33339
G1 X128.424 Y119.25 E1271.33392
G1 X128.505 Y119.057 E1271.34088
G1 X128.519 Y119.038 E1271.34167
G1 X128.683 Y118.553 E1271.35869
G1 X128.719 Y118.482 E1271.36134
G1 X128.736 Y118.46 E1271.36227
G1 X128.879 Y118.005 E1271.37813
G1 X128.885 Y117.996 E1271.37849
G1 X128.885 Y117.678 E1271.38907
G1 X129.034 Y117.443 E1271.39832
G1 X129.034 Y117.433 E1271.39865
G1 X129.085 Y117.351 E1271.40187
G1 X129.085 Y117.031 E1271.41251
G1 X129.285 Y116.662 E1271.42647
G1 X129.285 Y116.272 E1271.43944
G1 X129.484 Y115.851 E1271.45493
G1 X129.485 Y115.383 E1271.47049
G1 X129.684 Y114.811 E1271.49064
G1 X129.684 Y114.243 E1271.50953
G1 X129.881 Y113.54 E1271.53381
G1 X129.885 Y113.487 E1271.53558
G1 X129.885 Y92.327 E1272.23936
G1 F2400 E1271.43936
;MESH:1x_1xm_pusher.stl
G0 F9000 X131.11 Y92.327
G0 X126.231 Y115.416
G0 X125.222 Y114.953
G0 X120.881 Y125.907
;TYPE:WALL-INNER
G1 F2400 E1272.23936
G1 X120.881 Y125.892 E1272.23986
G1 X120.881 Y125.631 E1272.24854
G1 X120.881 Y118.292 E1272.49264
G1 X114.759 Y118.292 E1272.69626
G1 X106.334 Y110.677 E1273.07397
G1 X106.334 Y97.289 E1273.51926
G1 X120.88 Y95.266 E1274.00772
G1 X120.879 Y92.566 E1274.09752
G1 X120.879 Y92.367 E1274.10414
G1 X121.078 Y92.367 E1274.10842
G1 X126.045 Y92.367 E1274.27363
G1 X126.045 Y94.136 E1274.33246
G1 X125.809 Y94.364 E1274.34338
G1 X125.557 Y94.703 E1274.35743
G1 X125.378 Y95.099 E1274.37188
G1 X125.296 Y95.525 E1274.38631
G1 X125.32 Y95.959 E1274.40077
G1 X125.447 Y96.375 E1274.41523
G1 X125.664 Y96.751 E1274.42967
G1 X125.891 Y97.017 E1274.4413
G1 X126.044 Y97.151 E1274.44807
G1 X126.044 Y104.138 E1274.68046
G1 X125.81 Y104.363 E1274.69125
G1 X125.557 Y104.703 E1274.70535
G1 X125.378 Y105.099 E1274.7198
G1 X125.296 Y105.525 E1274.73423
G1 X125.32 Y105.959 E1274.74869
G1 X125.447 Y106.375 E1274.76316
G1 X125.664 Y106.751 E1274.7776
G1 X125.891 Y107.017 E1274.78923
G1 X126.044 Y107.151 E1274.79599
G1 X126.044 Y113.858 E1275.01907
G1 X125.763 Y114.047 E1275.03033
G1 X125.511 Y114.267 E1275.04146
G1 X125.287 Y114.531 E1275.05297
G1 X125.074 Y114.886 E1275.06674
G1 X124.94 Y115.3 E1275.08121
G1 X124.91 Y115.731 E1275.09558
G1 X124.984 Y116.162 E1275.11013
G1 X125.16 Y116.564 E1275.12472
G1 X125.414 Y116.915 E1275.13913
G1 X125.661 Y117.156 E1275.15061
G1 X125.934 Y117.36 E1275.16195
G1 X126.044 Y117.422 E1275.16615
G1 X126.043 Y119.733 E1275.24301
G1 X126.045 Y119.936 E1275.24976
G1 X126.043 Y120.614 E1275.27231
G1 X126.045 Y120.64 E1275.27318
G1 X126.043 Y121.784 E1275.31123
G1 X126.045 Y121.804 E1275.3119
G1 X126.045 Y123.338 E1275.36292
G1 X125.358 Y123.768 E1275.38988
G1 X124.523 Y124.248 E1275.42191
G1 X123.665 Y124.698 E1275.45414
G1 X122.783 Y125.121 E1275.48667
G1 X121.856 Y125.525 E1275.5203
G1 X121.167 Y125.797 E1275.54494
G1 X120.924 Y125.892 E1275.55041
G1 X120.881 Y125.907 E1275.5511
G0 F9000 X120.481 Y126.474
;TYPE:WALL-OUTER
G1 F2400 X120.481 Y126.192 E1275.56048
G1 X120.481 Y126.191 E1275.56051
G1 X120.481 Y118.692 E1275.80993
G1 X114.605 Y118.692 E1276.00536
G1 X105.934 Y110.855 E1276.3941
G1 X105.934 Y96.941 E1276.85688
G1 X120.48 Y94.918 E1277.34534
G1 X120.479 Y92.167 E1277.43684
G1 X120.479 Y91.967 E1277.44349
G1 X120.679 Y91.967 E1277.4478
G1 X126.445 Y91.967 E1277.63958
G1 X126.445 Y94.336 E1277.71837
G1 X126.314 Y94.432 E1277.72377
G1 X126.111 Y94.629 E1277.73318
G1 X125.904 Y94.907 E1277.74471
G1 X125.762 Y95.221 E1277.75617
G1 X125.698 Y95.552 E1277.76738
G1 X125.717 Y95.889 E1277.77861
G1 X125.816 Y96.215 E1277.78994
G1 X125.992 Y96.519 E1277.80162
G1 X126.176 Y96.735 E1277.81106
G1 X126.384 Y96.917 E1277.82025
G1 X126.444 Y96.96 E1277.82271
G1 X126.444 Y104.337 E1278.06807
G1 X126.313 Y104.434 E1278.07349
G1 X126.111 Y104.628 E1278.08281
G1 X125.904 Y104.907 E1278.09436
G1 X125.762 Y105.221 E1278.10582
G1 X125.698 Y105.552 E1278.11704
G1 X125.717 Y105.889 E1278.12826
G1 X125.816 Y106.215 E1278.13959
G1 X125.992 Y106.519 E1278.15128
G1 X126.176 Y106.735 E1278.16072
G1 X126.384 Y106.917 E1278.16991
G1 X126.444 Y106.96 E1278.17236
G1 X126.444 Y114.106 E1278.41004
G1 X126.248 Y114.203 E1278.41731
G1 X126.007 Y114.365 E1278.42697
G1 X125.797 Y114.549 E1278.43626
G1 X125.613 Y114.765 E1278.4457
G1 X125.441 Y115.052 E1278.45682
G1 X125.336 Y115.377 E1278.46818
G1 X125.312 Y115.711 E1278.47932
G1 X125.37 Y116.046 E1278.49063
G1 X125.509 Y116.364 E1278.50217
G1 X125.718 Y116.653 E1278.51404
G1 X125.921 Y116.851 E1278.52347
G1 X126.153 Y117.024 E1278.53309
G1 X126.412 Y117.171 E1278.543
G1 X126.444 Y117.186 E1278.54417
G1 X126.443 Y119.731 E1278.62882
G1 X126.445 Y119.937 E1278.63567
G1 X126.443 Y120.604 E1278.65786
G1 X126.445 Y120.641 E1278.65909
G1 X126.443 Y121.765 E1278.69647
G1 X126.445 Y121.786 E1278.69717
G1 X126.445 Y123.556 E1278.75605
G1 X126.355 Y123.616 E1278.75964
G1 X125.557 Y124.115 E1278.79095
G1 X124.718 Y124.597 E1278.82313
G1 X123.838 Y125.059 E1278.85619
G1 X122.943 Y125.488 E1278.8892
G1 X122.016 Y125.892 E1278.92283
G1 X121.058 Y126.269 E1278.95707
G1 X120.747 Y126.38 E1278.96805
G1 X120.481 Y126.474 E1278.97361
G0 F9000 X120.738 Y126.11
G0 X124.312 Y124.176
;TYPE:FILL
G1 F4800 X125.883 Y118.315 E1279.17543
G0 F9000 X124.761 Y115.562
G1 F4800 X112.186 Y102.987 E1279.76692
G0 F9000 X112.188 Y103.723
G1 F4800 X125.883 Y100.054 E1280.23848
G0 F9000 X125.883 Y99.713
G1 F4800 X121.038 Y94.868 E1280.46637
G0 F9000 X120.773 Y95.07
G0 X119.543 Y95.611
G1 F4800 X114.128 Y115.819 E1281.16221
G0 F9000 X113.963 Y115.671
G1 F4800 X125.882 Y112.477 E1281.57262
G0 F9000 X116.436 Y117.97
G0 X116.167 Y117.865
;TYPE:SKIN
G1 F1500 X116.153 Y117.902 E1281.57394
G1 X114.908 Y117.902 E1281.61535
G1 X106.724 Y110.505 E1281.98226
G1 X106.724 Y97.628 E1282.41055
G1 X112.038 Y96.889 E1282.58899
G1 X112.038 Y114.131 E1283.16246
G1 X116.167 Y117.865 E1283.34762
G0 F9000 X115.545 Y117.516
G1 F1500 X115.321 Y117.741 E1283.35818
G0 F9000 X114.856 Y117.639
G1 F1500 X115.247 Y117.248 E1283.37657
G0 F9000 X114.95 Y116.98
G1 F1500 X114.559 Y117.371 E1283.39496
G0 F9000 X114.262 Y117.103
G1 F1500 X114.653 Y116.711 E1283.41338
G0 F9000 X114.356 Y116.442
G1 F1500 X113.965 Y116.834 E1283.43179
G0 F9000 X113.668 Y116.565
G1 F1500 X114.059 Y116.174 E1283.45019
G0 F9000 X113.762 Y115.905
G1 F1500 X113.371 Y116.297 E1283.4686
G0 F9000 X113.074 Y116.028
G1 F1500 X113.465 Y115.636 E1283.48702
G0 F9000 X113.168 Y115.368
G1 F1500 X112.776 Y115.76 E1283.50545
G0 F9000 X112.479 Y115.491
G1 F1500 X112.871 Y115.099 E1283.52389
G0 F9000 X112.574 Y114.83
G1 F1500 X112.182 Y115.223 E1283.54235
G0 F9000 X111.885 Y114.954
G1 F1500 X112.277 Y114.561 E1283.56082
G0 F9000 X111.98 Y114.293
G1 F1500 X111.588 Y114.685 E1283.57926
G0 F9000 X111.29 Y114.417
G1 F1500 X111.877 Y113.831 E1283.60684
G0 F9000 X111.877 Y113.265
G1 F1500 X110.993 Y114.148 E1283.6484
G0 F9000 X110.696 Y113.88
G1 F1500 X111.877 Y112.7 E1283.70393
G0 F9000 X111.877 Y112.134
G1 F1500 X110.399 Y113.611 E1283.77342
G0 F9000 X110.102 Y113.343
G1 F1500 X111.877 Y111.568 E1283.85691
G0 F9000 X111.877 Y111.003
G1 F1500 X109.805 Y113.074 E1283.95435
G0 F9000 X109.508 Y112.806
G1 F1500 X111.877 Y110.437 E1284.06578
G0 F9000 X111.877 Y109.871
G1 F1500 X109.211 Y112.537 E1284.19118
G0 F9000 X108.914 Y112.268
G1 F1500 X111.877 Y109.305 E1284.33055
G0 F9000 X111.877 Y108.74
G1 F1500 X108.616 Y112 E1284.48392
G0 F9000 X108.319 Y111.732
G1 F1500 X111.877 Y108.174 E1284.65127
G0 F9000 X111.877 Y107.608
G1 F1500 X108.022 Y111.463 E1284.8326
G0 F9000 X107.725 Y111.194
G1 F1500 X111.877 Y107.043 E1285.02788
G0 F9000 X111.877 Y106.477
G1 F1500 X107.428 Y110.925 E1285.23712
G0 F9000 X107.13 Y110.657
G1 F1500 X111.877 Y105.911 E1285.46038
G0 F9000 X111.877 Y105.346
G1 F1500 X106.884 Y110.339 E1285.69524
G0 F9000 X106.884 Y109.773
G1 F1500 X111.877 Y104.78 E1285.93009
G0 F9000 X111.877 Y104.214
G1 F1500 X106.884 Y109.207 E1286.16495
G0 F9000 X106.884 Y108.642
G1 F1500 X111.877 Y103.649 E1286.3998
G0 F9000 X111.877 Y103.083
G1 F1500 X106.884 Y108.076 E1286.63466
G0 F9000 X106.884 Y107.51
G1 F1500 X111.877 Y102.517 E1286.86951
G0 F9000 X111.877 Y101.952
G1 F1500 X106.884 Y106.944 E1287.10434
G0 F9000 X106.884 Y106.379
G1 F1500 X111.877 Y101.386 E1287.3392
G0 F9000 X111.877 Y100.82
G1 F1500 X106.884 Y105.813 E1287.57406
G0 F9000 X106.884 Y105.247
G1 F1500 X111.877 Y100.255 E1287.80889
G0 F9000 X111.877 Y99.689
G1 F1500 X106.884 Y104.682 E1288.04374
G0 F9000 X106.884 Y104.116
G1 F1500 X111.877 Y99.123 E1288.2786
G0 F9000 X111.877 Y98.557
G1 F1500 X106.884 Y103.55 E1288.51345
G0 F9000 X106.884 Y102.985
G1 F1500 X111.877 Y97.992 E1288.74831
G0 F9000 X111.877 Y97.426
G1 F1500 X106.884 Y102.419 E1288.98316
G0 F9000 X106.884 Y101.853
G1 F1500 X111.63 Y97.106 E1289.20642
G0 F9000 X110.974 Y97.198
G1 F1500 X106.884 Y101.288 E1289.39881
G0 F9000 X106.884 Y100.722
G1 F1500 X110.317 Y97.289 E1289.56028
G0 F9000 X109.659 Y97.381
G1 F1500 X106.884 Y100.156 E1289.69081
G0 F9000 X106.884 Y99.591
G1 F1500 X109.002 Y97.472 E1289.79046
G0 F9000 X108.345 Y97.563
G1 F1500 X106.884 Y99.025 E1289.8592
G0 F9000 X106.884 Y98.459
G1 F1500 X107.688 Y97.654 E1289.89704
G0 F9000 X107.031 Y97.746
G1 F1500 X106.884 Y97.893 E1289.90396
G0 F9000 X106.534 Y97.893
G1 F2400 E1289.10396
;MESH:NONMESH
G0 F300 X106.534 Y97.893 Z9.4
G0 F9000 X106.444 Y97.893
G0 X106.514 Y97.446
G0 X120.71 Y95.118
G0 X126.231 Y92.181
G0 X127.845 Y91.967
;TIME_ELAPSED:1580.551403
;LAYER:46
;TYPE:SUPPORT
G1 F2400 E1289.90396
G1 X130.245 Y91.967 E1289.98378
G1 X130.245 Y113.51 E1290.70031
G1 X130.242 Y113.564 E1290.70211
G1 X130.233 Y113.619 E1290.70396
G1 X130.044 Y114.293 E1290.72724
G1 X130.044 Y114.871 E1290.74647
G1 X129.845 Y115.444 E1290.76664
G1 X129.844 Y115.934 E1290.78294
G1 X129.645 Y116.353 E1290.79837
G1 X129.645 Y116.755 E1290.81174
G1 X129.445 Y117.123 E1290.82567
G1 X129.445 Y117.453 E1290.83664
G1 X129.394 Y117.536 E1290.83988
G1 X129.394 Y117.545 E1290.84018
G1 X129.245 Y117.78 E1290.84944
G1 X129.245 Y118.106 E1290.86028
G1 X129.217 Y118.143 E1290.86182
G1 X129.207 Y118.163 E1290.86257
G1 X129.06 Y118.629 E1290.87882
G1 X129.025 Y118.674 E1290.88071
G1 X129.016 Y118.692 E1290.88138
G1 X128.842 Y119.206 E1290.89943
G1 X128.82 Y119.236 E1290.90067
G1 X128.784 Y119.322 E1290.90377
G1 X128.784 Y119.33 E1290.90404
G1 X128.641 Y119.709 E1290.91751
G1 X128.61 Y119.747 E1290.91914
G1 X128.449 Y120.157 E1290.93379
G1 X128.394 Y120.211 E1290.93636
G1 X128.245 Y120.583 E1290.94968
G1 X128.153 Y120.679 E1290.95411
G1 X128.153 Y120.72 E1290.95547
G1 X128.046 Y120.981 E1290.96485
G1 X128.011 Y121.012 E1290.96641
G1 X128.001 Y121.026 E1290.96698
G1 X127.866 Y121.321 E1290.97777
G1 X127.844 Y121.339 E1290.97871
G1 X127.845 Y120.491 E1291.00692
G1 X127.843 Y120.472 E1291.00755
G1 X127.845 Y119.806 E1291.02971
G1 X127.843 Y119.619 E1291.03593
G1 X127.844 Y116.953 E1291.1246
G1 X127.382 Y116.318 E1291.15072
G1 X127.298 Y116.291 E1291.15365
G1 X127.271 Y116.248 E1291.15534
G1 X127.233 Y116.23 E1291.15674
G1 X127.212 Y116.185 E1291.15839
G1 X127.142 Y116.128 E1291.16139
G1 X127.072 Y115.956 E1291.16757
G1 X127.043 Y115.907 E1291.16946
G1 X127.043 Y115.371 E1291.18729
G1 X127.242 Y115.051 E1291.19982
G1 X127.284 Y115.03 E1291.20139
G1 X127.305 Y114.995 E1291.20274
G1 X127.375 Y114.973 E1291.20518
G1 X127.843 Y114.343 E1291.23129
G1 X127.844 Y106.846 E1291.48064
G1 X127.472 Y106.258 E1291.50378
G1 X127.42 Y106.234 E1291.50568
G1 X127.244 Y105.937 E1291.51717
G1 X127.244 Y105.381 E1291.53566
G1 X127.324 Y105.273 E1291.54013
G1 X127.372 Y105.125 E1291.5453
G1 X127.401 Y105.101 E1291.54656
G1 X127.422 Y105.06 E1291.54809
G1 X127.472 Y105.036 E1291.54993
G1 X127.844 Y104.448 E1291.57308
G1 X127.844 Y96.846 E1291.82592
G1 X127.472 Y96.258 E1291.84906
G1 X127.411 Y96.229 E1291.85131
G1 X127.245 Y95.944 E1291.86228
G1 X127.245 Y95.36 E1291.8817
G1 X127.342 Y95.216 E1291.88748
G1 X127.361 Y95.153 E1291.88966
G1 X127.386 Y95.135 E1291.89069
G1 X127.427 Y95.055 E1291.89368
G1 X127.474 Y95.032 E1291.89542
G1 X127.845 Y94.447 E1291.91846
G1 X127.845 Y91.967 E1292.00094
G0 F9000 X129.885 Y92.327
G1 F2400 X128.205 Y92.327 E1292.05682
G1 X128.205 Y94.551 E1292.13079
G1 X128 Y94.874 E1292.14352
G1 X127.724 Y95.311 E1292.16071
G1 X127.693 Y95.326 E1292.16185
G1 X127.675 Y95.362 E1292.16319
G1 X127.672 Y95.371 E1292.16351
G1 X127.605 Y95.471 E1292.16751
G1 X127.605 Y95.847 E1292.18002
G1 X127.666 Y95.951 E1292.18403
G1 X127.72 Y95.977 E1292.18602
G1 X128 Y96.419 E1292.20342
G1 X128 Y94.874 E1292.25481
G0 F9000 X128 Y96.419
G1 F2400 X128.204 Y96.742 E1292.26752
G1 X128.204 Y104.552 E1292.52728
G1 X128 Y104.874 E1292.53996
G1 X127.721 Y105.315 E1292.55731
G1 X127.688 Y105.331 E1292.55853
G1 X127.681 Y105.336 E1292.55882
G1 X127.648 Y105.44 E1292.56245
G1 X127.604 Y105.5 E1292.56492
G1 X127.604 Y105.838 E1292.57616
G1 X127.673 Y105.954 E1292.58065
G1 X127.719 Y105.976 E1292.58235
G1 X128 Y106.419 E1292.5998
G1 X128 Y104.874 E1292.65118
G0 F9000 X128 Y106.419
G1 F2400 X128.204 Y106.742 E1292.66389
G1 X128.203 Y114.462 E1292.92066
G1 X128 Y114.735 E1292.93197
G1 X127.595 Y115.281 E1292.95458
G1 X127.544 Y115.297 E1292.95636
G1 X127.539 Y115.305 E1292.95668
G1 X127.494 Y115.328 E1292.95836
G1 X127.403 Y115.474 E1292.96408
G1 X127.403 Y115.813 E1292.97535
G1 X127.441 Y115.907 E1292.97873
G1 X127.503 Y115.958 E1292.9814
G0 F9000 X127.504 Y115.96
G1 F2400 X127.519 Y115.967 E1292.98195
G1 X127.533 Y115.989 E1292.98281
G1 X127.604 Y116.012 E1292.9853
G1 X128 Y116.555 E1293.00765
G1 X128 Y114.735 E1293.06818
G0 F9000 X128 Y116.555
G1 F2400 X128.204 Y116.836 E1293.07973
G1 X128.203 Y119.619 E1293.1723
G1 X128.205 Y119.794 E1293.17812
G1 X128.295 Y119.564 E1293.18633
G1 X128.323 Y119.529 E1293.18782
G1 X128.424 Y119.262 E1293.19732
G1 X128.424 Y119.25 E1293.19772
G1 X128.505 Y119.057 E1293.20468
G1 X128.519 Y119.038 E1293.20546
G1 X128.683 Y118.553 E1293.22249
G1 X128.719 Y118.481 E1293.22517
G1 X128.736 Y118.46 E1293.22607
G1 X128.872 Y118.028 E1293.24113
G1 X128.885 Y118.002 E1293.2421
G1 X128.885 Y117.676 E1293.25294
G1 X129.034 Y117.441 E1293.26219
G1 X129.034 Y117.433 E1293.26246
G1 X129.085 Y117.351 E1293.26567
G1 X129.085 Y117.031 E1293.27632
G1 X129.285 Y116.662 E1293.29028
G1 X129.285 Y116.272 E1293.30325
G1 X129.484 Y115.851 E1293.31873
G1 X129.485 Y115.383 E1293.3343
G1 X129.684 Y114.811 E1293.35444
G1 X129.684 Y114.243 E1293.37334
G1 X129.881 Y113.54 E1293.39762
G1 X129.885 Y113.487 E1293.39939
G1 X129.885 Y92.327 E1294.10317
G1 F2400 E1293.30317
;MESH:1x_1xm_pusher.stl
G0 F9000 X131.11 Y92.327
G0 X126.41 Y95.918
G0 X126.428 Y97.331
G0 X121.081 Y125.752
;TYPE:WALL-INNER
G1 F2400 E1294.10317
G1 X121.081 Y125.461 E1294.11285
G1 X121.081 Y125.46 E1294.11288
G1 X121.079 Y123.278 E1294.18546
G1 X121.081 Y122.941 E1294.19666
G1 X121.081 Y118.292 E1294.35129
G1 X115.226 Y118.292 E1294.54603
G1 X107.757 Y111.542 E1294.88087
G1 X107.758 Y97.289 E1295.35492
G1 X121.08 Y95.436 E1295.80228
G1 X121.079 Y92.566 E1295.89774
G1 X121.079 Y92.367 E1295.90435
G1 X121.278 Y92.367 E1295.90864
G1 X126.245 Y92.367 E1296.07384
G1 X126.245 Y93.858 E1296.12343
G1 X126.039 Y93.984 E1296.13146
G1 X125.777 Y94.194 E1296.14263
G1 X125.539 Y94.447 E1296.15418
G1 X125.308 Y94.793 E1296.16802
G1 X125.15 Y95.197 E1296.18245
G1 X125.093 Y95.625 E1296.19681
G1 X125.14 Y96.06 E1296.21136
G1 X125.293 Y96.47 E1296.22592
G1 X125.528 Y96.833 E1296.2403
G1 X125.769 Y97.093 E1296.25209
G1 X126.026 Y97.299 E1296.26305
G1 X126.244 Y97.435 E1296.27159
G1 X126.244 Y103.858 E1296.48522
G1 X126.039 Y103.984 E1296.49323
G1 X125.777 Y104.194 E1296.50439
G1 X125.539 Y104.447 E1296.51595
G1 X125.308 Y104.793 E1296.52978
G1 X125.15 Y105.197 E1296.54421
G1 X125.093 Y105.625 E1296.55857
G1 X125.14 Y106.06 E1296.57312
G1 X125.293 Y106.47 E1296.58768
G1 X125.528 Y106.833 E1296.60206
G1 X125.769 Y107.093 E1296.61385
G1 X126.026 Y107.299 E1296.62481
G1 X126.244 Y107.435 E1296.63335
G1 X126.243 Y113.665 E1296.84057
G1 X126.047 Y113.748 E1296.84764
G1 X125.751 Y113.915 E1296.85895
G1 X125.48 Y114.114 E1296.87013
G1 X125.225 Y114.358 E1296.88187
G1 X124.979 Y114.689 E1296.89559
G1 X124.798 Y115.081 E1296.90995
G1 X124.712 Y115.507 E1296.9244
G1 X124.732 Y115.943 E1296.93892
G1 X124.858 Y116.363 E1296.9535
G1 X125.072 Y116.737 E1296.96783
G1 X125.304 Y117.01 E1296.97975
G1 X125.556 Y117.234 E1296.99096
G1 X125.831 Y117.417 E1297.00195
G1 X126.136 Y117.577 E1297.01341
G1 X126.244 Y117.619 E1297.01726
G1 X126.243 Y119.621 E1297.08385
G1 X126.245 Y119.809 E1297.0901
G1 X126.243 Y120.532 E1297.11415
G1 X126.245 Y120.552 E1297.11482
G1 X126.243 Y121.748 E1297.1546
G1 X126.245 Y121.768 E1297.15526
G1 X126.244 Y123.072 E1297.19864
G1 X125.966 Y123.262 E1297.20983
G1 X125.158 Y123.768 E1297.24154
G1 X124.323 Y124.248 E1297.27358
G1 X123.465 Y124.698 E1297.3058
G1 X122.583 Y125.121 E1297.33834
G1 X121.656 Y125.525 E1297.37197
G1 X121.352 Y125.645 E1297.38284
G1 X121.081 Y125.752 E1297.38853
G0 F9000 X120.681 Y126.332
;TYPE:WALL-OUTER
G1 F2400 X120.681 Y126.27 E1297.39059
G1 X120.681 Y126.107 E1297.39601
G1 X120.679 Y123.276 E1297.49017
G1 X120.681 Y122.94 E1297.50134
G1 X120.681 Y118.692 E1297.64263
G1 X115.072 Y118.692 E1297.82919
G1 X107.357 Y111.72 E1298.17505
G1 X107.358 Y96.941 E1298.6666
G1 X120.68 Y95.088 E1299.11396
G1 X120.679 Y92.167 E1299.21111
G1 X120.679 Y91.967 E1299.21776
G1 X120.879 Y91.967 E1299.22207
G1 X126.645 Y91.967 E1299.41385
G1 X126.645 Y94.099 E1299.48476
G1 X126.517 Y94.16 E1299.48947
G1 X126.27 Y94.312 E1299.49912
G1 X126.049 Y94.489 E1299.50854
G1 X125.853 Y94.697 E1299.51804
G1 X125.665 Y94.979 E1299.52931
G1 X125.54 Y95.298 E1299.54071
G1 X125.496 Y95.63 E1299.55185
G1 X125.532 Y95.967 E1299.56312
G1 X125.652 Y96.289 E1299.57455
G1 X125.845 Y96.586 E1299.58633
G1 X126.042 Y96.799 E1299.59598
G1 X126.258 Y96.972 E1299.60519
G1 X126.51 Y97.13 E1299.61508
G1 X126.644 Y97.194 E1299.62002
G1 X126.644 Y104.1 E1299.84971
G1 X126.517 Y104.16 E1299.85438
G1 X126.27 Y104.312 E1299.86403
G1 X126.049 Y104.489 E1299.87345
G1 X125.853 Y104.697 E1299.88295
G1 X125.665 Y104.979 E1299.89423
G1 X125.54 Y105.298 E1299.90562
G1 X125.496 Y105.63 E1299.91676
G1 X125.532 Y105.967 E1299.92803
G1 X125.652 Y106.289 E1299.93946
G1 X125.845 Y106.586 E1299.95124
G1 X126.042 Y106.799 E1299.96089
G1 X126.258 Y106.972 E1299.9701
G1 X126.51 Y107.13 E1299.97999
G1 X126.644 Y107.194 E1299.98493
G1 X126.643 Y113.946 E1300.2095
G1 X126.502 Y113.99 E1300.21441
G1 X126.224 Y114.108 E1300.22446
G1 X125.968 Y114.252 E1300.23423
G1 X125.738 Y114.421 E1300.24372
G1 X125.526 Y114.624 E1300.25348
G1 X125.325 Y114.894 E1300.26468
G1 X125.181 Y115.206 E1300.27611
G1 X125.114 Y115.538 E1300.28737
G1 X125.129 Y115.875 E1300.29859
G1 X125.228 Y116.204 E1300.31002
G1 X125.401 Y116.506 E1300.3216
G1 X125.591 Y116.73 E1300.33136
G1 X125.801 Y116.917 E1300.34072
G1 X126.035 Y117.073 E1300.35007
G1 X126.302 Y117.213 E1300.3601
G1 X126.59 Y117.326 E1300.37039
G1 X126.644 Y117.343 E1300.37227
G1 X126.643 Y119.619 E1300.44797
G1 X126.645 Y119.81 E1300.45432
G1 X126.643 Y120.513 E1300.47771
G1 X126.645 Y120.533 E1300.47837
G1 X126.643 Y121.727 E1300.51809
G1 X126.645 Y121.746 E1300.51872
G1 X126.644 Y123.283 E1300.56984
G1 X126.178 Y123.601 E1300.58861
G1 X125.357 Y124.115 E1300.62082
G1 X124.518 Y124.597 E1300.65301
G1 X123.638 Y125.059 E1300.68606
G1 X122.743 Y125.488 E1300.71907
G1 X121.816 Y125.892 E1300.75271
G1 X121.009 Y126.21 E1300.78156
G1 X120.858 Y126.269 E1300.78571
G1 X120.681 Y126.332 E1300.78914
G0 F9000 X120.937 Y125.963
G0 X124.175 Y124.144
;TYPE:FILL
G1 F4800 X125.917 Y117.643 E1301.013
G0 F9000 X125.098 Y116.434
G0 X124.607 Y115.208
G1 F4800 X113.61 Y104.211 E1301.53026
G0 F9000 X113.611 Y103.488
G1 F4800 X126.083 Y100.146 E1301.95972
G0 F9000 X126.082 Y99.713
G1 F4800 X121.238 Y94.868 E1302.18759
G0 F9000 X120.943 Y95.246
G0 X119.336 Y95.839
G1 F4800 X114.101 Y115.374 E1302.86025
G0 F9000 X114.446 Y115.687
G1 F4800 X126.081 Y112.57 E1303.26088
G0 F9000 X116.902 Y117.97
G0 X116.633 Y117.865
;TYPE:SKIN
G1 F1500 X116.619 Y117.902 E1303.26219
G1 X115.375 Y117.902 E1303.30357
G1 X108.147 Y111.37 E1303.6276
G1 X108.148 Y97.628 E1304.08466
G1 X113.461 Y96.889 E1304.26307
G1 X113.461 Y114.996 E1304.86531
G1 X116.633 Y117.865 E1305.00756
G0 F9000 X116.902 Y117.97
G0 X115.293 Y118.119
G0 X107.931 Y111.464
G0 X107.868 Y111.134
G0 X108.306 Y111.135
G1 F1500 X110.008 Y112.836 E1305.0876
G0 F9000 X109.713 Y113.161
G0 X107.931 Y111.464
G0 X107.868 Y110.568
G0 X108.306 Y110.569
G1 F1500 X115.478 Y117.741 E1305.42495
G0 F9000 X116.044 Y117.741
G1 F1500 X114.011 Y115.708 E1305.52057
G0 F9000 X114.312 Y115.376
G0 X113.742 Y114.873
G0 X113.301 Y114.998
G1 F1500 X108.306 Y110.003 E1305.75552
G0 F9000 X108.306 Y109.438
G1 F1500 X113.301 Y114.432 E1305.99045
G0 F9000 X113.301 Y113.866
G1 F1500 X108.306 Y108.872 E1306.22537
G0 F9000 X108.306 Y108.306
G1 F1500 X113.301 Y113.301 E1306.46032
G0 F9000 X113.301 Y112.735
G1 F1500 X108.306 Y107.741 E1306.69525
G0 F9000 X108.306 Y107.175
G1 F1500 X113.301 Y112.169 E1306.93018
G0 F9000 X113.301 Y111.604
G1 F1500 X108.306 Y106.609 E1307.16513
G0 F9000 X108.306 Y106.044
G1 F1500 X113.301 Y111.038 E1307.40005
G0 F9000 X113.301 Y110.472
G1 F1500 X108.306 Y105.478 E1307.63498
G0 F9000 X108.306 Y104.912
G1 F1500 X113.301 Y109.907 E1307.86993
G0 F9000 X113.301 Y109.341
G1 F1500 X108.306 Y104.347 E1308.10485
G0 F9000 X108.306 Y103.781
G1 F1500 X113.301 Y108.775 E1308.33978
G0 F9000 X113.301 Y108.209
G1 F1500 X108.306 Y103.215 E1308.5747
G0 F9000 X108.306 Y102.649
G1 F1500 X113.301 Y107.644 E1308.80965
G0 F9000 X113.301 Y107.078
G1 F1500 X108.306 Y102.084 E1309.04458
G0 F9000 X108.306 Y101.518
G1 F1500 X113.301 Y106.512 E1309.27951
G0 F9000 X113.3 Y105.946
G1 F1500 X108.306 Y100.952 E1309.51441
G0 F9000 X108.306 Y100.387
G1 F1500 X113.3 Y105.38 E1309.74929
G0 F9000 X113.3 Y104.815
G1 F1500 X108.306 Y99.821 E1309.98419
G0 F9000 X108.306 Y99.255
G1 F1500 X113.3 Y104.249 E1310.21909
G0 F9000 X113.3 Y103.683
G1 F1500 X108.306 Y98.69 E1310.45397
G0 F9000 X108.306 Y98.124
G1 F1500 X113.3 Y103.118 E1310.68887
G0 F9000 X113.3 Y102.552
G1 F1500 X108.49 Y97.742 E1310.91512
G0 F9000 X108.987 Y97.673
G1 F1500 X113.3 Y101.986 E1311.11799
G0 F9000 X113.3 Y101.421
G1 F1500 X109.483 Y97.604 E1311.29753
G0 F9000 X109.98 Y97.535
G1 F1500 X113.3 Y100.855 E1311.45369
G0 F9000 X113.3 Y100.289
G1 F1500 X110.476 Y97.466 E1311.5865
G0 F9000 X110.973 Y97.396
G1 F1500 X113.3 Y99.723 E1311.69596
G0 F9000 X113.3 Y99.158
G1 F1500 X111.469 Y97.327 E1311.78208
G0 F9000 X111.966 Y97.259
G1 F1500 X113.3 Y98.592 E1311.84481
G0 F9000 X113.3 Y98.026
G1 F1500 X112.463 Y97.189 E1311.88418
G0 F9000 X112.959 Y97.12
G1 F1500 X113.3 Y97.461 E1311.90022
G0 F9000 X114.051 Y97.461
G1 F2400 E1311.10022
;MESH:NONMESH
G0 F300 X114.051 Y97.461 Z9.6
G0 F9000 X120.91 Y95.288
G0 X126.431 Y92.181
G0 X128.045 Y91.967
;TIME_ELAPSED:1609.826624
;LAYER:47
;TYPE:SUPPORT
G1 F2400 E1311.90022
G1 X130.245 Y91.967 E1311.97339
G1 X130.245 Y113.51 E1312.68991
G1 X130.242 Y113.564 E1312.69171
G1 X130.233 Y113.619 E1312.69356
G1 X130.044 Y114.293 E1312.71685
G1 X130.044 Y114.871 E1312.73607
G1 X129.845 Y115.444 E1312.75624
G1 X129.844 Y115.934 E1312.77254
G1 X129.645 Y116.353 E1312.78797
G1 X129.645 Y116.755 E1312.80134
G1 X129.445 Y117.123 E1312.81527
G1 X129.445 Y117.453 E1312.82625
G1 X129.394 Y117.536 E1312.82949
G1 X129.394 Y117.545 E1312.82979
G1 X129.245 Y117.78 E1312.83904
G1 X129.245 Y118.106 E1312.84988
G1 X129.217 Y118.143 E1312.85143
G1 X129.207 Y118.163 E1312.85217
G1 X129.06 Y118.629 E1312.86842
G1 X129.025 Y118.674 E1312.87032
G1 X129.016 Y118.692 E1312.87099
G1 X128.842 Y119.206 E1312.88904
G1 X128.82 Y119.236 E1312.89027
G1 X128.784 Y119.322 E1312.89338
G1 X128.784 Y119.33 E1312.89364
G1 X128.641 Y119.709 E1312.90711
G1 X128.61 Y119.747 E1312.90875
G1 X128.449 Y120.157 E1312.9234
G1 X128.394 Y120.211 E1312.92596
G1 X128.245 Y120.583 E1312.93929
G1 X128.153 Y120.679 E1312.94371
G1 X128.153 Y120.719 E1312.94504
G1 X128.045 Y120.982 E1312.9545
G1 X128.045 Y120.404 E1312.97372
G1 X128.043 Y120.385 E1312.97436
G1 X128.045 Y119.68 E1312.99781
G1 X128.043 Y119.507 E1313.00356
G1 X128.044 Y117.013 E1313.08651
G1 X127.505 Y116.347 E1313.11501
G1 X127.386 Y116.323 E1313.11905
G1 X127.382 Y116.318 E1313.11926
G1 X127.298 Y116.291 E1313.12219
G1 X127.271 Y116.248 E1313.12388
G1 X127.233 Y116.23 E1313.12528
G1 X127.212 Y116.185 E1313.12693
G1 X127.142 Y116.128 E1313.12993
G1 X127.072 Y115.956 E1313.13611
G1 X127.043 Y115.907 E1313.138
G1 X127.043 Y115.371 E1313.15583
G1 X127.242 Y115.051 E1313.16837
G1 X127.284 Y115.03 E1313.16993
G1 X127.306 Y114.995 E1313.1713
G1 X127.35 Y114.981 E1313.17284
G1 X127.475 Y114.961 E1313.17705
G1 X128.044 Y114.289 E1313.20633
G1 X128.044 Y106.951 E1313.4504
G1 X127.563 Y106.306 E1313.47716
G1 X127.489 Y106.285 E1313.47972
G1 X127.472 Y106.258 E1313.48078
G1 X127.42 Y106.234 E1313.48268
G1 X127.244 Y105.937 E1313.49417
G1 X127.244 Y105.381 E1313.51266
G1 X127.324 Y105.273 E1313.51713
G1 X127.372 Y105.125 E1313.5223
G1 X127.401 Y105.101 E1313.52356
G1 X127.422 Y105.06 E1313.52509
G1 X127.472 Y105.036 E1313.52693
G1 X127.493 Y105.003 E1313.52823
G1 X127.574 Y104.979 E1313.53104
G1 X128.044 Y104.341 E1313.5574
G1 X128.044 Y96.951 E1313.80319
G1 X127.563 Y96.306 E1313.82995
G1 X127.489 Y96.285 E1313.83251
G1 X127.472 Y96.258 E1313.83357
G1 X127.411 Y96.229 E1313.83582
G1 X127.245 Y95.944 E1313.84679
G1 X127.245 Y95.36 E1313.86621
G1 X127.342 Y95.216 E1313.87199
G1 X127.361 Y95.153 E1313.87418
G1 X127.386 Y95.135 E1313.8752
G1 X127.426 Y95.056 E1313.87815
G1 X127.474 Y95.033 E1313.87992
G1 X127.494 Y95.001 E1313.88117
G1 X127.577 Y94.975 E1313.88406
G1 X128.045 Y94.34 E1313.9103
G1 X128.045 Y91.967 E1313.98923
G0 F9000 X129.885 Y92.327
G1 F2400 X128.405 Y92.327 E1314.03845
G1 X128.405 Y94.459 E1314.10936
G1 X128 Y95.007 E1314.13203
G1 X127.797 Y95.282 E1314.1434
G1 X127.728 Y95.304 E1314.1458
G1 X127.722 Y95.314 E1314.14619
G1 X127.691 Y95.329 E1314.14734
G1 X127.675 Y95.362 E1314.14856
G1 X127.672 Y95.371 E1314.14887
G1 X127.605 Y95.471 E1314.15288
G1 X127.605 Y95.847 E1314.16538
G1 X127.666 Y95.951 E1314.16939
G1 X127.715 Y95.975 E1314.17121
G1 X127.778 Y95.992 E1314.17338
G1 X128 Y96.289 E1314.18571
G1 X128 Y95.007 E1314.22835
G0 F9000 X128 Y96.289
G1 F2400 X128.404 Y96.832 E1314.25086
G1 X128.404 Y104.46 E1314.50457
G1 X128 Y105.007 E1314.52719
G1 X127.792 Y105.29 E1314.53887
G1 X127.723 Y105.311 E1314.54127
G1 X127.718 Y105.318 E1314.54155
G1 X127.685 Y105.333 E1314.54276
G1 X127.681 Y105.336 E1314.54292
G1 X127.648 Y105.44 E1314.54655
G1 X127.604 Y105.5 E1314.54903
G1 X127.604 Y105.838 E1314.56027
G1 X127.672 Y105.954 E1314.56474
G1 X127.721 Y105.976 E1314.56653
G1 X127.779 Y105.992 E1314.56853
G1 X128 Y106.289 E1314.58084
G1 X128 Y105.007 E1314.62348
G0 F9000 X128 Y106.289
G1 F2400 X128.404 Y106.832 E1314.64599
G1 X128.404 Y114.421 E1314.8984
G1 X128 Y114.898 E1314.9192
G1 X127.664 Y115.296 E1314.93652
G1 X127.509 Y115.32 E1314.94174
G1 X127.494 Y115.328 E1314.9423
G1 X127.403 Y115.474 E1314.94802
G1 X127.403 Y115.813 E1314.9593
G1 X127.441 Y115.907 E1314.96267
G1 X127.503 Y115.958 E1314.96534
G0 F9000 X127.504 Y115.96
G1 F2400 X127.521 Y115.968 E1314.96597
G1 X127.531 Y115.985 E1314.96662
G1 X127.703 Y116.02 E1314.97246
G1 X128 Y116.386 E1314.98814
G1 X128 Y114.898 E1315.03763
G0 F9000 X128 Y116.386
G1 F2400 X128.404 Y116.885 E1315.05898
G1 X128.403 Y119.318 E1315.1399
G1 X128.424 Y119.262 E1315.14189
G1 X128.424 Y119.25 E1315.14229
G1 X128.505 Y119.057 E1315.14925
G1 X128.519 Y119.038 E1315.15004
G1 X128.683 Y118.553 E1315.16707
G1 X128.719 Y118.481 E1315.16975
G1 X128.736 Y118.46 E1315.17064
G1 X128.872 Y118.028 E1315.18571
G1 X128.885 Y118.002 E1315.18667
G1 X128.885 Y117.676 E1315.19752
G1 X129.034 Y117.441 E1315.20677
G1 X129.034 Y117.433 E1315.20704
G1 X129.085 Y117.351 E1315.21025
G1 X129.085 Y117.031 E1315.22089
G1 X129.285 Y116.662 E1315.23485
G1 X129.285 Y116.272 E1315.24782
G1 X129.484 Y115.851 E1315.26331
G1 X129.485 Y115.383 E1315.27888
G1 X129.684 Y114.811 E1315.29902
G1 X129.684 Y114.243 E1315.31791
G1 X129.881 Y113.54 E1315.3422
G1 X129.885 Y113.487 E1315.34396
G1 X129.885 Y92.327 E1316.04775
G1 F2400 E1315.24775
;MESH:1x_1xm_pusher.stl
G0 F9000 X131.11 Y92.327
G0 X126.439 Y96.212
G0 X126.628 Y97.505
G0 X126.184 Y99.778
G0 X121.281 Y125.594
;TYPE:WALL-INNER
G1 F2400 E1316.04775
G1 X121.281 Y125.526 E1316.05001
G1 X121.281 Y125.356 E1316.05566
G1 X121.279 Y123.359 E1316.12208
G1 X121.281 Y122.998 E1316.13409
G1 X121.281 Y118.292 E1316.29061
G1 X115.692 Y118.292 E1316.4765
G1 X109.181 Y112.407 E1316.76841
G1 X109.181 Y97.289 E1317.27124
G1 X121.28 Y95.606 E1317.67753
G1 X121.279 Y92.566 E1317.77864
G1 X121.279 Y92.367 E1317.78526
G1 X121.478 Y92.367 E1317.78954
G1 X126.445 Y92.367 E1317.95474
G1 X126.445 Y93.662 E1317.99781
G1 X126.233 Y93.753 E1318.00549
G1 X125.939 Y93.918 E1318.0167
G1 X125.665 Y94.117 E1318.02796
G1 X125.411 Y94.362 E1318.0397
G1 X125.163 Y94.692 E1318.05343
G1 X124.983 Y95.087 E1318.06787
G1 X124.897 Y95.511 E1318.08226
G1 X124.918 Y95.947 E1318.09678
G1 X125.043 Y96.364 E1318.11125
G1 X125.256 Y96.74 E1318.12563
G1 X125.49 Y97.016 E1318.13766
G1 X125.742 Y97.237 E1318.14881
G1 X126.012 Y97.421 E1318.15968
G1 X126.32 Y97.582 E1318.17124
G1 X126.444 Y97.63 E1318.17566
G1 X126.444 Y103.663 E1318.37632
G1 X126.233 Y103.753 E1318.38395
G1 X125.939 Y103.918 E1318.39516
G1 X125.665 Y104.117 E1318.40642
G1 X125.411 Y104.362 E1318.41816
G1 X125.163 Y104.692 E1318.43189
G1 X124.983 Y105.087 E1318.44633
G1 X124.897 Y105.511 E1318.46072
G1 X124.918 Y105.947 E1318.47524
G1 X125.043 Y106.364 E1318.48972
G1 X125.256 Y106.74 E1318.50409
G1 X125.49 Y107.016 E1318.51612
G1 X125.742 Y107.237 E1318.52727
G1 X126.012 Y107.421 E1318.53814
G1 X126.32 Y107.582 E1318.5497
G1 X126.444 Y107.63 E1318.55412
G1 X126.444 Y113.529 E1318.75032
G1 X126.28 Y113.574 E1318.75598
G1 X125.958 Y113.697 E1318.76744
G1 X125.655 Y113.852 E1318.77876
G1 X125.375 Y114.039 E1318.78996
G1 X125.121 Y114.258 E1318.80112
G1 X124.888 Y114.529 E1318.813
G1 X124.679 Y114.875 E1318.82645
G1 X124.544 Y115.286 E1318.84084
G1 X124.509 Y115.717 E1318.85522
G1 X124.58 Y116.148 E1318.86975
G1 X124.751 Y116.546 E1318.88416
G1 X124.959 Y116.851 E1318.89643
G1 X125.247 Y117.144 E1318.9101
G1 X125.522 Y117.351 E1318.92155
G1 X125.823 Y117.525 E1318.93311
G1 X126.148 Y117.665 E1318.94488
G1 X126.444 Y117.76 E1318.95522
G1 X126.443 Y119.509 E1319.01339
G1 X126.445 Y119.683 E1319.01918
G1 X126.443 Y120.44 E1319.04436
G1 X126.445 Y120.46 E1319.04503
G1 X126.444 Y122.798 E1319.12279
G1 X125.748 Y123.273 E1319.15081
G1 X124.964 Y123.765 E1319.1816
G1 X124.123 Y124.248 E1319.21386
G1 X123.265 Y124.698 E1319.24608
G1 X122.383 Y125.121 E1319.27862
G1 X121.611 Y125.458 E1319.30663
G1 X121.456 Y125.525 E1319.31092
G1 X121.281 Y125.594 E1319.31429
G0 F9000 X120.881 Y126.181
;TYPE:WALL-OUTER
G1 F2400 X120.881 Y125.889 E1319.32401
G1 X120.881 Y125.888 E1319.32404
G1 X120.879 Y123.357 E1319.40822
G1 X120.881 Y122.997 E1319.42019
G1 X120.881 Y118.692 E1319.56338
G1 X115.538 Y118.692 E1319.74109
G1 X108.781 Y112.585 E1320.04402
G1 X108.781 Y96.941 E1320.56434
G1 X120.88 Y95.258 E1320.97063
G1 X120.879 Y92.167 E1321.07343
G1 X120.879 Y91.967 E1321.08008
G1 X121.079 Y91.967 E1321.08439
G1 X126.845 Y91.967 E1321.27617
G1 X126.845 Y93.945 E1321.34196
G1 X126.687 Y93.994 E1321.34746
G1 X126.41 Y94.112 E1321.35747
G1 X126.155 Y94.255 E1321.3672
G1 X125.923 Y94.424 E1321.37675
G1 X125.712 Y94.628 E1321.38651
G1 X125.509 Y94.898 E1321.39774
G1 X125.366 Y95.211 E1321.40919
G1 X125.299 Y95.542 E1321.42042
G1 X125.315 Y95.879 E1321.43164
G1 X125.413 Y96.206 E1321.443
G1 X125.585 Y96.51 E1321.45461
G1 X125.776 Y96.735 E1321.46443
G1 X125.987 Y96.92 E1321.47376
G1 X126.218 Y97.077 E1321.48305
G1 X126.486 Y97.217 E1321.49311
G1 X126.775 Y97.33 E1321.50343
G1 X126.844 Y97.35 E1321.50582
G1 X126.844 Y103.946 E1321.7252
G1 X126.687 Y103.994 E1321.73066
G1 X126.41 Y104.112 E1321.74068
G1 X126.155 Y104.255 E1321.7504
G1 X125.923 Y104.424 E1321.75995
G1 X125.712 Y104.628 E1321.76971
G1 X125.509 Y104.898 E1321.78094
G1 X125.366 Y105.211 E1321.79239
G1 X125.299 Y105.542 E1321.80362
G1 X125.315 Y105.879 E1321.81484
G1 X125.413 Y106.206 E1321.8262
G1 X125.585 Y106.51 E1321.83781
G1 X125.776 Y106.735 E1321.84763
G1 X125.987 Y106.92 E1321.85696
G1 X126.218 Y107.077 E1321.86625
G1 X126.486 Y107.217 E1321.87631
G1 X126.775 Y107.33 E1321.88663
G1 X126.844 Y107.35 E1321.88902
G1 X126.844 Y113.849 E1322.10518
G1 X126.705 Y113.872 E1322.10986
G1 X126.405 Y113.955 E1322.12022
G1 X126.121 Y114.063 E1322.13032
G1 X125.858 Y114.198 E1322.14016
G1 X125.617 Y114.358 E1322.14978
G1 X125.405 Y114.541 E1322.15909
G1 X125.213 Y114.764 E1322.16888
G1 X125.045 Y115.043 E1322.17971
G1 X124.939 Y115.366 E1322.19102
G1 X124.912 Y115.7 E1322.20216
G1 X124.967 Y116.035 E1322.21345
G1 X125.103 Y116.353 E1322.22496
G1 X125.269 Y116.596 E1322.23475
G1 X125.511 Y116.842 E1322.24622
G1 X125.743 Y117.017 E1322.25589
G1 X126.003 Y117.167 E1322.26587
G1 X126.288 Y117.29 E1322.2762
G1 X126.589 Y117.386 E1322.2867
G1 X126.844 Y117.438 E1322.29536
G1 X126.843 Y119.507 E1322.36418
G1 X126.845 Y119.684 E1322.37006
G1 X126.843 Y120.422 E1322.39461
G1 X126.845 Y120.444 E1322.39534
G1 X126.844 Y123.003 E1322.48046
G1 X126.73 Y123.087 E1322.48517
G1 X125.97 Y123.606 E1322.51578
G1 X125.163 Y124.112 E1322.54746
G1 X124.318 Y124.597 E1322.57986
G1 X123.438 Y125.059 E1322.61292
G1 X122.543 Y125.488 E1322.64593
G1 X121.616 Y125.892 E1322.67956
G1 X121.153 Y126.074 E1322.69611
G1 X120.881 Y126.181 E1322.70182
G0 F9000 X121.137 Y125.806
G0 X124.036 Y124.112
;TYPE:FILL
G1 F4800 X125.762 Y117.672 E1322.92357
G0 F9000 X124.892 Y116.469
G0 X124.5 Y114.9
G1 F4800 X115.034 Y105.434 E1323.36883
G0 F9000 X115.174 Y105.435
G0 X115.174 Y103.255
G0 X115.034 Y103.254
G1 F4800 X126.283 Y100.24 E1323.75617
G0 F9000 X126.282 Y99.712
G1 F4800 X121.438 Y94.868 E1323.98401
G0 F9000 X121.11 Y95.458
G0 X119.128 Y96.065
G1 F4800 X115.033 Y111.347 E1324.51023
G0 F9000 X115.174 Y111.348
G0 X115.174 Y115.678
G0 X115.034 Y115.677
G1 F4800 X126.283 Y112.663 E1324.89757
G0 F9000 X117.369 Y117.967
G0 X117.099 Y117.864
;TYPE:SKIN
G1 F1500 X117.085 Y117.902 E1324.89891
G1 X115.841 Y117.902 E1324.94029
G1 X109.571 Y112.235 E1325.22139
G1 X109.571 Y97.628 E1325.70722
G1 X114.885 Y96.889 E1325.88566
G1 X114.884 Y115.861 E1326.51667
G1 X117.099 Y117.864 E1326.616
G0 F9000 X116.582 Y117.61
G1 F1500 X116.452 Y117.741 E1326.62214
G0 F9000 X116.285 Y117.342
G1 F1500 X115.893 Y117.734 E1326.64058
G0 F9000 X115.596 Y117.465
G1 F1500 X115.988 Y117.074 E1326.65899
G0 F9000 X115.691 Y116.805
G1 F1500 X115.298 Y117.197 E1326.67745
G0 F9000 X115.001 Y116.929
G1 F1500 X115.394 Y116.536 E1326.69594
G0 F9000 X115.097 Y116.268
G1 F1500 X114.704 Y116.66 E1326.7144
G0 F9000 X114.407 Y116.391
G1 F1500 X114.8 Y115.999 E1326.73286
G0 F9000 X114.723 Y115.51
G1 F1500 X114.11 Y116.123 E1326.7617
G0 F9000 X113.813 Y115.855
G1 F1500 X114.723 Y114.944 E1326.80452
G0 F9000 X114.723 Y114.378
G1 F1500 X113.516 Y115.586 E1326.86132
G0 F9000 X113.219 Y115.317
G1 F1500 X114.723 Y113.813 E1326.93207
G0 F9000 X114.723 Y113.247
G1 F1500 X112.922 Y115.049 E1327.0168
G0 F9000 X112.624 Y114.781
G1 F1500 X114.723 Y112.681 E1327.11556
G0 F9000 X114.723 Y112.116
G1 F1500 X112.327 Y114.512 E1327.22826
G0 F9000 X112.03 Y114.243
G1 F1500 X114.723 Y111.55 E1327.35493
G0 F9000 X114.723 Y110.984
G1 F1500 X111.733 Y113.975 E1327.49559
G0 F9000 X111.436 Y113.706
G1 F1500 X114.723 Y110.418 E1327.65023
G0 F9000 X114.723 Y109.853
G1 F1500 X111.138 Y113.438 E1327.81885
G0 F9000 X110.841 Y113.169
G1 F1500 X114.723 Y109.287 E1328.00145
G0 F9000 X114.723 Y108.721
G1 F1500 X110.544 Y112.9 E1328.19802
G0 F9000 X110.247 Y112.632
G1 F1500 X114.723 Y108.156 E1328.40855
G0 F9000 X114.723 Y107.59
G1 F1500 X109.95 Y112.364 E1328.63309
G0 F9000 X109.73 Y112.017
G1 F1500 X114.723 Y107.024 E1328.86794
G0 F9000 X114.723 Y106.459
G1 F1500 X109.73 Y111.452 E1329.1028
G0 F9000 X109.73 Y110.886
G1 F1500 X114.723 Y105.893 E1329.33765
G0 F9000 X114.723 Y105.327
G1 F1500 X109.73 Y110.32 E1329.57251
G0 F9000 X109.73 Y109.754
G1 F1500 X114.723 Y104.762 E1329.80734
G0 F9000 X114.723 Y104.196
G1 F1500 X109.73 Y109.189 E1330.04219
G0 F9000 X109.73 Y108.623
G1 F1500 X114.723 Y103.63 E1330.27705
G0 F9000 X114.723 Y103.065
G1 F1500 X109.73 Y108.057 E1330.51188
G0 F9000 X109.73 Y107.492
G1 F1500 X114.723 Y102.499 E1330.74674
G0 F9000 X114.723 Y101.933
G1 F1500 X109.73 Y106.926 E1330.98159
G0 F9000 X109.73 Y106.36
G1 F1500 X114.723 Y101.367 E1331.21645
G0 F9000 X114.723 Y100.802
G1 F1500 X109.73 Y105.795 E1331.4513
G0 F9000 X109.73 Y105.229
G1 F1500 X114.723 Y100.236 E1331.68616
G0 F9000 X114.723 Y99.67
G1 F1500 X109.73 Y104.663 E1331.92101
G0 F9000 X109.73 Y104.098
G1 F1500 X114.723 Y99.105 E1332.15587
G0 F9000 X114.723 Y98.539
G1 F1500 X109.73 Y103.532 E1332.39073
G0 F9000 X109.73 Y102.966
G1 F1500 X114.723 Y97.973 E1332.62558
G0 F9000 X114.723 Y97.408
G1 F1500 X109.73 Y102.401 E1332.86044
G0 F9000 X109.73 Y101.835
G1 F1500 X114.456 Y97.109 E1333.08273
G0 F9000 X113.799 Y97.201
G1 F1500 X109.73 Y101.269 E1333.2741
G0 F9000 X109.73 Y100.704
G1 F1500 X113.142 Y97.292 E1333.43459
G0 F9000 X112.485 Y97.384
G1 F1500 X109.73 Y100.138 E1333.56416
G0 F9000 X109.73 Y99.572
G1 F1500 X111.828 Y97.475 E1333.66282
G0 F9000 X111.171 Y97.566
G1 F1500 X109.73 Y99.006 E1333.73057
G0 F9000 X109.73 Y98.441
G1 F1500 X110.514 Y97.657 E1333.76745
G0 F9000 X109.856 Y97.749
G1 F1500 X109.73 Y97.875 E1333.77338
G0 F9000 X109.381 Y97.875
G1 F2400 E1332.97338
;MESH:NONMESH
G0 F300 X109.381 Y97.875 Z9.8
G0 F9000 X109.291 Y97.875
G0 X109.361 Y97.446
G0 X121.11 Y95.458
G0 X126.631 Y92.181
G0 X128.245 Y91.967
;TIME_ELAPSED:1640.030354
;LAYER:48
;TYPE:SUPPORT
G1 F2400 E1333.77338
G1 X130.245 Y91.967 E1333.8399
G1 X130.245 Y113.51 E1334.55642
G1 X130.242 Y113.564 E1334.55822
G1 X130.233 Y113.619 E1334.56007
G1 X130.044 Y114.293 E1334.58335
G1 X130.044 Y114.871 E1334.60258
G1 X129.845 Y115.444 E1334.62275
G1 X129.844 Y115.934 E1334.63905
G1 X129.645 Y116.353 E1334.65448
G1 X129.645 Y116.755 E1334.66785
G1 X129.445 Y117.123 E1334.68178
G1 X129.445 Y117.453 E1334.69275
G1 X129.394 Y117.536 E1334.696
G1 X129.394 Y117.544 E1334.69626
G1 X129.245 Y117.779 E1334.70552
G1 X129.245 Y118.106 E1334.71639
G1 X129.217 Y118.143 E1334.71794
G1 X129.207 Y118.163 E1334.71868
G1 X129.06 Y118.629 E1334.73493
G1 X129.025 Y118.674 E1334.73683
G1 X129.016 Y118.692 E1334.7375
G1 X128.842 Y119.206 E1334.75555
G1 X128.82 Y119.236 E1334.75678
G1 X128.784 Y119.322 E1334.75988
G1 X128.784 Y119.33 E1334.76015
G1 X128.641 Y119.71 E1334.77365
G1 X128.585 Y119.778 E1334.77658
G1 X128.585 Y119.811 E1334.77768
G1 X128.449 Y120.156 E1334.79002
G1 X128.394 Y120.212 E1334.79263
G1 X128.245 Y120.582 E1334.80589
G1 X128.245 Y120.309 E1334.81497
G1 X128.243 Y120.29 E1334.81561
G1 X128.245 Y119.552 E1334.84015
G1 X128.243 Y119.395 E1334.84538
G1 X128.244 Y117.016 E1334.9245
G1 X127.608 Y116.325 E1334.95574
G1 X127.339 Y116.304 E1334.96471
G1 X127.298 Y116.291 E1334.96614
G1 X127.271 Y116.248 E1334.96783
G1 X127.233 Y116.23 E1334.96923
G1 X127.212 Y116.185 E1334.97088
G1 X127.142 Y116.128 E1334.97388
G1 X127.072 Y115.956 E1334.98006
G1 X127.043 Y115.907 E1334.98195
G1 X127.043 Y115.371 E1334.99978
G1 X127.242 Y115.051 E1335.01232
G1 X127.284 Y115.03 E1335.01388
G1 X127.306 Y114.995 E1335.01525
G1 X127.322 Y114.99 E1335.01581
G1 X127.584 Y114.976 E1335.02454
G1 X128.244 Y114.281 E1335.05641
G1 X128.244 Y107.019 E1335.29795
G1 X127.705 Y106.354 E1335.32642
G1 X127.58 Y106.329 E1335.33066
G1 X127.563 Y106.306 E1335.33161
G1 X127.489 Y106.285 E1335.33417
G1 X127.472 Y106.258 E1335.33523
G1 X127.42 Y106.234 E1335.33714
G1 X127.244 Y105.937 E1335.34862
G1 X127.244 Y105.381 E1335.36711
G1 X127.324 Y105.273 E1335.37158
G1 X127.372 Y105.125 E1335.37676
G1 X127.401 Y105.101 E1335.37801
G1 X127.422 Y105.06 E1335.37954
G1 X127.472 Y105.036 E1335.38138
G1 X127.492 Y105.004 E1335.38264
G1 X127.575 Y104.979 E1335.38552
G1 X127.676 Y104.96 E1335.38894
G1 X128.245 Y104.289 E1335.4182
G1 X128.243 Y100.91 E1335.53059
G1 X128.245 Y100.177 E1335.55497
G1 X128.244 Y97.019 E1335.66
G1 X127.705 Y96.354 E1335.68847
G1 X127.58 Y96.329 E1335.69271
G1 X127.563 Y96.306 E1335.69367
G1 X127.489 Y96.285 E1335.69622
G1 X127.472 Y96.258 E1335.69729
G1 X127.411 Y96.229 E1335.69953
G1 X127.245 Y95.944 E1335.7105
G1 X127.245 Y95.36 E1335.72993
G1 X127.342 Y95.216 E1335.7357
G1 X127.361 Y95.153 E1335.73789
G1 X127.386 Y95.135 E1335.73891
G1 X127.426 Y95.056 E1335.74186
G1 X127.474 Y95.033 E1335.74363
G1 X127.494 Y95.001 E1335.74488
G1 X127.569 Y94.978 E1335.74749
G1 X127.676 Y94.96 E1335.7511
G1 X128.245 Y94.29 E1335.78034
G1 X128.245 Y91.967 E1335.8576
G0 F9000 X129.885 Y92.327
G1 F2400 X128.605 Y92.327 E1335.90017
G1 X128.605 Y94.422 E1335.96985
G1 X128 Y95.134 E1336.00093
G1 X127.865 Y95.293 E1336.00787
G1 X127.71 Y95.319 E1336.0131
G1 X127.692 Y95.328 E1336.01376
G1 X127.675 Y95.362 E1336.01503
G1 X127.672 Y95.371 E1336.01534
G1 X127.605 Y95.471 E1336.01935
G1 X127.605 Y95.847 E1336.03185
G1 X127.666 Y95.951 E1336.03586
G1 X127.715 Y95.975 E1336.03768
G1 X127.778 Y95.992 E1336.03985
G1 X127.786 Y96.003 E1336.0403
G1 X127.903 Y96.026 E1336.04427
G1 X128 Y96.145 E1336.04937
G1 X128 Y95.134 E1336.083
G0 F9000 X128 Y96.145
G1 F2400 X128.604 Y96.891 E1336.11492
G1 X128.605 Y100.177 E1336.22422
G1 X128.603 Y100.91 E1336.2486
G1 X128.605 Y104.421 E1336.36537
G1 X128 Y105.134 E1336.39647
G1 X127.869 Y105.289 E1336.40322
G1 X127.715 Y105.319 E1336.40844
G1 X127.687 Y105.332 E1336.40947
G1 X127.681 Y105.336 E1336.40971
G1 X127.648 Y105.44 E1336.41334
G1 X127.604 Y105.5 E1336.41581
G1 X127.604 Y105.838 E1336.42706
G1 X127.672 Y105.954 E1336.43153
G1 X127.721 Y105.976 E1336.43331
G1 X127.778 Y105.992 E1336.43528
G1 X127.786 Y106.003 E1336.43574
G1 X127.903 Y106.026 E1336.4397
G1 X128 Y106.145 E1336.44481
G1 X128 Y105.134 E1336.47843
G0 F9000 X128 Y106.145
G1 F2400 X128.604 Y106.891 E1336.51036
G1 X128.604 Y114.425 E1336.76094
G1 X128 Y115.059 E1336.79007
G1 X127.746 Y115.327 E1336.80235
G1 X127.485 Y115.342 E1336.81104
G1 X127.403 Y115.474 E1336.81621
G1 X127.403 Y115.813 E1336.82749
G1 X127.441 Y115.907 E1336.83086
G1 X127.5 Y115.955 E1336.83339
G1 X127.777 Y115.977 E1336.84263
G1 X128 Y116.219 E1336.85357
G1 X128 Y115.059 E1336.89216
G0 F9000 X128 Y116.219
G1 F2400 X128.604 Y116.876 E1336.92184
G1 X128.603 Y118.789 E1336.98547
G1 X128.683 Y118.553 E1336.99375
G1 X128.719 Y118.481 E1336.99643
G1 X128.736 Y118.46 E1336.99733
G1 X128.872 Y118.028 E1337.01239
G1 X128.885 Y118.002 E1337.01336
G1 X128.885 Y117.675 E1337.02424
G1 X129.034 Y117.44 E1337.03349
G1 X129.034 Y117.433 E1337.03372
G1 X129.085 Y117.351 E1337.03694
G1 X129.085 Y117.031 E1337.04758
G1 X129.285 Y116.662 E1337.06154
G1 X129.285 Y116.272 E1337.07451
G1 X129.484 Y115.851 E1337.09
G1 X129.485 Y115.383 E1337.10556
G1 X129.684 Y114.811 E1337.12571
G1 X129.684 Y114.243 E1337.1446
G1 X129.881 Y113.54 E1337.16888
G1 X129.885 Y113.487 E1337.17065
G1 X129.885 Y92.327 E1337.87443
G1 F2400 E1337.07443
;MESH:1x_1xm_pusher.stl
G0 F9000 X131.11 Y92.327
G0 X126.583 Y106.401
G0 X126.081 Y107.385
G0 X121.481 Y125.427
;TYPE:WALL-INNER
G1 F2400 E1337.87443
G1 X121.481 Y125.124 E1337.88451
G1 X121.481 Y125.123 E1337.88455
G1 X121.479 Y123.44 E1337.94052
G1 X121.481 Y123.056 E1337.95329
G1 X121.481 Y118.292 E1338.11175
G1 X116.158 Y118.292 E1338.28879
G1 X110.604 Y113.272 E1338.53779
G1 X110.605 Y97.289 E1339.06939
G1 X121.48 Y95.776 E1339.43457
G1 X121.479 Y92.566 E1339.54134
G1 X121.479 Y92.367 E1339.54796
G1 X121.678 Y92.367 E1339.55224
G1 X126.645 Y92.367 E1339.71744
G1 X126.645 Y93.529 E1339.75609
G1 X126.465 Y93.579 E1339.76231
G1 X126.144 Y93.701 E1339.77373
G1 X125.839 Y93.855 E1339.78509
G1 X125.561 Y94.042 E1339.79623
G1 X125.307 Y94.26 E1339.80737
G1 X125.071 Y94.533 E1339.81937
G1 X124.865 Y94.88 E1339.83279
G1 X124.729 Y95.288 E1339.8471
G1 X124.693 Y95.721 E1339.86155
G1 X124.765 Y96.152 E1339.87608
G1 X124.935 Y96.55 E1339.89048
G1 X125.145 Y96.854 E1339.90276
G1 X125.43 Y97.147 E1339.91636
G1 X125.708 Y97.356 E1339.92793
G1 X126.009 Y97.529 E1339.93947
G1 X126.331 Y97.669 E1339.95115
G1 X126.644 Y97.769 E1339.96208
G1 X126.645 Y100.175 E1340.04211
G1 X126.643 Y100.908 E1340.06649
G1 X126.645 Y103.529 E1340.15366
G1 X126.465 Y103.579 E1340.15987
G1 X126.144 Y103.701 E1340.1713
G1 X125.839 Y103.855 E1340.18266
G1 X125.561 Y104.042 E1340.1938
G1 X125.307 Y104.26 E1340.20494
G1 X125.071 Y104.533 E1340.21694
G1 X124.865 Y104.88 E1340.23036
G1 X124.729 Y105.288 E1340.24466
G1 X124.693 Y105.721 E1340.25912
G1 X124.765 Y106.152 E1340.27365
G1 X124.935 Y106.55 E1340.28804
G1 X125.145 Y106.854 E1340.30033
G1 X125.43 Y107.147 E1340.31393
G1 X125.708 Y107.356 E1340.3255
G1 X126.009 Y107.529 E1340.33704
G1 X126.331 Y107.669 E1340.34872
G1 X126.644 Y107.769 E1340.35965
G1 X126.644 Y113.443 E1340.54837
G1 X126.539 Y113.457 E1340.55189
G1 X126.197 Y113.538 E1340.56358
G1 X125.871 Y113.65 E1340.57505
G1 X125.559 Y113.793 E1340.58646
G1 X125.269 Y113.97 E1340.59776
G1 X125.007 Y114.177 E1340.60887
G1 X124.756 Y114.44 E1340.62096
G1 X124.533 Y114.768 E1340.63415
G1 X124.391 Y115.109 E1340.64644
G1 X124.312 Y115.496 E1340.65957
G1 X124.33 Y115.929 E1340.67399
G1 X124.451 Y116.343 E1340.68833
G1 X124.628 Y116.674 E1340.70082
G1 X124.878 Y116.984 E1340.71406
G1 X125.133 Y117.215 E1340.72551
G1 X125.415 Y117.409 E1340.73689
G1 X125.722 Y117.572 E1340.74845
G1 X126.052 Y117.703 E1340.76026
G1 X126.4 Y117.8 E1340.77228
G1 X126.644 Y117.842 E1340.78051
G1 X126.643 Y119.397 E1340.83223
G1 X126.645 Y119.556 E1340.83752
G1 X126.643 Y120.349 E1340.8639
G1 X126.645 Y120.369 E1340.86456
G1 X126.644 Y122.506 E1340.93564
G1 X126.321 Y122.746 E1340.94903
G1 X125.558 Y123.267 E1340.97975
G1 X124.764 Y123.765 E1341.01093
G1 X123.923 Y124.248 E1341.04318
G1 X123.065 Y124.698 E1341.07541
G1 X122.183 Y125.121 E1341.10794
G1 X121.759 Y125.306 E1341.12333
G1 X121.481 Y125.427 E1341.1292
G0 F9000 X121.081 Y126.024
;TYPE:WALL-OUTER
G1 F2400 X121.081 Y125.893 E1341.13355
G1 X121.081 Y125.844 E1341.13518
G1 X121.079 Y123.438 E1341.21521
G1 X121.081 Y123.055 E1341.22794
G1 X121.081 Y118.692 E1341.37306
G1 X116.004 Y118.692 E1341.54192
G1 X110.204 Y113.45 E1341.80194
G1 X110.205 Y96.941 E1342.35103
G1 X121.08 Y95.428 E1342.71622
G1 X121.079 Y92.167 E1342.82468
G1 X121.079 Y91.967 E1342.83134
G1 X121.279 Y91.967 E1342.83564
G1 X127.045 Y91.967 E1343.02742
G1 X127.045 Y93.85 E1343.09005
G1 X126.889 Y93.876 E1343.09531
G1 X126.59 Y93.959 E1343.10563
G1 X126.306 Y94.067 E1343.11574
G1 X126.042 Y94.201 E1343.12558
G1 X125.803 Y94.361 E1343.13515
G1 X125.59 Y94.544 E1343.14449
G1 X125.397 Y94.768 E1343.15432
G1 X125.231 Y95.047 E1343.16512
G1 X125.124 Y95.369 E1343.17641
G1 X125.096 Y95.704 E1343.18759
G1 X125.152 Y96.039 E1343.19888
G1 X125.287 Y96.356 E1343.21034
G1 X125.455 Y96.599 E1343.22017
G1 X125.695 Y96.846 E1343.23162
G1 X125.929 Y97.021 E1343.24134
G1 X126.189 Y97.171 E1343.25133
G1 X126.472 Y97.294 E1343.26159
G1 X126.774 Y97.39 E1343.27213
G1 X127.044 Y97.445 E1343.28129
G1 X127.045 Y100.176 E1343.37213
G1 X127.043 Y100.908 E1343.39647
G1 X127.045 Y103.85 E1343.49433
G1 X126.889 Y103.876 E1343.49959
G1 X126.59 Y103.959 E1343.50991
G1 X126.306 Y104.067 E1343.52001
G1 X126.042 Y104.201 E1343.52986
G1 X125.803 Y104.361 E1343.53943
G1 X125.59 Y104.544 E1343.54877
G1 X125.397 Y104.768 E1343.5586
G1 X125.231 Y105.047 E1343.5694
G1 X125.124 Y105.369 E1343.58068
G1 X125.096 Y105.704 E1343.59186
G1 X125.152 Y106.039 E1343.60316
G1 X125.287 Y106.356 E1343.61462
G1 X125.455 Y106.599 E1343.62445
G1 X125.695 Y106.846 E1343.6359
G1 X125.929 Y107.021 E1343.64562
G1 X126.189 Y107.171 E1343.6556
G1 X126.472 Y107.294 E1343.66587
G1 X126.774 Y107.39 E1343.67641
G1 X127.044 Y107.445 E1343.68557
G1 X127.044 Y113.802 E1343.89701
G1 X126.926 Y113.808 E1343.90094
G1 X126.612 Y113.851 E1343.91148
G1 X126.308 Y113.923 E1343.92187
G1 X126.02 Y114.022 E1343.932
G1 X125.747 Y114.147 E1343.94198
G1 X125.498 Y114.299 E1343.95169
G1 X125.277 Y114.474 E1343.96106
G1 X125.068 Y114.692 E1343.97111
G1 X124.887 Y114.959 E1343.98184
G1 X124.775 Y115.227 E1343.9915
G1 X124.714 Y115.528 E1344.00171
G1 X124.728 Y115.864 E1344.0129
G1 X124.823 Y116.191 E1344.02422
G1 X124.963 Y116.452 E1344.03407
G1 X125.17 Y116.709 E1344.04505
G1 X125.381 Y116.9 E1344.05451
G1 X125.623 Y117.066 E1344.06428
G1 X125.89 Y117.208 E1344.07433
G1 X126.18 Y117.323 E1344.08471
G1 X126.488 Y117.409 E1344.09535
G1 X126.808 Y117.465 E1344.10615
G1 X127.044 Y117.484 E1344.11403
G1 X127.043 Y119.395 E1344.17759
G1 X127.045 Y119.557 E1344.18297
G1 X127.043 Y120.331 E1344.20872
G1 X127.045 Y120.352 E1344.20942
G1 X127.044 Y122.707 E1344.28775
G1 X126.56 Y123.067 E1344.30781
G1 X125.77 Y123.606 E1344.33962
G1 X124.963 Y124.112 E1344.3713
G1 X124.118 Y124.597 E1344.4037
G1 X123.238 Y125.059 E1344.43676
G1 X122.343 Y125.488 E1344.46977
G1 X121.46 Y125.873 E1344.50181
G1 X121.416 Y125.892 E1344.5033
G1 X121.081 Y126.024 E1344.51116
G0 F9000 X121.336 Y125.648
G0 X123.9 Y124.075
;TYPE:FILL
G1 F4800 X125.61 Y117.693 E1344.73092
G0 F9000 X124.763 Y116.585
G0 X124.518 Y115.972
G0 X124.431 Y114.632
G1 F4800 X116.457 Y106.658 E1345.10599
G0 F9000 X116.598 Y106.658
G0 X116.598 Y105.487
G0 X116.457 Y105.487
G1 F4800 X118.921 Y96.292 E1345.42261
G0 F9000 X121.31 Y95.628
G0 X121.638 Y94.868
G1 F4800 X126.484 Y99.714 E1345.65055
G0 F9000 X126.483 Y100.332
G1 F4800 X116.457 Y103.018 E1345.99577
G0 F9000 X116.598 Y103.018
G0 X116.598 Y115.442
G0 X116.457 Y115.442
G1 F4800 X126.483 Y112.755 E1346.34101
G0 F9000 X117.836 Y117.967
G0 X117.566 Y117.864
;TYPE:SKIN
G1 F1500 X117.552 Y117.902 E1346.34235
G1 X116.307 Y117.902 E1346.38376
G1 X110.994 Y113.1 E1346.62195
G1 X110.995 Y97.628 E1347.13656
G1 X116.308 Y96.889 E1347.31497
G1 X116.308 Y116.726 E1347.97475
G1 X117.566 Y117.864 E1348.03117
G0 F9000 X117.836 Y117.967
G0 X116.225 Y118.119
G0 X110.778 Y113.194
G0 X110.715 Y112.85
G0 X111.154 Y112.851
G1 F1500 X113.004 Y114.701 E1348.11819
G0 F9000 X112.709 Y115.026
G0 X110.778 Y113.194
G0 X110.715 Y112.284
G0 X111.154 Y112.285
G1 F1500 X116.609 Y117.741 E1348.3748
G0 F9000 X117.016 Y117.581
G1 F1500 X117.132 Y117.698 E1348.38028
G0 F9000 X117.439 Y117.359
G0 X116.589 Y116.603
G0 X116.147 Y116.713
G1 F1500 X111.154 Y111.72 E1348.61513
G0 F9000 X111.154 Y111.154
G1 F1500 X116.147 Y116.147 E1348.84999
G0 F9000 X116.147 Y115.582
G1 F1500 X111.154 Y110.588 E1349.08487
G0 F9000 X111.154 Y110.022
G1 F1500 X116.147 Y115.016 E1349.31975
G0 F9000 X116.147 Y114.45
G1 F1500 X111.154 Y109.457 E1349.5546
G0 F9000 X111.154 Y108.891
G1 F1500 X116.147 Y113.885 E1349.78948
G0 F9000 X116.147 Y113.319
G1 F1500 X111.154 Y108.325 E1350.02436
G0 F9000 X111.154 Y107.76
G1 F1500 X116.147 Y112.753 E1350.25922
G0 F9000 X116.147 Y112.188
G1 F1500 X111.154 Y107.194 E1350.49409
G0 F9000 X111.154 Y106.628
G1 F1500 X116.147 Y111.622 E1350.72897
G0 F9000 X116.147 Y111.056
G1 F1500 X111.154 Y106.063 E1350.96383
G0 F9000 X111.154 Y105.497
G1 F1500 X116.147 Y110.491 E1351.19871
G0 F9000 X116.147 Y109.925
G1 F1500 X111.154 Y104.931 E1351.43359
G0 F9000 X111.154 Y104.366
G1 F1500 X116.147 Y109.359 E1351.66844
G0 F9000 X116.147 Y108.794
G1 F1500 X111.154 Y103.8 E1351.90332
G0 F9000 X111.154 Y103.234
G1 F1500 X116.147 Y108.228 E1352.1382
G0 F9000 X116.147 Y107.662
G1 F1500 X111.154 Y102.669 E1352.37306
G0 F9000 X111.154 Y102.103
G1 F1500 X116.147 Y107.096 E1352.60791
G0 F9000 X116.147 Y106.531
G1 F1500 X111.154 Y101.537 E1352.84279
G0 F9000 X111.154 Y100.972
G1 F1500 X116.147 Y105.965 E1353.07765
G0 F9000 X116.147 Y105.399
G1 F1500 X111.154 Y100.406 E1353.3125
G0 F9000 X111.154 Y99.84
G1 F1500 X116.147 Y104.834 E1353.54738
G0 F9000 X116.147 Y104.268
G1 F1500 X111.154 Y99.274 E1353.78226
G0 F9000 X111.154 Y98.709
G1 F1500 X116.147 Y103.702 E1354.01711
G0 F9000 X116.147 Y103.137
G1 F1500 X111.154 Y98.143 E1354.25199
G0 F9000 X111.321 Y97.744
G1 F1500 X116.147 Y102.571 E1354.47902
G0 F9000 X116.147 Y102.005
G1 F1500 X111.817 Y97.675 E1354.68269
G0 F9000 X112.314 Y97.606
G1 F1500 X116.147 Y101.44 E1354.863
G0 F9000 X116.147 Y100.874
G1 F1500 X112.811 Y97.537 E1355.01994
G0 F9000 X113.307 Y97.468
G1 F1500 X116.147 Y100.308 E1355.15353
G0 F9000 X116.147 Y99.743
G1 F1500 X113.803 Y97.399 E1355.26378
G0 F9000 X114.3 Y97.33
G1 F1500 X116.147 Y99.177 E1355.35066
G0 F9000 X116.147 Y98.611
G1 F1500 X114.797 Y97.261 E1355.41416
G0 F9000 X115.293 Y97.191
G1 F1500 X116.147 Y98.046 E1355.45435
G0 F9000 X116.147 Y97.48
G1 F1500 X115.79 Y97.123 E1355.47114
G0 F9000 X115.742 Y96.777
G1 F2400 E1354.67114
;MESH:NONMESH
G0 F300 X115.742 Y96.777 Z10
G0 F9000 X115.732 Y96.686
G0 X121.31 Y95.628
G0 X126.831 Y92.181
G0 X128.445 Y91.967
;TIME_ELAPSED:1670.212273
;LAYER:49
;TYPE:SUPPORT
G1 F2400 E1355.47114
G1 X130.245 Y91.967 E1355.53101
G1 X130.245 Y113.51 E1356.24753
G1 X130.242 Y113.564 E1356.24933
G1 X130.233 Y113.619 E1356.25119
G1 X130.044 Y114.293 E1356.27447
G1 X130.044 Y114.871 E1356.29369
G1 X129.845 Y115.444 E1356.31387
G1 X129.844 Y115.934 E1356.33017
G1 X129.645 Y116.353 E1356.34559
G1 X129.645 Y116.755 E1356.35896
G1 X129.445 Y117.123 E1356.37289
G1 X129.445 Y117.453 E1356.38387
G1 X129.394 Y117.536 E1356.38711
G1 X129.394 Y117.542 E1356.38731
G1 X129.245 Y117.777 E1356.39656
G1 X129.245 Y118.106 E1356.40751
G1 X129.217 Y118.143 E1356.40905
G1 X129.207 Y118.163 E1356.40979
G1 X129.06 Y118.629 E1356.42605
G1 X129.025 Y118.674 E1356.42794
G1 X129.016 Y118.692 E1356.42861
G1 X128.842 Y119.206 E1356.44666
G1 X128.82 Y119.236 E1356.4479
G1 X128.784 Y119.322 E1356.451
G1 X128.784 Y119.33 E1356.45126
G1 X128.641 Y119.71 E1356.46477
G1 X128.585 Y119.778 E1356.4677
G1 X128.585 Y119.811 E1356.4688
G1 X128.449 Y120.156 E1356.48113
G1 X128.444 Y120.161 E1356.48137
G1 X128.444 Y116.956 E1356.58796
G1 X127.667 Y116.246 E1356.62297
G1 X127.29 Y116.278 E1356.63556
G1 X127.271 Y116.248 E1356.63674
G1 X127.233 Y116.23 E1356.63814
G1 X127.212 Y116.185 E1356.63979
G1 X127.142 Y116.128 E1356.64279
G1 X127.072 Y115.956 E1356.64897
G1 X127.043 Y115.907 E1356.65086
G1 X127.043 Y115.371 E1356.66869
G1 X127.242 Y115.051 E1356.68122
G1 X127.284 Y115.03 E1356.68278
G1 X127.297 Y115.01 E1356.68358
G1 X127.669 Y115.04 E1356.69599
G1 X128.444 Y114.331 E1356.73092
G1 X128.444 Y107.021 E1356.97406
G1 X127.808 Y106.33 E1357.00529
G1 X127.612 Y106.315 E1357.01183
G1 X127.345 Y106.047 E1357.02441
G1 X127.309 Y106.047 E1357.02561
G1 X127.244 Y105.937 E1357.02986
G1 X127.244 Y105.381 E1357.04835
G1 X127.324 Y105.273 E1357.05282
G1 X127.372 Y105.125 E1357.058
G1 X127.401 Y105.101 E1357.05925
G1 X127.422 Y105.06 E1357.06078
G1 X127.472 Y105.036 E1357.06263
G1 X127.492 Y105.004 E1357.06388
G1 X127.518 Y104.996 E1357.06479
G1 X127.773 Y104.987 E1357.07327
G1 X128.445 Y104.291 E1357.10545
G1 X128.444 Y97.02 E1357.34729
G1 X127.808 Y96.33 E1357.3785
G1 X127.567 Y96.311 E1357.38654
G1 X127.563 Y96.306 E1357.38675
G1 X127.489 Y96.285 E1357.38931
G1 X127.472 Y96.258 E1357.39037
G1 X127.411 Y96.229 E1357.39262
G1 X127.245 Y95.944 E1357.40359
G1 X127.245 Y95.36 E1357.42301
G1 X127.342 Y95.216 E1357.42878
G1 X127.361 Y95.153 E1357.43097
G1 X127.386 Y95.135 E1357.432
G1 X127.426 Y95.056 E1357.43494
G1 X127.474 Y95.033 E1357.43671
G1 X127.494 Y95.001 E1357.43797
G1 X127.519 Y94.994 E1357.43883
G1 X127.779 Y94.981 E1357.44749
G1 X128.444 Y94.286 E1357.47948
G1 X128.445 Y91.967 E1357.55661
G0 F9000 X129.885 Y92.327
G1 F2400 X128.805 Y92.327 E1357.59253
G1 X128.804 Y94.43 E1357.66248
G1 X128 Y95.271 E1357.70118
G1 X127.94 Y95.334 E1357.70407
G1 X127.682 Y95.347 E1357.71266
G1 X127.675 Y95.362 E1357.71321
G1 X127.672 Y95.371 E1357.71353
G1 X127.605 Y95.471 E1357.71753
G1 X127.605 Y95.847 E1357.73004
G1 X127.666 Y95.951 E1357.73405
G1 X127.682 Y95.959 E1357.73464
G1 X127.977 Y95.983 E1357.74449
G1 X128 Y96.007 E1357.74559
G1 X128 Y95.271 E1357.77007
G0 F9000 X128 Y96.007
G1 F2400 X128.804 Y96.88 E1357.80955
G1 X128.805 Y104.437 E1358.06089
G1 X128 Y105.27 E1358.09942
G1 X127.931 Y105.342 E1358.10274
G1 X127.677 Y105.351 E1358.11119
G1 X127.648 Y105.44 E1358.11431
G1 X127.604 Y105.5 E1358.11678
G1 X127.604 Y105.797 E1358.12666
G1 X127.773 Y105.966 E1358.13461
G1 X127.977 Y105.982 E1358.14142
G1 X128 Y106.007 E1358.14254
G1 X128 Y105.27 E1358.16706
G0 F9000 X128 Y106.007
G1 F2400 X128.804 Y106.881 E1358.20656
G1 X128.804 Y114.489 E1358.4596
G1 X128 Y115.225 E1358.49585
G1 X127.797 Y115.411 E1358.50501
G1 X127.46 Y115.384 E1358.51625
G1 X127.403 Y115.475 E1358.51983
G1 X127.403 Y115.813 E1358.53107
G1 X127.44 Y115.905 E1358.53437
G1 X127.793 Y115.874 E1358.54615
G1 X128 Y116.062 E1358.55545
G1 X128 Y115.225 E1358.58329
G0 F9000 X128 Y116.062
G1 F2400 X128.804 Y116.797 E1358.61952
G1 X128.804 Y118.243 E1358.66762
G1 X128.872 Y118.028 E1358.67512
G1 X128.885 Y118.002 E1358.67608
G1 X128.885 Y117.673 E1358.68703
G1 X129.034 Y117.438 E1358.69628
G1 X129.034 Y117.433 E1358.69645
G1 X129.085 Y117.351 E1358.69966
G1 X129.085 Y117.031 E1358.7103
G1 X129.285 Y116.662 E1358.72426
G1 X129.285 Y116.272 E1358.73723
G1 X129.484 Y115.851 E1358.75272
G1 X129.485 Y115.383 E1358.76829
G1 X129.684 Y114.811 E1358.78843
G1 X129.684 Y114.243 E1358.80732
G1 X129.881 Y113.54 E1358.83161
G1 X129.885 Y113.487 E1358.83337
G1 X129.885 Y92.327 E1359.53716
G1 F2400 E1358.73716
;MESH:1x_1xm_pusher.stl
G0 F9000 X131.11 Y92.327
G0 X126.588 Y96.504
G0 X127.03 Y97.687
G0 X124.66 Y105.513
G0 X121.68 Y125.253
;TYPE:WALL-INNER
G1 F2400 E1359.53716
G1 X121.68 Y125.122 E1359.54151
G1 X121.68 Y125.046 E1359.54404
G1 X121.679 Y123.521 E1359.59476
G1 X121.681 Y123.113 E1359.60833
G1 X121.682 Y118.491 E1359.76206
G1 X121.682 Y118.292 E1359.76868
G1 X121.483 Y118.292 E1359.77296
G1 X116.625 Y118.292 E1359.93454
G1 X112.028 Y114.137 E1360.14064
G1 X112.028 Y97.289 E1360.701
G1 X121.68 Y95.947 E1361.02512
G1 X121.679 Y92.566 E1361.13757
G1 X121.679 Y92.367 E1361.14419
G1 X121.878 Y92.367 E1361.14847
G1 X126.646 Y92.367 E1361.30706
G1 X126.845 Y92.367 E1361.31368
G1 X126.845 Y92.566 E1361.31796
G1 X126.844 Y93.444 E1361.34716
G1 X126.724 Y93.46 E1361.35119
G1 X126.384 Y93.542 E1361.36282
G1 X126.056 Y93.653 E1361.37434
G1 X125.745 Y93.797 E1361.38574
G1 X125.455 Y93.973 E1361.39702
G1 X125.192 Y94.182 E1361.40819
G1 X124.942 Y94.444 E1361.42024
G1 X124.72 Y94.771 E1361.43338
G1 X124.576 Y95.113 E1361.44572
G1 X124.498 Y95.5 E1361.45885
G1 X124.515 Y95.933 E1361.47327
G1 X124.636 Y96.347 E1361.48761
G1 X124.814 Y96.677 E1361.50008
G1 X125.063 Y96.989 E1361.51336
G1 X125.318 Y97.217 E1361.52474
G1 X125.598 Y97.412 E1361.53609
G1 X125.906 Y97.576 E1361.54769
G1 X126.237 Y97.707 E1361.55953
G1 X126.584 Y97.804 E1361.57152
G1 X126.844 Y97.849 E1361.58029
G1 X126.845 Y103.444 E1361.76638
G1 X126.724 Y103.46 E1361.77044
G1 X126.384 Y103.542 E1361.78208
G1 X126.056 Y103.653 E1361.79359
G1 X125.745 Y103.797 E1361.80499
G1 X125.455 Y103.973 E1361.81627
G1 X125.192 Y104.182 E1361.82745
G1 X124.942 Y104.444 E1361.83949
G1 X124.72 Y104.771 E1361.85264
G1 X124.576 Y105.113 E1361.86498
G1 X124.498 Y105.5 E1361.87811
G1 X124.515 Y105.933 E1361.89252
G1 X124.636 Y106.347 E1361.90687
G1 X124.814 Y106.677 E1361.91934
G1 X125.063 Y106.989 E1361.93262
G1 X125.318 Y107.217 E1361.94399
G1 X125.598 Y107.412 E1361.95534
G1 X125.906 Y107.576 E1361.96695
G1 X126.237 Y107.707 E1361.97879
G1 X126.584 Y107.804 E1361.99077
G1 X126.844 Y107.849 E1361.99955
G1 X126.844 Y113.399 E1362.18414
G1 X126.817 Y113.399 E1362.18504
G1 X126.463 Y113.436 E1362.19688
G1 X126.117 Y113.506 E1362.20862
G1 X125.785 Y113.607 E1362.22016
G1 X125.466 Y113.739 E1362.23164
G1 X125.169 Y113.905 E1362.24296
G1 X124.897 Y114.101 E1362.25411
G1 X124.627 Y114.356 E1362.26646
G1 X124.391 Y114.67 E1362.27953
G1 X124.228 Y115.004 E1362.29189
G1 X124.126 Y115.381 E1362.30488
G1 X124.116 Y115.808 E1362.31908
G1 X124.191 Y116.182 E1362.33177
G1 X124.346 Y116.538 E1362.34469
G1 X124.558 Y116.849 E1362.3572
G1 X124.836 Y117.134 E1362.37045
G1 X125.11 Y117.344 E1362.38193
G1 X125.411 Y117.518 E1362.39349
G1 X125.733 Y117.66 E1362.4052
G1 X126.074 Y117.769 E1362.4171
G1 X126.429 Y117.844 E1362.42917
G1 X126.79 Y117.884 E1362.44125
G1 X126.844 Y117.885 E1362.44305
G1 X126.845 Y119.43 E1362.49444
G1 X126.843 Y120.262 E1362.52211
G1 X126.845 Y120.282 E1362.52278
G1 X126.844 Y122.207 E1362.5868
G1 X126.122 Y122.745 E1362.61675
G1 X125.348 Y123.273 E1362.64791
G1 X124.564 Y123.765 E1362.6787
G1 X123.723 Y124.248 E1362.71095
G1 X122.865 Y124.698 E1362.74318
G1 X122.051 Y125.089 E1362.77321
G1 X121.983 Y125.121 E1362.77546
G1 X121.68 Y125.253 E1362.78231
G0 F9000 X121.281 Y125.864
;TYPE:WALL-OUTER
G1 F2400 X121.281 Y125.56 E1362.79242
G1 X121.281 Y125.559 E1362.79245
G1 X121.279 Y123.519 E1362.8603
G1 X121.281 Y123.112 E1362.87384
G1 X121.282 Y118.892 E1363.0142
G1 X121.282 Y118.692 E1363.02085
G1 X121.082 Y118.692 E1363.02516
G1 X116.471 Y118.692 E1363.17852
G1 X111.628 Y114.315 E1363.39564
G1 X111.628 Y96.941 E1363.9735
G1 X121.28 Y95.599 E1364.29761
G1 X121.279 Y92.167 E1364.41176
G1 X121.279 Y91.967 E1364.41841
G1 X121.479 Y91.967 E1364.42272
G1 X127.045 Y91.967 E1364.60785
G1 X127.245 Y91.967 E1364.6145
G1 X127.245 Y92.167 E1364.61881
G1 X127.244 Y93.805 E1364.67329
G1 X127.112 Y93.811 E1364.67768
G1 X126.798 Y93.854 E1364.68822
G1 X126.495 Y93.927 E1364.69859
G1 X126.205 Y94.025 E1364.70877
G1 X125.933 Y94.151 E1364.71874
G1 X125.684 Y94.302 E1364.72843
G1 X125.462 Y94.478 E1364.73785
G1 X125.254 Y94.696 E1364.74787
G1 X125.073 Y94.963 E1364.7586
G1 X124.96 Y95.231 E1364.76827
G1 X124.9 Y95.532 E1364.77848
G1 X124.913 Y95.868 E1364.78967
G1 X125.008 Y96.194 E1364.80096
G1 X125.149 Y96.455 E1364.81083
G1 X125.355 Y96.713 E1364.82181
G1 X125.567 Y96.903 E1364.83128
G1 X125.807 Y97.07 E1364.841
G1 X126.074 Y97.212 E1364.85106
G1 X126.365 Y97.327 E1364.86147
G1 X126.672 Y97.413 E1364.87207
G1 X126.994 Y97.469 E1364.88294
G1 X127.244 Y97.489 E1364.89128
G1 X127.245 Y103.806 E1365.10139
G1 X127.112 Y103.811 E1365.10581
G1 X126.798 Y103.854 E1365.11635
G1 X126.495 Y103.927 E1365.12672
G1 X126.205 Y104.025 E1365.1369
G1 X125.933 Y104.151 E1365.14687
G1 X125.684 Y104.302 E1365.15656
G1 X125.462 Y104.478 E1365.16598
G1 X125.254 Y104.696 E1365.176
G1 X125.073 Y104.963 E1365.18673
G1 X124.96 Y105.231 E1365.1964
G1 X124.9 Y105.532 E1365.20661
G1 X124.913 Y105.868 E1365.2178
G1 X125.008 Y106.194 E1365.22909
G1 X125.149 Y106.455 E1365.23896
G1 X125.355 Y106.713 E1365.24994
G1 X125.567 Y106.903 E1365.25941
G1 X125.807 Y107.07 E1365.26913
G1 X126.074 Y107.212 E1365.27919
G1 X126.365 Y107.327 E1365.2896
G1 X126.672 Y107.413 E1365.3002
G1 X126.994 Y107.469 E1365.31107
G1 X127.244 Y107.489 E1365.31941
G1 X127.244 Y113.803 E1365.52942
G1 X127.157 Y113.796 E1365.53232
G1 X126.84 Y113.799 E1365.54286
G1 X126.523 Y113.832 E1365.55346
G1 X126.215 Y113.894 E1365.56391
G1 X125.92 Y113.984 E1365.57417
G1 X125.641 Y114.1 E1365.58422
G1 X125.384 Y114.243 E1365.594
G1 X125.152 Y114.41 E1365.60351
G1 X124.927 Y114.623 E1365.61382
G1 X124.734 Y114.88 E1365.62451
G1 X124.604 Y115.145 E1365.63432
G1 X124.525 Y115.439 E1365.64445
G1 X124.517 Y115.773 E1365.65556
G1 X124.575 Y116.061 E1365.66533
G1 X124.698 Y116.344 E1365.67559
G1 X124.869 Y116.595 E1365.6857
G1 X125.102 Y116.834 E1365.6968
G1 X125.333 Y117.011 E1365.70648
G1 X125.592 Y117.161 E1365.71643
G1 X125.875 Y117.285 E1365.72671
G1 X126.177 Y117.382 E1365.73726
G1 X126.493 Y117.449 E1365.748
G1 X126.817 Y117.485 E1365.75884
G1 X127.146 Y117.493 E1365.76979
G1 X127.244 Y117.485 E1365.77306
G1 X127.245 Y119.431 E1365.83778
G1 X127.243 Y120.241 E1365.86473
G1 X127.245 Y120.26 E1365.86536
G1 X127.244 Y122.398 E1365.93647
G1 X127.102 Y122.514 E1365.94257
G1 X126.359 Y123.067 E1365.97338
G1 X125.57 Y123.606 E1366.00516
G1 X124.763 Y124.112 E1366.03684
G1 X123.918 Y124.597 E1366.06924
G1 X123.038 Y125.059 E1366.1023
G1 X122.143 Y125.488 E1366.13531
G1 X121.56 Y125.742 E1366.15646
G1 X121.281 Y125.864 E1366.16235
G0 F9000 X121.535 Y125.476
G0 X123.763 Y124.038
;TYPE:FILL
G1 F4800 X125.458 Y117.713 E1366.38014
G0 F9000 X124.487 Y116.46
G0 X124.278 Y115.794
G0 X124.396 Y114.396
G1 F4800 X117.88 Y107.88 E1366.68664
G0 F9000 X118.021 Y107.881
G0 X118.021 Y102.785
G0 X117.882 Y102.784
G1 F4800 X126.683 Y100.425 E1366.98969
G0 F9000 X126.683 Y99.713
G1 F4800 X121.838 Y94.867 E1367.21761
G0 F9000 X121.51 Y95.799
G0 X118.714 Y96.519
G1 F4800 X117.881 Y99.625 E1367.32457
G0 F9000 X118.021 Y99.626
G0 X118.021 Y115.208
G0 X117.881 Y115.207
G1 F4800 X126.683 Y112.849 E1367.62764
G0 F9000 X126.683 Y113.141
G1 F4800 X126.652 Y113.256 E1367.63161
G0 F9000 X118.292 Y117.964
G0 X118.032 Y117.864
;TYPE:SKIN
G1 F1500 X118.018 Y117.902 E1367.63295
G1 X116.774 Y117.902 E1367.67433
G1 X112.418 Y113.965 E1367.86962
G1 X112.418 Y97.628 E1368.41299
G1 X117.732 Y96.889 E1368.59143
G1 X117.731 Y117.593 E1369.28005
G1 X118.032 Y117.864 E1369.29352
G0 F9000 X117.57 Y117.188
G1 F1500 X117.018 Y117.741 E1369.31951
G0 F9000 X116.633 Y117.56
G1 F1500 X117.57 Y116.623 E1369.36358
G0 F9000 X117.57 Y116.057
G1 F1500 X116.336 Y117.291 E1369.42163
G0 F9000 X116.039 Y117.023
G1 F1500 X117.57 Y115.491 E1369.49366
G0 F9000 X117.57 Y114.926
G1 F1500 X115.742 Y116.754 E1369.57965
G0 F9000 X115.445 Y116.485
G1 F1500 X117.57 Y114.36 E1369.6796
G0 F9000 X117.57 Y113.794
G1 F1500 X115.148 Y116.217 E1369.79355
G0 F9000 X114.85 Y115.949
G1 F1500 X117.57 Y113.229 E1369.92149
G0 F9000 X117.57 Y112.663
G1 F1500 X114.553 Y115.68 E1370.0634
G0 F9000 X114.256 Y115.411
G1 F1500 X117.57 Y112.097 E1370.21928
G0 F9000 X117.57 Y111.531
G1 F1500 X113.959 Y115.143 E1370.38915
G0 F9000 X113.661 Y114.875
G1 F1500 X117.57 Y110.966 E1370.57302
G0 F9000 X117.57 Y110.4
G1 F1500 X113.364 Y114.606 E1370.77086
G0 F9000 X113.067 Y114.337
G1 F1500 X117.57 Y109.834 E1370.98266
G0 F9000 X117.57 Y109.269
G1 F1500 X112.77 Y114.069 E1371.20844
G0 F9000 X112.577 Y113.696
G1 F1500 X117.57 Y108.703 E1371.4433
G0 F9000 X117.57 Y108.137
G1 F1500 X112.577 Y113.13 E1371.67815
G0 F9000 X112.577 Y112.565
G1 F1500 X117.57 Y107.572 E1371.91301
G0 F9000 X117.57 Y107.006
G1 F1500 X112.577 Y111.999 E1372.14786
G0 F9000 X112.577 Y111.433
G1 F1500 X117.57 Y106.44 E1372.38272
G0 F9000 X117.57 Y105.875
G1 F1500 X112.577 Y110.867 E1372.61755
G0 F9000 X112.577 Y110.302
G1 F1500 X117.57 Y105.309 E1372.85241
G0 F9000 X117.57 Y104.743
G1 F1500 X112.577 Y109.736 E1373.08726
G0 F9000 X112.577 Y109.17
G1 F1500 X117.57 Y104.178 E1373.32209
G0 F9000 X117.57 Y103.612
G1 F1500 X112.577 Y108.605 E1373.55695
G0 F9000 X112.577 Y108.039
G1 F1500 X117.57 Y103.046 E1373.7918
G0 F9000 X117.57 Y102.48
G1 F1500 X112.577 Y107.473 E1374.02666
G0 F9000 X112.577 Y106.908
G1 F1500 X117.57 Y101.915 E1374.26151
G0 F9000 X117.57 Y101.349
G1 F1500 X112.577 Y106.342 E1374.49637
G0 F9000 X112.577 Y105.776
G1 F1500 X117.57 Y100.783 E1374.73123
G0 F9000 X117.57 Y100.218
G1 F1500 X112.577 Y105.211 E1374.96608
G0 F9000 X112.577 Y104.645
G1 F1500 X117.57 Y99.652 E1375.20094
G0 F9000 X117.57 Y99.086
G1 F1500 X112.577 Y104.079 E1375.43579
G0 F9000 X112.577 Y103.514
G1 F1500 X117.57 Y98.521 E1375.67065
G0 F9000 X117.57 Y97.955
G1 F1500 X112.577 Y102.948 E1375.9055
G0 F9000 X112.577 Y102.382
G1 F1500 X117.57 Y97.389 E1376.14036
G0 F9000 X117.282 Y97.112
G1 F1500 X112.577 Y101.817 E1376.36167
G0 F9000 X112.577 Y101.251
G1 F1500 X116.624 Y97.204 E1376.55203
G0 F9000 X115.967 Y97.295
G1 F1500 X112.577 Y100.685 E1376.71148
G0 F9000 X112.577 Y100.119
G1 F1500 X115.31 Y97.386 E1376.84003
G0 F9000 X114.653 Y97.478
G1 F1500 X112.577 Y99.554 E1376.93768
G0 F9000 X112.577 Y98.988
G1 F1500 X113.996 Y97.569 E1377.00443
G0 F9000 X113.339 Y97.661
G1 F1500 X112.577 Y98.422 E1377.04025
G0 F9000 X112.577 Y97.857
G1 F1500 X112.682 Y97.752 E1377.04518
G0 F9000 X112.623 Y97.317
G0 X117.948 Y96.652
G0 X118.304 Y117.933
G0 X118.258 Y117.915
;TYPE:SKIN
G1 F1500 X118.12 Y118.053 E1377.04843
G0 F9000 X118.12 Y118.092
G1 F2400 E1376.24843
;MESH:NONMESH
G0 F300 X118.12 Y118.092 Z10.2
G0 F9000 X118.12 Y118.182
G0 X126.624 Y97.627
G0 X126.588 Y96.504
G0 X128.645 Y91.102
G0 X128.645 Y91.967
;TIME_ELAPSED:1701.621097
;LAYER:50
;TYPE:SUPPORT
G1 F2400 E1377.04843
G1 X130.245 Y91.967 E1377.10165
G1 X130.245 Y113.51 E1377.81817
G1 X130.242 Y113.564 E1377.81997
G1 X130.233 Y113.619 E1377.82182
G1 X130.044 Y114.293 E1377.8451
G1 X130.044 Y114.871 E1377.86433
G1 X129.845 Y115.444 E1377.8845
G1 X129.844 Y115.934 E1377.9008
G1 X129.645 Y116.353 E1377.91623
G1 X129.645 Y116.755 E1377.9296
G1 X129.445 Y117.123 E1377.94353
G1 X129.445 Y117.453 E1377.9545
G1 X129.394 Y117.536 E1377.95775
G1 X129.245 Y117.772 E1377.96703
G1 X129.244 Y105.96 E1378.3599
G1 X128.149 Y105.597 E1378.39827
G1 X127.743 Y106.139 E1378.42079
G1 X127.596 Y106.281 E1378.42759
G1 X127.579 Y106.282 E1378.42815
G1 X127.345 Y106.047 E1378.43918
G1 X127.309 Y106.047 E1378.44038
G1 X127.244 Y105.937 E1378.44463
G1 X127.244 Y105.381 E1378.46312
G1 X127.324 Y105.273 E1378.46759
G1 X127.372 Y105.125 E1378.47277
G1 X127.401 Y105.101 E1378.47402
G1 X127.422 Y105.06 E1378.47555
G1 X127.472 Y105.036 E1378.4774
G1 X127.485 Y105.015 E1378.47822
G1 X127.876 Y105.045 E1378.49126
G1 X128.645 Y104.331 E1378.52616
G1 X128.644 Y96.979 E1378.77069
G1 X127.911 Y96.27 E1378.80461
G1 X127.489 Y96.285 E1378.81866
G1 X127.472 Y96.258 E1378.81972
G1 X127.411 Y96.229 E1378.82196
G1 X127.245 Y95.944 E1378.83293
G1 X127.245 Y95.36 E1378.85236
G1 X127.342 Y95.216 E1378.85813
G1 X127.361 Y95.153 E1378.86032
G1 X127.386 Y95.135 E1378.86134
G1 X127.426 Y95.056 E1378.86429
G1 X127.474 Y95.033 E1378.86606
G1 X127.486 Y95.014 E1378.86681
G1 X127.869 Y95.045 E1378.87959
G1 X128.644 Y94.337 E1378.9145
G1 X128.645 Y91.967 E1378.99333
G0 F9000 X129.885 Y92.327
G1 F2400 X129.005 Y92.327 E1379.0226
G1 X129.004 Y94.496 E1379.09474
G1 X128 Y95.413 E1379.13996
G0 F9000 X127.997 Y95.416
G1 F2400 X127.66 Y95.389 E1379.15121
G1 X127.605 Y95.471 E1379.15449
G1 X127.605 Y95.847 E1379.167
G1 X127.647 Y95.919 E1379.16977
G1 X128 Y95.907 E1379.18152
G1 X128 Y95.413 E1379.19795
G0 F9000 X128 Y95.907
G1 F2400 X128.051 Y95.905 E1379.19965
G1 X129.004 Y96.826 E1379.24373
G1 X129.005 Y104.488 E1379.49856
G1 X128.2 Y105.235 E1379.53509
G1 X129.604 Y105.7 E1379.58428
G1 X129.605 Y115.038 E1379.89487
G1 X129.684 Y114.811 E1379.90286
G1 X129.684 Y114.243 E1379.92175
G1 X129.881 Y113.54 E1379.94603
G1 X129.885 Y113.487 E1379.9478
G1 X129.885 Y92.327 E1380.65159
G1 F2400 E1379.85159
G0 F9000 X131.11 Y92.327
G0 X126.66 Y104.705
G0 X127.844 Y105.404
G1 F2400 E1380.65159
G1 X127.664 Y105.39 E1380.65759
G1 X127.648 Y105.44 E1380.65934
G1 X127.604 Y105.5 E1380.66181
G1 X127.604 Y105.723 E1380.66923
G1 X127.844 Y105.404 E1380.68251
G1 F2400 E1379.88251
G0 F9000 X126.379 Y105.404
G0 X126.381 Y106.176
G0 X127.096 Y115.007
G0 X127.046 Y115.912
G1 F2400 E1380.68251
G1 X127.408 Y116.073 E1380.69568
G1 X127.261 Y116.243 E1380.70316
G1 X127.233 Y116.23 E1380.70419
G1 X127.212 Y116.185 E1380.70584
G1 X127.142 Y116.128 E1380.70884
G1 X127.072 Y115.956 E1380.71502
G1 X127.046 Y115.912 E1380.71672
G0 F9000 X127.876 Y116.5
;TYPE:SUPPORT-INTERFACE
G1 F1500 X129.043 Y115.332 E1380.77163
G0 F9000 X129.044 Y115.467
G1 F1500 X128.145 Y114.568 E1380.81392
G0 F9000 X128.443 Y112.538
G1 F1500 X129.043 Y111.938 E1380.84214
G0 F9000 X129.044 Y112.073
G1 F1500 X128.442 Y111.471 E1380.87046
G0 F9000 X128.443 Y109.144
G1 F1500 X129.043 Y108.544 E1380.89868
G0 F9000 X129.044 Y108.679
G1 F1500 X128.442 Y108.077 E1380.92699
G0 F9000 X127.716 Y106.476
G1 F1500 X128.327 Y105.866 E1380.95571
G1 F2400 E1380.15571
G0 F9000 X126.653 Y106.589
G0 X130.005 Y118.507
G0 X128.443 Y118.26
G1 F2400 E1380.95571
G1 F1500 X129.044 Y118.861 E1380.98398
G0 F9000 X129.043 Y118.726
G1 F1500 X128.443 Y119.326 E1381.0122
G1 F2400 E1380.2122
;MESH:1x_1xm_pusher.stl
G0 F9000 X127.225 Y119.324
G0 X121.88 Y125.074
;TYPE:WALL-INNER
G1 F2400 E1381.0122
G1 X121.88 Y124.759 E1381.02268
G1 X121.88 Y124.758 E1381.02271
G1 X121.879 Y123.602 E1381.06116
G1 X121.881 Y123.17 E1381.07553
G1 X121.881 Y118.292 E1381.23777
G1 X117.091 Y118.292 E1381.39709
G1 X113.451 Y115.002 E1381.56028
G1 X113.451 Y97.289 E1382.14942
G1 X121.881 Y96.117 E1382.4325
G1 X121.879 Y92.566 E1382.5506
G1 X121.879 Y92.367 E1382.55722
G1 X122.078 Y92.367 E1382.5615
G1 X126.846 Y92.367 E1382.72009
G1 X127.045 Y92.367 E1382.72671
G1 X127.045 Y92.566 E1382.73099
G1 X127.044 Y93.402 E1382.75879
G1 X127.003 Y93.402 E1382.76016
G1 X126.648 Y93.439 E1382.77203
G1 X126.301 Y93.51 E1382.78381
G1 X125.969 Y93.611 E1382.79535
G1 X125.653 Y93.743 E1382.80674
G1 X125.356 Y93.907 E1382.81803
G1 X125.084 Y94.102 E1382.82916
G1 X124.838 Y94.331 E1382.84034
G1 X124.612 Y94.621 E1382.85256
G1 X124.429 Y94.962 E1382.86544
G1 X124.323 Y95.324 E1382.87798
G1 X124.294 Y95.711 E1382.89089
G1 X124.361 Y96.135 E1382.90517
G1 X124.502 Y96.487 E1382.91778
G1 X124.714 Y96.816 E1382.9308
G1 X124.968 Y97.091 E1382.94325
G1 X125.232 Y97.305 E1382.95455
G1 X125.523 Y97.484 E1382.96591
G1 X125.81 Y97.621 E1382.97649
G1 X126.144 Y97.74 E1382.98828
G1 X126.495 Y97.827 E1383.00031
G1 X126.857 Y97.879 E1383.01248
G1 X127.044 Y97.888 E1383.0187
G1 X127.045 Y103.402 E1383.2021
G1 X127.003 Y103.402 E1383.2035
G1 X126.648 Y103.439 E1383.21537
G1 X126.301 Y103.51 E1383.22715
G1 X125.969 Y103.611 E1383.23869
G1 X125.653 Y103.743 E1383.25008
G1 X125.356 Y103.907 E1383.26136
G1 X125.084 Y104.102 E1383.2725
G1 X124.838 Y104.331 E1383.28367
G1 X124.612 Y104.621 E1383.2959
G1 X124.429 Y104.962 E1383.30877
G1 X124.323 Y105.324 E1383.32132
G1 X124.294 Y105.711 E1383.33423
G1 X124.361 Y106.135 E1383.34851
G1 X124.502 Y106.487 E1383.36112
G1 X124.714 Y106.816 E1383.37413
G1 X124.968 Y107.091 E1383.38659
G1 X125.232 Y107.305 E1383.39789
G1 X125.523 Y107.484 E1383.40925
G1 X125.81 Y107.621 E1383.41983
G1 X126.144 Y107.74 E1383.43162
G1 X126.495 Y107.827 E1383.44365
G1 X126.857 Y107.879 E1383.45581
G1 X127.044 Y107.888 E1383.46204
G1 X127.044 Y113.401 E1383.6454
G1 X126.742 Y113.394 E1383.65545
G1 X126.386 Y113.419 E1383.66732
G1 X126.04 Y113.478 E1383.67899
G1 X125.701 Y113.567 E1383.69065
G1 X125.379 Y113.689 E1383.7021
G1 X125.073 Y113.841 E1383.71347
G1 X124.79 Y114.028 E1383.72475
G1 X124.536 Y114.244 E1383.73584
G1 X124.29 Y114.526 E1383.74829
G1 X124.09 Y114.854 E1383.76106
G1 X123.962 Y115.213 E1383.77374
G1 X123.909 Y115.589 E1383.78637
G1 X123.939 Y115.97 E1383.79908
G1 X124.048 Y116.334 E1383.81172
G1 X124.226 Y116.672 E1383.82443
G1 X124.47 Y116.974 E1383.83734
G1 X124.721 Y117.204 E1383.84866
G1 X125.002 Y117.402 E1383.8601
G1 X125.309 Y117.565 E1383.87166
G1 X125.637 Y117.697 E1383.88342
G1 X125.984 Y117.796 E1383.89542
G1 X126.342 Y117.861 E1383.90752
G1 X126.707 Y117.891 E1383.9197
G1 X127.045 Y117.888 E1383.93094
G1 X127.044 Y121.883 E1384.06382
G1 X126.663 Y122.193 E1384.08015
G1 X125.922 Y122.745 E1384.11089
G1 X125.148 Y123.273 E1384.14205
G1 X124.364 Y123.765 E1384.17283
G1 X123.523 Y124.248 E1384.20509
G1 X122.665 Y124.698 E1384.23731
G1 X122.165 Y124.938 E1384.25576
G1 X121.88 Y125.074 E1384.26182
G0 F9000 X121.481 Y125.689
;TYPE:WALL-OUTER
G1 F2400 X121.481 Y125.385 E1384.27193
G1 X121.479 Y123.6 E1384.3313
G1 X121.481 Y123.169 E1384.34564
G1 X121.481 Y118.692 E1384.49454
G1 X116.937 Y118.692 E1384.64568
G1 X113.051 Y115.18 E1384.81989
G1 X113.051 Y96.941 E1385.42652
G1 X121.481 Y95.769 E1385.7096
G1 X121.479 Y92.167 E1385.8294
G1 X121.479 Y91.967 E1385.83606
G1 X121.679 Y91.967 E1385.84036
G1 X127.445 Y91.967 E1386.03214
G1 X127.444 Y93.808 E1386.09337
G1 X127.343 Y93.8 E1386.09674
G1 X127.025 Y93.802 E1386.10732
G1 X126.709 Y93.835 E1386.11789
G1 X126.4 Y93.898 E1386.12838
G1 X126.105 Y93.988 E1386.13863
G1 X125.827 Y94.104 E1386.14865
G1 X125.57 Y94.246 E1386.15842
G1 X125.338 Y94.412 E1386.16791
G1 X125.134 Y94.602 E1386.17718
G1 X124.948 Y94.84 E1386.18723
G1 X124.801 Y95.114 E1386.19757
G1 X124.719 Y95.396 E1386.20733
G1 X124.696 Y95.695 E1386.21731
G1 X124.749 Y96.028 E1386.22852
G1 X124.859 Y96.303 E1386.23838
G1 X125.031 Y96.57 E1386.24894
G1 X125.242 Y96.798 E1386.25927
G1 X125.464 Y96.978 E1386.26878
G1 X125.714 Y97.132 E1386.27854
G1 X125.964 Y97.251 E1386.28775
G1 X126.26 Y97.357 E1386.29821
G1 X126.571 Y97.434 E1386.30887
G1 X126.895 Y97.48 E1386.31975
G1 X127.222 Y97.496 E1386.33064
G1 X127.444 Y97.488 E1386.33803
G1 X127.445 Y103.808 E1386.54823
G1 X127.343 Y103.8 E1386.55163
G1 X127.025 Y103.802 E1386.56221
G1 X126.709 Y103.835 E1386.57278
G1 X126.4 Y103.898 E1386.58327
G1 X126.105 Y103.988 E1386.59353
G1 X125.827 Y104.104 E1386.60354
G1 X125.57 Y104.246 E1386.61331
G1 X125.338 Y104.412 E1386.6228
G1 X125.134 Y104.602 E1386.63207
G1 X124.948 Y104.84 E1386.64212
G1 X124.801 Y105.114 E1386.65246
G1 X124.719 Y105.396 E1386.66223
G1 X124.696 Y105.695 E1386.6722
G1 X124.749 Y106.028 E1386.68342
G1 X124.859 Y106.303 E1386.69327
G1 X125.031 Y106.57 E1386.70383
G1 X125.242 Y106.798 E1386.71416
G1 X125.464 Y106.978 E1386.72367
G1 X125.714 Y107.132 E1386.73344
G1 X125.964 Y107.251 E1386.74264
G1 X126.26 Y107.357 E1386.7531
G1 X126.571 Y107.434 E1386.76376
G1 X126.895 Y107.48 E1386.77464
G1 X127.222 Y107.496 E1386.78553
G1 X127.444 Y107.488 E1386.79292
G1 X127.443 Y112.623 E1386.96371
G1 X127.443 Y113.786 E1387.00239
G1 X127.443 Y113.8 E1387.00286
G1 X127.444 Y113.836 E1387.00406
G1 X127.445 Y113.849 E1387.00449
G1 X127.385 Y113.837 E1387.00537
G1 X127.071 Y113.801 E1387.0134
G1 X127.057 Y113.801 E1387.01387
G1 X126.752 Y113.794 E1387.02402
G1 X126.434 Y113.817 E1387.03462
G1 X126.124 Y113.869 E1387.04508
G1 X125.823 Y113.948 E1387.05543
G1 X125.539 Y114.056 E1387.06553
G1 X125.273 Y114.188 E1387.07541
G1 X125.031 Y114.348 E1387.08506
G1 X124.818 Y114.529 E1387.09435
G1 X124.614 Y114.763 E1387.10468
G1 X124.453 Y115.027 E1387.11496
G1 X124.352 Y115.309 E1387.12493
G1 X124.311 Y115.601 E1387.13473
G1 X124.334 Y115.896 E1387.14458
G1 X124.42 Y116.182 E1387.15451
G1 X124.562 Y116.451 E1387.16463
G1 X124.763 Y116.7 E1387.17527
G1 X124.972 Y116.892 E1387.18471
G1 X125.212 Y117.06 E1387.19445
G1 X125.478 Y117.202 E1387.20448
G1 X125.767 Y117.318 E1387.21484
G1 X126.075 Y117.406 E1387.22549
G1 X126.394 Y117.464 E1387.23628
G1 X126.722 Y117.491 E1387.24722
G1 X127.048 Y117.488 E1387.25807
G1 X127.05 Y117.488 E1387.25813
G1 X127.375 Y117.453 E1387.26901
G1 X127.445 Y117.439 E1387.27138
G1 X127.445 Y117.453
G1 X127.445 Y117.488
G1 X127.445 Y117.49 E1387.27145
G1 X127.444 Y122.073 E1387.42388
G1 X126.902 Y122.514 E1387.44712
G1 X126.159 Y123.067 E1387.47792
G1 X125.37 Y123.606 E1387.5097
G1 X124.563 Y124.112 E1387.54139
G1 X123.718 Y124.597 E1387.57379
G1 X122.838 Y125.059 E1387.60685
G1 X121.943 Y125.488 E1387.63986
G1 X121.76 Y125.568 E1387.6465
G1 X121.481 Y125.689 E1387.65239
G0 F9000 X121.735 Y125.301
G0 X123.627 Y124.002
;TYPE:FILL
G1 F4800 X125.306 Y117.737 E1387.86812
G0 F9000 X124.361 Y116.584
G0 X124.097 Y115.94
G0 X124.114 Y115.383
G0 X124.379 Y114.18
G1 F4800 X119.303 Y109.103 E1388.1069
G0 F9000 X119.444 Y109.104
G0 X119.444 Y114.973
G0 X119.304 Y114.972
G1 F4800 X126.882 Y112.941 E1388.36784
G0 F9000 X126.508 Y113.249
G1 F4800 X126.883 Y111.849 E1388.41605
G0 F9000 X124.517 Y106.092
G0 X124.456 Y105.704
G0 X124.554 Y105.154
G0 X126.883 Y100.518
G1 F4800 X119.304 Y102.548 E1388.67701
G0 F9000 X119.444 Y102.549
G0 X126.883 Y99.714
G1 F4800 X122.039 Y94.869 E1388.90488
G0 F9000 X121.711 Y95.969
G0 X119.118 Y96.612
G0 X119.155 Y96.889
;TYPE:SKIN
G1 F1500 X119.154 Y117.902 E1389.60378
G1 X117.24 Y117.902 E1389.66744
G1 X113.841 Y114.83 E1389.81982
G1 X113.841 Y97.628 E1390.39196
G1 X119.155 Y96.889 E1390.57041
G0 F9000 X118.621 Y97.125
G1 F1500 X118.994 Y97.498 E1390.58795
G0 F9000 X118.994 Y98.064
G1 F1500 X118.124 Y97.193 E1390.6289
G0 F9000 X117.627 Y97.263
G1 F1500 X118.994 Y98.63 E1390.6932
G0 F9000 X118.994 Y99.195
G1 F1500 X117.131 Y97.332 E1390.78083
G0 F9000 X116.634 Y97.401
G1 F1500 X118.994 Y99.761 E1390.89183
G0 F9000 X118.994 Y100.327
G1 F1500 X116.138 Y97.47 E1391.02619
G0 F9000 X115.64 Y97.539
G1 F1500 X118.994 Y100.892 E1391.18393
G0 F9000 X118.994 Y101.458
G1 F1500 X115.144 Y97.608 E1391.36502
G0 F9000 X114.647 Y97.676
G1 F1500 X118.994 Y102.024 E1391.56952
G0 F9000 X118.994 Y102.589
G1 F1500 X114.151 Y97.746 E1391.79732
G0 F9000 X114 Y98.161
G1 F1500 X118.994 Y103.155 E1392.03222
G0 F9000 X118.994 Y103.721
G1 F1500 X114 Y98.726 E1392.26715
G0 F9000 X114 Y99.292
G1 F1500 X118.994 Y104.286 E1392.50205
G0 F9000 X118.994 Y104.852
G1 F1500 X114 Y99.858 E1392.73695
G0 F9000 X114 Y100.424
G1 F1500 X118.994 Y105.418 E1392.97185
G0 F9000 X118.994 Y105.983
G1 F1500 X114 Y100.989 E1393.20676
G0 F9000 X114 Y101.555
G1 F1500 X118.994 Y106.549 E1393.44166
G0 F9000 X118.994 Y107.115
G1 F1500 X114 Y102.121 E1393.67656
G0 F9000 X114 Y102.686
G1 F1500 X118.994 Y107.68 E1393.91146
G0 F9000 X118.994 Y108.246
G1 F1500 X114 Y103.252 E1394.14637
G0 F9000 X114 Y103.818
G1 F1500 X118.994 Y108.811 E1394.38124
G0 F9000 X118.994 Y109.377
G1 F1500 X114 Y104.383 E1394.61615
G0 F9000 X114 Y104.949
G1 F1500 X118.994 Y109.943 E1394.85105
G0 F9000 X118.994 Y110.508
G1 F1500 X114 Y105.515 E1395.08593
G0 F9000 X114 Y106.08
G1 F1500 X118.994 Y111.074 E1395.32083
G0 F9000 X118.994 Y111.64
G1 F1500 X114 Y106.646 E1395.55573
G0 F9000 X114 Y107.212
G1 F1500 X118.994 Y112.205 E1395.79061
G0 F9000 X118.994 Y112.771
G1 F1500 X114 Y107.777 E1396.02551
G0 F9000 X114 Y108.343
G1 F1500 X118.994 Y113.337 E1396.26042
G0 F9000 X118.994 Y113.902
G1 F1500 X114 Y108.909 E1396.4953
G0 F9000 X114 Y109.474
G1 F1500 X118.994 Y114.468 E1396.7302
G0 F9000 X118.994 Y115.034
G1 F1500 X114 Y110.04 E1396.9651
G0 F9000 X114 Y110.606
G1 F1500 X118.994 Y115.599 E1397.19998
G0 F9000 X118.994 Y116.165
G1 F1500 X114 Y111.172 E1397.43486
G0 F9000 X114 Y111.737
G1 F1500 X118.994 Y116.731 E1397.66976
G0 F9000 X118.994 Y117.296
G1 F1500 X114 Y112.303 E1397.90464
G0 F9000 X114 Y112.869
G1 F1500 X118.872 Y117.741 E1398.1338
G0 F9000 X118.306 Y117.741
G1 F1500 X114 Y113.434 E1398.33637
G0 F9000 X114 Y114
G1 F1500 X117.741 Y117.741 E1398.51233
G0 F9000 X117.741 Y118.182
G0 X117.217 Y118.126
G0 X115.7 Y116.886
G0 X115.995 Y116.56
G1 F1500 X114 Y114.566 E1398.60615
G0 F9000 X113.651 Y114.566
G1 F2400 E1397.80615
;MESH:NONMESH
G0 F300 X113.651 Y114.566 Z10.4
G0 F9000 X113.561 Y114.566
G0 X113.625 Y114.924
G0 X117.158 Y118.119
G0 X119.372 Y118.11
G0 X124.578 Y95.023
G0 X124.957 Y94.439
G0 X125.723 Y93.888
G0 X126.492 Y93.654
G0 X127.013 Y93.583
G0 X126.633 Y94.71
G0 X129.445 Y91.102
G0 X129.445 Y91.967
;TIME_ELAPSED:1734.410578
;LAYER:51
;TYPE:SUPPORT
G1 F2400 E1398.60615
G1 X130.245 Y91.967 E1398.63276
G1 X130.245 Y113.51 E1399.34928
G1 X130.242 Y113.564 E1399.35108
G1 X130.233 Y113.619 E1399.35293
G1 X130.044 Y114.293 E1399.37621
G1 X130.044 Y114.871 E1399.39544
G1 X129.845 Y115.444 E1399.41561
G1 X129.844 Y115.934 E1399.43191
G1 X129.645 Y116.353 E1399.44734
G1 X129.645 Y116.755 E1399.46071
G1 X129.445 Y117.123 E1399.47464
G1 X129.443 Y116.731 E1399.48768
G1 X129.445 Y91.967 E1400.31133
G0 F9000 X129.805 Y92.327
G1 F2400 X129.885 Y92.327 E1400.31399
G1 X129.885 Y113.487 E1401.01778
G1 X129.881 Y113.54 E1401.01954
G1 X129.803 Y113.818 E1401.02915
G1 X129.805 Y92.327 E1401.74394
G1 F2400 E1400.94394
G0 F9000 X129.805 Y91.102
G0 X126.662 Y94.662
G0 X127.458 Y95.041
G1 F2400 E1401.74394
G1 X127.665 Y95.326 E1401.75566
G1 X127.73 Y95.474 E1401.76103
G1 X127.756 Y95.616 E1401.76584
G1 X127.747 Y95.761 E1401.77067
G1 X127.702 Y95.903 E1401.77562
G1 X127.609 Y96.06 E1401.78169
G1 X127.449 Y96.247 E1401.78988
G1 X127.411 Y96.229 E1401.79127
G1 X127.245 Y95.944 E1401.80224
G1 X127.245 Y95.36 E1401.82167
G1 X127.342 Y95.216 E1401.82744
G1 X127.361 Y95.153 E1401.82963
G1 X127.386 Y95.135 E1401.83066
G1 X127.426 Y95.056 E1401.8336
G1 X127.458 Y95.041 E1401.83478
G1 F2400 E1401.03478
G0 F9000 X126.662 Y94.662
G0 X126.382 Y95.135
G0 X126.382 Y96.175
G0 X126.664 Y96.626
G0 X126.678 Y104.665
G0 X127.459 Y105.042
G1 F2400 E1401.83478
G1 X127.665 Y105.326 E1401.84645
G1 X127.73 Y105.474 E1401.85182
G1 X127.756 Y105.616 E1401.85662
G1 X127.747 Y105.761 E1401.86146
G1 X127.702 Y105.903 E1401.86641
G1 X127.609 Y106.06 E1401.87248
G1 X127.493 Y106.196 E1401.87843
G1 X127.345 Y106.047 E1401.88541
G1 X127.309 Y106.047 E1401.88661
G1 X127.244 Y105.937 E1401.89086
G1 X127.244 Y105.381 E1401.90935
G1 X127.324 Y105.273 E1401.91382
G1 X127.372 Y105.125 E1401.91899
G1 X127.401 Y105.101 E1401.92025
G1 X127.422 Y105.06 E1401.92178
G1 X127.459 Y105.042 E1401.92315
G1 F2400 E1401.12315
G0 F9000 X126.573 Y104.836
G0 X126.382 Y105.097
G0 X126.381 Y106.176
G0 X126.664 Y106.616
G0 X127.096 Y115.007
G0 X127.046 Y115.912
G1 F2400 E1401.92315
G1 X127.254 Y116.005 E1401.93073
G1 X127.169 Y116.15 E1401.93632
G1 X127.142 Y116.128 E1401.93747
G1 X127.072 Y115.956 E1401.94365
G1 X127.046 Y115.912 E1401.94535
G0 F9000 X128.011 Y116.365
;TYPE:SUPPORT-INTERFACE
G1 F1500 X129.242 Y115.133 E1402.00328
G0 F9000 X129.242 Y115.666
G1 F1500 X128.289 Y114.713 E1402.0481
G0 F9000 X128.643 Y112.338
G1 F1500 X129.242 Y111.739 E1402.07628
G0 F9000 X129.242 Y112.272
G1 F1500 X128.642 Y111.671 E1402.10452
G0 F9000 X128.643 Y108.944
G1 F1500 X129.242 Y108.345 E1402.1327
G0 F9000 X129.242 Y108.878
G1 F1500 X128.642 Y108.277 E1402.16094
G0 F9000 X127.808 Y106.385
G1 F1500 X129.242 Y104.95 E1402.22842
G0 F9000 X129.243 Y105.484
G1 F1500 X128.339 Y104.58 E1402.27094
G0 F9000 X128.644 Y102.155
G1 F1500 X129.242 Y101.556 E1402.29909
G0 F9000 X129.243 Y102.09
G1 F1500 X128.643 Y101.491 E1402.32729
G0 F9000 X128.643 Y98.761
G1 F1500 X129.243 Y98.161 E1402.35551
G0 F9000 X129.244 Y98.697
G1 F1500 X128.643 Y98.096 E1402.38378
G0 F9000 X127.579 Y96.432
G1 F1500 X129.243 Y94.767 E1402.46207
G0 F9000 X129.244 Y95.303
G1 F1500 X128.438 Y94.497 E1402.49999
G0 F9000 X128.643 Y91.973
G1 F1500 X128.85 Y91.766 E1402.50972
G0 F9000 X129.102 Y91.767
G1 F1500 X129.244 Y91.909 E1402.5164
G1 F2400 E1401.7164
G0 F9000 X129.244 Y91.102
G0 X130.602 Y91.106
G0 X131.106 Y91.61
G0 X131.083 Y113.79
G0 X130.664 Y116.222
G0 X130.349 Y117.398
G0 X130.004 Y118.51
G0 X128.643 Y118.461
G1 F2400 E1402.5164
G1 F1500 X129.137 Y118.955 E1402.53964
G0 F9000 X129.244 Y118.525
G1 F1500 X128.643 Y119.126 E1402.56791
G1 F2400 E1401.76791
;MESH:1x_1xm_pusher.stl
G0 F9000 X127.425 Y119.124
G0 X122.08 Y124.882
;TYPE:WALL-INNER
G1 F2400 E1402.56791
G1 X122.08 Y124.699 E1402.57399
G1 X122.08 Y124.688 E1402.57436
G1 X122.079 Y123.695 E1402.60739
G1 X122.081 Y123.61 E1402.61022
G1 X122.081 Y118.292 E1402.78709
G1 X117.557 Y118.292 E1402.93756
G1 X114.874 Y115.867 E1403.05785
G1 X114.875 Y97.289 E1403.67575
G1 X122.081 Y96.287 E1403.91773
G1 X122.079 Y92.566 E1404.04149
G1 X122.079 Y92.367 E1404.04811
G1 X122.278 Y92.367 E1404.05239
G1 X127.245 Y92.367 E1404.2176
G1 X127.244 Y93.404 E1404.25209
G1 X126.928 Y93.398 E1404.2626
G1 X126.573 Y93.422 E1404.27444
G1 X126.223 Y93.481 E1404.28624
G1 X125.885 Y93.571 E1404.29787
G1 X125.563 Y93.693 E1404.30933
G1 X125.258 Y93.845 E1404.32066
G1 X124.976 Y94.031 E1404.3319
G1 X124.722 Y94.247 E1404.34299
G1 X124.473 Y94.529 E1404.3555
G1 X124.276 Y94.86 E1404.36831
G1 X124.146 Y95.217 E1404.38095
G1 X124.095 Y95.593 E1404.39357
G1 X124.123 Y95.972 E1404.40621
G1 X124.232 Y96.338 E1404.41891
G1 X124.412 Y96.676 E1404.43165
G1 X124.654 Y96.978 E1404.44452
G1 X124.905 Y97.208 E1404.45584
G1 X125.186 Y97.405 E1404.46725
G1 X125.494 Y97.57 E1404.47888
G1 X125.823 Y97.701 E1404.49065
G1 X126.168 Y97.8 E1404.50259
G1 X126.528 Y97.865 E1404.51476
G1 X126.889 Y97.895 E1404.52681
G1 X127.244 Y97.892 E1404.53862
G1 X127.245 Y103.404 E1404.72195
G1 X126.928 Y103.398 E1404.73249
G1 X126.573 Y103.422 E1404.74432
G1 X126.223 Y103.481 E1404.75613
G1 X125.885 Y103.571 E1404.76776
G1 X125.563 Y103.693 E1404.77922
G1 X125.258 Y103.845 E1404.79055
G1 X124.976 Y104.031 E1404.80179
G1 X124.722 Y104.247 E1404.81288
G1 X124.473 Y104.529 E1404.82539
G1 X124.276 Y104.86 E1404.8382
G1 X124.146 Y105.217 E1404.85084
G1 X124.095 Y105.593 E1404.86346
G1 X124.123 Y105.972 E1404.8761
G1 X124.232 Y106.338 E1404.8888
G1 X124.412 Y106.676 E1404.90154
G1 X124.654 Y106.978 E1404.91441
G1 X124.905 Y107.208 E1404.92573
G1 X125.186 Y107.405 E1404.93714
G1 X125.494 Y107.57 E1404.94877
G1 X125.823 Y107.701 E1404.96054
G1 X126.168 Y107.8 E1404.97248
G1 X126.528 Y107.865 E1404.98465
G1 X126.889 Y107.895 E1404.9967
G1 X127.244 Y107.892 E1405.0085
G1 X127.244 Y113.32 E1405.18904
G1 X127.244 Y113.413 E1405.19213
G1 X127.243 Y113.445 E1405.1932
G1 X127.022 Y113.413 E1405.19787
G1 X126.929 Y113.408 E1405.20047
G1 X126.669 Y113.394 E1405.20913
G1 X126.312 Y113.406 E1405.22101
G1 X125.96 Y113.454 E1405.23283
G1 X125.62 Y113.531 E1405.24442
G1 X125.29 Y113.642 E1405.256
G1 X124.978 Y113.784 E1405.26741
G1 X124.688 Y113.958 E1405.27865
G1 X124.423 Y114.164 E1405.28982
G1 X124.157 Y114.437 E1405.3025
G1 X123.942 Y114.754 E1405.31523
G1 X123.791 Y115.106 E1405.32797
G1 X123.717 Y115.474 E1405.34046
G1 X123.72 Y115.859 E1405.35326
G1 X123.807 Y116.23 E1405.36594
G1 X123.97 Y116.579 E1405.37875
G1 X124.19 Y116.885 E1405.39129
G1 X124.428 Y117.127 E1405.40257
G1 X124.698 Y117.335 E1405.41391
G1 X124.996 Y117.511 E1405.42542
G1 X125.32 Y117.655 E1405.43721
G1 X125.66 Y117.765 E1405.4491
G1 X126.014 Y117.842 E1405.46115
G1 X126.376 Y117.883 E1405.47327
G1 X126.742 Y117.893 E1405.48544
G1 X126.968 Y117.876 E1405.49298
G1 X127.109 Y117.867 E1405.49768
G1 X127.245 Y117.844 E1405.50227
G1 X127.245 Y117.867
G1 X127.245 Y118.008 E1405.50583
G1 X127.244 Y121.551 E1405.62368
G1 X127.155 Y121.63 E1405.62763
G1 X126.468 Y122.188 E1405.65707
G1 X125.722 Y122.745 E1405.68804
G1 X124.948 Y123.273 E1405.7192
G1 X124.164 Y123.765 E1405.74998
G1 X123.323 Y124.248 E1405.78224
G1 X122.474 Y124.693 E1405.81412
G1 X122.465 Y124.698 E1405.81446
G1 X122.08 Y124.882 E1405.82407
G0 F9000 X121.681 Y125.515
;TYPE:WALL-OUTER
G1 F2400 X121.681 Y125.489 E1405.82494
G1 X121.681 Y125.221 E1405.83385
G1 X121.679 Y123.685 E1405.88494
G1 X121.681 Y123.605 E1405.8876
G1 X121.681 Y118.692 E1406.05101
G1 X117.403 Y118.692 E1406.1933
G1 X114.474 Y116.045 E1406.3246
G1 X114.475 Y96.941 E1406.96
G1 X121.681 Y95.939 E1407.20198
G1 X121.679 Y92.167 E1407.32744
G1 X121.679 Y91.967 E1407.33409
G1 X121.879 Y91.967 E1407.3384
G1 X127.645 Y91.967 E1407.53018
G1 X127.645 Y93.8 E1407.59114
G1 X127.645 Y93.805 E1407.59131
G1 X127.645 Y93.84 E1407.59247
G1 X127.644 Y93.855 E1407.59297
G1 X127.571 Y93.84 E1407.59416
G1 X127.256 Y93.805 E1407.60243
G1 X127.251 Y93.805 E1407.6026
G1 X126.937 Y93.798 E1407.61305
G1 X126.62 Y93.82 E1407.62361
G1 X126.308 Y93.872 E1407.63413
G1 X126.008 Y93.952 E1407.64446
G1 X125.723 Y94.06 E1407.6546
G1 X125.458 Y94.192 E1407.66444
G1 X125.217 Y94.351 E1407.67405
G1 X125.003 Y94.533 E1407.68339
G1 X124.798 Y94.766 E1407.69371
G1 X124.639 Y95.032 E1407.70402
G1 X124.537 Y95.313 E1407.71396
G1 X124.497 Y95.605 E1407.72377
G1 X124.519 Y95.899 E1407.73357
G1 X124.604 Y96.185 E1407.7435
G1 X124.748 Y96.455 E1407.75367
G1 X124.947 Y96.704 E1407.76427
G1 X125.156 Y96.896 E1407.77371
G1 X125.396 Y97.064 E1407.78346
G1 X125.663 Y97.207 E1407.79353
G1 X125.952 Y97.322 E1407.80388
G1 X126.259 Y97.41 E1407.8145
G1 X126.58 Y97.468 E1407.82535
G1 X126.904 Y97.495 E1407.83616
G1 X127.235 Y97.492 E1407.84717
G1 X127.386 Y97.475 E1407.85223
G1 X127.561 Y97.457 E1407.85808
G1 X127.644 Y97.44 E1407.8609
G1 X127.644 Y97.456
G1 X127.644 Y97.632 E1407.86503
G1 X127.644 Y103.799 E1408.07014
G1 X127.644 Y103.805 E1408.07034
G1 X127.644 Y103.839 E1408.07147
G1 X127.645 Y103.855 E1408.07201
G1 X127.572 Y103.84 E1408.0732
G1 X127.256 Y103.805 E1408.08149
G1 X127.25 Y103.805 E1408.08169
G1 X126.937 Y103.798 E1408.0921
G1 X126.62 Y103.82 E1408.10267
G1 X126.308 Y103.872 E1408.11319
G1 X126.008 Y103.952 E1408.12352
G1 X125.723 Y104.06 E1408.13365
G1 X125.458 Y104.192 E1408.1435
G1 X125.217 Y104.351 E1408.1531
G1 X125.003 Y104.533 E1408.16245
G1 X124.798 Y104.766 E1408.17277
G1 X124.639 Y105.032 E1408.18308
G1 X124.537 Y105.313 E1408.19302
G1 X124.497 Y105.605 E1408.20282
G1 X124.519 Y105.899 E1408.21263
G1 X124.604 Y106.185 E1408.22255
G1 X124.748 Y106.455 E1408.23273
G1 X124.947 Y106.704 E1408.24333
G1 X125.156 Y106.896 E1408.25277
G1 X125.396 Y107.064 E1408.26251
G1 X125.663 Y107.207 E1408.27259
G1 X125.952 Y107.322 E1408.28293
G1 X126.259 Y107.41 E1408.29355
G1 X126.58 Y107.468 E1408.3044
G1 X126.904 Y107.495 E1408.31522
G1 X127.235 Y107.492 E1408.32623
G1 X127.386 Y107.475 E1408.33128
G1 X127.561 Y107.457 E1408.33713
G1 X127.644 Y107.44 E1408.33995
G1 X127.644 Y107.457
G1 X127.644 Y107.633 E1408.34408
G1 X127.644 Y113.827 E1408.5501
G1 X127.644 Y113.856 E1408.55106
G1 X127.644 Y113.929 E1408.55349
G1 X127.643 Y113.945 E1408.55402
G1 X127.599 Y113.929 E1408.55412
G1 X127.295 Y113.856 E1408.56166
G1 X127.267 Y113.852 E1408.56256
G1 X126.983 Y113.811 E1408.5721
G1 X126.665 Y113.794 E1408.58269
G1 X126.346 Y113.805 E1408.59331
G1 X126.032 Y113.848 E1408.60385
G1 X125.728 Y113.917 E1408.61422
G1 X125.437 Y114.015 E1408.62443
G1 X125.164 Y114.139 E1408.63441
G1 X124.914 Y114.289 E1408.6441
G1 X124.69 Y114.463 E1408.65354
G1 X124.468 Y114.691 E1408.66412
G1 X124.295 Y114.947 E1408.6744
G1 X124.175 Y115.226 E1408.6845
G1 X124.117 Y115.512 E1408.69421
G1 X124.12 Y115.811 E1408.70415
G1 X124.187 Y116.098 E1408.71395
G1 X124.317 Y116.376 E1408.72416
G1 X124.497 Y116.627 E1408.73443
G1 X124.694 Y116.827 E1408.74377
G1 X124.923 Y117.003 E1408.75338
G1 X125.18 Y117.155 E1408.76331
G1 X125.463 Y117.281 E1408.77361
G1 X125.764 Y117.378 E1408.78413
G1 X126.08 Y117.447 E1408.79489
G1 X126.404 Y117.484 E1408.80573
G1 X126.733 Y117.493 E1408.81668
G1 X127.061 Y117.469 E1408.82762
G1 X127.302 Y117.428 E1408.83575
G1 X127.381 Y117.415 E1408.83841
G1 X127.645 Y117.343 E1408.84751
G1 X127.645 Y117.415
G1 X127.645 Y117.495 E1408.84983
G1 X127.644 Y121.731 E1408.99072
G1 X127.421 Y121.929 E1409.00064
G1 X126.707 Y122.509 E1409.03123
G1 X125.959 Y123.067 E1409.06227
G1 X125.17 Y123.606 E1409.09405
G1 X124.363 Y124.112 E1409.12573
G1 X123.518 Y124.597 E1409.15814
G1 X122.638 Y125.059 E1409.1912
G1 X121.984 Y125.373 E1409.21533
G1 X121.743 Y125.488 E1409.22103
G1 X121.681 Y125.515 E1409.22203
G0 F9000 X121.934 Y125.117
G0 X123.491 Y123.965
;TYPE:FILL
G1 F4800 X125.155 Y117.755 E1409.43586
G0 F9000 X124.11 Y116.498
G0 X123.881 Y115.839
G0 X123.932 Y115.286
G0 X124.387 Y113.988
G1 F4800 X120.727 Y110.328 E1409.60801
G0 F9000 X120.868 Y110.328
G0 X120.868 Y114.736
G0 X120.727 Y114.736
G1 F4800 X125.028 Y113.584 E1409.75611
G0 F9000 X126.28 Y113.248
G1 F4800 X127.081 Y113.034 E1409.78368
G0 F9000 X126.363 Y113.245
G1 F4800 X127.082 Y110.561 E1409.8761
G0 F9000 X124.381 Y106.276
G0 X124.257 Y105.598
G0 X124.405 Y104.996
G0 X127.083 Y100.61
G1 F4800 X120.728 Y102.313 E1410.09493
G0 F9000 X120.868 Y102.313
G0 X127.084 Y99.714
G1 F4800 X122.238 Y94.869 E1410.32284
G0 F9000 X121.911 Y96.139
G0 X120.541 Y96.612
G0 X120.578 Y96.889
;TYPE:SKIN
G1 F1500 X120.578 Y117.902 E1411.02174
G1 X117.706 Y117.902 E1411.11726
G1 X115.264 Y115.695 E1411.22674
G1 X115.265 Y97.628 E1411.82765
G1 X120.578 Y96.889 E1412.00606
G0 F9000 X120.541 Y96.612
G0 X115.055 Y97.446
G0 X114.985 Y97.837
G0 X115.424 Y97.838
G1 F1500 X115.508 Y97.754 E1412.01001
G0 F9000 X115.424 Y98.404
G1 F1500 X116.165 Y97.663 E1412.04487
G0 F9000 X116.822 Y97.572
G1 F1500 X115.424 Y98.97 E1412.11063
G0 F9000 X115.424 Y99.535
G1 F1500 X117.479 Y97.481 E1412.20726
G0 F9000 X118.136 Y97.389
G1 F1500 X115.424 Y100.101 E1412.33483
G0 F9000 X115.424 Y100.667
G1 F1500 X118.793 Y97.298 E1412.4933
G0 F9000 X119.45 Y97.207
G1 F1500 X115.424 Y101.232 E1412.68264
G0 F9000 X115.424 Y101.798
G1 F1500 X120.107 Y97.115 E1412.90292
G0 F9000 X120.417 Y97.371
G1 F1500 X115.424 Y102.364 E1413.13777
G0 F9000 X115.424 Y102.929
G1 F1500 X120.417 Y97.937 E1413.3726
G0 F9000 X120.417 Y98.502
G1 F1500 X115.424 Y103.495 E1413.60746
G0 F9000 X115.424 Y104.061
G1 F1500 X120.417 Y99.068 E1413.84231
G0 F9000 X120.417 Y99.634
G1 F1500 X115.424 Y104.627 E1414.07717
G0 F9000 X115.424 Y105.192
G1 F1500 X120.417 Y100.199 E1414.31203
G0 F9000 X120.417 Y100.765
G1 F1500 X115.424 Y105.758 E1414.54688
G0 F9000 X115.424 Y106.324
G1 F1500 X120.417 Y101.331 E1414.78174
G0 F9000 X120.417 Y101.896
G1 F1500 X115.424 Y106.889 E1415.01659
G0 F9000 X115.424 Y107.455
G1 F1500 X120.417 Y102.462 E1415.25145
G0 F9000 X120.417 Y103.028
G1 F1500 X115.424 Y108.021 E1415.4863
G0 F9000 X115.424 Y108.586
G1 F1500 X120.417 Y103.593 E1415.72116
G0 F9000 X120.417 Y104.159
G1 F1500 X115.424 Y109.152 E1415.95601
G0 F9000 X115.424 Y109.718
G1 F1500 X120.417 Y104.725 E1416.19087
G0 F9000 X120.417 Y105.291
G1 F1500 X115.424 Y110.283 E1416.4257
G0 F9000 X115.424 Y110.849
G1 F1500 X120.417 Y105.856 E1416.66056
G0 F9000 X120.417 Y106.422
G1 F1500 X115.424 Y111.415 E1416.89541
G0 F9000 X115.424 Y111.98
G1 F1500 X120.417 Y106.988 E1417.13024
G0 F9000 X120.417 Y107.553
G1 F1500 X115.424 Y112.546 E1417.3651
G0 F9000 X115.424 Y113.112
G1 F1500 X120.417 Y108.119 E1417.59995
G0 F9000 X120.417 Y108.685
G1 F1500 X115.424 Y113.678 E1417.83481
G0 F9000 X115.424 Y114.243
G1 F1500 X120.417 Y109.25 E1418.06966
G0 F9000 X120.417 Y109.816
G1 F1500 X115.424 Y114.809 E1418.30452
G0 F9000 X115.424 Y115.375
G1 F1500 X120.417 Y110.382 E1418.53938
G0 F9000 X120.417 Y110.947
G1 F1500 X115.59 Y115.775 E1418.76645
G0 F9000 X115.887 Y116.044
G1 F1500 X120.417 Y111.513 E1418.97955
G0 F9000 X120.417 Y112.079
G1 F1500 X116.184 Y116.312 E1419.17865
G0 F9000 X116.48 Y116.581
G1 F1500 X120.417 Y112.644 E1419.36384
G0 F9000 X120.417 Y113.21
G1 F1500 X116.777 Y116.85 E1419.53505
G0 F9000 X117.075 Y117.118
G1 F1500 X120.417 Y113.776 E1419.69225
G0 F9000 X120.417 Y114.341
G1 F1500 X117.372 Y117.386 E1419.83548
G0 F9000 X117.669 Y117.655
G1 F1500 X120.417 Y114.907 E1419.96474
G0 F9000 X120.417 Y115.473
G1 F1500 X118.148 Y117.742 E1420.07146
G0 F9000 X118.714 Y117.742
G1 F1500 X120.417 Y116.039 E1420.15157
G0 F9000 X120.417 Y116.604
G1 F1500 X119.279 Y117.742 E1420.20509
G0 F9000 X119.845 Y117.742
G1 F1500 X120.417 Y117.17 E1420.232
G0 F9000 X121.168 Y117.17
G1 F2400 E1419.432
;MESH:NONMESH
G0 F300 X121.168 Y117.17 Z10.6
G0 F9000 X124.422 Y104.929
G0 X127.431 Y97.685
G0 X126.669 Y96.629
G0 X129.645 Y91.102
G0 X129.645 Y91.967
;TIME_ELAPSED:1768.603250
;LAYER:52
;TYPE:SUPPORT
G1 F2400 E1420.232
G1 X130.245 Y91.967 E1420.25196
G1 X130.245 Y113.51 E1420.96848
G1 X130.242 Y113.564 E1420.97028
G1 X130.233 Y113.619 E1420.97213
G1 X130.044 Y114.293 E1420.99541
G1 X130.044 Y114.871 E1421.01464
G1 X129.845 Y115.444 E1421.03481
G1 X129.844 Y115.934 E1421.05111
G1 X129.645 Y116.353 E1421.06654
G1 X129.644 Y116.757 E1421.07997
G1 X129.645 Y91.967 E1421.90449
G1 F2400 E1421.10449
G0 F9000 X129.645 Y91.102
G0 X126.674 Y94.644
G0 X127.384 Y95.136
G1 F2400 E1421.90449
G1 X127.531 Y95.473 E1421.91672
G1 X127.557 Y95.62 E1421.92169
G1 X127.548 Y95.759 E1421.92632
G1 X127.499 Y95.907 E1421.93151
G1 X127.361 Y96.144 E1421.94063
G1 X127.245 Y95.944 E1421.94832
G1 X127.245 Y95.36 E1421.96774
G1 X127.342 Y95.216 E1421.97352
G1 X127.361 Y95.153 E1421.9757
G1 X127.384 Y95.136 E1421.97666
G1 F2400 E1421.17666
G0 F9000 X126.382 Y95.135
G0 X126.683 Y104.649
G0 X127.377 Y105.121
G1 F2400 E1421.97666
G1 X127.531 Y105.473 E1421.98943
G1 X127.557 Y105.62 E1421.9944
G1 X127.548 Y105.759 E1421.99903
G1 X127.499 Y105.907 E1422.00422
G1 X127.391 Y106.093 E1422.01137
G1 X127.345 Y106.047 E1422.01354
G1 X127.309 Y106.047 E1422.01473
G1 X127.244 Y105.937 E1422.01898
G1 X127.244 Y105.381 E1422.03747
G1 X127.324 Y105.273 E1422.04195
G1 X127.372 Y105.125 E1422.04712
G1 X127.377 Y105.121 E1422.04733
G1 F2400 E1421.24733
G0 F9000 X126.573 Y104.836
G0 X126.382 Y105.097
G0 X126.381 Y106.176
G0 X126.664 Y106.614
G0 X127.096 Y115.007
G0 X127.046 Y115.912
G1 F2400 E1422.04733
G1 X127.095 Y115.934 E1422.04912
G1 X127.076 Y115.966 E1422.05036
G1 X127.046 Y115.912 E1422.05241
G0 F9000 X128.17 Y116.205
;TYPE:SUPPORT-INTERFACE
G1 F1500 X129.442 Y114.933 E1422.11224
G0 F9000 X129.443 Y115.867
G1 F1500 X128.465 Y114.889 E1422.15824
G0 F9000 X129.444 Y112.473
G1 F1500 X128.842 Y111.872 E1422.18654
G0 F9000 X128.844 Y112.137
G1 F1500 X129.443 Y111.538 E1422.21471
G0 F9000 X129.442 Y109.078
G1 F1500 X128.841 Y108.477 E1422.24298
G0 F9000 X128.842 Y108.745
G1 F1500 X129.442 Y108.145 E1422.2712
G0 F9000 X127.925 Y106.268
G1 F1500 X129.442 Y104.751 E1422.34256
G0 F9000 X129.442 Y105.684
G1 F1500 X128.484 Y104.726 E1422.38762
G0 F9000 X129.443 Y102.29
G1 F1500 X128.841 Y101.689 E1422.41591
G0 F9000 X128.841 Y101.957
G1 F1500 X129.442 Y101.356 E1422.44418
G0 F9000 X129.443 Y98.896
G1 F1500 X128.841 Y98.294 E1422.4725
G0 F9000 X128.841 Y98.563
G1 F1500 X129.442 Y97.962 E1422.50077
G0 F9000 X127.661 Y96.35
G1 F1500 X129.443 Y94.567 E1422.58461
G0 F9000 X128.591 Y94.65
G1 F1500 X129.444 Y95.503 E1422.62473
G1 F2400 E1421.82473
G0 F9000 X131.11 Y95.503
G0 X131.106 Y91.61
G0 X130.602 Y91.106
G0 X129.444 Y91.102
G0 X129.444 Y92.109
G1 F2400 E1422.62473
G1 F1500 X129.102 Y91.766 E1422.64084
G1 F2400 E1421.84084
G0 F9000 X129.102 Y91.102
G0 X130.602 Y91.106
G0 X131.106 Y91.61
G0 X131.083 Y113.79
G0 X130.664 Y116.222
G0 X130.349 Y117.4
G0 X130.005 Y118.507
G0 X129.327 Y118.443
G1 F2400 E1422.64084
G1 F1500 X128.844 Y118.926 E1422.66356
G0 F9000 X128.843 Y118.661
G1 F1500 X129.137 Y118.955 E1422.67739
G1 F2400 E1421.87739
;MESH:1x_1xm_pusher.stl
G0 F9000 X127.644 Y118.955
G0 X122.28 Y124.69
;TYPE:WALL-INNER
G1 F2400 E1422.67739
G1 X122.28 Y124.362 E1422.6883
G1 X122.28 Y124.361 E1422.68833
G1 X122.279 Y123.778 E1422.70772
G1 X122.281 Y123.703 E1422.71022
G1 X122.281 Y118.292 E1422.89019
G1 X118.024 Y118.292 E1423.03178
G1 X116.298 Y116.732 E1423.10916
G1 X116.298 Y97.289 E1423.75584
G1 X122.281 Y96.457 E1423.95675
G1 X122.279 Y92.566 E1424.08616
G1 X122.279 Y92.367 E1424.09278
G1 X122.478 Y92.367 E1424.09706
G1 X127.445 Y92.367 E1424.26227
G1 X127.445 Y93.332 E1424.29436
G1 X127.445 Y93.415 E1424.29712
G1 X127.444 Y93.45 E1424.29829
G1 X127.206 Y93.415 E1424.3034
G1 X127.123 Y93.411 E1424.30577
G1 X126.854 Y93.398 E1424.31472
G1 X126.5 Y93.409 E1424.3265
G1 X126.145 Y93.456 E1424.33841
G1 X125.803 Y93.536 E1424.3501
G1 X125.476 Y93.646 E1424.36157
G1 X125.165 Y93.787 E1424.37293
G1 X124.872 Y93.961 E1424.38426
G1 X124.607 Y94.169 E1424.39547
G1 X124.343 Y94.441 E1424.40808
G1 X124.128 Y94.757 E1424.42079
G1 X123.974 Y95.116 E1424.43378
G1 X123.897 Y95.539 E1424.44808
G1 X123.922 Y95.968 E1424.46237
G1 X124.031 Y96.333 E1424.47504
G1 X124.212 Y96.674 E1424.48788
G1 X124.449 Y96.974 E1424.5006
G1 X124.701 Y97.204 E1424.51195
G1 X124.979 Y97.401 E1424.52328
G1 X125.287 Y97.567 E1424.53492
G1 X125.616 Y97.699 E1424.54671
G1 X125.961 Y97.798 E1424.55865
G1 X126.32 Y97.863 E1424.57078
G1 X126.681 Y97.894 E1424.58283
G1 X127.047 Y97.893 E1424.595
G1 X127.05 Y97.893 E1424.5951
G1 X127.416 Y97.854 E1424.60735
G1 X127.443 Y97.849 E1424.60826
G1 X127.443 Y97.893
G1 X127.443 Y97.896 E1424.60836
G1 X127.443 Y103.33 E1424.78909
G1 X127.443 Y103.415 E1424.79192
G1 X127.443 Y103.449 E1424.79305
G1 X127.206 Y103.415 E1424.79813
G1 X127.121 Y103.411 E1424.80055
G1 X126.854 Y103.398 E1424.80944
G1 X126.5 Y103.409 E1424.82122
G1 X126.145 Y103.456 E1424.83313
G1 X125.803 Y103.536 E1424.84481
G1 X125.476 Y103.646 E1424.85629
G1 X125.165 Y103.787 E1424.86764
G1 X124.872 Y103.961 E1424.87898
G1 X124.607 Y104.169 E1424.89018
G1 X124.343 Y104.441 E1424.90279
G1 X124.128 Y104.757 E1424.9155
G1 X123.974 Y105.116 E1424.9285
G1 X123.897 Y105.539 E1424.9428
G1 X123.922 Y105.968 E1424.95709
G1 X124.031 Y106.333 E1424.96976
G1 X124.212 Y106.674 E1424.9826
G1 X124.449 Y106.974 E1424.99531
G1 X124.701 Y107.204 E1425.00666
G1 X124.979 Y107.401 E1425.01799
G1 X125.287 Y107.567 E1425.02963
G1 X125.616 Y107.699 E1425.04142
G1 X125.961 Y107.798 E1425.05336
G1 X126.32 Y107.863 E1425.06549
G1 X126.681 Y107.894 E1425.07755
G1 X127.047 Y107.893 E1425.08972
G1 X127.05 Y107.893 E1425.08982
G1 X127.416 Y107.854 E1425.10206
G1 X127.443 Y107.848 E1425.10298
G1 X127.443 Y107.892
G1 X127.443 Y107.895 E1425.10308
G1 X127.443 Y113.433 E1425.28727
G1 X127.443 Y113.443 E1425.28761
G1 X127.444 Y113.515 E1425.29
G1 X127.445 Y113.528 E1425.29044
G1 X127.407 Y113.516
G1 X127.062 Y113.444 E1425.29919
G1 X127.053 Y113.443 E1425.29949
G1 X126.711 Y113.403 E1425.31094
G1 X126.357 Y113.394 E1425.32272
G1 X126.001 Y113.418 E1425.33459
G1 X125.654 Y113.474 E1425.34628
G1 X125.315 Y113.563 E1425.35793
G1 X124.99 Y113.683 E1425.36946
G1 X124.686 Y113.835 E1425.38076
G1 X124.403 Y114.018 E1425.39197
G1 X124.144 Y114.236 E1425.40323
G1 X123.892 Y114.525 E1425.41598
G1 X123.695 Y114.844 E1425.42845
G1 X123.559 Y115.216 E1425.44163
G1 X123.508 Y115.643 E1425.45593
G1 X123.559 Y116.069 E1425.4702
G1 X123.688 Y116.426 E1425.48283
G1 X123.89 Y116.76 E1425.49581
G1 X124.139 Y117.045 E1425.5084
G1 X124.401 Y117.265 E1425.51977
G1 X124.689 Y117.452 E1425.5312
G1 X125.002 Y117.607 E1425.54281
G1 X125.337 Y117.73 E1425.55468
G1 X125.688 Y117.818 E1425.56672
G1 X126.047 Y117.872 E1425.57879
G1 X126.412 Y117.892 E1425.59095
G1 X126.779 Y117.88 E1425.60316
G1 X127.088 Y117.838 E1425.61354
G1 X127.141 Y117.831 E1425.61531
G1 X127.444 Y117.761 E1425.62566
G1 X127.444 Y117.83
G1 X127.444 Y117.884 E1425.62729
G1 X127.445 Y121.193 E1425.73735
G1 X126.953 Y121.63 E1425.75924
G1 X126.268 Y122.188 E1425.78862
G1 X125.522 Y122.745 E1425.81959
G1 X124.748 Y123.273 E1425.85075
G1 X123.964 Y123.765 E1425.88154
G1 X123.123 Y124.248 E1425.91379
G1 X122.571 Y124.538 E1425.93453
G1 X122.28 Y124.69 E1425.94078
G0 F9000 X121.881 Y125.326
;TYPE:WALL-OUTER
G1 F2400 X121.881 Y125.009 E1425.95133
G1 X121.879 Y123.767 E1425.99264
G1 X121.881 Y123.697 E1425.99496
G1 X121.881 Y118.692 E1426.16143
G1 X117.87 Y118.692 E1426.29484
G1 X115.898 Y116.91 E1426.38324
G1 X115.898 Y96.941 E1427.04741
G1 X121.881 Y96.109 E1427.24832
G1 X121.879 Y92.167 E1427.37943
G1 X121.879 Y91.967 E1427.38608
G1 X122.079 Y91.967 E1427.39039
G1 X127.845 Y91.967 E1427.58217
G1 X127.845 Y93.839 E1427.64443
G1 X127.845 Y93.859 E1427.6451
G1 X127.845 Y93.933 E1427.64756
G1 X127.844 Y93.954 E1427.64826
G1 X127.785 Y93.933 E1427.64875
G1 X127.481 Y93.859 E1427.6565
G1 X127.462 Y93.857 E1427.65712
G1 X127.167 Y93.814 E1427.66703
G1 X126.85 Y93.798 E1427.67759
G1 X126.533 Y93.808 E1427.68814
G1 X126.217 Y93.85 E1427.69874
G1 X125.913 Y93.921 E1427.70912
G1 X125.623 Y94.019 E1427.71931
G1 X125.35 Y94.142 E1427.72926
G1 X125.099 Y94.292 E1427.73899
G1 X124.875 Y94.467 E1427.74844
G1 X124.654 Y94.695 E1427.75901
G1 X124.48 Y94.95 E1427.76927
G1 X124.359 Y95.232 E1427.77948
G1 X124.299 Y95.563 E1427.79067
G1 X124.319 Y95.898 E1427.80183
G1 X124.403 Y96.181 E1427.81165
G1 X124.548 Y96.454 E1427.82193
G1 X124.743 Y96.701 E1427.8324
G1 X124.952 Y96.892 E1427.84181
G1 X125.19 Y97.06 E1427.8515
G1 X125.457 Y97.204 E1427.86159
G1 X125.746 Y97.32 E1427.87195
G1 X126.052 Y97.408 E1427.88254
G1 X126.373 Y97.466 E1427.89339
G1 X126.698 Y97.494 E1427.90424
G1 X127.028 Y97.493 E1427.91522
G1 X127.355 Y97.458 E1427.92615
G1 X127.535 Y97.421 E1427.93227
G1 X127.671 Y97.394 E1427.93688
G1 X127.843 Y97.341 E1427.94286
G1 X127.843 Y97.394
G1 X127.843 Y97.533 E1427.94647
G1 X127.843 Y103.838 E1428.15618
G1 X127.843 Y103.859 E1428.15688
G1 X127.843 Y103.933 E1428.15934
G1 X127.843 Y103.954 E1428.16004
G1 X127.785 Y103.933 E1428.16049
G1 X127.481 Y103.859 E1428.16822
G1 X127.461 Y103.857 E1428.16886
G1 X127.167 Y103.814 E1428.17875
G1 X126.85 Y103.798 E1428.1893
G1 X126.533 Y103.808 E1428.19985
G1 X126.217 Y103.85 E1428.21045
G1 X125.913 Y103.921 E1428.22084
G1 X125.623 Y104.019 E1428.23102
G1 X125.35 Y104.142 E1428.24098
G1 X125.099 Y104.292 E1428.2507
G1 X124.875 Y104.467 E1428.26016
G1 X124.654 Y104.695 E1428.27072
G1 X124.48 Y104.95 E1428.28099
G1 X124.359 Y105.232 E1428.29119
G1 X124.299 Y105.563 E1428.30238
G1 X124.319 Y105.898 E1428.31354
G1 X124.403 Y106.181 E1428.32336
G1 X124.548 Y106.454 E1428.33364
G1 X124.743 Y106.701 E1428.34411
G1 X124.952 Y106.892 E1428.35353
G1 X125.19 Y107.06 E1428.36322
G1 X125.457 Y107.204 E1428.3733
G1 X125.746 Y107.32 E1428.38366
G1 X126.052 Y107.408 E1428.39425
G1 X126.373 Y107.466 E1428.4051
G1 X126.698 Y107.494 E1428.41595
G1 X127.028 Y107.493 E1428.42693
G1 X127.355 Y107.458 E1428.43787
G1 X127.535 Y107.421 E1428.44398
G1 X127.671 Y107.394 E1428.44859
G1 X127.843 Y107.341 E1428.45458
G1 X127.843 Y107.393
G1 X127.843 Y107.532 E1428.45818
G1 X127.844 Y113.89 E1428.66965
G1 X127.844 Y113.995 E1428.67314
G1 X127.845 Y114.101 E1428.67667
G1 X127.599 Y113.996 E1428.68182
G1 X127.499 Y113.965 E1428.68476
G1 X127.306 Y113.903 E1428.6915
G1 X126.998 Y113.839 E1428.70196
G1 X126.683 Y113.802 E1428.71251
G1 X126.366 Y113.794 E1428.72306
G1 X126.047 Y113.816 E1428.7337
G1 X125.737 Y113.866 E1428.74414
G1 X125.435 Y113.945 E1428.75452
G1 X125.149 Y114.051 E1428.76467
G1 X124.884 Y114.183 E1428.77451
G1 X124.641 Y114.34 E1428.78414
G1 X124.425 Y114.522 E1428.79353
G1 X124.215 Y114.763 E1428.80416
G1 X124.057 Y115.019 E1428.81417
G1 X123.951 Y115.31 E1428.82447
G1 X123.911 Y115.643 E1428.83562
G1 X123.951 Y115.976 E1428.84678
G1 X124.051 Y116.253 E1428.85657
G1 X124.214 Y116.523 E1428.86706
G1 X124.42 Y116.759 E1428.87748
G1 X124.639 Y116.943 E1428.887
G1 X124.887 Y117.104 E1428.89683
G1 X125.16 Y117.239 E1428.90696
G1 X125.455 Y117.347 E1428.91741
G1 X125.767 Y117.425 E1428.92811
G1 X126.088 Y117.474 E1428.93891
G1 X126.416 Y117.492 E1428.94983
G1 X126.745 Y117.481 E1428.96078
G1 X127.069 Y117.437 E1428.97166
G1 X127.383 Y117.364 E1428.98238
G1 X127.524 Y117.314 E1428.98735
G1 X127.681 Y117.26 E1428.99288
G1 X127.844 Y117.184 E1428.99886
G1 X127.844 Y117.259
G1 X127.844 Y117.425 E1429.00305
G1 X127.845 Y121.373 E1429.13436
G1 X127.213 Y121.934 E1429.16247
G1 X126.507 Y122.509 E1429.19275
G1 X125.759 Y123.067 E1429.22379
G1 X124.97 Y123.606 E1429.25557
G1 X124.163 Y124.112 E1429.28725
G1 X123.318 Y124.597 E1429.31966
G1 X122.438 Y125.059 E1429.35271
G1 X122.167 Y125.189 E1429.36271
G1 X121.881 Y125.326 E1429.3688
G0 F9000 X122.133 Y124.925
G0 X123.353 Y123.93
;TYPE:FILL
G1 F4800 X125.002 Y117.777 E1429.58067
G0 F9000 X124.02 Y116.664
G0 X123.717 Y116.031
G0 X123.67 Y115.643
G0 X123.707 Y115.328
G0 X124.244 Y113.941
G1 F4800 X122.151 Y114.502 E1429.65274
G0 F9000 X122.292 Y114.502
G0 X124.417 Y113.818
G1 F4800 X122.151 Y111.551 E1429.75935
G0 F9000 X122.292 Y111.551
G0 X126.217 Y113.243
G1 F4800 X127.282 Y109.266 E1429.89629
G0 F9000 X127.284 Y113.127
G1 F4800 X126.808 Y113.254 E1429.91267
G0 F9000 X122.292 Y102.078
G0 X122.152 Y102.078
G1 F4800 X127.282 Y100.704 E1430.08931
G0 F9000 X127.282 Y99.711
G1 F4800 X125.326 Y97.756 E1430.18129
G0 F9000 X123.846 Y96.276
G1 F4800 X122.439 Y94.868 E1430.2475
G0 F9000 X122.174 Y96.034
G0 X121.965 Y96.612
G0 X122.002 Y96.889
;TYPE:SKIN
G1 F1500 X122.002 Y117.902 E1430.94639
G1 X118.173 Y117.902 E1431.07374
G1 X116.688 Y116.56 E1431.14032
G1 X116.688 Y97.628 E1431.77
G1 X122.002 Y96.889 E1431.94844
G0 F9000 X121.451 Y97.127
G1 F1500 X121.841 Y97.517 E1431.96679
G0 F9000 X121.841 Y98.082
G1 F1500 X120.955 Y97.196 E1432.00846
G0 F9000 X120.458 Y97.265
G1 F1500 X121.841 Y98.648 E1432.07351
G0 F9000 X121.841 Y99.214
G1 F1500 X119.962 Y97.334 E1432.16192
G0 F9000 X119.464 Y97.403
G1 F1500 X121.841 Y99.779 E1432.2737
G0 F9000 X121.841 Y100.345
G1 F1500 X118.968 Y97.472 E1432.40884
G0 F9000 X118.471 Y97.541
G1 F1500 X121.841 Y100.911 E1432.56735
G0 F9000 X121.841 Y101.476
G1 F1500 X117.975 Y97.61 E1432.7492
G0 F9000 X117.478 Y97.679
G1 F1500 X121.841 Y102.042 E1432.95442
G0 F9000 X121.841 Y102.608
G1 F1500 X116.981 Y97.748 E1433.18302
G0 F9000 X116.847 Y98.179
G1 F1500 X121.841 Y103.173 E1433.41792
G0 F9000 X121.841 Y103.739
G1 F1500 X116.847 Y98.745 E1433.65283
G0 F9000 X116.847 Y99.311
G1 F1500 X121.841 Y104.305 E1433.88773
G0 F9000 X121.841 Y104.871
G1 F1500 X116.847 Y99.876 E1434.12265
G0 F9000 X116.847 Y100.442
G1 F1500 X121.841 Y105.436 E1434.35756
G0 F9000 X121.841 Y106.002
G1 F1500 X116.847 Y101.008 E1434.59246
G0 F9000 X116.847 Y101.573
G1 F1500 X121.841 Y106.568 E1434.82739
G0 F9000 X121.841 Y107.133
G1 F1500 X116.847 Y102.139 E1435.06229
G0 F9000 X116.847 Y102.705
G1 F1500 X121.841 Y107.699 E1435.29719
G0 F9000 X121.841 Y108.265
G1 F1500 X116.847 Y103.27 E1435.53212
G0 F9000 X116.847 Y103.836
G1 F1500 X121.841 Y108.83 E1435.76702
G0 F9000 X121.841 Y109.396
G1 F1500 X116.847 Y104.402 E1436.00192
G0 F9000 X116.847 Y104.967
G1 F1500 X121.841 Y109.962 E1436.23685
G0 F9000 X121.841 Y110.527
G1 F1500 X116.847 Y105.533 E1436.47175
G0 F9000 X116.847 Y106.099
G1 F1500 X121.841 Y111.093 E1436.70665
G0 F9000 X121.841 Y111.659
G1 F1500 X116.847 Y106.664 E1436.94158
G0 F9000 X116.847 Y107.23
G1 F1500 X121.841 Y112.224 E1437.17648
G0 F9000 X121.841 Y112.79
G1 F1500 X116.847 Y107.796 E1437.41138
G0 F9000 X116.847 Y108.361
G1 F1500 X121.841 Y113.356 E1437.64631
G0 F9000 X121.841 Y113.921
G1 F1500 X116.847 Y108.927 E1437.88121
G0 F9000 X116.847 Y109.493
G1 F1500 X121.841 Y114.487 E1438.11611
G0 F9000 X121.841 Y115.053
G1 F1500 X116.847 Y110.059 E1438.35102
G0 F9000 X116.847 Y110.624
G1 F1500 X121.841 Y115.619 E1438.58594
G0 F9000 X121.841 Y116.184
G1 F1500 X116.847 Y111.19 E1438.82084
G0 F9000 X116.847 Y111.756
G1 F1500 X121.841 Y116.75 E1439.05575
G0 F9000 X121.841 Y117.316
G1 F1500 X116.847 Y112.321 E1439.29067
G0 F9000 X116.847 Y112.887
G1 F1500 X121.701 Y117.741 E1439.51899
G0 F9000 X121.135 Y117.741
G1 F1500 X116.847 Y113.453 E1439.72068
G0 F9000 X116.847 Y114.018
G1 F1500 X120.57 Y117.741 E1439.8958
G0 F9000 X120.004 Y117.741
G1 F1500 X116.847 Y114.584 E1440.0443
G0 F9000 X116.847 Y115.15
G1 F1500 X119.438 Y117.741 E1440.16617
G0 F9000 X118.873 Y117.741
G1 F1500 X116.847 Y115.715 E1440.26147
G0 F9000 X116.847 Y116.281
G1 F1500 X118.307 Y117.741 E1440.33014
G0 F9000 X118.307 Y118.182
G0 X122.22 Y118.11
G0 X122.208 Y109.464
G0 X127.268 Y98.162
G0 X127.264 Y98.131
;TYPE:SKIN
G1 F1500 X127.187 Y98.054 E1440.33195
G0 F9000 X127.196 Y98.079
G1 F2400 E1439.53195
;MESH:NONMESH
G0 F300 X127.196 Y98.079 Z10.8
G0 F9000 X127.188 Y97.989
G0 X127.631 Y97.619
G0 X126.582 Y96.629
G0 X129.845 Y91.102
G0 X129.845 Y91.967
;TIME_ELAPSED:1801.824279
;LAYER:53
;TYPE:SUPPORT
G1 F2400 E1440.33195
G1 X130.245 Y91.967 E1440.34526
G1 X130.245 Y113.51 E1441.06178
G1 X130.242 Y113.564 E1441.06358
G1 X130.233 Y113.619 E1441.06543
G1 X130.044 Y114.293 E1441.08871
G1 X130.044 Y114.871 E1441.10794
G1 X129.845 Y115.444 E1441.12811
G1 X129.843 Y113.962 E1441.17741
G1 X129.845 Y112.791 E1441.21635
G1 X129.843 Y108.946 E1441.34424
G1 X129.845 Y91.967 E1441.90896
G1 F2400 E1441.10896
G0 F9000 X129.845 Y91.102
G0 X127.698 Y95.008
G0 X127.342 Y95.776
G1 F2400 E1441.90896
G1 X127.293 Y95.923 E1441.91412
G1 X127.264 Y95.977 E1441.91615
G1 X127.245 Y95.944 E1441.91742
G1 X127.245 Y95.734 E1441.92441
G1 X127.342 Y95.776 E1441.92792
G1 F2400 E1441.12792
G0 F9000 X126.564 Y96.491
G0 X127.571 Y104.897
G0 X127.244 Y105.699
G1 F2400 E1441.92792
G1 X127.35 Y105.742 E1441.93173
G1 X127.349 Y105.755 E1441.93216
G1 X127.293 Y105.923 E1441.93805
G1 X127.266 Y105.974 E1441.93997
G1 X127.244 Y105.937 E1441.9414
G1 X127.244 Y105.699 E1441.94932
G0 F9000 X128.138 Y106.055
;TYPE:SUPPORT-INTERFACE
G1 F1500 X129.641 Y104.552 E1442.02001
G0 F9000 X128.662 Y104.903
G1 F1500 X129.642 Y105.883 E1442.06611
G0 F9000 X129.641 Y107.946
G1 F1500 X129.043 Y108.544 E1442.09424
G0 F9000 X129.043 Y108.678
G1 F1500 X129.642 Y109.277 E1442.12241
G0 F9000 X129.643 Y111.338
G1 F1500 X129.043 Y111.938 E1442.15063
G0 F9000 X129.043 Y112.072
G1 F1500 X129.644 Y112.673 E1442.1789
G0 F9000 X129.643 Y114.732
G1 F1500 X128.378 Y115.998 E1442.23843
G0 F9000 X128.707 Y115.131
G1 F1500 X129.643 Y116.067 E1442.28246
G0 F9000 X129.327 Y118.443
G1 F1500 X129.044 Y118.726 E1442.29577
G0 F9000 X129.044 Y118.861
G1 F1500 X129.137 Y118.955 E1442.30016
G1 F2400 E1441.50016
G0 F9000 X129.819 Y119.018
G0 X130.307 Y117.653
G0 X130.883 Y115.09
G0 X131.086 Y113.713
G0 X131.11 Y102.49
G0 X129.643 Y102.49
G1 F2400 E1442.30016
G1 F1500 X129.043 Y101.89 E1442.32839
G0 F9000 X129.043 Y101.756
G1 F1500 X129.642 Y101.157 E1442.35656
G0 F9000 X129.643 Y99.096
G1 F1500 X129.043 Y98.496 E1442.38478
G0 F9000 X129.043 Y98.362
G1 F1500 X129.642 Y97.763 E1442.41296
G0 F9000 X129.643 Y95.702
G1 F1500 X128.772 Y94.831 E1442.45393
G0 F9000 X129.643 Y94.368
G1 F1500 X127.837 Y96.173 E1442.53885
G1 F2400 E1441.73885
G0 F9000 X127.698 Y95.008
G0 X129.643 Y91.102
G0 X129.643 Y92.308
G1 F2400 E1442.53885
G1 F1500 X129.102 Y91.766 E1442.56432
G1 F2400 E1441.76432
;MESH:1x_1xm_pusher.stl
G0 F9000 X129.102 Y91.102
G0 X126.998 Y104.61
G0 X126.682 Y106.647
G0 X127.833 Y107.5
G0 X123.643 Y114.908
G0 X123.517 Y115.254
G0 X123.47 Y115.643
G0 X123.517 Y116.035
G0 X123.657 Y116.407
G0 X124.091 Y116.969
G0 X124.911 Y117.479
G0 X125.856 Y117.711
G0 X126.45 Y117.692
G0 X127.645 Y117.624
;TYPE:WALL-INNER
G1 F2400 E1442.56432
G1 X127.645 Y117.75 E1442.56852
G1 X127.645 Y117.776 E1442.56938
G1 X127.645 Y120.819 E1442.67059
G1 X127.423 Y121.035 E1442.68089
G1 X126.753 Y121.63 E1442.7107
G1 X126.068 Y122.188 E1442.74008
G1 X125.322 Y122.745 E1442.77105
G1 X124.548 Y123.273 E1442.80221
G1 X123.764 Y123.765 E1442.83299
G1 X122.923 Y124.248 E1442.86525
G1 X122.771 Y124.328 E1442.87096
G1 X122.48 Y124.48 E1442.88188
G1 X122.48 Y124.152 E1442.88813
G1 X122.48 Y124.151 E1442.88816
G1 X122.479 Y123.862 E1442.89777
G1 X122.481 Y123.796 E1442.89997
G1 X122.481 Y118.292 E1443.08303
G1 X118.49 Y118.292 E1443.21578
G1 X117.721 Y117.597 E1443.25025
G1 X117.722 Y97.289 E1443.9257
G1 X122.481 Y96.628 E1444.0855
G1 X122.479 Y92.566 E1444.2206
G1 X122.479 Y92.367 E1444.22722
G1 X122.678 Y92.367 E1444.23151
G1 X127.645 Y92.367 E1444.39671
G1 X127.645 Y93.445 E1444.43256
G1 X127.645 Y93.447 E1444.43263
G1 X127.645 Y93.52 E1444.43506
G1 X127.644 Y93.536 E1444.43559
G1 X127.592 Y93.52 E1444.4359
G1 X127.25 Y93.447 E1444.44482
G1 X127.249 Y93.447 E1444.44486
G1 X126.897 Y93.406 E1444.45664
G1 X126.541 Y93.398 E1444.46849
G1 X126.188 Y93.421 E1444.48025
G1 X125.837 Y93.478 E1444.49208
G1 X125.501 Y93.567 E1444.50364
G1 X125.176 Y93.686 E1444.51515
G1 X124.871 Y93.839 E1444.5265
G1 X124.589 Y94.021 E1444.53766
G1 X124.331 Y94.238 E1444.54888
G1 X124.074 Y94.528 E1444.56176
G1 X123.881 Y94.848 E1444.57419
G1 X123.744 Y95.22 E1444.58738
G1 X123.693 Y95.647 E1444.60168
G1 X123.745 Y96.08 E1444.61619
G1 X123.899 Y96.482 E1444.63051
G1 X124.102 Y96.801 E1444.64308
G1 X124.367 Y97.09 E1444.65612
G1 X124.632 Y97.305 E1444.66747
G1 X124.923 Y97.484 E1444.67884
G1 X125.235 Y97.631 E1444.69031
G1 X125.526 Y97.735 E1444.70059
G1 X125.874 Y97.822 E1444.71252
G1 X126.233 Y97.876 E1444.72459
G1 X126.597 Y97.896 E1444.73672
G1 X126.964 Y97.884 E1444.74893
G1 X127.281 Y97.841 E1444.75957
G1 X127.325 Y97.835 E1444.76105
G1 X127.644 Y97.761 E1444.77194
G1 X127.644 Y97.835
G1 X127.644 Y97.88 E1444.77332
G1 X127.644 Y103.445 E1444.95842
G1 X127.644 Y103.447 E1444.95848
G1 X127.644 Y103.52 E1444.96091
G1 X127.644 Y103.536 E1444.96144
G1 X127.592 Y103.52 E1444.96175
G1 X127.25 Y103.447 E1444.97066
G1 X127.249 Y103.447 E1444.97069
G1 X126.897 Y103.406 E1444.98248
G1 X126.541 Y103.398 E1444.99432
G1 X126.188 Y103.421 E1445.00609
G1 X125.837 Y103.478 E1445.01791
G1 X125.501 Y103.567 E1445.02947
G1 X125.176 Y103.686 E1445.04099
G1 X124.871 Y103.839 E1445.05233
G1 X124.589 Y104.021 E1445.0635
G1 X124.331 Y104.238 E1445.07471
G1 X124.074 Y104.528 E1445.0876
G1 X123.881 Y104.848 E1445.10003
G1 X123.744 Y105.22 E1445.11321
G1 X123.693 Y105.647 E1445.12752
G1 X123.745 Y106.08 E1445.14202
G1 X123.899 Y106.482 E1445.15634
G1 X124.102 Y106.801 E1445.16892
G1 X124.367 Y107.09 E1445.18196
G1 X124.632 Y107.305 E1445.19331
G1 X124.923 Y107.484 E1445.20467
G1 X125.235 Y107.631 E1445.21614
G1 X125.526 Y107.735 E1445.22642
G1 X125.874 Y107.822 E1445.23835
G1 X126.233 Y107.876 E1445.25043
G1 X126.597 Y107.896 E1445.26255
G1 X126.964 Y107.884 E1445.27476
G1 X127.281 Y107.841 E1445.2854
G1 X127.325 Y107.835 E1445.28688
G1 X127.644 Y107.761 E1445.29777
G1 X127.644 Y107.835
G1 X127.644 Y107.88 E1445.29916
G1 X127.644 Y113.419 E1445.48338
G1 X127.644 Y113.623 E1445.49017
G1 X127.644 Y113.666 E1445.4916
G1 X127.544 Y113.623 E1445.4933
G1 X127.35 Y113.562 E1445.49802
G1 X127.214 Y113.518 E1445.50277
G1 X126.869 Y113.445 E1445.5145
G1 X126.52 Y113.404 E1445.52619
G1 X126.164 Y113.394 E1445.53803
G1 X125.808 Y113.417 E1445.5499
G1 X125.461 Y113.473 E1445.56159
G1 X125.121 Y113.561 E1445.57327
G1 X124.798 Y113.681 E1445.58473
G1 X124.493 Y113.83 E1445.59602
G1 X124.207 Y114.015 E1445.60735
G1 X123.95 Y114.231 E1445.61851
G1 X123.693 Y114.523 E1445.63145
G1 X123.497 Y114.837 E1445.64376
G1 X123.359 Y115.217 E1445.65721
G1 X123.308 Y115.643 E1445.67148
G1 X123.36 Y116.074 E1445.68592
G1 X123.513 Y116.479 E1445.70032
G1 X123.716 Y116.793 E1445.71276
G1 X123.981 Y117.086 E1445.72589
G1 X124.247 Y117.3 E1445.73725
G1 X124.536 Y117.48 E1445.74857
G1 X124.85 Y117.628 E1445.76012
G1 X125.182 Y117.744 E1445.77182
G1 X125.484 Y117.817 E1445.78215
G1 X125.839 Y117.871 E1445.79409
G1 X126.203 Y117.892 E1445.80622
G1 X126.57 Y117.881 E1445.81843
G1 X126.934 Y117.833 E1445.83064
G1 X127.263 Y117.755 E1445.84189
G1 X127.288 Y117.75 E1445.84257
G1 X127.624 Y117.634 E1445.85076
G1 X127.645 Y117.624
G0 F9000 X128.045 Y116.947
;TYPE:WALL-OUTER
G1 F2400 X128.045 Y116.978 E1445.85179
G1 X128.045 Y117.133 E1445.85695
G1 X128.045 Y117.217 E1445.85974
G1 X128.045 Y120.988 E1445.98517
G1 X127.697 Y121.327 E1446.00133
G1 X127.013 Y121.934 E1446.03174
G1 X126.307 Y122.509 E1446.06203
G1 X125.559 Y123.067 E1446.09307
G1 X124.77 Y123.606 E1446.12485
G1 X123.963 Y124.112 E1446.15653
G1 X123.118 Y124.597 E1446.18893
G1 X122.416 Y124.966 E1446.21531
G1 X122.244 Y125.056 E1446.22177
G1 X122.081 Y125.134 E1446.22778
G1 X122.081 Y125.057
G1 X122.081 Y124.862 E1446.23263
G1 X122.079 Y123.849 E1446.26632
G1 X122.081 Y123.789 E1446.26832
G1 X122.081 Y118.692 E1446.43784
G1 X118.336 Y118.692 E1446.5624
G1 X117.321 Y117.775 E1446.6079
G1 X117.322 Y96.941 E1447.30084
G1 X122.081 Y96.28 E1447.46064
G1 X122.079 Y92.167 E1447.59744
G1 X122.079 Y91.967 E1447.6041
G1 X122.279 Y91.967 E1447.6084
G1 X128.045 Y91.967 E1447.80018
G1 X128.045 Y93.905 E1447.86464
G1 X128.045 Y94 E1447.8678
G1 X128.044 Y94.113 E1447.87156
G1 X127.785 Y94 E1447.87711
G1 X127.695 Y93.972 E1447.8798
G1 X127.49 Y93.907 E1447.88695
G1 X127.185 Y93.842 E1447.89733
G1 X126.869 Y93.805 E1447.90791
G1 X126.55 Y93.798 E1447.91852
G1 X126.233 Y93.819 E1447.92909
G1 X125.92 Y93.87 E1447.93963
G1 X125.621 Y93.949 E1447.94992
G1 X125.335 Y94.054 E1447.96005
G1 X125.069 Y94.187 E1447.96994
G1 X124.827 Y94.343 E1447.97952
G1 X124.611 Y94.525 E1447.98892
G1 X124.398 Y94.766 E1447.99961
G1 X124.243 Y95.022 E1448.00957
G1 X124.136 Y95.314 E1448.01991
G1 X124.096 Y95.647 E1448.03107
G1 X124.136 Y95.983 E1448.04232
G1 X124.258 Y96.301 E1448.05365
G1 X124.421 Y96.557 E1448.06374
G1 X124.642 Y96.798 E1448.07462
G1 X124.864 Y96.978 E1448.08412
G1 X125.114 Y97.132 E1448.09389
G1 X125.388 Y97.261 E1448.10396
G1 X125.642 Y97.352 E1448.11294
G1 X125.952 Y97.429 E1448.12356
G1 X126.274 Y97.478 E1448.13439
G1 X126.601 Y97.496 E1448.14529
G1 X126.93 Y97.485 E1448.15623
G1 X127.253 Y97.441 E1448.16708
G1 X127.568 Y97.368 E1448.17783
G1 X127.719 Y97.315 E1448.18315
G1 X127.866 Y97.264 E1448.18833
G1 X128.044 Y97.181 E1448.19486
G1 X128.044 Y97.264
G1 X128.044 Y97.42 E1448.19888
G1 X128.044 Y103.904 E1448.41454
G1 X128.044 Y104 E1448.41773
G1 X128.044 Y104.113 E1448.42149
G1 X127.785 Y104 E1448.42703
G1 X127.694 Y103.972 E1448.42974
G1 X127.49 Y103.907 E1448.43686
G1 X127.185 Y103.842 E1448.44724
G1 X126.869 Y103.805 E1448.45782
G1 X126.55 Y103.798 E1448.46843
G1 X126.233 Y103.819 E1448.479
G1 X125.92 Y103.87 E1448.48955
G1 X125.621 Y103.949 E1448.49983
G1 X125.335 Y104.054 E1448.50996
G1 X125.069 Y104.187 E1448.51986
G1 X124.827 Y104.343 E1448.52943
G1 X124.611 Y104.525 E1448.53883
G1 X124.398 Y104.766 E1448.54952
G1 X124.243 Y105.022 E1448.55948
G1 X124.136 Y105.314 E1448.56982
G1 X124.096 Y105.647 E1448.58098
G1 X124.136 Y105.983 E1448.59223
G1 X124.258 Y106.301 E1448.60356
G1 X124.421 Y106.557 E1448.61365
G1 X124.642 Y106.798 E1448.62453
G1 X124.864 Y106.978 E1448.63404
G1 X125.114 Y107.132 E1448.6438
G1 X125.388 Y107.261 E1448.65387
G1 X125.642 Y107.352 E1448.66285
G1 X125.952 Y107.429 E1448.67347
G1 X126.274 Y107.478 E1448.68431
G1 X126.601 Y107.496 E1448.6952
G1 X126.93 Y107.485 E1448.70615
G1 X127.253 Y107.441 E1448.71699
G1 X127.568 Y107.368 E1448.72774
G1 X127.719 Y107.315 E1448.73307
G1 X127.866 Y107.264 E1448.73824
G1 X128.044 Y107.181 E1448.74477
G1 X128.044 Y107.264
G1 X128.044 Y107.42 E1448.74879
G1 X128.044 Y114.09 E1448.97064
G1 X128.044 Y114.118 E1448.97157
G1 X128.044 Y114.264 E1448.97643
G1 X128.044 Y114.345 E1448.97912
G1 X127.936 Y114.264 E1448.98082
G1 X127.682 Y114.118 E1448.9879
G1 X127.657 Y114.107 E1448.98877
G1 X127.404 Y113.998 E1448.99794
G1 X127.112 Y113.905 E1449.00813
G1 X126.804 Y113.84 E1449.0186
G1 X126.491 Y113.803 E1449.02908
G1 X126.172 Y113.794 E1449.03969
G1 X125.853 Y113.815 E1449.05033
G1 X125.543 Y113.865 E1449.06077
G1 X125.241 Y113.943 E1449.07115
G1 X124.956 Y114.049 E1449.08126
G1 X124.69 Y114.179 E1449.09111
G1 X124.445 Y114.337 E1449.1008
G1 X124.23 Y114.518 E1449.11015
G1 X124.015 Y114.762 E1449.12097
G1 X123.859 Y115.013 E1449.1308
G1 X123.751 Y115.31 E1449.14131
G1 X123.711 Y115.643 E1449.15246
G1 X123.751 Y115.978 E1449.16368
G1 X123.872 Y116.298 E1449.17506
G1 X124.034 Y116.549 E1449.185
G1 X124.256 Y116.794 E1449.196
G1 X124.479 Y116.973 E1449.20551
G1 X124.728 Y117.128 E1449.21526
G1 X125.002 Y117.257 E1449.22533
G1 X125.295 Y117.36 E1449.23566
G1 X125.561 Y117.424 E1449.24476
G1 X125.881 Y117.473 E1449.25553
G1 X126.209 Y117.492 E1449.26646
G1 X126.538 Y117.482 E1449.27741
G1 X126.862 Y117.439 E1449.28828
G1 X127.177 Y117.365 E1449.29904
G1 X127.474 Y117.263 E1449.30948
G1 X127.677 Y117.168 E1449.31694
G1 X127.753 Y117.133 E1449.31914
G1 X128.006 Y116.978 E1449.3251
G1 X128.045 Y116.947 E1449.32559
G0 F9000 X127.792 Y117.394
G0 X126.905 Y117.675
G0 X124.85 Y117.798
;TYPE:FILL
G1 F4800 X123.217 Y123.893 E1449.53546
G0 F9000 X123.657 Y116.407
G0 X123.517 Y116.035
G0 X123.47 Y115.643
G0 X123.517 Y115.254
G0 X123.689 Y114.895
G0 X124.464 Y113.665
G1 F4800 X123.439 Y112.64 E1449.58367
G0 F9000 X123.571 Y112.64
G0 X126.072 Y113.239
G1 F4800 X127.483 Y107.974 E1449.76496
G0 F9000 X127.482 Y113.22
G1 F4800 X127.082 Y113.327 E1449.77873
G0 F9000 X123.902 Y106.04
G0 X123.57 Y101.879
G0 X123.439 Y101.879
G1 F4800 X127.482 Y100.796 E1449.91795
G0 F9000 X127.483 Y99.714
G1 F4800 X125.716 Y97.947 E1450.00106
G0 F9000 X124.478 Y96.973
G0 X123.57 Y95.721
G0 X123.489 Y95.72
G1 F4800 X122.638 Y94.868 E1450.04111
G0 F9000 X122.591 Y95.958
G0 X122.871 Y95.958
;TYPE:SKIN
G1 F1500 X123.289 Y95.9 E1450.05515
G1 X123.291 Y114.43 E1450.67146
G1 X123.144 Y114.665 E1450.68068
G1 X122.977 Y115.126 E1450.69699
G1 X122.916 Y115.643 E1450.7143
G1 X122.978 Y116.167 E1450.73185
G1 X123.162 Y116.656 E1450.74923
G1 X123.291 Y116.854 E1450.75709
G1 X123.291 Y118.902 E1450.8252
G1 X122.871 Y118.902 E1450.83917
G1 X122.871 Y117.902 E1450.87243
G1 X118.639 Y117.902 E1451.01319
G1 X118.111 Y117.425 E1451.03686
G1 X118.112 Y97.628 E1451.69531
G1 X122.871 Y96.967 E1451.85511
G1 X122.871 Y95.958 E1451.88867
G0 F9000 X122.591 Y95.958
G0 X122.311 Y96.48
G0 X117.902 Y97.446
G0 X117.832 Y97.819
G0 X118.271 Y97.82
G1 F1500 X118.334 Y97.757 E1451.89164
G0 F9000 X118.271 Y98.386
G1 F1500 X118.991 Y97.666 E1451.9255
G0 F9000 X119.648 Y97.575
G1 F1500 X118.271 Y98.951 E1451.99025
G0 F9000 X118.271 Y99.517
G1 F1500 X120.304 Y97.484 E1452.08587
G0 F9000 X120.961 Y97.393
G1 F1500 X118.271 Y100.083 E1452.2124
G0 F9000 X118.271 Y100.648
G1 F1500 X121.618 Y97.302 E1452.36981
G0 F9000 X122.275 Y97.21
G1 F1500 X118.271 Y101.214 E1452.55815
G0 F9000 X118.271 Y101.78
G1 F1500 X122.931 Y97.119 E1452.77736
G0 F9000 X123.03 Y97.021
G1 F1500 X123.128 Y96.923 E1452.78197
G0 F9000 X123.03 Y96.455
G1 F1500 X123.128 Y96.357 E1452.78658
G0 F9000 X123.57 Y96.357
G0 X123.57 Y97.488
G0 X123.128 Y97.488
G1 F1500 X118.271 Y102.345 E1453.01504
G0 F9000 X118.271 Y102.911
G1 F1500 X123.128 Y98.054 E1453.2435
G0 F9000 X123.128 Y98.62
G1 F1500 X118.271 Y103.477 E1453.47196
G0 F9000 X118.271 Y104.042
G1 F1500 X123.128 Y99.185 E1453.70042
G0 F9000 X123.128 Y99.751
G1 F1500 X118.271 Y104.608 E1453.92888
G0 F9000 X118.271 Y105.174
G1 F1500 X123.128 Y100.317 E1454.15733
G0 F9000 X123.128 Y100.882
G1 F1500 X118.271 Y105.74 E1454.38582
G0 F9000 X118.271 Y106.305
G1 F1500 X123.128 Y101.448 E1454.61427
G0 F9000 X123.128 Y102.014
G1 F1500 X118.271 Y106.871 E1454.84273
G0 F9000 X118.271 Y107.437
G1 F1500 X123.128 Y102.579 E1455.07121
G0 F9000 X123.128 Y103.145
G1 F1500 X118.27 Y108.003 E1455.29972
G0 F9000 X118.27 Y108.569
G1 F1500 X123.128 Y103.711 E1455.52823
G0 F9000 X123.128 Y104.277
G1 F1500 X118.27 Y109.134 E1455.75671
G0 F9000 X118.27 Y109.7
G1 F1500 X123.128 Y104.842 E1455.98521
G0 F9000 X123.129 Y105.407
G1 F1500 X118.27 Y110.266 E1456.21377
G0 F9000 X118.27 Y110.831
G1 F1500 X123.129 Y105.973 E1456.44229
G0 F9000 X123.129 Y106.539
G1 F1500 X118.27 Y111.397 E1456.67082
G0 F9000 X118.27 Y111.963
G1 F1500 X123.129 Y107.104 E1456.89938
G0 F9000 X123.129 Y107.67
G1 F1500 X118.27 Y112.528 E1457.1279
G0 F9000 X118.27 Y113.094
G1 F1500 X123.129 Y108.236 E1457.35643
G0 F9000 X123.129 Y108.801
G1 F1500 X118.27 Y113.66 E1457.58499
G0 F9000 X118.27 Y114.226
G1 F1500 X123.129 Y109.367 E1457.81354
G0 F9000 X123.129 Y109.933
G1 F1500 X118.27 Y114.791 E1458.04207
G0 F9000 X118.27 Y115.357
G1 F1500 X123.129 Y110.498 E1458.27062
G0 F9000 X123.129 Y111.064
G1 F1500 X118.27 Y115.923 E1458.49917
G0 F9000 X118.27 Y116.488
G1 F1500 X123.129 Y111.63 E1458.7277
G0 F9000 X123.129 Y112.195
G1 F1500 X118.27 Y117.054 E1458.95625
G0 F9000 X118.409 Y117.481
G1 F1500 X123.129 Y112.761 E1459.17827
G0 F9000 X123.129 Y113.327
G1 F1500 X118.714 Y117.742 E1459.38594
G0 F9000 X119.279 Y117.742
G1 F1500 X123.129 Y113.892 E1459.56703
G0 F9000 X123.004 Y114.583
G1 F1500 X119.845 Y117.742 E1459.71562
G0 F9000 X120.411 Y117.742
G1 F1500 X122.786 Y115.366 E1459.82735
G0 F9000 X122.788 Y115.93
G1 F1500 X120.976 Y117.742 E1459.91259
G0 F9000 X121.542 Y117.742
G1 F1500 X122.89 Y116.394 E1459.97599
G0 F9000 X123.059 Y116.791
G1 F1500 X122.108 Y117.742 E1460.02072
G0 F9000 X122.673 Y117.742
G1 F1500 X123.129 Y117.286 E1460.04217
G0 F9000 X123.129 Y117.852
G1 F1500 X123.03 Y117.951 E1460.04683
G0 F9000 X123.129 Y118.417
G1 F1500 X123.03 Y118.517 E1460.05151
G0 F9000 X122.591 Y118.517
G0 X122.663 Y119.12
G0 X123.509 Y119.12
G0 X123.581 Y117.258
G0 X123.561 Y117.137
;TYPE:SKIN
G1 F1500 X123.496 Y116.919 E1460.05984
G0 F9000 X123.571 Y116.975
G0 X123.49 Y115.897
G0 X123.571 Y114.43
G0 X123.596 Y114.273
G1 F1500 X123.49 Y114.096 E1460.06164
G1 X123.479 Y108.734 E1460.10842
G1 X123.479 Y107.036 E1460.12324
G1 X123.541 Y106.408 E1460.12874
G1 X123.5 Y105.318 E1460.13826
G1 X123.56 Y104.692 E1460.14375
G1 X123.478 Y104.208 E1460.14803
G1 X123.478 Y96.855 E1460.21218
G1 X123.554 Y96.496 E1460.21539
G1 X123.478 Y95.723 E1460.22216
G0 F9000 X123.501 Y95.726
G1 F2400 E1459.42216
;MESH:NONMESH
G0 F300 X123.501 Y95.726 Z11
G0 F9000 X123.57 Y95.727
G0 X124.204 Y94.624
G0 X124.592 Y94.241
G0 X127.831 Y92.181
G0 X130.045 Y91.967
;TIME_ELAPSED:1835.296518
;LAYER:54
;TYPE:SUPPORT
G1 F2400 E1460.22216
G1 X130.245 Y91.967 E1460.22881
G1 X130.245 Y113.51 E1460.94534
G1 X130.242 Y113.564 E1460.94714
G1 X130.233 Y113.619 E1460.94899
G1 X130.045 Y114.289 E1460.97214
G1 X130.045 Y113.914 E1460.98461
G1 X130.043 Y113.807 E1460.98817
G1 X130.045 Y112.59 E1461.02864
G1 X130.043 Y109.31 E1461.13774
G1 X130.045 Y91.967 E1461.71457
G0 F9000 X129.844 Y92.509
;TYPE:SUPPORT-INTERFACE
G1 F1500 X129.243 Y91.908 E1461.74284
G0 F9000 X129.843 Y94.167
G1 F1500 X129.243 Y94.767 E1461.77106
G0 F9000 X129.025 Y95.084
G1 F1500 X129.844 Y95.903 E1461.80958
G0 F9000 X128.827 Y95.183
G1 F1500 X128.395 Y95.616 E1461.82993
G0 F9000 X129.843 Y97.561
G1 F1500 X129.244 Y98.161 E1461.85813
G0 F9000 X129.243 Y98.696
G1 F1500 X129.843 Y99.296 E1461.88635
G0 F9000 X129.843 Y100.956
G1 F1500 X129.244 Y101.555 E1461.91452
G0 F9000 X129.243 Y102.09
G1 F1500 X129.843 Y102.69 E1461.94274
G0 F9000 X129.842 Y104.351
G1 F1500 X129.244 Y104.949 E1461.97087
G0 F9000 X129.193 Y105
G1 F1500 X128.53 Y105.663 E1462.00206
G0 F9000 X128.905 Y105.146
G1 F1500 X129.843 Y106.084 E1462.04618
G0 F9000 X129.842 Y107.745
G1 F1500 X129.244 Y108.343 E1462.07431
G0 F9000 X129.243 Y108.878
G1 F1500 X129.843 Y109.478 E1462.10253
G0 F9000 X129.843 Y111.138
G1 F1500 X129.243 Y111.738 E1462.13075
G0 F9000 X129.242 Y112.272
G1 F1500 X129.844 Y112.874 E1462.15907
G0 F9000 X129.844 Y114.531
G1 F1500 X129.243 Y115.132 E1462.18734
G0 F9000 X129.06 Y115.483
G1 F1500 X129.844 Y116.268 E1462.22424
G0 F9000 X128.787 Y115.588
G1 F1500 X128.72 Y115.655 E1462.22739
G1 F2400 E1461.42739
G0 F9000 X127.883 Y115.602
G0 X130.003 Y118.511
G0 X129.327 Y118.443
G1 F2400 E1462.22739
G1 F1500 X129.244 Y118.525 E1462.23127
G1 F2400 E1461.43127
;MESH:1x_1xm_pusher.stl
G0 F9000 X128.144 Y118.525
G0 X127.844 Y117.424
;TYPE:WALL-INNER
G1 F2400 E1462.23127
G1 X127.844 Y117.542 E1462.23519
G1 X127.844 Y117.682 E1462.23985
G1 X127.845 Y120.428 E1462.33118
G1 X127.222 Y121.036 E1462.36014
G1 X126.554 Y121.63 E1462.38987
G1 X125.868 Y122.188 E1462.41928
G1 X125.122 Y122.745 E1462.45024
G1 X124.348 Y123.273 E1462.48141
G1 X123.564 Y123.765 E1462.51219
G1 X122.896 Y124.148 E1462.5378
G1 X122.846 Y124.176 E1462.53971
G1 X122.819 Y124.191 E1462.54074
G1 X122.68 Y124.271 E1462.54607
G1 X122.679 Y123.948 E1462.55223
G1 X122.681 Y123.889 E1462.5536
G1 X122.681 Y123.831 E1462.55539
G1 X122.681 Y118.292 E1462.73962
G1 X119.343 Y118.292 E1462.85064
G1 X119.144 Y118.292 E1462.85726
G1 X119.144 Y118.093 E1462.86154
G1 X119.145 Y97.289 E1463.55349
G1 X122.681 Y96.798 E1463.67222
G1 X122.679 Y92.566 E1463.81298
G1 X122.679 Y92.367 E1463.8196
G1 X122.878 Y92.367 E1463.82388
G1 X127.845 Y92.367 E1463.98908
G1 X127.845 Y93.434 E1464.02457
G1 X127.845 Y93.627 E1464.03099
G1 X127.844 Y93.677 E1464.03265
G1 X127.73 Y93.627 E1464.03465
G1 X127.546 Y93.569 E1464.03922
G1 X127.398 Y93.522 E1464.04438
G1 X127.057 Y93.449 E1464.05598
G1 X126.705 Y93.407 E1464.06777
G1 X126.349 Y93.398 E1464.07962
G1 X125.997 Y93.42 E1464.09135
G1 X125.644 Y93.476 E1464.10323
G1 X125.307 Y93.565 E1464.11483
G1 X124.983 Y93.684 E1464.12631
G1 X124.677 Y93.835 E1464.13766
G1 X124.394 Y94.017 E1464.14885
G1 X124.135 Y94.234 E1464.16009
G1 X123.875 Y94.528 E1464.17314
G1 X123.683 Y94.843 E1464.18541
G1 X123.544 Y95.22 E1464.19877
G1 X123.493 Y95.647 E1464.21308
G1 X123.545 Y96.08 E1464.22758
G1 X123.699 Y96.481 E1464.24187
G1 X123.898 Y96.797 E1464.25429
G1 X124.167 Y97.09 E1464.26752
G1 X124.432 Y97.305 E1464.27887
G1 X124.723 Y97.484 E1464.29023
G1 X125.036 Y97.632 E1464.30175
G1 X125.367 Y97.748 E1464.31341
G1 X125.668 Y97.821 E1464.32372
G1 X126.025 Y97.875 E1464.33572
G1 X126.387 Y97.896 E1464.34778
G1 X126.755 Y97.885 E1464.36003
G1 X127.119 Y97.837 E1464.37224
G1 X127.457 Y97.757 E1464.38379
G1 X127.473 Y97.754 E1464.38434
G1 X127.809 Y97.638 E1464.39616
G1 X127.844 Y97.622 E1464.39744
G1 X127.844 Y97.638
G1 X127.844 Y97.753 E1464.39899
G1 X127.844 Y97.77 E1464.39954
G1 X127.844 Y103.432 E1464.58786
G1 X127.844 Y103.626 E1464.59431
G1 X127.845 Y103.677 E1464.59601
G1 X127.73 Y103.627 E1464.59799
G1 X127.545 Y103.569 E1464.60258
G1 X127.398 Y103.522 E1464.60771
G1 X127.057 Y103.449 E1464.61931
G1 X126.705 Y103.407 E1464.6311
G1 X126.349 Y103.398 E1464.64295
G1 X125.997 Y103.42 E1464.65468
G1 X125.644 Y103.476 E1464.66657
G1 X125.307 Y103.565 E1464.67816
G1 X124.983 Y103.684 E1464.68964
G1 X124.677 Y103.835 E1464.70099
G1 X124.394 Y104.017 E1464.71218
G1 X124.135 Y104.234 E1464.72342
G1 X123.875 Y104.528 E1464.73647
G1 X123.683 Y104.843 E1464.74874
G1 X123.544 Y105.22 E1464.7621
G1 X123.493 Y105.647 E1464.77641
G1 X123.545 Y106.08 E1464.79091
G1 X123.699 Y106.481 E1464.8052
G1 X123.898 Y106.797 E1464.81762
G1 X124.167 Y107.09 E1464.83085
G1 X124.432 Y107.305 E1464.8422
G1 X124.723 Y107.484 E1464.85356
G1 X125.036 Y107.632 E1464.86508
G1 X125.367 Y107.748 E1464.87674
G1 X125.668 Y107.821 E1464.88705
G1 X126.025 Y107.875 E1464.89905
G1 X126.387 Y107.896 E1464.91111
G1 X126.755 Y107.885 E1464.92336
G1 X127.119 Y107.837 E1464.93557
G1 X127.457 Y107.757 E1464.94712
G1 X127.473 Y107.754 E1464.94767
G1 X127.809 Y107.638 E1464.95949
G1 X127.845 Y107.621 E1464.96081
G1 X127.845 Y107.638
G1 X127.845 Y107.754 E1464.96135
G1 X127.845 Y107.771 E1464.96191
G1 X127.845 Y113.659 E1465.15774
G1 X127.845 Y113.668 E1465.15804
G1 X127.845 Y113.816 E1465.16296
G1 X127.844 Y113.864 E1465.16456
G1 X127.767 Y113.816 E1465.16573
G1 X127.459 Y113.668 E1465.17412
G1 X127.451 Y113.665 E1465.1744
G1 X127.133 Y113.552 E1465.18562
G1 X126.792 Y113.467 E1465.19731
G1 X126.445 Y113.415 E1465.20898
G1 X126.091 Y113.394 E1465.22078
G1 X125.734 Y113.405 E1465.23266
G1 X125.383 Y113.45 E1465.24443
G1 X125.041 Y113.526 E1465.25608
G1 X124.711 Y113.634 E1465.26763
G1 X124.396 Y113.774 E1465.27909
G1 X124.104 Y113.947 E1465.29038
G1 X123.837 Y114.151 E1465.30156
G1 X123.559 Y114.436 E1465.3148
G1 X123.352 Y114.738 E1465.32698
G1 X123.19 Y115.109 E1465.34044
G1 X123.117 Y115.501 E1465.3537
G1 X123.112 Y115.594 E1465.3568
G1 X123.138 Y115.97 E1465.36934
G1 X123.266 Y116.379 E1465.38359
G1 X123.446 Y116.701 E1465.39586
G1 X123.702 Y117.008 E1465.40916
G1 X123.956 Y117.234 E1465.42046
G1 X124.24 Y117.424 E1465.43183
G1 X124.543 Y117.582 E1465.4432
G1 X124.87 Y117.709 E1465.45486
G1 X125.213 Y117.803 E1465.46669
G1 X125.515 Y117.856 E1465.47689
G1 X125.875 Y117.889 E1465.48891
G1 X126.241 Y117.89 E1465.50109
G1 X126.606 Y117.853 E1465.51329
G1 X126.963 Y117.784 E1465.52538
G1 X127.305 Y117.679 E1465.53728
G1 X127.503 Y117.596 E1465.54442
G1 X127.632 Y117.543 E1465.54815
G1 X127.844 Y117.424 E1465.55237
G0 F9000 X128.244 Y116.552
;TYPE:WALL-OUTER
G1 F2400 X128.244 Y116.668 E1465.55622
G1 X128.244 Y116.863 E1465.56271
G1 X128.244 Y116.971 E1465.5663
G1 X128.245 Y120.588 E1465.6866
G1 X128.11 Y120.73 E1465.69312
G1 X127.496 Y121.328 E1465.72163
G1 X126.82 Y121.929 E1465.75171
G1 X126.107 Y122.509 E1465.78228
G1 X125.359 Y123.067 E1465.81332
G1 X124.57 Y123.606 E1465.8451
G1 X123.763 Y124.112 E1465.87678
G1 X122.918 Y124.597 E1465.90919
G1 X122.573 Y124.779 E1465.92216
G1 X122.281 Y124.932 E1465.93313
G1 X122.281 Y124.603 E1465.93939
G1 X122.281 Y124.602 E1465.93942
G1 X122.279 Y123.932 E1465.96171
G1 X122.281 Y123.881 E1465.9634
G1 X122.281 Y118.692 E1466.13599
G1 X118.963 Y118.692 E1466.24635
G1 X118.803 Y118.692 E1466.25167
G1 X118.744 Y118.638 E1466.25433
G1 X118.744 Y118.478 E1466.25965
G1 X118.745 Y96.941 E1466.97597
G1 X122.281 Y96.45 E1467.09471
G1 X122.279 Y92.167 E1467.23716
G1 X122.279 Y91.967 E1467.24382
G1 X122.479 Y91.967 E1467.24812
G1 X128.245 Y91.967 E1467.4399
G1 X128.245 Y94.106 E1467.51104
G1 X128.245 Y94.122 E1467.51158
G1 X128.245 Y94.267 E1467.5164
G1 X128.244 Y94.359 E1467.51946
G1 X128.119 Y94.267 E1467.52152
G1 X127.866 Y94.122 E1467.52886
G1 X127.852 Y94.116 E1467.52935
G1 X127.59 Y94.002 E1467.53886
G1 X127.296 Y93.909 E1467.54911
G1 X126.991 Y93.844 E1467.55949
G1 X126.676 Y93.806 E1467.57004
G1 X126.357 Y93.798 E1467.58065
G1 X126.041 Y93.818 E1467.59118
G1 X125.727 Y93.868 E1467.60176
G1 X125.427 Y93.947 E1467.61208
G1 X125.141 Y94.052 E1467.62221
G1 X124.874 Y94.184 E1467.63212
G1 X124.631 Y94.34 E1467.64172
G1 X124.415 Y94.521 E1467.65109
G1 X124.198 Y94.766 E1467.66198
G1 X124.045 Y95.018 E1467.67178
G1 X123.936 Y95.314 E1467.68228
G1 X123.896 Y95.647 E1467.69343
G1 X123.936 Y95.983 E1467.70469
G1 X124.058 Y96.301 E1467.71601
G1 X124.217 Y96.553 E1467.72592
G1 X124.442 Y96.798 E1467.73699
G1 X124.664 Y96.978 E1467.74649
G1 X124.914 Y97.132 E1467.75626
G1 X125.188 Y97.261 E1467.76633
G1 X125.481 Y97.364 E1467.77666
G1 X125.745 Y97.428 E1467.7857
G1 X126.067 Y97.477 E1467.79653
G1 X126.393 Y97.496 E1467.80739
G1 X126.723 Y97.486 E1467.81837
G1 X127.047 Y97.443 E1467.82924
G1 X127.362 Y97.369 E1467.84001
G1 X127.659 Y97.267 E1467.85045
G1 X127.871 Y97.168 E1467.85823
G1 X127.937 Y97.137 E1467.86066
G1 X128.19 Y96.982 E1467.87053
G1 X128.244 Y96.939 E1467.87282
G1 X128.244 Y96.982
G1 X128.244 Y97.136 E1467.87591
G1 X128.244 Y97.209 E1467.8781
G1 X128.244 Y104.106 E1468.1075
G1 X128.244 Y104.122 E1468.10803
G1 X128.244 Y104.266 E1468.11282
G1 X128.245 Y104.36 E1468.11595
G1 X128.119 Y104.267 E1468.11797
G1 X127.866 Y104.122 E1468.1253
G1 X127.852 Y104.116 E1468.12579
G1 X127.59 Y104.002 E1468.13529
G1 X127.296 Y103.909 E1468.14555
G1 X126.991 Y103.844 E1468.15592
G1 X126.676 Y103.806 E1468.16647
G1 X126.357 Y103.798 E1468.17709
G1 X126.041 Y103.818 E1468.18762
G1 X125.727 Y103.868 E1468.19819
G1 X125.427 Y103.947 E1468.20851
G1 X125.141 Y104.052 E1468.21865
G1 X124.874 Y104.184 E1468.22855
G1 X124.631 Y104.34 E1468.23816
G1 X124.415 Y104.521 E1468.24753
G1 X124.198 Y104.766 E1468.25842
G1 X124.045 Y105.018 E1468.26822
G1 X123.936 Y105.314 E1468.27871
G1 X123.896 Y105.647 E1468.28987
G1 X123.936 Y105.983 E1468.30112
G1 X124.058 Y106.301 E1468.31245
G1 X124.217 Y106.553 E1468.32236
G1 X124.442 Y106.798 E1468.33342
G1 X124.664 Y106.978 E1468.34293
G1 X124.914 Y107.132 E1468.3527
G1 X125.188 Y107.261 E1468.36277
G1 X125.481 Y107.364 E1468.3731
G1 X125.745 Y107.428 E1468.38213
G1 X126.067 Y107.477 E1468.39297
G1 X126.393 Y107.496 E1468.40383
G1 X126.723 Y107.486 E1468.41481
G1 X127.047 Y107.443 E1468.42568
G1 X127.362 Y107.369 E1468.43644
G1 X127.659 Y107.267 E1468.44689
G1 X127.872 Y107.167 E1468.45471
G1 X127.937 Y107.137 E1468.45709
G1 X128.19 Y106.982 E1468.46696
G1 X128.245 Y106.939 E1468.46928
G1 X128.245 Y106.982
G1 X128.245 Y107.137 E1468.47081
G1 X128.245 Y107.209 E1468.47297
G1 X128.245 Y114.296 E1468.70869
G1 X128.245 Y114.5 E1468.71547
G1 X128.244 Y114.728 E1468.72305
G1 X128.038 Y114.5 E1468.72712
G1 X127.881 Y114.371 E1468.7324
G1 X127.82 Y114.321 E1468.73502
G1 X127.574 Y114.167 E1468.74467
G1 X127.305 Y114.038 E1468.7546
G1 X127.017 Y113.935 E1468.76477
G1 X126.714 Y113.86 E1468.77515
G1 X126.403 Y113.813 E1468.78561
G1 X126.085 Y113.794 E1468.79621
G1 X125.766 Y113.804 E1468.80682
G1 X125.452 Y113.844 E1468.81735
G1 X125.147 Y113.912 E1468.82775
G1 X124.855 Y114.008 E1468.83797
G1 X124.58 Y114.13 E1468.84798
G1 X124.328 Y114.279 E1468.85771
G1 X124.103 Y114.451 E1468.86713
G1 X123.869 Y114.691 E1468.87828
G1 X123.703 Y114.933 E1468.88804
G1 X123.575 Y115.227 E1468.89871
G1 X123.515 Y115.547 E1468.90953
G1 X123.513 Y115.59 E1468.91097
G1 X123.534 Y115.896 E1468.92117
G1 X123.635 Y116.22 E1468.93246
G1 X123.777 Y116.473 E1468.94211
G1 X123.99 Y116.729 E1468.95318
G1 X124.201 Y116.917 E1468.96258
G1 X124.444 Y117.079 E1468.9723
G1 X124.709 Y117.217 E1468.98223
G1 X124.996 Y117.329 E1468.99248
G1 X125.3 Y117.412 E1469.00296
G1 X125.568 Y117.459 E1469.01201
G1 X125.894 Y117.489 E1469.0229
G1 X126.221 Y117.49 E1469.03377
G1 X126.548 Y117.457 E1469.04471
G1 X126.866 Y117.395 E1469.05548
G1 X127.17 Y117.302 E1469.06606
G1 X127.457 Y117.183 E1469.07639
G1 X127.72 Y117.035 E1469.08643
G1 X127.867 Y116.927 E1469.09249
G1 X127.954 Y116.864 E1469.09563
G1 X128.158 Y116.668 E1469.10266
G1 X128.244 Y116.552 E1469.10379
G1 F2400 E1468.30379
G0 F9000 X128.289 Y116.449
G0 X128.359 Y116.037
G0 X128.424 Y114.865
G0 X128.137 Y114.45
G0 X127.257 Y113.427
;TYPE:FILL
G1 F2400 E1469.10379
G1 F4800 X127.683 Y113.313 E1469.11846
G0 F9000 X125.925 Y113.239
G1 F4800 X127.343 Y107.948 E1469.30065
G0 F9000 X123.771 Y112.639
G0 X123.639 Y112.639
G1 F4800 X124.536 Y113.536 E1469.34284
G0 F9000 X123.582 Y114.862
G0 X123.44 Y115.188
G0 X123.373 Y115.587
G0 X123.397 Y115.922
G0 X123.613 Y116.433
G0 X124.699 Y117.814
G1 F4800 X123.08 Y123.856 E1469.55089
G0 F9000 X123.709 Y119.12
G0 X123.716 Y117.276
G0 X123.304 Y116.818
G0 X123.426 Y114.327
G0 X123.703 Y113.988
G0 X123.78 Y101.973
G0 X123.639 Y101.973
G1 F4800 X127.683 Y100.889 E1469.69014
G0 F9000 X127.683 Y99.713
G1 F4800 X126.002 Y98.031 E1469.76923
G0 F9000 X124.346 Y96.9
G0 X124.113 Y96.597
G0 X123.361 Y95.391
G1 F4800 X122.838 Y94.868 E1469.79383
G0 F9000 X122.791 Y96.128
G0 X123.071 Y96.128
;TYPE:SKIN
G1 F1500 X123.156 Y96.117 E1469.79668
G1 X123.163 Y96.175 E1469.79863
G1 X123.348 Y96.656 E1469.81577
G1 X123.49 Y96.882 E1469.82464
G1 X123.49 Y104.41 E1470.07503
G1 X123.33 Y104.673 E1470.08526
G1 X123.162 Y105.128 E1470.1014
G1 X123.101 Y105.647 E1470.11878
G1 X123.163 Y106.175 E1470.13646
G1 X123.348 Y106.656 E1470.1536
G1 X123.49 Y106.883 E1470.16251
G1 X123.491 Y113.948 E1470.39749
G1 X123.257 Y114.188 E1470.40864
G1 X123.009 Y114.548 E1470.42318
G1 X122.815 Y114.994 E1470.43935
G1 X122.729 Y115.455 E1470.45495
G1 X122.722 Y115.598 E1470.45971
G1 X122.752 Y116.042 E1470.47451
G1 X122.906 Y116.534 E1470.49166
G1 X123.123 Y116.923 E1470.50648
G1 X123.421 Y117.28 E1470.52194
G1 X123.491 Y117.343 E1470.52508
G1 X123.491 Y118.902 E1470.57693
G1 X123.071 Y118.902 E1470.5909
G1 X123.071 Y117.902 E1470.62416
G1 X119.534 Y117.902 E1470.7418
G1 X119.535 Y97.628 E1471.41611
G1 X123.071 Y97.137 E1471.53485
G1 X123.071 Y96.128 E1471.56841
G0 F9000 X122.791 Y96.128
G0 X122.816 Y96.916
G0 X123.229 Y97.208
G1 F1500 X123.329 Y97.307 E1471.57309
G0 F9000 X122.792 Y97.336
G1 F1500 X123.329 Y97.873 E1471.59835
G0 F9000 X123.329 Y98.439
G1 F1500 X122.296 Y97.406 E1471.64694
G0 F9000 X121.799 Y97.474
G1 F1500 X123.329 Y99.004 E1471.7189
G0 F9000 X123.329 Y99.57
G1 F1500 X121.302 Y97.543 E1471.81425
G0 F9000 X120.805 Y97.612
G1 F1500 X123.329 Y100.136 E1471.93297
G0 F9000 X123.329 Y100.701
G1 F1500 X120.309 Y97.681 E1472.07502
G0 F9000 X119.812 Y97.75
G1 F1500 X123.329 Y101.267 E1472.24045
G0 F9000 X123.329 Y101.833
G1 F1500 X119.693 Y98.197 E1472.41148
G0 F9000 X119.693 Y98.763
G1 F1500 X123.329 Y102.398 E1472.58248
G0 F9000 X123.329 Y102.964
G1 F1500 X119.693 Y99.328 E1472.75351
G0 F9000 X119.693 Y99.894
G1 F1500 X123.329 Y103.53 E1472.92453
G0 F9000 X123.329 Y104.096
G1 F1500 X119.693 Y100.46 E1473.09556
G0 F9000 X119.693 Y101.025
G1 F1500 X123.216 Y104.549 E1473.26129
G0 F9000 X123.055 Y104.953
G1 F1500 X119.693 Y101.591 E1473.41943
G0 F9000 X119.693 Y102.157
G1 F1500 X122.965 Y105.429 E1473.57334
G0 F9000 X122.983 Y106.012
G1 F1500 X119.693 Y102.722 E1473.72809
G0 F9000 X119.693 Y103.288
G1 F1500 X123.32 Y106.915 E1473.89869
G0 F9000 X123.33 Y107.49
G1 F1500 X119.693 Y103.854 E1474.06974
G0 F9000 X119.693 Y104.419
G1 F1500 X123.33 Y108.056 E1474.24081
G0 F9000 X123.33 Y108.622
G1 F1500 X119.693 Y104.985 E1474.41189
G0 F9000 X119.693 Y105.551
G1 F1500 X123.33 Y109.187 E1474.58294
G0 F9000 X123.33 Y109.753
G1 F1500 X119.693 Y106.116 E1474.75401
G0 F9000 X119.693 Y106.682
G1 F1500 X123.33 Y110.319 E1474.92508
G0 F9000 X123.33 Y110.884
G1 F1500 X119.693 Y107.248 E1475.09613
G0 F9000 X119.693 Y107.813
G1 F1500 X123.33 Y111.45 E1475.26721
G0 F9000 X123.33 Y112.016
G1 F1500 X119.693 Y108.379 E1475.43828
G0 F9000 X119.693 Y108.945
G1 F1500 X123.33 Y112.582 E1475.60935
G0 F9000 X123.33 Y113.147
G1 F1500 X119.693 Y109.511 E1475.7804
G0 F9000 X119.693 Y110.076
G1 F1500 X123.33 Y113.713 E1475.95148
G0 F9000 X123.134 Y114.083
G1 F1500 X119.693 Y110.642 E1476.11333
G0 F9000 X119.693 Y111.208
G1 F1500 X122.903 Y114.418 E1476.26432
G0 F9000 X122.724 Y114.804
G1 F1500 X119.693 Y111.773 E1476.40689
G0 F9000 X119.693 Y112.339
G1 F1500 X122.603 Y115.249 E1476.54377
G0 F9000 X122.574 Y115.785
G1 F1500 X119.693 Y112.905 E1476.67926
G0 F9000 X119.693 Y113.47
G1 F1500 X122.729 Y116.507 E1476.82208
G0 F9000 X123.15 Y116.377
G0 X123.703 Y117.293
G0 X123.709 Y119.12
G0 X122.863 Y119.12
G0 X122.832 Y118.182
G0 X122.832 Y117.741
G1 F1500 X119.693 Y114.602 E1476.96973
G0 F9000 X119.693 Y115.167
G1 F1500 X122.267 Y117.741 E1477.09081
G0 F9000 X121.701 Y117.741
G1 F1500 X119.693 Y115.733 E1477.18526
G0 F9000 X119.693 Y116.299
G1 F1500 X121.135 Y117.741 E1477.25308
G0 F9000 X120.57 Y117.741
G1 F1500 X119.693 Y116.864 E1477.29433
G0 F9000 X119.693 Y117.43
G1 F1500 X120.004 Y117.741 E1477.30896
G0 F9000 X120.004 Y118.182
G0 X122.791 Y118.139
G0 X123.23 Y118.139
G1 F1500 X123.33 Y118.239 E1477.31367
G0 F9000 X123.33 Y117.673
G1 F1500 X119.693 Y114.036 E1477.48474
G0 F9000 X119.255 Y114.035
G0 X119.326 Y118.11
G0 X122.863 Y118.11
G0 X122.863 Y119.12
G0 X123.709 Y119.12
G0 X123.716 Y117.276
G0 X123.026 Y115.058
G0 X123.703 Y113.988
G0 X123.771 Y113.74
G0 X123.735 Y113.836
;TYPE:SKIN
G1 F1500 X123.679 Y113.497 E1477.4874
G1 X123.679 Y107.274 E1477.53556
G1 X123.76 Y107.073 E1477.53724
G0 F9000 X123.771 Y106.952
G0 X123.759 Y104.504
G0 X123.671 Y104.438
G1 F1500 X123.734 Y104.218 E1477.54111
G1 X123.936 Y104.137 E1477.54479
G0 F9000 X124.013 Y104.208
G0 X123.81 Y97.222
G0 X123.724 Y97.137
G1 F1500 X123.706 Y96.836 E1477.54992
G0 F9000 X123.346 Y95.91
G1 F1500 X123.298 Y95.863 E1477.55104
G0 F9000 X123.293 Y95.815
G0 X124.316 Y94.423
G0 X125.085 Y93.924
G0 X125.843 Y93.727
G0 X127.537 Y93.449
G0 X127.57 Y93.346
G1 F1500 X127.637 Y93.413 E1477.55261
G0 F9000 X127.647 Y93.451
G0 X125.378 Y93.815
G0 X124.551 Y94.226
G0 X124.086 Y94.683
G0 X123.8 Y95.281
G0 X123.755 Y95.647
G0 X123.761 Y114.602
G0 X123.44 Y115.188
G0 X123.373 Y115.587
G0 X123.397 Y115.922
G0 X123.664 Y116.554
G0 X124.117 Y117.027
G0 X124.956 Y117.462
G0 X125.707 Y117.596
G0 X127.632 Y117.732
G1 F1500 X127.668 Y117.769 E1477.55347
G0 F9000 X123.732 Y117.472
G0 X123.766 Y117.543
G1 F1500 X123.64 Y117.417 E1477.55643
G0 F9000 X124.064 Y117.426
G1 F2400 E1476.75643
;MESH:NONMESH
G0 F300 X124.064 Y117.426 Z11.2
G0 F9000 X123.507 Y116.276
G0 X123.397 Y115.922
G0 X123.377 Y115.528
G0 X125.136 Y107.391
G0 X124.346 Y106.9
G0 X123.932 Y106.363
G0 X123.801 Y106.019
G0 X123.755 Y105.647
G0 X123.8 Y105.281
G0 X127.995 Y97.241
G0 X127.697 Y96.27
G0 X131.11 Y91.967
G0 X130.245 Y91.967
;TIME_ELAPSED:1866.074485
;LAYER:55
;TYPE:SUPPORT
G1 F2400 E1477.55643
G1 X130.245 Y113.51 E1478.27296
G1 X130.243 Y113.539 E1478.27392
G1 X130.245 Y112.389 E1478.31217
G1 X130.243 Y109.673 E1478.40251
G1 X130.245 Y91.967 E1478.99141
G0 F9000 X130.044 Y92.708
;TYPE:SUPPORT-INTERFACE
G1 F1500 X129.444 Y92.109 E1479.01961
G0 F9000 X130.043 Y93.968
G1 F1500 X129.444 Y94.567 E1479.04778
G0 F9000 X129.394 Y95.453
G1 F1500 X130.044 Y96.102 E1479.07834
G0 F9000 X130.043 Y97.362
G1 F1500 X129.444 Y97.961 E1479.10651
G0 F9000 X129.443 Y98.896
G1 F1500 X130.043 Y99.496 E1479.13473
G0 F9000 X130.042 Y100.757
G1 F1500 X129.443 Y101.355 E1479.16288
G0 F9000 X129.442 Y102.29
G1 F1500 X130.043 Y102.89 E1479.19113
G0 F9000 X130.041 Y104.151
G1 F1500 X129.443 Y104.75 E1479.21928
G0 F9000 X129.262 Y105.503
G1 F1500 X130.042 Y106.283 E1479.25597
G0 F9000 X130.041 Y107.545
G1 F1500 X129.443 Y108.144 E1479.28412
G0 F9000 X129.442 Y109.078
G1 F1500 X130.042 Y109.677 E1479.31232
G0 F9000 X130.042 Y110.939
G1 F1500 X129.443 Y111.538 E1479.3405
G0 F9000 X129.443 Y112.473
G1 F1500 X130.043 Y113.072 E1479.36869
G0 F9000 X130.044 Y114.332
G1 F1500 X129.444 Y114.931 E1479.39689
G0 F9000 X129.443 Y115.867
G1 F1500 X129.887 Y116.31 E1479.41775
G1 F2400 E1478.61775
;MESH:1x_1xm_pusher.stl
G0 F9000 X128.341 Y115.03
G0 X127.935 Y114.424
G0 X126.828 Y113.522
;TYPE:WALL-INNER
G1 F2400 E1479.41775
G1 X126.484 Y113.448 E1479.42946
G1 X126.136 Y113.405 E1479.44112
G1 X125.78 Y113.393 E1479.45297
G1 X125.423 Y113.416 E1479.46487
G1 X125.077 Y113.469 E1479.47651
G1 X124.78 Y113.543 E1479.48669
G1 X124.451 Y113.659 E1479.49829
G1 X124.136 Y113.806 E1479.50985
G1 X123.847 Y113.988 E1479.52121
G1 X123.586 Y114.198 E1479.53235
G1 X123.338 Y114.461 E1479.54438
G1 X123.114 Y114.806 E1479.55806
G1 X122.963 Y115.204 E1479.57222
G1 X122.91 Y115.56 E1479.58419
G1 X122.938 Y115.97 E1479.59786
G1 X123.068 Y116.386 E1479.61235
G1 X123.287 Y116.757 E1479.62668
G1 X123.525 Y117.03 E1479.63873
G1 X123.782 Y117.252 E1479.65002
G1 X124.071 Y117.441 E1479.66151
G1 X124.379 Y117.597 E1479.67299
G1 X124.671 Y117.71 E1479.6834
G1 X125.014 Y117.803 E1479.69522
G1 X125.364 Y117.864 E1479.70704
G1 X125.669 Y117.889 E1479.71722
G1 X125.965 Y117.892 E1479.72707
G1 X126.28 Y117.87 E1479.73757
G1 X126.637 Y117.812 E1479.7496
G1 X126.987 Y117.721 E1479.76163
G1 X127.32 Y117.594 E1479.77348
G1 X127.631 Y117.436 E1479.78508
G1 X127.707 Y117.385 E1479.78813
G1 X127.917 Y117.246 E1479.7965
G1 X128.045 Y117.135 E1479.80214
G1 X128.045 Y117.246 E1479.80225
G1 X128.045 Y117.498 E1479.80813
G1 X128.045 Y120.005 E1479.89152
G1 X127.649 Y120.426 E1479.91074
G1 X127.022 Y121.036 E1479.93984
G1 X126.354 Y121.63 E1479.96957
G1 X125.668 Y122.188 E1479.99898
G1 X124.922 Y122.745 E1480.02994
G1 X124.148 Y123.273 E1480.06111
G1 X123.364 Y123.765 E1480.09189
G1 X123.179 Y123.871 E1480.09898
G1 X122.881 Y124.042 E1480.11041
G1 X122.881 Y123.699 E1480.11688
G1 X122.881 Y123.698 E1480.11691
G1 X122.881 Y118.292 E1480.29672
G1 X120.568 Y118.292 E1480.37365
G1 X120.568 Y97.289 E1481.07221
G1 X122.881 Y96.968 E1481.14988
G1 X122.879 Y92.566 E1481.29629
G1 X122.879 Y92.367 E1481.30291
G1 X123.078 Y92.367 E1481.30719
G1 X128.045 Y92.367 E1481.47239
G1 X128.045 Y93.577 E1481.51264
G1 X128.045 Y93.82 E1481.52072
G1 X128.045 Y93.878 E1481.52265
G1 X127.952 Y93.82 E1481.52411
G1 X127.734 Y93.715 E1481.52953
G1 X127.644 Y93.671 E1481.53286
G1 X127.318 Y93.555 E1481.54437
G1 X126.979 Y93.471 E1481.55599
G1 X126.63 Y93.418 E1481.56773
G1 X126.276 Y93.398 E1481.57952
G1 X125.922 Y93.408 E1481.5913
G1 X125.568 Y93.453 E1481.60317
G1 X125.226 Y93.53 E1481.61483
G1 X124.896 Y93.637 E1481.62637
G1 X124.582 Y93.778 E1481.63782
G1 X124.29 Y93.949 E1481.64907
G1 X124.022 Y94.155 E1481.66031
G1 X123.745 Y94.439 E1481.67351
G1 X123.536 Y94.741 E1481.68572
G1 X123.374 Y95.115 E1481.69928
G1 X123.306 Y95.487 E1481.71186
G1 X123.295 Y95.58 E1481.71497
G1 X123.323 Y95.976 E1481.72818
G1 X123.451 Y96.383 E1481.74237
G1 X123.631 Y96.702 E1481.75455
G1 X123.886 Y97.013 E1481.76793
G1 X124.142 Y97.238 E1481.77926
G1 X124.422 Y97.427 E1481.7905
G1 X124.728 Y97.586 E1481.80197
G1 X125.055 Y97.713 E1481.81364
G1 X125.397 Y97.807 E1481.82543
G1 X125.701 Y97.86 E1481.8357
G1 X126.059 Y97.893 E1481.84765
G1 X126.427 Y97.894 E1481.85989
G1 X126.793 Y97.857 E1481.87213
G1 X127.146 Y97.788 E1481.88409
G1 X127.492 Y97.684 E1481.89611
G1 X127.699 Y97.596 E1481.90359
G1 X127.817 Y97.547 E1481.90784
G1 X128.045 Y97.419 E1481.91654
G1 X128.045 Y97.547 E1481.91673
G1 X128.045 Y97.675 E1481.92023
G1 X128.045 Y103.577 E1482.11653
G1 X128.045 Y103.82 E1482.12462
G1 X128.044 Y103.877 E1482.12651
G1 X127.952 Y103.82 E1482.12798
G1 X127.734 Y103.715 E1482.1334
G1 X127.644 Y103.671 E1482.13673
G1 X127.318 Y103.555 E1482.14824
G1 X126.979 Y103.471 E1482.15986
G1 X126.63 Y103.418 E1482.1716
G1 X126.276 Y103.398 E1482.18339
G1 X125.922 Y103.408 E1482.19517
G1 X125.568 Y103.453 E1482.20704
G1 X125.226 Y103.53 E1482.2187
G1 X124.896 Y103.637 E1482.23024
G1 X124.582 Y103.778 E1482.24168
G1 X124.29 Y103.949 E1482.25294
G1 X124.022 Y104.155 E1482.26418
G1 X123.745 Y104.439 E1482.27738
G1 X123.536 Y104.741 E1482.28959
G1 X123.374 Y105.115 E1482.30315
G1 X123.306 Y105.487 E1482.31573
G1 X123.295 Y105.58 E1482.31884
G1 X123.323 Y105.976 E1482.33204
G1 X123.451 Y106.383 E1482.34623
G1 X123.631 Y106.702 E1482.35842
G1 X123.886 Y107.013 E1482.37179
G1 X124.142 Y107.238 E1482.38313
G1 X124.422 Y107.427 E1482.39437
G1 X124.728 Y107.586 E1482.40583
G1 X125.055 Y107.713 E1482.4175
G1 X125.397 Y107.807 E1482.4293
G1 X125.701 Y107.86 E1482.43956
G1 X126.059 Y107.893 E1482.45152
G1 X126.427 Y107.894 E1482.46376
G1 X126.793 Y107.857 E1482.476
G1 X127.146 Y107.788 E1482.48796
G1 X127.492 Y107.684 E1482.49998
G1 X127.698 Y107.597 E1482.50741
G1 X127.817 Y107.547 E1482.51171
G1 X128.044 Y107.419 E1482.52037
G1 X128.044 Y107.546 E1482.52054
G1 X128.044 Y107.675 E1482.52406
G1 X128.044 Y113.833 E1482.72888
G1 X128.044 Y113.923 E1482.73187
G1 X128.044 Y114.125 E1482.73859
G1 X128.045 Y114.148 E1482.73936
G1 X128.022 Y114.126
G1 X127.75 Y113.923 E1482.74575
G1 X127.672 Y113.879 E1482.74839
G1 X127.471 Y113.765 E1482.75607
G1 X127.157 Y113.628 E1482.76747
G1 X126.828 Y113.522 E1482.77896
G0 F9000 X126.724 Y113.909
;TYPE:WALL-OUTER
G1 F1200 X126.417 Y113.843 E1482.78941
G1 X126.104 Y113.804 E1482.7999
G1 X125.786 Y113.793 E1482.81048
G1 X125.467 Y113.814 E1482.82111
G1 X125.156 Y113.862 E1482.83158
G1 X124.895 Y113.927 E1482.84053
G1 X124.602 Y114.03 E1482.85086
G1 X124.328 Y114.158 E1482.86091
G1 X124.079 Y114.314 E1482.87069
G1 X123.858 Y114.492 E1482.88013
G1 X123.654 Y114.709 E1482.89003
G1 X123.473 Y114.988 E1482.90109
G1 X123.352 Y115.306 E1482.91241
G1 X123.312 Y115.576 E1482.92149
G1 X123.334 Y115.896 E1482.93216
G1 X123.436 Y116.222 E1482.94352
G1 X123.613 Y116.522 E1482.9551
G1 X123.808 Y116.746 E1482.96498
G1 X124.023 Y116.932 E1482.97444
G1 X124.271 Y117.094 E1482.98429
G1 X124.542 Y117.231 E1482.99439
G1 X124.796 Y117.329 E1483.00344
G1 X125.101 Y117.412 E1483.01396
G1 X125.415 Y117.467 E1483.02456
G1 X125.687 Y117.489 E1483.03363
G1 X125.953 Y117.492 E1483.04248
G1 X126.234 Y117.472 E1483.05185
G1 X126.554 Y117.42 E1483.06264
G1 X126.865 Y117.339 E1483.07332
G1 X127.158 Y117.228 E1483.08375
G1 X127.429 Y117.09 E1483.09386
G1 X127.674 Y116.927 E1483.10365
G1 X127.889 Y116.741 E1483.1131
G1 X128.049 Y116.556 E1483.12124
G1 X128.078 Y116.522 E1483.12272
G1 X128.25 Y116.229 E1483.13402
G1 X128.354 Y115.903 E1483.14541
G1 X128.376 Y115.566 E1483.15664
G1 X128.318 Y115.234 E1483.16785
G1 X128.178 Y114.918 E1483.17934
G1 X128.057 Y114.753 E1483.18615
G1 X127.971 Y114.635 E1483.19101
G1 X127.762 Y114.431 E1483.20072
G1 X127.531 Y114.259 E1483.2103
G1 X127.292 Y114.123 E1483.21944
G1 X127.016 Y114.003 E1483.22945
G1 X126.724 Y113.909 E1483.23966
G0 F9000 X126.837 Y113.484
G1 F2400 E1482.43966
G0 F9000 X128.214 Y106.961
G0 X128.336 Y106.616
G0 X128.444 Y106.537
G1 F2400 E1483.23966
G1 X128.444 Y106.672 E1483.24415
G1 X128.444 Y106.867 E1483.25063
G1 X128.444 Y106.96 E1483.25373
G1 X128.444 Y114.713 E1483.51159
G1 X128.444 Y114.918 E1483.51702
G1 X128.444 Y115.234 E1483.52204
G1 X128.444 Y115.566 E1483.52469
G1 X128.444 Y115.903 E1483.52691
G1 X128.444 Y116.229 E1483.53067
G1 X128.444 Y116.521 E1483.53816
G1 X128.444 Y116.566 E1483.5396
G1 X128.445 Y120.163 E1483.65924
G1 X127.928 Y120.713 E1483.68434
G1 X127.296 Y121.328 E1483.71367
G1 X126.62 Y121.929 E1483.74376
G1 X125.907 Y122.509 E1483.77433
G1 X125.159 Y123.067 E1483.80537
G1 X124.37 Y123.606 E1483.83715
G1 X123.563 Y124.112 E1483.86883
G1 X122.839 Y124.528 E1483.8966
G1 X122.718 Y124.597 E1483.90123
G1 X122.481 Y124.722 E1483.91015
G1 X122.481 Y124.597 E1483.91028
G1 X122.481 Y124.457 E1483.91412
G1 X122.481 Y118.692 E1484.10586
G1 X120.168 Y118.692 E1484.18279
G1 X120.168 Y96.941 E1484.90623
G1 X122.481 Y96.62 E1484.9839
G1 X122.479 Y92.167 E1485.13201
G1 X122.479 Y91.967 E1485.13866
G1 X122.679 Y91.967 E1485.14297
G1 X128.445 Y91.967 E1485.33475
G1 X128.445 Y94.315 E1485.41284
G1 X128.445 Y94.504 E1485.41913
G1 X128.445 Y94.749 E1485.42728
G1 X128.224 Y94.504 E1485.43177
G1 X128.078 Y94.384 E1485.43678
G1 X128.005 Y94.324 E1485.43992
G1 X127.759 Y94.171 E1485.44956
G1 X127.49 Y94.041 E1485.45949
G1 X127.203 Y93.939 E1485.46962
G1 X126.9 Y93.864 E1485.48001
G1 X126.588 Y93.816 E1485.49051
G1 X126.27 Y93.798 E1485.5011
G1 X125.953 Y93.807 E1485.51165
G1 X125.637 Y93.847 E1485.52224
G1 X125.332 Y93.916 E1485.53264
G1 X125.04 Y94.011 E1485.54285
G1 X124.766 Y94.134 E1485.55284
G1 X124.514 Y94.282 E1485.56256
G1 X124.288 Y94.455 E1485.57203
G1 X124.055 Y94.694 E1485.58313
G1 X123.887 Y94.936 E1485.59293
G1 X123.759 Y95.232 E1485.60366
G1 X123.702 Y95.546 E1485.61427
G1 X123.697 Y95.589 E1485.61571
G1 X123.719 Y95.901 E1485.62611
G1 X123.82 Y96.223 E1485.63734
G1 X123.962 Y96.475 E1485.64696
G1 X124.175 Y96.734 E1485.65811
G1 X124.387 Y96.921 E1485.66751
G1 X124.627 Y97.083 E1485.67714
G1 X124.893 Y97.221 E1485.68711
G1 X125.181 Y97.333 E1485.69739
G1 X125.484 Y97.416 E1485.70784
G1 X125.754 Y97.463 E1485.71695
G1 X126.078 Y97.493 E1485.72778
G1 X126.407 Y97.494 E1485.73872
G1 X126.734 Y97.461 E1485.74965
G1 X127.05 Y97.399 E1485.76036
G1 X127.356 Y97.307 E1485.77099
G1 X127.641 Y97.187 E1485.78127
G1 X127.903 Y97.04 E1485.79127
G1 X128.065 Y96.922 E1485.79793
G1 X128.139 Y96.868 E1485.80098
G1 X128.343 Y96.672 E1485.81039
G1 X128.445 Y96.536 E1485.81604
G1 X128.445 Y96.672 E1485.81636
G1 X128.445 Y96.868 E1485.81928
G1 X128.445 Y96.96 E1485.82202
G1 X128.445 Y104.315 E1486.06665
G1 X128.445 Y104.504 E1486.07294
G1 X128.444 Y104.748 E1486.08105
G1 X128.224 Y104.504 E1486.08554
G1 X128.078 Y104.384 E1486.09055
G1 X128.005 Y104.324 E1486.0937
G1 X127.759 Y104.171 E1486.10333
G1 X127.49 Y104.041 E1486.11327
G1 X127.203 Y103.939 E1486.1234
G1 X126.9 Y103.864 E1486.13378
G1 X126.588 Y103.816 E1486.14428
G1 X126.27 Y103.798 E1486.15487
G1 X125.953 Y103.807 E1486.16542
G1 X125.637 Y103.847 E1486.17602
G1 X125.332 Y103.916 E1486.18642
G1 X125.04 Y104.011 E1486.19663
G1 X124.766 Y104.134 E1486.20662
G1 X124.514 Y104.282 E1486.21634
G1 X124.288 Y104.455 E1486.22581
G1 X124.055 Y104.694 E1486.23691
G1 X123.887 Y104.936 E1486.24671
G1 X123.759 Y105.232 E1486.25743
G1 X123.702 Y105.546 E1486.26805
G1 X123.697 Y105.589 E1486.26949
G1 X123.719 Y105.901 E1486.27989
G1 X123.82 Y106.223 E1486.29111
G1 X123.962 Y106.475 E1486.30073
G1 X124.175 Y106.734 E1486.31189
G1 X124.387 Y106.921 E1486.32129
G1 X124.627 Y107.083 E1486.33092
G1 X124.893 Y107.221 E1486.34089
G1 X125.181 Y107.333 E1486.35117
G1 X125.484 Y107.416 E1486.36161
G1 X125.754 Y107.463 E1486.37073
G1 X126.078 Y107.493 E1486.38155
G1 X126.407 Y107.494 E1486.39249
G1 X126.734 Y107.461 E1486.40343
G1 X127.05 Y107.399 E1486.41414
G1 X127.356 Y107.307 E1486.42476
G1 X127.641 Y107.187 E1486.43505
G1 X127.903 Y107.04 E1486.44504
G1 X128.064 Y106.922 E1486.45168
G1 X128.139 Y106.868 E1486.45443
G1 X128.343 Y106.672 E1486.46165
G1 X128.444 Y106.537 E1486.46306
G1 F2400 E1485.66306
G0 F9000 X128.487 Y106.438
G0 X128.337 Y106.827
G0 X127.199 Y107.937
;TYPE:FILL
G1 F2400 E1486.46306
G1 F4800 X125.781 Y113.231 E1486.64535
G0 F9000 X124.626 Y113.427
G1 F4800 X123.839 Y112.639 E1486.68239
G0 F9000 X123.98 Y112.639
G0 X127.365 Y113.544
G1 F4800 X127.884 Y113.405 E1486.70026
G0 F9000 X125.13 Y113.725
G0 X124.262 Y114.034
G0 X123.766 Y114.386
G0 X123.349 Y114.921
G0 X123.172 Y115.569
G0 X123.197 Y115.922
G0 X123.309 Y116.28
G0 X123.535 Y116.599
G0 X124.547 Y117.835
G1 F4800 X123.041 Y123.457 E1486.89384
G0 F9000 X123.908 Y119.12
G0 X123.899 Y117.61
G0 X123.679 Y117.389
G0 X123.197 Y115.922
G0 X123.216 Y115.274
G0 X123.913 Y113.715
G0 X123.914 Y107.292
G0 X123.582 Y105.927
G0 X123.564 Y105.52
G0 X123.765 Y104.866
G0 X123.98 Y102.065
G0 X123.84 Y102.065
G1 F4800 X127.883 Y100.982 E1487.03305
G0 F9000 X127.884 Y99.714
G1 F4800 X126.223 Y98.053 E1487.11118
G0 F9000 X123.875 Y97.15
G0 X123.69 Y97.359
;TYPE:SKIN
G1 F1500 X123.69 Y103.936 E1487.32993
G1 X123.443 Y104.19 E1487.34171
G1 X123.193 Y104.55 E1487.35629
G1 X122.998 Y105.002 E1487.37267
G1 X122.92 Y105.429 E1487.3871
G1 X122.903 Y105.57 E1487.39183
G1 X122.937 Y106.05 E1487.40783
G1 X123.092 Y106.539 E1487.42489
G1 X123.308 Y106.923 E1487.43955
G1 X123.605 Y107.284 E1487.45509
G1 X123.689 Y107.358 E1487.45882
G1 X123.69 Y113.626 E1487.66729
G1 X123.62 Y113.67 E1487.67004
G1 X123.321 Y113.911 E1487.68282
G1 X123.03 Y114.219 E1487.69691
G1 X122.765 Y114.629 E1487.71315
G1 X122.583 Y115.105 E1487.7301
G1 X122.518 Y115.544 E1487.74486
G1 X122.552 Y116.042 E1487.76146
G1 X122.709 Y116.546 E1487.77902
G1 X122.969 Y116.987 E1487.79604
G1 X123.25 Y117.307 E1487.81021
G1 X123.546 Y117.564 E1487.82324
G1 X123.69 Y117.658 E1487.82896
G1 X123.69 Y118.902 E1487.87034
G1 X123.271 Y118.902 E1487.88428
G1 X123.271 Y117.902 E1487.91754
G1 X120.958 Y117.902 E1487.99447
G1 X120.958 Y97.628 E1488.66878
G1 X123.271 Y97.307 E1488.74645
G1 X123.271 Y96.857 E1488.76142
G1 X123.308 Y96.923 E1488.76393
G1 X123.605 Y97.284 E1488.77948
G1 X123.69 Y97.359 E1488.78325
G0 F9000 X123.875 Y97.15
G0 X123.173 Y96.1
G0 X123.061 Y97.125
G0 X120.748 Y97.446
G0 X120.678 Y98.368
G0 X121.117 Y98.368
G1 F1500 X121.816 Y97.669 E1488.81613
G0 F9000 X122.473 Y97.578
G1 F1500 X121.117 Y98.934 E1488.87991
G0 F9000 X121.117 Y99.499
G1 F1500 X123.129 Y97.487 E1488.97455
G0 F9000 X123.529 Y97.653
G1 F1500 X121.117 Y100.065 E1489.08801
G0 F9000 X121.117 Y100.631
G1 F1500 X123.529 Y98.219 E1489.20146
G0 F9000 X123.529 Y98.784
G1 F1500 X121.117 Y101.196 E1489.31491
G0 F9000 X121.117 Y101.762
G1 F1500 X123.529 Y99.35 E1489.42836
G0 F9000 X123.529 Y99.916
G1 F1500 X121.117 Y102.328 E1489.54182
G0 F9000 X121.117 Y102.893
G1 F1500 X123.529 Y100.481 E1489.65527
G0 F9000 X123.529 Y101.047
G1 F1500 X121.117 Y103.459 E1489.76872
G0 F9000 X121.117 Y104.025
G1 F1500 X123.529 Y101.613 E1489.88218
G0 F9000 X123.529 Y102.179
G1 F1500 X121.117 Y104.59 E1489.99561
G0 F9000 X121.117 Y105.156
G1 F1500 X123.529 Y102.744 E1490.10906
G0 F9000 X123.529 Y103.31
G1 F1500 X121.117 Y105.722 E1490.22251
G0 F9000 X121.117 Y106.288
G1 F1500 X123.36 Y104.045 E1490.32802
G0 F9000 X123.674 Y104.352
G0 X123.237 Y105.247
G0 X122.803 Y105.167
G1 F1500 X121.117 Y106.853 E1490.40732
G0 F9000 X121.117 Y107.419
G1 F1500 X122.755 Y105.781 E1490.48437
G0 F9000 X122.836 Y106.266
G1 F1500 X121.117 Y107.985 E1490.56522
G0 F9000 X121.117 Y108.55
G1 F1500 X122.987 Y106.681 E1490.65316
G0 F9000 X123.194 Y107.038
G1 F1500 X121.117 Y109.116 E1490.75088
G0 F9000 X121.117 Y109.682
G1 F1500 X123.45 Y107.349 E1490.86062
G0 F9000 X123.528 Y107.837
G1 F1500 X121.117 Y110.247 E1490.974
G0 F9000 X121.117 Y110.813
G1 F1500 X123.528 Y108.403 E1491.08738
G0 F9000 X123.528 Y108.968
G1 F1500 X121.117 Y111.379 E1491.20079
G0 F9000 X121.117 Y111.944
G1 F1500 X123.528 Y109.534 E1491.31417
G0 F9000 X123.528 Y110.1
G1 F1500 X121.117 Y112.51 E1491.42755
G0 F9000 X121.117 Y113.076
G1 F1500 X123.528 Y110.665 E1491.54096
G0 F9000 X123.528 Y111.23
G1 F1500 X121.117 Y113.641 E1491.65436
G0 F9000 X121.117 Y114.207
G1 F1500 X123.528 Y111.796 E1491.76777
G0 F9000 X123.528 Y112.362
G1 F1500 X121.117 Y114.773 E1491.88118
G0 F9000 X121.117 Y115.339
G1 F1500 X123.528 Y112.927 E1491.99461
G0 F9000 X123.528 Y113.493
G1 F1500 X123.303 Y113.719 E1492.00521
G0 F9000 X122.905 Y114.117
G1 F1500 X121.117 Y115.904 E1492.08929
G0 F9000 X121.117 Y116.47
G1 F1500 X122.409 Y115.178 E1492.15006
G0 F9000 X122.372 Y115.78
G1 F1500 X121.117 Y117.036 E1492.20912
G0 F9000 X121.117 Y117.601
G1 F1500 X122.453 Y116.266 E1492.27194
G0 F9000 X122.601 Y116.683
G1 F1500 X121.543 Y117.741 E1492.3217
G0 F9000 X122.108 Y117.741
G1 F1500 X122.811 Y117.039 E1492.35474
G0 F9000 X123.069 Y117.346
G1 F1500 X122.674 Y117.741 E1492.37332
G0 F9000 X123.24 Y117.741
G1 F1500 X123.363 Y117.618 E1492.37911
G0 F9000 X123.529 Y118.018
G1 F1500 X123.43 Y118.117 E1492.38377
G0 F9000 X123.529 Y118.583
G1 F1500 X123.43 Y118.682 E1492.38842
G0 F9000 X122.991 Y118.682
G0 X123.173 Y123.465
;TYPE:SKIN
G1 F1500 X123.056 Y123.582 E1492.39117
G0 F9000 X123.908 Y119.12
G0 X123.899 Y117.61
G0 X123.679 Y117.389
G0 X123.197 Y115.922
G0 X123.216 Y115.274
G0 X123.898 Y113.825
G0 X123.846 Y113.741
G1 F1500 X123.95 Y113.637 E1492.39362
G0 F9000 X124.047 Y113.611
G0 X127.798 Y113.749
G1 F1500 X127.869 Y113.678 E1492.39529
G0 F9000 X123.969 Y107.526
G0 X123.838 Y107.526
G1 F1500 X124.009 Y107.355 E1492.39931
G0 F9000 X123.582 Y105.927
G0 X123.564 Y105.52
G0 X123.677 Y105.15
G0 X124.098 Y103.934
G0 X124.115 Y103.855
G1 F1500 X123.9 Y103.787 E1492.40348
G0 F9000 X123.97 Y103.849
G0 X123.98 Y97.625
G0 X123.952 Y97.512
G1 F1500 X123.876 Y97.306 E1492.41055
G0 F9000 X123.97 Y97.343
G0 X123.173 Y96.1
G0 X123.106 Y96.096
G1 F1500 X123.093 Y95.826 E1492.41398
G1 X123.204 Y94.866 E1492.42626
G1 X123.141 Y94.647 E1492.42916
G0 F9000 X123.054 Y94.734
G1 F2400 E1491.62916
;MESH:NONMESH
G0 F300 X123.054 Y94.734 Z11.4
G0 F9000 X128.325 Y92.307
G0 X129.643 Y92.307
;TIME_ELAPSED:1891.956131
;LAYER:56
;TYPE:SUPPORT-INTERFACE
G1 F2400 E1492.42916
G1 F1500 X130.244 Y92.909 E1492.45745
G0 F9000 X130.244 Y93.767
G1 F1500 X129.643 Y94.367 E1492.48569
G0 F9000 X129.643 Y95.701
G1 F1500 X130.244 Y96.303 E1492.51399
G0 F9000 X130.243 Y97.162
G1 F1500 X129.643 Y97.761 E1492.54219
G0 F9000 X129.643 Y99.096
G1 F1500 X130.244 Y99.697 E1492.57046
G0 F9000 X130.243 Y100.556
G1 F1500 X129.643 Y101.155 E1492.59865
G0 F9000 X129.643 Y102.49
G1 F1500 X130.243 Y103.09 E1492.62688
G0 F9000 X130.242 Y103.951
G1 F1500 X129.643 Y104.55 E1492.65505
G0 F9000 X129.642 Y105.883
G1 F1500 X130.242 Y106.483 E1492.68327
G0 F9000 X130.241 Y107.345
G1 F1500 X129.643 Y107.944 E1492.71142
G0 F9000 X129.642 Y109.277
G1 F1500 X130.242 Y109.878 E1492.73967
G0 F9000 X130.242 Y110.739
G1 F1500 X129.643 Y111.338 E1492.76785
G0 F9000 X129.642 Y112.671
G1 F1500 X130.243 Y113.272 E1492.79611
G0 F9000 X130.244 Y114.131
G1 F1500 X129.643 Y114.733 E1492.82441
G0 F9000 X129.642 Y116.065
G1 F1500 X129.887 Y116.31 E1492.83593
G1 F2400 E1492.03593
;MESH:1x_1xm_pusher.stl
G0 F9000 X130.664 Y116.222
G0 X127.669 Y105.491
G0 X128.54 Y105.068
G0 X128.245 Y97.127
;TYPE:WALL-INNER
G1 F2400 E1492.83593
G1 X128.245 Y97.251 E1492.84006
G1 X128.245 Y97.488 E1492.84794
G1 X128.245 Y103.853 E1493.05964
G1 X128.245 Y103.927 E1493.0621
G1 X128.245 Y104.129 E1493.06882
G1 X128.244 Y104.164 E1493.06998
G1 X128.208 Y104.129
G1 X127.933 Y103.927 E1493.07676
G1 X127.869 Y103.891 E1493.07897
G1 X127.656 Y103.769 E1493.08714
G1 X127.344 Y103.632 E1493.09847
G1 X127.013 Y103.526 E1493.11003
G1 X126.672 Y103.451 E1493.12164
G1 X126.32 Y103.408 E1493.13344
G1 X125.964 Y103.397 E1493.14529
G1 X125.612 Y103.419 E1493.15702
G1 X125.311 Y103.464 E1493.16714
G1 X124.968 Y103.547 E1493.17888
G1 X124.637 Y103.662 E1493.19053
G1 X124.323 Y103.81 E1493.20208
G1 X124.032 Y103.99 E1493.21346
G1 X123.771 Y104.202 E1493.22464
G1 X123.523 Y104.464 E1493.23664
G1 X123.3 Y104.81 E1493.25033
G1 X123.148 Y105.209 E1493.26453
G1 X123.096 Y105.564 E1493.27647
G1 X123.122 Y105.974 E1493.29013
G1 X123.253 Y106.388 E1493.30457
G1 X123.471 Y106.76 E1493.31891
G1 X123.709 Y107.035 E1493.33101
G1 X123.968 Y107.256 E1493.34233
G1 X124.253 Y107.445 E1493.35371
G1 X124.564 Y107.601 E1493.36528
G1 X124.857 Y107.714 E1493.37572
G1 X125.198 Y107.807 E1493.38748
G1 X125.55 Y107.868 E1493.39936
G1 X125.852 Y107.893 E1493.40944
G1 X126.15 Y107.896 E1493.41935
G1 X126.465 Y107.874 E1493.42986
G1 X126.822 Y107.816 E1493.44189
G1 X127.171 Y107.725 E1493.45388
G1 X127.505 Y107.598 E1493.46577
G1 X127.816 Y107.44 E1493.47737
G1 X127.902 Y107.382 E1493.48082
G1 X128.1 Y107.251 E1493.48871
G1 X128.244 Y107.127 E1493.49504
G1 X128.244 Y107.251 E1493.49526
G1 X128.244 Y107.489 E1493.50096
G1 X128.244 Y114.1 E1493.72084
G1 X128.244 Y114.376 E1493.73002
G1 X128.243 Y114.604 E1493.7376
G1 X128.078 Y114.376 E1493.74058
G1 X127.881 Y114.183 E1493.74728
G1 X127.822 Y114.126 E1493.75001
G1 X127.55 Y113.923 E1493.76129
G1 X127.251 Y113.754 E1493.77272
G1 X126.963 Y113.63 E1493.78315
G1 X126.634 Y113.523 E1493.79465
G1 X126.292 Y113.449 E1493.80629
G1 X125.946 Y113.406 E1493.81789
G1 X125.646 Y113.393 E1493.82788
G1 X125.348 Y113.404 E1493.83779
G1 X125.044 Y113.44 E1493.84798
G1 X124.697 Y113.511 E1493.85976
G1 X124.36 Y113.616 E1493.8715
G1 X124.039 Y113.754 E1493.88312
G1 X123.74 Y113.923 E1493.89454
G1 X123.47 Y114.124 E1493.90574
G1 X123.23 Y114.355 E1493.91682
G1 X123.013 Y114.635 E1493.9286
G1 X122.827 Y115.005 E1493.94237
G1 X122.726 Y115.398 E1493.95587
G1 X122.711 Y115.574 E1493.96174
G1 X122.738 Y115.971 E1493.97498
G1 X122.868 Y116.386 E1493.98944
G1 X123.087 Y116.756 E1494.00374
G1 X123.319 Y117.027 E1494.01561
G1 X123.578 Y117.249 E1494.02695
G1 X123.862 Y117.436 E1494.03826
G1 X124.144 Y117.583 E1494.04884
G1 X124.471 Y117.71 E1494.06051
G1 X124.814 Y117.803 E1494.07233
G1 X125.165 Y117.864 E1494.08418
G1 X125.523 Y117.892 E1494.09612
G1 X125.826 Y117.89 E1494.1062
G1 X126.125 Y117.864 E1494.11618
G1 X126.431 Y117.814 E1494.12649
G1 X126.781 Y117.723 E1494.13852
G1 X127.114 Y117.597 E1494.15036
G1 X127.424 Y117.44 E1494.16192
G1 X127.712 Y117.251 E1494.17338
G1 X127.868 Y117.116 E1494.18024
G1 X127.969 Y117.029 E1494.18467
G1 X128.116 Y116.858 E1494.19217
G1 X128.204 Y116.756 E1494.19665
G1 X128.243 Y116.69 E1494.1992
G1 X128.243 Y116.755 E1494.19921
G1 X128.245 Y116.968 E1494.20229
G1 X128.245 Y117.029 E1494.2023
G1 X128.245 Y117.163 E1494.20614
G1 X128.245 Y119.556 E1494.28573
G1 X128.042 Y119.793 E1494.29611
G1 X127.445 Y120.429 E1494.32512
G1 X126.815 Y121.042 E1494.35436
G1 X126.154 Y121.63 E1494.38378
G1 X125.468 Y122.188 E1494.4132
G1 X124.722 Y122.745 E1494.44416
G1 X123.948 Y123.273 E1494.47532
G1 X123.405 Y123.614 E1494.49665
G1 X123.164 Y123.765 E1494.50611
G1 X123.081 Y123.813 E1494.5093
G1 X123.081 Y123.765
G1 X123.081 Y123.48 E1494.5155
G1 X123.081 Y118.292 E1494.68805
G1 X121.992 Y118.292 E1494.72427
G1 X121.992 Y97.289 E1495.42283
G1 X123.081 Y97.138 E1495.4594
G1 X123.081 Y96.772 E1495.47157
G1 X123.081 Y96.76 E1495.47197
G1 X123.081 Y96.388 E1495.48435
G1 X123.081 Y95.974 E1495.49812
G1 X123.081 Y95.564 E1495.51175
G1 X123.081 Y95.209 E1495.52356
G1 X123.081 Y94.811 E1495.5368
G1 X123.081 Y94.506 E1495.54694
G1 X123.079 Y92.566 E1495.61147
G1 X123.079 Y92.367 E1495.61809
G1 X123.278 Y92.367 E1495.62237
G1 X128.245 Y92.367 E1495.78757
G1 X128.245 Y93.853 E1495.837
G1 X128.245 Y93.927 E1495.83946
G1 X128.245 Y94.129 E1495.84618
G1 X128.245 Y94.165 E1495.84737
G1 X128.208 Y94.129
G1 X127.933 Y93.927 E1495.85415
G1 X127.869 Y93.891 E1495.85636
G1 X127.656 Y93.769 E1495.86453
G1 X127.344 Y93.632 E1495.87586
G1 X127.013 Y93.526 E1495.88742
G1 X126.672 Y93.451 E1495.89903
G1 X126.32 Y93.408 E1495.91083
G1 X125.964 Y93.397 E1495.92267
G1 X125.612 Y93.419 E1495.93441
G1 X125.311 Y93.464 E1495.94453
G1 X124.968 Y93.547 E1495.95627
G1 X124.637 Y93.662 E1495.96792
G1 X124.323 Y93.81 E1495.97947
G1 X124.032 Y93.99 E1495.99085
G1 X123.771 Y94.202 E1496.00203
G1 X123.523 Y94.464 E1496.01403
G1 X123.465 Y94.554 E1496.01759
G1 X123.3 Y94.81 E1496.02553
G1 X123.148 Y95.209 E1496.03175
G1 X123.096 Y95.564 E1496.03305
G1 X123.122 Y95.974 E1496.03401
G1 X123.253 Y96.388 E1496.03823
G1 X123.471 Y96.76 E1496.04876
G1 X123.478 Y96.769 E1496.04913
G1 X123.709 Y97.035 E1496.06085
G1 X123.968 Y97.256 E1496.07217
G1 X124.253 Y97.445 E1496.08355
G1 X124.564 Y97.601 E1496.09512
G1 X124.857 Y97.714 E1496.10556
G1 X125.198 Y97.807 E1496.11732
G1 X125.55 Y97.868 E1496.1292
G1 X125.852 Y97.893 E1496.13928
G1 X126.15 Y97.896 E1496.14919
G1 X126.465 Y97.874 E1496.1597
G1 X126.822 Y97.816 E1496.17173
G1 X127.171 Y97.725 E1496.18372
G1 X127.505 Y97.598 E1496.19561
G1 X127.816 Y97.44 E1496.20721
G1 X127.903 Y97.382 E1496.21069
G1 X128.1 Y97.251 E1496.21634
G1 X128.245 Y97.127 E1496.21877
G0 F9000 X128.543 Y96.241
G0 X128.596 Y95.926
G0 X128.54 Y95.907
;TYPE:WALL-OUTER
G1 F1200 X128.562 Y95.569 E1496.23003
G1 X128.502 Y95.238 E1496.24122
G1 X128.363 Y94.924 E1496.25264
G1 X128.257 Y94.778 E1496.25864
G1 X128.156 Y94.639 E1496.26436
G1 X127.948 Y94.434 E1496.27407
G1 X127.715 Y94.263 E1496.28368
G1 X127.476 Y94.127 E1496.29283
G1 X127.202 Y94.007 E1496.30278
G1 X126.909 Y93.913 E1496.31301
G1 X126.604 Y93.846 E1496.3234
G1 X126.289 Y93.807 E1496.33396
G1 X125.97 Y93.797 E1496.34457
G1 X125.654 Y93.817 E1496.3551
G1 X125.388 Y93.857 E1496.36405
G1 X125.081 Y93.931 E1496.37455
G1 X124.788 Y94.033 E1496.38487
G1 X124.514 Y94.162 E1496.39494
G1 X124.264 Y94.317 E1496.40473
G1 X124.043 Y94.496 E1496.41419
G1 X123.839 Y94.712 E1496.42407
G1 X123.659 Y94.992 E1496.43514
G1 X123.537 Y95.31 E1496.44647
G1 X123.498 Y95.58 E1496.45554
G1 X123.518 Y95.9 E1496.46621
G1 X123.621 Y96.225 E1496.47755
G1 X123.797 Y96.526 E1496.48914
G1 X123.992 Y96.75 E1496.49902
G1 X124.209 Y96.936 E1496.50853
G1 X124.454 Y97.098 E1496.51829
G1 X124.726 Y97.235 E1496.52842
G1 X124.982 Y97.333 E1496.53754
G1 X125.285 Y97.416 E1496.54799
G1 X125.601 Y97.471 E1496.55866
G1 X125.871 Y97.493 E1496.56767
G1 X126.138 Y97.496 E1496.57655
G1 X126.419 Y97.476 E1496.58592
G1 X126.739 Y97.424 E1496.5967
G1 X127.049 Y97.343 E1496.60736
G1 X127.343 Y97.232 E1496.61781
G1 X127.614 Y97.094 E1496.62793
G1 X127.858 Y96.932 E1496.63767
G1 X128.075 Y96.745 E1496.6472
G1 X128.248 Y96.544 E1496.65602
G1 X128.263 Y96.526 E1496.6568
G1 X128.436 Y96.232 E1496.66814
G1 X128.54 Y95.907 E1496.67949
G1 F2400 E1495.87949
G0 F9000 X128.481 Y95.861
G0 X128.833 Y95.971
G0 X127.642 Y95.878
G0 X127.612 Y105.36
G0 X128.533 Y105.262
G0 X128.551 Y105.84
G0 X128.54 Y105.907
G1 F2400 E1496.67949
G1 F1200 X128.562 Y105.569 E1496.69076
G1 X128.502 Y105.238 E1496.70194
G1 X128.363 Y104.924 E1496.71337
G1 X128.257 Y104.778 E1496.71937
G1 X128.156 Y104.639 E1496.72508
G1 X127.948 Y104.434 E1496.73479
G1 X127.715 Y104.263 E1496.74441
G1 X127.476 Y104.127 E1496.75355
G1 X127.202 Y104.007 E1496.7635
G1 X126.909 Y103.913 E1496.77374
G1 X126.604 Y103.846 E1496.78412
G1 X126.289 Y103.807 E1496.79468
G1 X125.97 Y103.797 E1496.8053
G1 X125.654 Y103.817 E1496.81583
G1 X125.388 Y103.857 E1496.82477
G1 X125.081 Y103.931 E1496.83528
G1 X124.788 Y104.033 E1496.8456
G1 X124.514 Y104.162 E1496.85567
G1 X124.264 Y104.317 E1496.86545
G1 X124.043 Y104.496 E1496.87491
G1 X123.839 Y104.712 E1496.88479
G1 X123.659 Y104.992 E1496.89586
G1 X123.537 Y105.31 E1496.90719
G1 X123.498 Y105.58 E1496.91627
G1 X123.518 Y105.9 E1496.92693
G1 X123.621 Y106.225 E1496.93827
G1 X123.797 Y106.526 E1496.94987
G1 X123.992 Y106.75 E1496.95974
G1 X124.209 Y106.936 E1496.96925
G1 X124.454 Y107.098 E1496.97902
G1 X124.726 Y107.235 E1496.98915
G1 X124.982 Y107.333 E1496.99827
G1 X125.285 Y107.416 E1497.00871
G1 X125.601 Y107.471 E1497.01938
G1 X125.871 Y107.493 E1497.02839
G1 X126.138 Y107.496 E1497.03727
G1 X126.419 Y107.476 E1497.04664
G1 X126.739 Y107.424 E1497.05743
G1 X127.049 Y107.343 E1497.06808
G1 X127.343 Y107.232 E1497.07854
G1 X127.614 Y107.094 E1497.08865
G1 X127.858 Y106.932 E1497.09839
G1 X128.075 Y106.745 E1497.10792
G1 X128.247 Y106.545 E1497.11669
G1 X128.263 Y106.526 E1497.11752
G1 X128.436 Y106.232 E1497.12886
G1 X128.54 Y105.907 E1497.14021
G1 F2400 E1496.34021
G0 F9000 X128.551 Y105.84
G0 X128.832 Y105.971
G0 X128.36 Y106.597
G0 X128.376 Y115.587
G0 X128.177 Y115.572
G1 F2400 E1497.14021
G1 F1200 X128.119 Y115.239 E1497.15146
G1 X127.981 Y114.924 E1497.16289
G1 X127.774 Y114.638 E1497.17464
G1 X127.562 Y114.431 E1497.18449
G1 X127.331 Y114.259 E1497.19407
G1 X127.073 Y114.113 E1497.20393
G1 X126.822 Y114.005 E1497.21302
G1 X126.53 Y113.91 E1497.22323
G1 X126.225 Y113.844 E1497.23361
G1 X125.912 Y113.805 E1497.2441
G1 X125.645 Y113.793 E1497.25299
G1 X125.379 Y113.803 E1497.26185
G1 X125.108 Y113.835 E1497.27092
G1 X124.797 Y113.899 E1497.28148
G1 X124.499 Y113.992 E1497.29187
G1 X124.217 Y114.113 E1497.30207
G1 X123.959 Y114.259 E1497.31193
G1 X123.729 Y114.43 E1497.32146
G1 X123.528 Y114.623 E1497.33073
G1 X123.353 Y114.849 E1497.34024
G1 X123.204 Y115.146 E1497.35129
G1 X123.122 Y115.466 E1497.36228
G1 X123.112 Y115.578 E1497.36602
G1 X123.134 Y115.896 E1497.37662
G1 X123.236 Y116.222 E1497.38798
G1 X123.413 Y116.522 E1497.39957
G1 X123.603 Y116.743 E1497.40926
G1 X123.819 Y116.929 E1497.41874
G1 X124.065 Y117.091 E1497.42854
G1 X124.309 Y117.218 E1497.43769
G1 X124.596 Y117.329 E1497.44792
G1 X124.901 Y117.412 E1497.45843
G1 X125.215 Y117.467 E1497.46904
G1 X125.537 Y117.492 E1497.47978
G1 X125.807 Y117.49 E1497.48876
G1 X126.075 Y117.467 E1497.49771
G1 X126.348 Y117.422 E1497.50691
G1 X126.659 Y117.341 E1497.5176
G1 X126.952 Y117.23 E1497.52802
G1 X127.223 Y117.093 E1497.53812
G1 X127.47 Y116.931 E1497.54794
G1 X127.685 Y116.745 E1497.5574
G1 X127.878 Y116.522 E1497.56721
G1 X128.048 Y116.233 E1497.57836
G1 X128.153 Y115.909 E1497.58969
G1 X128.177 Y115.572 E1497.60092
G0 F9000 X128.376 Y115.587
G0 X128.177 Y116.289
G0 X122.831 Y124.243
G0 X122.681 Y124.503
G1 F2400 X122.681 Y124.159 E1497.61237
G1 X122.681 Y124.158 E1497.6124
G1 X122.681 Y118.692 E1497.7942
G1 X121.592 Y118.692 E1497.83042
G1 X121.592 Y96.941 E1498.55386
G1 X122.681 Y96.79 E1498.59043
G1 X122.679 Y92.167 E1498.74419
G1 X122.679 Y91.967 E1498.75084
G1 X122.879 Y91.967 E1498.75515
G1 X128.645 Y91.967 E1498.94693
G1 X128.645 Y94.743 E1499.03926
G1 X128.645 Y94.924 E1499.04404
G1 X128.645 Y95.238 E1499.04947
G1 X128.645 Y95.569 E1499.05256
G1 X128.645 Y95.907 E1499.0552
G1 X128.645 Y96.232 E1499.05936
G1 X128.645 Y96.526 E1499.06648
G1 X128.645 Y96.55 E1499.06727
G1 X128.645 Y104.743 E1499.33977
G1 X128.645 Y104.924 E1499.34455
G1 X128.645 Y105.238 E1499.34998
G1 X128.645 Y105.569 E1499.35307
G1 X128.645 Y105.907 E1499.35571
G1 X128.645 Y106.232 E1499.35987
G1 X128.644 Y106.526 E1499.36773
G1 X128.644 Y106.551 E1499.36854
G1 X128.643 Y116.731 E1499.70713
G1 X128.645 Y116.968 E1499.71502
G1 X128.645 Y119.702 E1499.80595
G1 X128.334 Y120.067 E1499.8219
G1 X127.733 Y120.707 E1499.8511
G1 X127.089 Y121.334 E1499.88099
G1 X126.42 Y121.929 E1499.91077
G1 X125.707 Y122.509 E1499.94134
G1 X124.959 Y123.067 E1499.97238
G1 X124.17 Y123.606 E1500.00416
G1 X123.363 Y124.112 E1500.03584
G1 X122.98 Y124.332 E1500.05053
G1 X122.681 Y124.503 E1500.05704
G0 F9000 X122.831 Y124.243
G0 X123.241 Y122.163
;TYPE:FILL
G1 F4800 X124.396 Y117.852 E1500.20548
G0 F9000 X123.3 Y116.605
G0 X123.109 Y116.28
G0 X122.997 Y115.922
G0 X122.984 Y115.446
G0 X123.234 Y114.775
G0 X124.738 Y113.338
G1 F4800 X124.039 Y112.639 E1500.23836
G0 F9000 X124.181 Y112.639
G0 X125.633 Y113.233
G1 F4800 X127.058 Y107.918 E1500.42138
G0 F9000 X128.082 Y113.499
G1 F4800 X127.432 Y113.673 E1500.44376
G0 F9000 X123.494 Y106.283
G0 X123.38 Y105.924
G0 X123.402 Y105.275
G0 X123.531 Y104.934
G0 X123.948 Y104.393
G0 X124.179 Y102.16
G0 X124.039 Y102.159
G1 F4800 X128.082 Y101.075 E1500.58298
G0 F9000 X128.084 Y99.714
G1 F4800 X126.408 Y98.038 E1500.66181
G0 F9000 X124.045 Y97.44
G0 X123.891 Y97.672
;TYPE:SKIN
G1 F1500 X123.889 Y103.62 E1500.85964
G1 X123.806 Y103.672 E1500.8629
G1 X123.506 Y103.915 E1500.87574
G1 X123.215 Y104.222 E1500.88981
G1 X122.951 Y104.633 E1500.90606
G1 X122.768 Y105.11 E1500.92305
G1 X122.704 Y105.548 E1500.93777
G1 X122.736 Y106.046 E1500.95437
G1 X122.894 Y106.548 E1500.97187
G1 X123.153 Y106.988 E1500.98886
G1 X123.434 Y107.312 E1501.00312
G1 X123.733 Y107.568 E1501.01621
G1 X123.891 Y107.672 E1501.0225
G1 X123.891 Y113.393 E1501.21278
G1 X123.866 Y113.404 E1501.21369
G1 X123.527 Y113.595 E1501.22663
G1 X123.217 Y113.826 E1501.23949
G1 X122.939 Y114.094 E1501.25234
G1 X122.682 Y114.426 E1501.2663
G1 X122.46 Y114.867 E1501.28272
G1 X122.382 Y115.169 E1501.2931
G1 X122.382 Y97.628 E1501.87651
G1 X123.471 Y97.477 E1501.91308
G1 X123.471 Y97.344 E1501.9175
G1 X123.733 Y97.568 E1501.92897
G1 X123.891 Y97.672 E1501.93526
G0 F9000 X124.045 Y97.44
G0 X124.102 Y103.693
G0 X123.402 Y105.275
G0 X123.336 Y106.88
G0 X124.116 Y107.565
G0 X124.104 Y113.533
G0 X123.336 Y114.209
G0 X122.649 Y116.057
G0 X122.382 Y116.139
G1 F750 X122.509 Y116.546 E1501.94944
G1 X122.769 Y116.984 E1501.96638
G1 X123.042 Y117.304 E1501.98037
G1 X123.343 Y117.561 E1501.99353
G1 X123.665 Y117.773 E1502.00636
G1 X123.891 Y117.891 E1502.01484
G1 X123.891 Y118.902 E1502.04846
G1 X123.471 Y118.902 E1502.06243
G1 X123.471 Y117.902 E1502.09569
G1 X122.382 Y117.902 E1502.13191
G1 X122.382 Y116.139 E1502.19055
G0 F9000 X122.649 Y116.057
G0 X124.113 Y117.761
G0 X124.109 Y119.12
G0 X123.263 Y119.12
G0 X122.832 Y118.182
G0 X122.832 Y117.741
G1 F1500 X122.54 Y117.449 E1502.20428
G0 F9000 X122.102 Y117.449
G0 X122.174 Y118.11
G0 X123.221 Y118.152
G0 X123.63 Y117.973
G1 F1500 X123.73 Y118.073 E1502.20899
G0 F9000 X123.63 Y118.539
G1 F1500 X123.73 Y118.639 E1502.21369
G0 F9000 X124.181 Y118.639
G0 X124.113 Y117.761
G0 X123.109 Y116.28
G0 X123.009 Y115.958
G0 X123.016 Y114.451
G0 X122.668 Y114.182
G1 F1500 X122.54 Y114.055 E1502.21969
G0 F9000 X122.929 Y113.878
G1 F1500 X122.54 Y113.489 E1502.23799
G0 F9000 X122.54 Y112.924
G1 F1500 X123.231 Y113.614 E1502.27047
G0 F9000 X123.569 Y113.386
G1 F1500 X122.54 Y112.358 E1502.31884
G0 F9000 X122.54 Y111.792
G1 F1500 X123.73 Y112.982 E1502.37482
G0 F9000 X123.73 Y112.416
G1 F1500 X122.54 Y111.227 E1502.43077
G0 F9000 X122.54 Y110.661
G1 F1500 X123.73 Y111.85 E1502.48672
G0 F9000 X123.73 Y111.285
G1 F1500 X122.54 Y110.095 E1502.54269
G0 F9000 X122.54 Y109.53
G1 F1500 X123.73 Y110.719 E1502.59864
G0 F9000 X123.73 Y110.153
G1 F1500 X122.54 Y108.964 E1502.65459
G0 F9000 X122.54 Y108.398
G1 F1500 X123.73 Y109.588 E1502.71057
G0 F9000 X123.73 Y109.022
G1 F1500 X122.54 Y107.833 E1502.76652
G0 F9000 X122.54 Y107.267
G1 F1500 X123.73 Y108.456 E1502.82247
G0 F9000 X123.73 Y107.891
G1 F1500 X122.54 Y106.701 E1502.87844
G0 F9000 X122.102 Y106.701
G0 X122.172 Y97.446
G0 X123.283 Y96.828
G0 X124.116 Y97.565
G0 X124.102 Y103.693
G0 X123.04 Y105.181
G0 X122.609 Y105.073
G1 F1500 X122.54 Y105.004 E1502.88169
G0 F9000 X122.766 Y104.664
G1 F1500 X122.54 Y104.438 E1502.89232
G0 F9000 X122.972 Y104.304
G1 F1500 X122.54 Y103.873 E1502.91261
G0 F9000 X122.54 Y103.307
G1 F1500 X123.219 Y103.985 E1502.94453
G0 F9000 X123.506 Y103.707
G1 F1500 X122.54 Y102.741 E1502.98997
G0 F9000 X122.54 Y102.176
G1 F1500 X123.728 Y103.364 E1503.04585
G0 F9000 X123.728 Y102.798
G1 F1500 X122.54 Y101.61 E1503.10173
G0 F9000 X122.54 Y101.044
G1 F1500 X123.728 Y102.232 E1503.15761
G0 F9000 X123.728 Y101.667
G1 F1500 X122.54 Y100.479 E1503.21349
G0 F9000 X122.54 Y99.913
G1 F1500 X123.729 Y101.102 E1503.26941
G0 F9000 X123.729 Y100.536
G1 F1500 X122.54 Y99.347 E1503.32534
G0 F9000 X122.54 Y98.782
G1 F1500 X123.729 Y99.97 E1503.38124
G0 F9000 X123.73 Y99.405
G1 F1500 X122.54 Y98.216 E1503.43719
G0 F9000 X122.643 Y97.753
G1 F1500 X123.73 Y98.84 E1503.48832
G0 F9000 X123.73 Y98.274
G1 F1500 X123.14 Y97.684 E1503.51607
G0 F9000 X123.081 Y97.249
G0 X123.266 Y94.535
G0 X123.283 Y94.433
;TYPE:SKIN
G1 F1500 X123.344 Y94.211 E1503.51946
G1 X123.555 Y94.139 E1503.52274
G0 F9000 X123.573 Y94.157
G0 X123.359 Y95.568
G0 X123.38 Y95.924
G0 X123.865 Y97.393
G0 X124.09 Y97.547
G0 X124.153 Y103.751
G0 X124.042 Y103.678
G1 F1500 X124.103 Y103.738 E1503.52416
G0 F9000 X124.173 Y103.705
G0 X127.895 Y103.57
G1 F1500 X128.068 Y103.743 E1503.52823
G0 F9000 X125.634 Y103.679
G0 X124.739 Y103.902
G0 X123.948 Y104.393
G0 X123.531 Y104.934
G0 X123.359 Y105.568
G0 X123.38 Y105.924
G0 X127.922 Y113.78
G1 F1500 X128.067 Y113.925 E1503.53164
G0 F9000 X128.317 Y115.566
G0 X127.933 Y117.252
G0 X128.029 Y117.281
G1 F1500 X127.929 Y117.464 E1503.53786
G0 F9000 X128.021 Y117.556
G0 X123.255 Y123.255
G1 F1500 X123.405 Y123.405 E1503.54139
G1 F2400 E1502.74139
;MESH:NONMESH
G0 F300 X123.405 Y123.405 Z11.6
G0 F9000 X124.396 Y117.399
G0 X123.73 Y117.036
G0 X123.3 Y116.605
G0 X123.109 Y116.28
G0 X122.997 Y115.922
G0 X122.984 Y115.446
G0 X123.234 Y114.775
G0 X123.643 Y114.322
G0 X124.447 Y113.863
G0 X124.128 Y107.05
G0 X123.683 Y106.607
G0 X123.494 Y106.283
G0 X123.38 Y105.924
G0 X123.402 Y105.275
G0 X128.36 Y96.597
G0 X127.642 Y95.878
G0 X130.91 Y92.508
G0 X129.843 Y92.508
;TIME_ELAPSED:1917.159236
;LAYER:57
;TYPE:SUPPORT-INTERFACE
G1 F2400 E1503.54139
G1 F1312 X130.444 Y93.108 E1503.56963
G0 F9000 X130.444 Y93.567
G1 F1312 X129.844 Y94.166 E1503.59783
G0 F9000 X129.843 Y95.902
G1 F1312 X130.444 Y96.503 E1503.6261
G0 F9000 X130.444 Y96.961
G1 F1312 X129.843 Y97.561 E1503.65435
G0 F9000 X129.843 Y99.296
G1 F1312 X130.444 Y99.897 E1503.68262
G0 F9000 X130.444 Y100.355
G1 F1312 X129.843 Y100.955 E1503.71086
G0 F9000 X129.843 Y102.69
G1 F1312 X130.444 Y103.291 E1503.73913
G0 F9000 X130.444 Y103.749
G1 F1312 X129.843 Y104.35 E1503.7674
G0 F9000 X129.842 Y106.083
G1 F1312 X130.444 Y106.685 E1503.79572
G0 F9000 X130.444 Y107.143
G1 F1312 X129.843 Y107.744 E1503.82398
G0 F9000 X129.842 Y109.477
G1 F1312 X130.444 Y110.079 E1503.8523
G0 F9000 X130.444 Y110.537
G1 F1312 X129.843 Y111.138 E1503.88057
G0 F9000 X129.842 Y112.871
G1 F1312 X130.444 Y113.473 E1503.90889
G0 F9000 X130.316 Y114.059
G1 F1312 X129.843 Y114.532 E1503.93113
G1 F2400 E1503.13113
;MESH:1x_1xm_pusher.stl
G0 F9000 X130.908 Y114.413
G0 X126.807 Y115.098
G0 X127.473 Y114.343
G0 X128.503 Y105.565
G0 X128.503 Y96.565
G0 X128.445 Y94.631
;TYPE:WALL-INNER
G1 F2400 E1503.93113
G1 F1049.6 X128.265 Y94.382 E1503.94135
G1 X128.079 Y94.199 E1503.95003
G1 X128.008 Y94.129 E1503.95335
G1 X127.733 Y93.927 E1503.9647
G1 X127.436 Y93.758 E1503.97606
G1 X127.15 Y93.634 E1503.98643
G1 X126.82 Y93.527 E1503.99797
G1 X126.478 Y93.452 E1504.00961
G1 X126.129 Y93.408 E1504.02131
G1 X125.831 Y93.397 E1504.03123
G1 X125.535 Y93.407 E1504.04108
G1 X125.23 Y93.443 E1504.0513
G1 X124.881 Y93.515 E1504.06315
G1 X124.545 Y93.62 E1504.07486
G1 X124.225 Y93.758 E1504.08645
G1 X123.927 Y93.927 E1504.09784
G1 X123.672 Y94.115 E1504.10838
G1 X123.655 Y94.128 E1504.10909
G1 X123.415 Y94.359 E1504.12017
G1 X123.279 Y94.534 E1504.12754
G1 X123.279 Y94.359 E1504.12819
G1 X123.279 Y94.128 E1504.13277
G1 X123.279 Y94.106 E1504.13349
G1 X123.279 Y92.367 E1504.19133
G1 X128.445 Y92.367 E1504.36315
G1 X128.445 Y94.121 E1504.42149
G1 X128.445 Y94.382 E1504.42781
G1 X128.445 Y94.631 E1504.42928
G0 F9000 X128.477 Y95.16
G0 X128.444 Y96.667
G1 F2099.1 X128.444 Y96.76 E1504.43237
G1 X128.444 Y97.033 E1504.44145
G1 X128.444 Y97.151 E1504.44537
G1 X128.444 Y104.12 E1504.67716
G1 X128.444 Y104.382 E1504.68588
G1 X128.443 Y104.63 E1504.69413
G1 X128.265 Y104.382 E1504.69749
G1 X128.078 Y104.198 E1504.704
G1 X128.008 Y104.129 E1504.70727
G1 X127.733 Y103.927 E1504.71862
G1 X127.436 Y103.758 E1504.72998
G1 X127.15 Y103.634 E1504.74035
G1 X126.82 Y103.527 E1504.75189
G1 X126.478 Y103.452 E1504.76353
G1 X126.129 Y103.408 E1504.77523
G1 X125.831 Y103.397 E1504.78515
G1 X125.535 Y103.407 E1504.795
G1 X125.23 Y103.443 E1504.80522
G1 X124.881 Y103.515 E1504.81707
G1 X124.545 Y103.62 E1504.82878
G1 X124.225 Y103.758 E1504.84037
G1 X123.927 Y103.927 E1504.85176
G1 X123.673 Y104.115 E1504.86227
G1 X123.655 Y104.128 E1504.86301
G1 X123.415 Y104.359 E1504.87409
G1 X123.28 Y104.534 E1504.88144
G1 X123.28 Y104.359 E1504.88208
G1 X123.28 Y104.129 E1504.88783
G1 X123.28 Y104.106 E1504.88857
G1 X123.28 Y97.222 E1505.11754
G1 X123.28 Y97.032 E1505.12385
G1 X123.279 Y96.771 E1505.13254
G1 X123.504 Y97.031 E1505.13717
G1 X123.648 Y97.154 E1505.14221
G1 X123.763 Y97.253 E1505.14726
G1 X124.046 Y97.44 E1505.15854
G1 X124.329 Y97.587 E1505.16915
G1 X124.656 Y97.713 E1505.18081
G1 X124.998 Y97.807 E1505.1926
G1 X125.351 Y97.868 E1505.20452
G1 X125.707 Y97.896 E1505.21639
G1 X126.012 Y97.894 E1505.22654
G1 X126.311 Y97.868 E1505.23652
G1 X126.617 Y97.818 E1505.24683
G1 X126.966 Y97.727 E1505.25883
G1 X127.298 Y97.601 E1505.27064
G1 X127.61 Y97.444 E1505.28226
G1 X127.895 Y97.255 E1505.29363
G1 X128.065 Y97.109 E1505.30108
G1 X128.154 Y97.033 E1505.30435
G1 X128.39 Y96.76 E1505.31072
G1 X128.444 Y96.667 E1505.31129
G0 F9000 X128.562 Y95.59
G0 X128.363 Y95.575
;TYPE:WALL-OUTER
G1 F1049.6 X128.303 Y95.242 E1505.32254
G1 X128.166 Y94.928 E1505.33394
G1 X127.96 Y94.643 E1505.34563
G1 X127.748 Y94.434 E1505.35554
G1 X127.515 Y94.263 E1505.36515
G1 X127.257 Y94.117 E1505.37501
G1 X127.008 Y94.009 E1505.38404
G1 X126.715 Y93.914 E1505.39428
G1 X126.41 Y93.847 E1505.40467
G1 X126.096 Y93.807 E1505.41519
G1 X125.83 Y93.797 E1505.42405
G1 X125.565 Y93.806 E1505.43287
G1 X125.294 Y93.838 E1505.44194
G1 X124.982 Y93.903 E1505.45254
G1 X124.684 Y93.996 E1505.46293
G1 X124.403 Y94.117 E1505.4731
G1 X124.145 Y94.263 E1505.48296
G1 X123.914 Y94.434 E1505.49252
G1 X123.713 Y94.627 E1505.50179
G1 X123.538 Y94.853 E1505.5113
G1 X123.387 Y95.15 E1505.52238
G1 X123.308 Y95.47 E1505.53334
G1 X123.298 Y95.581 E1505.53705
G1 X123.318 Y95.9 E1505.54768
G1 X123.421 Y96.225 E1505.55902
G1 X123.596 Y96.526 E1505.5706
G1 X123.787 Y96.747 E1505.58031
G1 X124.004 Y96.933 E1505.58982
G1 X124.249 Y97.095 E1505.59959
G1 X124.494 Y97.222 E1505.60877
G1 X124.781 Y97.333 E1505.619
G1 X125.085 Y97.416 E1505.62948
G1 X125.401 Y97.471 E1505.64015
G1 X125.721 Y97.496 E1505.65083
G1 X125.993 Y97.494 E1505.65987
G1 X126.261 Y97.471 E1505.66882
G1 X126.534 Y97.426 E1505.67802
G1 X126.844 Y97.345 E1505.68868
G1 X127.137 Y97.234 E1505.6991
G1 X127.409 Y97.097 E1505.70923
G1 X127.654 Y96.935 E1505.719
G1 X127.871 Y96.749 E1505.7285
G1 X128.063 Y96.526 E1505.73829
G1 X128.233 Y96.237 E1505.74944
G1 X128.339 Y95.913 E1505.76078
G1 X128.363 Y95.575 E1505.77205
G0 F9000 X128.562 Y95.59
G0 X128.515 Y103.669
G0 X128.443 Y106.67
;TYPE:WALL-INNER
G1 F2099.1 X128.443 Y106.76 E1505.77505
G1 X128.443 Y107.033 E1505.78413
G1 X128.443 Y107.152 E1505.78808
G1 X128.443 Y114.587 E1506.03537
G1 X128.443 Y114.738 E1506.0404
G1 X128.443 Y115.129 E1506.0534
G1 X128.443 Y115.558 E1506.06767
G1 X128.443 Y115.991 E1506.08207
G1 X128.443 Y116.404 E1506.09581
G1 X128.443 Y116.711 E1506.10602
G1 X128.444 Y119.078 E1506.18474
G1 X128.383 Y119.157 E1506.18806
G1 X127.841 Y119.793 E1506.21586
G1 X127.245 Y120.429 E1506.24485
G1 X126.615 Y121.042 E1506.27408
G1 X125.954 Y121.63 E1506.30351
G1 X125.268 Y122.188 E1506.33292
G1 X124.522 Y122.745 E1506.36388
G1 X123.748 Y123.273 E1506.39505
G1 X123.586 Y123.375 E1506.40141
G1 X123.281 Y123.566 E1506.41338
G1 X123.281 Y123.207 E1506.4201
G1 X123.281 Y123.206 E1506.42014
G1 X123.281 Y117.456 E1506.61138
G1 X123.281 Y117.424 E1506.61245
G1 X123.281 Y117.243 E1506.61847
G1 X123.281 Y117.166 E1506.62103
G1 X123.369 Y117.243 E1506.62228
G1 X123.64 Y117.424 E1506.6298
G1 X123.668 Y117.438 E1506.6308
G1 X123.943 Y117.582 E1506.64112
G1 X124.27 Y117.709 E1506.65279
G1 X124.614 Y117.803 E1506.66465
G1 X124.965 Y117.864 E1506.6765
G1 X125.326 Y117.892 E1506.68854
G1 X125.683 Y117.887 E1506.70042
G1 X125.984 Y117.856 E1506.71048
G1 X126.277 Y117.803 E1506.72038
G1 X126.574 Y117.725 E1506.7306
G1 X126.907 Y117.601 E1506.74242
G1 X127.219 Y117.443 E1506.75405
G1 X127.507 Y117.254 E1506.76551
G1 X127.762 Y117.033 E1506.77673
G1 X128.003 Y116.759 E1506.78887
G1 X128.056 Y116.669 E1506.79234
G1 X128.212 Y116.405 E1506.80047
G1 X128.347 Y115.991 E1506.80732
G1 X128.38 Y115.558 E1506.81023
G1 X128.306 Y115.129 E1506.81397
G1 X128.137 Y114.738 E1506.8222
G1 X128.053 Y114.613 E1506.82665
G1 X127.931 Y114.434 E1506.83386
G1 X127.645 Y114.148 E1506.84731
G1 X127.379 Y113.944 E1506.85846
G1 X127.086 Y113.772 E1506.86976
G1 X126.772 Y113.633 E1506.88118
G1 X126.442 Y113.526 E1506.89272
G1 X126.099 Y113.45 E1506.90441
G1 X125.752 Y113.407 E1506.91603
G1 X125.445 Y113.393 E1506.92626
G1 X125.083 Y113.41 E1506.93831
G1 X124.731 Y113.459 E1506.95013
G1 X124.383 Y113.543 E1506.96204
G1 X124.051 Y113.659 E1506.97373
G1 X123.736 Y113.806 E1506.9853
G1 X123.624 Y113.876 E1506.98969
G1 X123.447 Y113.988 E1506.99666
G1 X123.28 Y114.121 E1507.00376
G1 X123.28 Y113.988 E1507.00405
G1 X123.28 Y113.778 E1507.00926
G1 X123.28 Y107.221 E1507.22735
G1 X123.28 Y107.031 E1507.23367
G1 X123.28 Y106.772 E1507.24228
G1 X123.504 Y107.031 E1507.24692
G1 X123.648 Y107.154 E1507.25196
G1 X123.763 Y107.253 E1507.257
G1 X124.046 Y107.44 E1507.26829
G1 X124.329 Y107.587 E1507.27889
G1 X124.656 Y107.713 E1507.29055
G1 X124.998 Y107.807 E1507.30235
G1 X125.351 Y107.868 E1507.31426
G1 X125.707 Y107.896 E1507.32614
G1 X126.012 Y107.894 E1507.33628
G1 X126.311 Y107.868 E1507.34626
G1 X126.617 Y107.818 E1507.35658
G1 X126.966 Y107.727 E1507.36857
G1 X127.298 Y107.601 E1507.38038
G1 X127.61 Y107.444 E1507.392
G1 X127.895 Y107.255 E1507.40337
G1 X128.064 Y107.11 E1507.41078
G1 X128.154 Y107.033 E1507.41408
G1 X128.39 Y106.76 E1507.42042
G1 X128.443 Y106.67 E1507.42098
G0 F9000 X128.562 Y105.59
G0 X128.363 Y105.575
;TYPE:WALL-OUTER
G1 F1049.6 X128.303 Y105.242 E1507.43224
G1 X128.166 Y104.928 E1507.44363
G1 X127.96 Y104.643 E1507.45533
G1 X127.748 Y104.434 E1507.46523
G1 X127.515 Y104.263 E1507.47484
G1 X127.257 Y104.117 E1507.4847
G1 X127.008 Y104.009 E1507.49373
G1 X126.715 Y103.914 E1507.50397
G1 X126.41 Y103.847 E1507.51436
G1 X126.096 Y103.807 E1507.52489
G1 X125.83 Y103.797 E1507.53374
G1 X125.565 Y103.806 E1507.54256
G1 X125.294 Y103.838 E1507.55164
G1 X124.982 Y103.903 E1507.56224
G1 X124.684 Y103.996 E1507.57262
G1 X124.403 Y104.117 E1507.58279
G1 X124.145 Y104.263 E1507.59265
G1 X123.914 Y104.434 E1507.60221
G1 X123.713 Y104.627 E1507.61148
G1 X123.538 Y104.853 E1507.62099
G1 X123.387 Y105.15 E1507.63207
G1 X123.308 Y105.47 E1507.64303
G1 X123.298 Y105.581 E1507.64674
G1 X123.318 Y105.9 E1507.65737
G1 X123.421 Y106.225 E1507.66871
G1 X123.596 Y106.526 E1507.68029
G1 X123.787 Y106.747 E1507.69001
G1 X124.004 Y106.933 E1507.69951
G1 X124.249 Y107.095 E1507.70928
G1 X124.494 Y107.222 E1507.71846
G1 X124.781 Y107.333 E1507.72869
G1 X125.085 Y107.416 E1507.73918
G1 X125.401 Y107.471 E1507.74984
G1 X125.721 Y107.496 E1507.76052
G1 X125.993 Y107.494 E1507.76957
G1 X126.261 Y107.471 E1507.77851
G1 X126.534 Y107.426 E1507.78772
G1 X126.844 Y107.345 E1507.79837
G1 X127.137 Y107.234 E1507.80879
G1 X127.409 Y107.097 E1507.81892
G1 X127.654 Y106.935 E1507.82869
G1 X127.871 Y106.749 E1507.8382
G1 X128.063 Y106.526 E1507.84799
G1 X128.233 Y106.237 E1507.85914
G1 X128.339 Y105.913 E1507.87048
G1 X128.363 Y105.575 E1507.88175
G0 F9000 X128.562 Y105.59
G0 X128.175 Y115.592
G0 X127.977 Y115.577
G1 F1049.6 X127.92 Y115.244 E1507.89298
G1 X127.785 Y114.931 E1507.90432
G1 X127.621 Y114.69 E1507.91402
G1 X127.381 Y114.449 E1507.92533
G1 X127.156 Y114.277 E1507.93475
G1 X126.903 Y114.129 E1507.9445
G1 X126.628 Y114.007 E1507.9545
G1 X126.337 Y113.912 E1507.96468
G1 X126.031 Y113.845 E1507.9751
G1 X125.718 Y113.806 E1507.98559
G1 X125.445 Y113.793 E1507.99468
G1 X125.121 Y113.809 E1508.00547
G1 X124.805 Y113.853 E1508.01608
G1 X124.496 Y113.927 E1508.02665
G1 X124.202 Y114.03 E1508.03701
G1 X123.928 Y114.158 E1508.04707
G1 X123.679 Y114.314 E1508.05685
G1 X123.458 Y114.492 E1508.06628
G1 X123.277 Y114.683 E1508.07504
G1 X123.26 Y114.701 E1508.07586
G1 X123.073 Y114.988 E1508.08725
G1 X122.953 Y115.306 E1508.09856
G1 X122.912 Y115.566 E1508.10731
G1 X122.934 Y115.896 E1508.11831
G1 X123.036 Y116.222 E1508.12967
G1 X123.213 Y116.522 E1508.14126
G1 X123.272 Y116.59 E1508.14425
G1 X123.399 Y116.738 E1508.15074
G1 X123.613 Y116.925 E1508.16019
G1 X123.844 Y117.079 E1508.16943
G1 X124.109 Y117.217 E1508.17936
G1 X124.396 Y117.329 E1508.18961
G1 X124.701 Y117.412 E1508.20012
G1 X125.015 Y117.467 E1508.21073
G1 X125.338 Y117.492 E1508.2215
G1 X125.66 Y117.487 E1508.23221
G1 X125.928 Y117.46 E1508.24117
G1 X126.19 Y117.412 E1508.25003
G1 X126.453 Y117.343 E1508.25907
G1 X126.746 Y117.234 E1508.26947
G1 X127.018 Y117.096 E1508.27962
G1 X127.265 Y116.934 E1508.28944
G1 X127.48 Y116.748 E1508.2989
G1 X127.678 Y116.523 E1508.30886
G1 X127.845 Y116.239 E1508.31982
G1 X127.952 Y115.913 E1508.33123
G1 X127.977 Y115.577 E1508.34244
G0 F9000 X128.416 Y115.557
G0 X123.03 Y124.014
G0 X122.881 Y124.274
G1 F2099.1 X122.881 Y124.113 E1508.34779
G1 X122.881 Y124.007 E1508.35132
G1 X122.881 Y116.613 E1508.59725
G1 X122.881 Y116.522 E1508.59932
G1 X122.881 Y116.222 E1508.60524
G1 X122.881 Y115.896 E1508.60797
G1 X122.881 Y115.566 E1508.60912
G1 X122.881 Y115.306 E1508.61022
G1 X122.881 Y114.988 E1508.61359
G1 X122.881 Y114.702 E1508.6211
G1 X122.881 Y114.676 E1508.62194
G1 X122.879 Y92.167 E1509.37059
G1 X122.879 Y91.967 E1509.37725
G1 X123.079 Y91.967 E1509.38155
G1 X128.645 Y91.967 E1509.56668
G1 X128.845 Y91.967 E1509.57333
G1 X128.845 Y92.167 E1509.57764
G1 X128.843 Y108.583 E1510.12364
G1 X128.845 Y112.992 E1510.27028
G1 X128.844 Y114.523 E1510.3212
G1 X128.844 Y119.214 E1510.47722
G1 X128.694 Y119.409 E1510.48541
G1 X128.133 Y120.067 E1510.51417
G1 X127.533 Y120.707 E1510.54335
G1 X126.889 Y121.334 E1510.57324
G1 X126.22 Y121.929 E1510.60302
G1 X125.507 Y122.509 E1510.63359
G1 X124.759 Y123.067 E1510.66463
G1 X123.97 Y123.606 E1510.69641
G1 X123.252 Y124.056 E1510.72459
G1 X123.163 Y124.112 E1510.72764
G1 X122.881 Y124.274 E1510.73384
G0 F9000 X123.03 Y124.014
G0 X123.44 Y120.873
;TYPE:FILL
G1 F4198.3 X124.246 Y117.867 E1510.83735
G0 F9000 X126.503 Y117.474
G0 X127.35 Y117.044
G0 X127.791 Y116.604
G0 X127.973 Y116.296
G0 X128.089 Y115.942
G0 X128.117 Y115.57
G0 X128.054 Y115.204
G0 X127.728 Y114.601
G0 X127.235 Y114.162
G0 X126.535 Y113.849
G0 X124.876 Y113.277
G1 F4198.3 X123.438 Y111.839 E1510.90499
G0 F9000 X125.487 Y113.234
G1 F4198.3 X126.915 Y107.904 E1511.08852
G0 F9000 X128.176 Y106.609
G0 X128.361 Y106.294
G0 X128.476 Y105.94
G0 X128.503 Y105.565
G0 X127.985 Y103.913
G1 F4198.3 X128.283 Y102.801 E1511.12681
G0 F9000 X128.282 Y101.168
G1 F4198.3 X123.44 Y102.465 E1511.29353
G0 F9000 X126.56 Y97.99
G1 F4198.3 X128.283 Y99.713 E1511.37458
G0 F9000 X128.476 Y105.94
G0 X128.282 Y113.591
G1 F4198.3 X127.466 Y113.81 E1511.40268
G0 F9000 X128.168 Y114.226
;TYPE:SKIN
G1 F1312 X128.225 Y114.452 E1511.40935
G0 F9000 X128.137 Y114.464
G0 X128.267 Y116.956
G1 F1312 X128.069 Y117.154 E1511.41401
G0 F9000 X123.642 Y122.996
G1 F1312 X123.455 Y123.183 E1511.4184
G0 F9000 X127.973 Y116.296
G0 X128.089 Y115.942
G0 X128.117 Y115.57
G0 X128.054 Y115.204
G0 X127.87 Y114.864
G0 X123.48 Y107.601
G0 X123.578 Y107.503
G1 F1312 X123.487 Y107.311 E1511.42462
G0 F9000 X123.446 Y107.388
G0 X123.159 Y105.575
G0 X123.446 Y103.903
G0 X123.454 Y103.951
G1 F1312 X123.636 Y103.769 E1511.4289
G0 F9000 X125.858 Y103.679
G0 X128.013 Y103.917
G0 X128.078 Y103.852
G1 F1312 X128.218 Y103.994 E1511.43425
G0 F9000 X128.131 Y104.054
G0 X128.503 Y105.565
G0 X128.267 Y107.34
G1 F1312 X128.113 Y107.494 E1511.43787
G0 F9000 X128.476 Y105.94
G0 X128.18 Y97.528
G0 X128.224 Y97.484
G1 F1312 X128.108 Y97.316 E1511.44523
G0 F9000 X127.996 Y97.429
G0 X128.476 Y95.94
G0 X128.497 Y95.637
G0 X128.235 Y94.158
G0 X128.245 Y94.068
G1 F1312 X128.17 Y93.86 E1511.45095
G0 F9000 X128.269 Y93.762
G0 X125.827 Y93.677
G0 X123.701 Y93.804
G0 X123.591 Y93.913
G1 F1312 X123.483 Y93.739 E1511.45751
G0 F9000 X123.513 Y93.709
G0 X123.159 Y95.575
G0 X123.591 Y97.297
G0 X123.514 Y97.385
G1 F1312 X123.718 Y97.463 E1511.46126
G0 F9000 X123.817 Y97.408
G1 F2400 E1510.66126
;MESH:NONMESH
G0 F300 X123.817 Y97.408 Z11.8
G0 F9000 X123.181 Y95.926
G0 X123.17 Y95.448
G0 X123.255 Y95.103
G0 X123.612 Y94.531
G0 X124.072 Y94.144
G0 X128.731 Y92.081
G0 X130.245 Y91.967
;TIME_ELAPSED:1934.392254
;LAYER:58
;TYPE:SUPPORT
G1 F2400 E1511.46126
G1 F1911.3 X130.245 Y112.792 E1512.1539
G1 X130.243 Y108.946 E1512.28182
G1 X130.245 Y91.967 E1512.84655
G1 F2400 E1512.04655
;MESH:1x_1xm_pusher.stl
G0 F9000 X128.931 Y92.081
G0 X128.566 Y95.559
;TYPE:WALL-INNER
G1 F2400 E1512.84655
G1 F1911.3 X128.49 Y95.133 E1512.86094
G1 X128.323 Y94.744 E1512.87502
G1 X128.254 Y94.641 E1512.87914
G1 X128.117 Y94.439 E1512.88726
G1 X127.831 Y94.151 E1512.90076
G1 X127.562 Y93.947 E1512.91199
G1 X127.271 Y93.778 E1512.92318
G1 X126.958 Y93.637 E1512.9346
G1 X126.628 Y93.53 E1512.94614
G1 X126.284 Y93.453 E1512.95786
G1 X125.938 Y93.41 E1512.96946
G1 X125.629 Y93.397 E1512.97975
G1 X125.27 Y93.413 E1512.9917
G1 X124.913 Y93.463 E1513.00369
G1 X124.568 Y93.547 E1513.0155
G1 X124.237 Y93.662 E1513.02715
G1 X123.923 Y93.81 E1513.0387
G1 X123.819 Y93.875 E1513.04278
G1 X123.632 Y93.99 E1513.05008
G1 X123.479 Y94.114 E1513.05663
G1 X123.479 Y93.99 E1513.05684
G1 X123.479 Y93.77 E1513.0622
G1 X123.479 Y92.367 E1513.10886
G1 X128.645 Y92.367 E1513.28068
G1 X128.645 Y94.619 E1513.35558
G1 X128.645 Y94.744 E1513.35936
G1 X128.645 Y95.133 E1513.36698
G1 X128.645 Y95.559 E1513.3711
G1 X128.645 Y95.996 E1513.38563
G1 X128.645 Y96.408 E1513.39934
G1 X128.645 Y96.685 E1513.40855
G1 X128.645 Y104.619 E1513.67244
G1 X128.645 Y104.744 E1513.67659
G1 X128.645 Y105.133 E1513.68953
G1 X128.645 Y105.559 E1513.7037
G1 X128.645 Y105.996 E1513.71823
G1 X128.644 Y106.408 E1513.73194
G1 X128.644 Y106.687 E1513.74122
G1 X128.643 Y108.946 E1513.81635
G1 X128.645 Y112.791 E1513.94424
G1 X128.643 Y113.965 E1513.98329
G1 X128.645 Y114.102 E1513.98784
G1 X128.644 Y118.559 E1514.13608
G1 X128.188 Y119.15 E1514.16091
G1 X127.641 Y119.793 E1514.18899
G1 X127.045 Y120.429 E1514.21798
G1 X126.415 Y121.042 E1514.24721
G1 X125.754 Y121.63 E1514.27664
G1 X125.068 Y122.188 E1514.30605
G1 X124.322 Y122.745 E1514.33702
G1 X123.807 Y123.096 E1514.35774
G1 X123.548 Y123.273 E1514.36818
G1 X123.481 Y123.315 E1514.37081
G1 X123.481 Y123.273
G1 X123.481 Y122.959 E1514.37741
G1 X123.481 Y117.649 E1514.55402
G1 X123.481 Y117.628 E1514.55472
G1 X123.481 Y117.48 E1514.55964
G1 X123.481 Y117.446 E1514.56078
G1 X123.536 Y117.48 E1514.5611
G1 X123.85 Y117.628 E1514.56929
G1 X123.869 Y117.634 E1514.56993
G1 X124.183 Y117.744 E1514.58099
G1 X124.531 Y117.828 E1514.5929
G1 X124.884 Y117.877 E1514.60475
G1 X125.245 Y117.893 E1514.61677
G1 X125.606 Y117.877 E1514.62879
G1 X125.96 Y117.828 E1514.64068
G1 X126.307 Y117.744 E1514.65255
G1 X126.64 Y117.628 E1514.66428
G1 X126.954 Y117.48 E1514.67583
G1 X127.243 Y117.3 E1514.68715
G1 X127.509 Y117.086 E1514.6985
G1 X127.777 Y116.791 E1514.71176
G1 X127.976 Y116.481 E1514.72401
G1 X128.122 Y116.101 E1514.73755
G1 X128.182 Y115.672 E1514.75196
G1 X128.134 Y115.241 E1514.76638
G1 X127.99 Y114.84 E1514.78055
G1 X127.799 Y114.523 E1514.79286
G1 X127.533 Y114.227 E1514.8061
G1 X127.277 Y114.012 E1514.81722
G1 X126.991 Y113.829 E1514.82851
G1 X126.685 Y113.679 E1514.83985
G1 X126.361 Y113.561 E1514.85132
G1 X126.025 Y113.473 E1514.86287
G1 X125.724 Y113.423 E1514.87302
G1 X125.365 Y113.395 E1514.88499
G1 X125.004 Y113.4 E1514.897
G1 X124.647 Y113.439 E1514.90895
G1 X124.297 Y113.511 E1514.92083
G1 X123.96 Y113.616 E1514.93257
G1 X123.806 Y113.683 E1514.93816
G1 X123.639 Y113.754 E1514.94419
G1 X123.481 Y113.843 E1514.95022
G1 X123.481 Y113.755
G1 X123.481 Y113.573 E1514.95476
G1 X123.481 Y107.473 E1515.15764
G1 X123.481 Y107.427 E1515.15917
G1 X123.481 Y107.249 E1515.16509
G1 X123.48 Y107.183 E1515.16729
G1 X123.556 Y107.248 E1515.16777
G1 X123.823 Y107.427 E1515.17492
G1 X123.863 Y107.448 E1515.17633
G1 X124.128 Y107.586 E1515.18627
G1 X124.455 Y107.713 E1515.19793
G1 X124.798 Y107.807 E1515.20976
G1 X125.151 Y107.868 E1515.22168
G1 X125.507 Y107.896 E1515.23355
G1 X125.805 Y107.894 E1515.24347
G1 X126.11 Y107.868 E1515.25365
G1 X126.41 Y107.819 E1515.26376
G1 X126.757 Y107.729 E1515.27568
G1 X127.091 Y107.605 E1515.28753
G1 X127.405 Y107.446 E1515.29924
G1 X127.69 Y107.258 E1515.31059
G1 X127.948 Y107.038 E1515.32187
G1 X128.189 Y106.762 E1515.33406
G1 X128.256 Y106.648 E1515.33845
G1 X128.397 Y106.408 E1515.34601
G1 X128.533 Y105.996 E1515.3534
G1 X128.566 Y105.559 E1515.35691
G1 X128.49 Y105.133 E1515.36124
G1 X128.323 Y104.744 E1515.37
G1 X128.254 Y104.641 E1515.37374
G1 X128.117 Y104.439 E1515.38185
G1 X127.831 Y104.151 E1515.39535
G1 X127.562 Y103.947 E1515.40658
G1 X127.271 Y103.778 E1515.41778
G1 X126.958 Y103.637 E1515.42919
G1 X126.628 Y103.53 E1515.44073
G1 X126.284 Y103.453 E1515.45246
G1 X125.938 Y103.41 E1515.46405
G1 X125.629 Y103.397 E1515.47434
G1 X125.27 Y103.413 E1515.48629
G1 X124.913 Y103.463 E1515.49828
G1 X124.568 Y103.547 E1515.51009
G1 X124.237 Y103.662 E1515.52175
G1 X123.923 Y103.81 E1515.53329
G1 X123.82 Y103.874 E1515.53733
G1 X123.632 Y103.99 E1515.54467
G1 X123.48 Y104.113 E1515.55118
G1 X123.48 Y103.991 E1515.55136
G1 X123.48 Y103.77 E1515.55673
G1 X123.48 Y97.473 E1515.76616
G1 X123.48 Y97.427 E1515.76769
G1 X123.48 Y97.249 E1515.77361
G1 X123.479 Y97.182 E1515.77584
G1 X123.556 Y97.248 E1515.77635
G1 X123.823 Y97.427 E1515.78352
G1 X123.863 Y97.448 E1515.78493
G1 X124.128 Y97.586 E1515.79487
G1 X124.455 Y97.713 E1515.80654
G1 X124.798 Y97.807 E1515.81837
G1 X125.151 Y97.868 E1515.83028
G1 X125.507 Y97.896 E1515.84216
G1 X125.805 Y97.894 E1515.85207
G1 X126.11 Y97.868 E1515.86225
G1 X126.41 Y97.819 E1515.87236
G1 X126.757 Y97.729 E1515.88429
G1 X127.091 Y97.605 E1515.89614
G1 X127.405 Y97.446 E1515.90784
G1 X127.69 Y97.258 E1515.9192
G1 X127.948 Y97.038 E1515.93048
G1 X128.189 Y96.762 E1515.94266
G1 X128.257 Y96.647 E1515.94711
G1 X128.397 Y96.408 E1515.95463
G1 X128.533 Y95.996 E1515.96143
G1 X128.566 Y95.559 E1515.96494
G0 F9000 X128.163 Y95.58
;TYPE:WALL-OUTER
G1 F955.6 X128.104 Y95.248 E1515.97616
G1 X127.97 Y94.936 E1515.98745
G1 X127.807 Y94.694 E1515.99715
G1 X127.567 Y94.453 E1516.00847
G1 X127.34 Y94.28 E1516.01796
G1 X127.088 Y94.134 E1516.02765
G1 X126.814 Y94.011 E1516.03763
G1 X126.522 Y93.916 E1516.04785
G1 X126.216 Y93.848 E1516.05827
G1 X125.904 Y93.809 E1516.06873
G1 X125.63 Y93.797 E1516.07785
G1 X125.307 Y93.812 E1516.08861
G1 X124.988 Y93.856 E1516.09932
G1 X124.681 Y93.931 E1516.10983
G1 X124.388 Y94.033 E1516.12015
G1 X124.114 Y94.162 E1516.13022
G1 X123.864 Y94.317 E1516.14
G1 X123.643 Y94.496 E1516.14946
G1 X123.474 Y94.674 E1516.15763
G1 X123.446 Y94.704 E1516.15899
G1 X123.259 Y94.992 E1516.17041
G1 X123.137 Y95.31 E1516.18174
G1 X123.098 Y95.57 E1516.19049
G1 X123.118 Y95.9 E1516.20148
G1 X123.221 Y96.225 E1516.21282
G1 X123.396 Y96.525 E1516.22437
G1 X123.47 Y96.611 E1516.22815
G1 X123.583 Y96.743 E1516.23393
G1 X123.799 Y96.929 E1516.24341
G1 X124.028 Y97.083 E1516.25259
G1 X124.293 Y97.221 E1516.26252
G1 X124.581 Y97.333 E1516.2728
G1 X124.885 Y97.416 E1516.28328
G1 X125.201 Y97.471 E1516.29395
G1 X125.521 Y97.496 E1516.30463
G1 X125.787 Y97.494 E1516.31347
G1 X126.061 Y97.471 E1516.32262
G1 X126.327 Y97.427 E1516.33159
G1 X126.637 Y97.347 E1516.34223
G1 X126.931 Y97.238 E1516.35266
G1 X127.204 Y97.1 E1516.36284
G1 X127.449 Y96.938 E1516.37261
G1 X127.666 Y96.753 E1516.38209
G1 X127.863 Y96.527 E1516.39206
G1 X128.031 Y96.242 E1516.40307
G1 X128.138 Y95.917 E1516.41445
G1 X128.163 Y95.58 E1516.42569
G0 F9000 X128.602 Y95.558
G0 X128.361 Y105.595
G0 X128.163 Y105.58
G1 F955.6 X128.104 Y105.248 E1516.4369
G1 X127.97 Y104.936 E1516.44819
G1 X127.807 Y104.694 E1516.4579
G1 X127.567 Y104.453 E1516.46921
G1 X127.34 Y104.28 E1516.4787
G1 X127.088 Y104.134 E1516.48839
G1 X126.814 Y104.011 E1516.49838
G1 X126.522 Y103.916 E1516.50859
G1 X126.216 Y103.848 E1516.51902
G1 X125.904 Y103.809 E1516.52948
G1 X125.63 Y103.797 E1516.5386
G1 X125.307 Y103.812 E1516.54935
G1 X124.988 Y103.856 E1516.56006
G1 X124.681 Y103.931 E1516.57058
G1 X124.388 Y104.033 E1516.58089
G1 X124.114 Y104.162 E1516.59097
G1 X123.864 Y104.317 E1516.60075
G1 X123.643 Y104.496 E1516.61021
G1 X123.475 Y104.673 E1516.61833
G1 X123.446 Y104.704 E1516.61974
G1 X123.259 Y104.992 E1516.63116
G1 X123.137 Y105.31 E1516.64249
G1 X123.098 Y105.57 E1516.65123
G1 X123.118 Y105.9 E1516.66223
G1 X123.221 Y106.225 E1516.67357
G1 X123.396 Y106.525 E1516.68512
G1 X123.47 Y106.611 E1516.68889
G1 X123.583 Y106.743 E1516.69467
G1 X123.799 Y106.929 E1516.70415
G1 X124.028 Y107.083 E1516.71333
G1 X124.293 Y107.221 E1516.72327
G1 X124.581 Y107.333 E1516.73355
G1 X124.885 Y107.416 E1516.74403
G1 X125.201 Y107.471 E1516.7547
G1 X125.521 Y107.496 E1516.76537
G1 X125.787 Y107.494 E1516.77422
G1 X126.061 Y107.471 E1516.78336
G1 X126.327 Y107.427 E1516.79233
G1 X126.637 Y107.347 E1516.80298
G1 X126.931 Y107.238 E1516.81341
G1 X127.204 Y107.1 E1516.82358
G1 X127.449 Y106.938 E1516.83335
G1 X127.666 Y106.753 E1516.84284
G1 X127.863 Y106.527 E1516.85281
G1 X128.031 Y106.242 E1516.86381
G1 X128.138 Y105.917 E1516.87519
G1 X128.163 Y105.58 E1516.88643
G0 F9000 X128.602 Y105.558
G1 F2400 E1516.08643
G0 F9000 X123.495 Y114.159
G0 X123.188 Y114.727
G0 X123.081 Y114.687
G1 F2400 E1516.88643
G1 F1911.3 X123.081 Y114.625 E1516.88849
G1 X123.081 Y114.431 E1516.89495
G1 X123.081 Y114.28 E1516.89997
G1 X123.081 Y106.639 E1517.15411
G1 X123.081 Y106.525 E1517.15679
G1 X123.081 Y106.225 E1517.16229
G1 X123.081 Y105.9 E1517.16457
G1 X123.081 Y105.57 E1517.16531
G1 X123.081 Y105.31 E1517.16609
G1 X123.081 Y104.992 E1517.16905
G1 X123.081 Y104.705 E1517.1763
G1 X123.081 Y104.662 E1517.17767
G1 X123.081 Y96.639 E1517.44452
G1 X123.081 Y96.525 E1517.4472
G1 X123.081 Y96.225 E1517.4527
G1 X123.081 Y95.9 E1517.45498
G1 X123.081 Y95.57 E1517.45573
G1 X123.081 Y95.31 E1517.4565
G1 X123.081 Y94.993 E1517.46007
G1 X123.08 Y94.705 E1517.46643
G1 X123.08 Y94.663 E1517.46777
G1 X123.079 Y92.167 E1517.55079
G1 X123.079 Y91.967 E1517.55744
G1 X123.279 Y91.967 E1517.56174
G1 X128.845 Y91.967 E1517.74687
G1 X129.045 Y91.967 E1517.75352
G1 X129.045 Y92.167 E1517.75783
G1 X129.043 Y108.946 E1518.3159
G1 X129.045 Y112.791 E1518.44379
G1 X129.043 Y113.962 E1518.48273
G1 X129.045 Y114.102 E1518.48739
G1 X129.044 Y118.689 E1518.63996
G1 X129.001 Y118.751 E1518.64247
G1 X128.493 Y119.409 E1518.67011
G1 X127.933 Y120.067 E1518.69885
G1 X127.333 Y120.707 E1518.72803
G1 X126.689 Y121.334 E1518.75792
G1 X126.02 Y121.929 E1518.7877
G1 X125.307 Y122.509 E1518.81827
G1 X124.559 Y123.067 E1518.84931
G1 X123.77 Y123.606 E1518.88109
G1 X123.386 Y123.847 E1518.89617
G1 X123.081 Y124.038 E1518.90814
G1 X123.081 Y123.679 E1518.91486
G1 X123.081 Y123.677 E1518.91493
G1 X123.081 Y116.974 E1519.13787
G1 X123.081 Y116.973 E1519.1379
G1 X123.081 Y116.794 E1519.14385
G1 X123.081 Y116.598 E1519.15037
G1 X123.256 Y116.794 E1519.15352
G1 X123.479 Y116.973 E1519.16104
G1 X123.728 Y117.128 E1519.1708
G1 X124.002 Y117.257 E1519.18087
G1 X124.296 Y117.36 E1519.19123
G1 X124.605 Y117.434 E1519.2018
G1 X124.921 Y117.478 E1519.21241
G1 X125.245 Y117.493 E1519.2232
G1 X125.569 Y117.478 E1519.23399
G1 X125.886 Y117.434 E1519.24463
G1 X126.194 Y117.36 E1519.25517
G1 X126.488 Y117.257 E1519.26553
G1 X126.762 Y117.128 E1519.2756
G1 X127.011 Y116.973 E1519.28535
G1 X127.234 Y116.794 E1519.29487
G1 X127.458 Y116.547 E1519.30596
G1 X127.617 Y116.299 E1519.31575
G1 X127.732 Y116 E1519.32641
G1 X127.779 Y115.666 E1519.33763
G1 X127.742 Y115.332 E1519.3488
G1 X127.627 Y115.013 E1519.36008
G1 X127.476 Y114.762 E1519.36983
G1 X127.254 Y114.515 E1519.38087
G1 X127.039 Y114.335 E1519.3902
G1 X126.795 Y114.178 E1519.39985
G1 X126.528 Y114.048 E1519.40973
G1 X126.242 Y113.943 E1519.41986
G1 X125.941 Y113.865 E1519.4302
G1 X125.675 Y113.82 E1519.43917
G1 X125.353 Y113.795 E1519.44992
G1 X125.029 Y113.8 E1519.46069
G1 X124.709 Y113.835 E1519.4714
G1 X124.397 Y113.899 E1519.48199
G1 X124.099 Y113.992 E1519.49238
G1 X123.817 Y114.113 E1519.50258
G1 X123.559 Y114.259 E1519.51244
G1 X123.45 Y114.34 E1519.51696
G1 X123.329 Y114.43 E1519.52112
G1 X123.126 Y114.625 E1519.52736
G1 X123.081 Y114.687 E1519.52783
G1 F2400 E1518.72783
G0 F9000 X123.032 Y114.802
G0 X123.188 Y114.417
G0 X125.037 Y113.238
;TYPE:FILL
G1 F2400 E1519.52783
G1 F3822.6 X123.639 Y111.84 E1519.59359
G0 F9000 X125.341 Y113.235
G1 F3822.6 X126.774 Y107.887 E1519.77774
G0 F9000 X127.974 Y106.61
G0 X128.16 Y106.298
G0 X128.275 Y105.945
G0 X128.303 Y105.569
G0 X127.83 Y103.947
G1 F3822.6 X128.483 Y101.508 E1519.86172
G0 F9000 X128.483 Y101.26
G1 F3822.6 X123.639 Y102.558 E1520.02851
G0 F9000 X126.683 Y97.913
G1 F3822.6 X128.483 Y99.714 E1520.1132
G0 F9000 X128.482 Y113.683
G1 F3822.6 X127.459 Y113.958 E1520.14844
G0 F9000 X128.397 Y116.599
G1 F3822.6 X128.483 Y116.684 E1520.15246
G0 F9000 X126.163 Y117.483
G0 X124.096 Y117.883
G1 F3822.6 X123.64 Y119.583 E1520.211
G0 F9000 X123.87 Y122.738
G0 X123.9 Y122.768
;TYPE:SKIN
G1 F1194.5 X123.708 Y122.859 E1520.21492
G0 F9000 X123.655 Y122.806
G0 X128.228 Y116.632
G0 X128.183 Y116.587
G1 F1194.5 X128.342 Y116.463 E1520.2185
G1 X128.392 Y115.381 E1520.23772
G1 X128.351 Y114.774 E1520.24852
G0 F9000 X128.469 Y114.892
G0 X126.286 Y113.81
G0 X125.757 Y113.724
G0 X123.732 Y113.56
G0 X123.712 Y113.53
G1 F1194.5 X123.655 Y113.472 E1520.24988
G0 F9000 X128.414 Y107.201
G0 X128.313 Y107.1
G1 F1194.5 X128.404 Y106.908 E1520.25759
G0 F9000 X128.467 Y106.971
G0 X128.468 Y104.426
G0 X128.345 Y104.303
G1 F1194.5 X128.445 Y104.121 E1520.26447
G0 F9000 X128.468 Y104.144
G0 X128.25 Y97.138
G0 X128.207 Y97.095
G1 F1194.5 X128.382 Y96.987 E1520.26792
G1 X128.438 Y96.76 E1520.27184
G0 F9000 X128.453 Y96.66
G0 X128.535 Y94.528
G0 X128.31 Y94.369
G1 F1194.5 X128.41 Y94.186 E1520.28206
G0 F9000 X128.469 Y94.245
G0 X125.914 Y93.67
G0 X123.682 Y93.788
G0 X123.713 Y93.732
G1 F1194.5 X123.655 Y93.673 E1520.28344
G0 F9000 X123.579 Y93.621
G1 F2400 E1519.48344
;MESH:NONMESH
G0 F300 X123.579 Y93.621 Z12
G0 F9000 X126.243 Y93.711
G0 X127.155 Y94.011
G0 X127.66 Y94.348
G0 X128.093 Y94.869
G0 X128.239 Y95.21
G0 X128.303 Y95.569
G0 X128.275 Y95.945
G0 X128.16 Y96.298
G0 X127.765 Y96.851
G0 X126.986 Y97.366
G0 X126.071 Y97.61
G0 X125.192 Y97.61
G0 X124.922 Y97.537
G0 X123.68 Y103.84
;TIME_ELAPSED:1949.814525
;LAYER:59
;TYPE:WALL-INNER
;MESH:1x_1xm_pusher.stl
G1 F2400 E1520.28344
G1 F1344.7 X123.68 Y103.758 E1520.28617
G1 X123.68 Y103.565 E1520.29259
G1 X123.68 Y97.662 E1520.48892
G1 X123.68 Y97.632 E1520.48992
G1 X123.68 Y97.484 E1520.49484
G1 X123.68 Y97.457 E1520.49574
G1 X123.723 Y97.484
G1 X124.036 Y97.632 E1520.50368
G1 X124.064 Y97.641 E1520.50461
G1 X124.368 Y97.748 E1520.51533
G1 X124.715 Y97.832 E1520.5272
G1 X125.07 Y97.881 E1520.53912
G1 X125.43 Y97.897 E1520.55111
G1 X125.791 Y97.881 E1520.56313
G1 X126.145 Y97.832 E1520.57501
G1 X126.493 Y97.748 E1520.58692
G1 X126.825 Y97.632 E1520.59862
G1 X127.138 Y97.484 E1520.61013
G1 X127.427 Y97.305 E1520.62144
G1 X127.695 Y97.09 E1520.63287
G1 X127.963 Y96.794 E1520.64615
G1 X128.161 Y96.483 E1520.65841
G1 X128.306 Y96.107 E1520.67181
G1 X128.368 Y95.676 E1520.6863
G1 X128.32 Y95.245 E1520.70072
G1 X128.176 Y94.844 E1520.71489
G1 X127.984 Y94.526 E1520.72725
G1 X127.718 Y94.23 E1520.74048
G1 X127.46 Y94.015 E1520.75165
G1 X127.177 Y93.833 E1520.76284
G1 X126.871 Y93.684 E1520.77416
G1 X126.547 Y93.565 E1520.78564
G1 X126.211 Y93.478 E1520.79719
G1 X125.91 Y93.426 E1520.80735
G1 X125.55 Y93.399 E1520.81936
G1 X125.191 Y93.403 E1520.8313
G1 X124.832 Y93.442 E1520.84331
G1 X124.482 Y93.515 E1520.8552
G1 X124.144 Y93.62 E1520.86697
G1 X124.002 Y93.682 E1520.87212
G1 X123.825 Y93.758 E1520.87853
G1 X123.68 Y93.84 E1520.88407
G1 X123.68 Y93.759
G1 X123.68 Y93.566 E1520.88879
G1 X123.679 Y92.566 E1520.92205
G1 X123.679 Y92.367 E1520.92867
G1 X123.878 Y92.367 E1520.93295
G1 X128.646 Y92.367 E1521.09153
G1 X128.845 Y92.367 E1521.09815
G1 X128.845 Y92.566 E1521.10243
G1 X128.843 Y109.31 E1521.65934
G1 X128.845 Y112.59 E1521.76843
G1 X128.843 Y113.81 E1521.80901
G1 X128.845 Y113.923 E1521.81277
G1 X128.845 Y117.988 E1521.94797
G1 X128.496 Y118.491 E1521.96834
G1 X127.976 Y119.164 E1521.99662
G1 X127.441 Y119.793 E1522.02409
G1 X126.845 Y120.429 E1522.05308
G1 X126.215 Y121.042 E1522.08231
G1 X125.554 Y121.63 E1522.11174
G1 X124.862 Y122.193 E1522.14141
G1 X124.121 Y122.745 E1522.17214
G1 X123.993 Y122.833 E1522.17731
G1 X123.681 Y123.046 E1522.18987
G1 X123.681 Y122.669 E1522.19687
G1 X123.681 Y122.668 E1522.1969
G1 X123.681 Y117.847 E1522.35725
G1 X123.681 Y117.71 E1522.3618
G1 X123.68 Y117.635 E1522.3643
G1 X123.87 Y117.709 E1522.36799
G1 X124.002 Y117.745 E1522.37159
G1 X124.214 Y117.803 E1522.3789
G1 X124.565 Y117.864 E1522.39075
G1 X124.926 Y117.892 E1522.40279
G1 X125.286 Y117.887 E1522.41477
G1 X125.643 Y117.848 E1522.42671
G1 X125.994 Y117.776 E1522.43863
G1 X126.33 Y117.671 E1522.45034
G1 X126.651 Y117.533 E1522.46196
G1 X126.95 Y117.364 E1522.47338
G1 X127.22 Y117.163 E1522.48458
G1 X127.464 Y116.929 E1522.49582
G1 X127.699 Y116.615 E1522.50887
G1 X127.865 Y116.28 E1522.5213
G1 X127.963 Y115.892 E1522.53461
G1 X127.972 Y115.464 E1522.54885
G1 X127.878 Y115.045 E1522.56313
G1 X127.72 Y114.706 E1522.57557
G1 X127.488 Y114.388 E1522.58866
G1 X127.224 Y114.127 E1522.60101
G1 X126.949 Y113.923 E1522.6124
G1 X126.651 Y113.754 E1522.6238
G1 X126.33 Y113.616 E1522.63542
G1 X125.994 Y113.511 E1522.64712
G1 X125.643 Y113.439 E1522.65904
G1 X125.286 Y113.4 E1522.67099
G1 X124.926 Y113.395 E1522.68296
G1 X124.565 Y113.423 E1522.695
G1 X124.214 Y113.484 E1522.70685
G1 X124.002 Y113.542 E1522.71416
G1 X123.871 Y113.578 E1522.71868
G1 X123.68 Y113.652 E1522.7255
G1 X123.68 Y113.579
G1 X123.68 Y113.443 E1522.72908
G1 X123.68 Y107.662 E1522.92136
G1 X123.68 Y107.632 E1522.92236
G1 X123.68 Y107.485 E1522.92725
G1 X123.679 Y107.457 E1522.92818
G1 X123.723 Y107.484
G1 X124.036 Y107.632 E1522.93612
G1 X124.064 Y107.641 E1522.93705
G1 X124.368 Y107.748 E1522.94777
G1 X124.715 Y107.832 E1522.95964
G1 X125.07 Y107.881 E1522.97156
G1 X125.43 Y107.897 E1522.98355
G1 X125.791 Y107.881 E1522.99557
G1 X126.145 Y107.832 E1523.00745
G1 X126.493 Y107.748 E1523.01936
G1 X126.825 Y107.632 E1523.03106
G1 X127.138 Y107.484 E1523.04257
G1 X127.427 Y107.305 E1523.05388
G1 X127.695 Y107.09 E1523.06531
G1 X127.963 Y106.794 E1523.07859
G1 X128.161 Y106.483 E1523.09085
G1 X128.306 Y106.107 E1523.10425
G1 X128.368 Y105.676 E1523.11874
G1 X128.32 Y105.245 E1523.13316
G1 X128.176 Y104.844 E1523.14733
G1 X127.984 Y104.526 E1523.15969
G1 X127.718 Y104.23 E1523.17292
G1 X127.46 Y104.015 E1523.18409
G1 X127.177 Y103.833 E1523.19528
G1 X126.871 Y103.684 E1523.2066
G1 X126.547 Y103.565 E1523.21808
G1 X126.211 Y103.478 E1523.22963
G1 X125.91 Y103.426 E1523.23979
G1 X125.55 Y103.399 E1523.2518
G1 X125.191 Y103.403 E1523.26374
G1 X124.832 Y103.442 E1523.27575
G1 X124.482 Y103.515 E1523.28764
G1 X124.144 Y103.62 E1523.29941
G1 X124.002 Y103.682 E1523.30456
G1 X123.825 Y103.758 E1523.30926
G1 X123.68 Y103.84 E1523.31182
G0 F9000 X123.28 Y104.671
;TYPE:WALL-OUTER
G1 F1344.7 X123.28 Y104.629 E1523.31322
G1 X123.28 Y104.434 E1523.31971
G1 X123.28 Y104.27 E1523.32516
G1 X123.28 Y96.992 E1523.56723
G1 X123.28 Y96.978 E1523.56769
G1 X123.28 Y96.798 E1523.57368
G1 X123.28 Y96.619 E1523.57964
G1 X123.441 Y96.798 E1523.58242
G1 X123.664 Y96.978 E1523.5897
G1 X123.675 Y96.985 E1523.59013
G1 X123.914 Y97.132 E1523.59946
G1 X124.188 Y97.261 E1523.60954
G1 X124.481 Y97.364 E1523.61987
G1 X124.789 Y97.438 E1523.6304
G1 X125.107 Y97.482 E1523.64108
G1 X125.43 Y97.497 E1523.65183
G1 X125.754 Y97.482 E1523.66262
G1 X126.071 Y97.438 E1523.67327
G1 X126.38 Y97.364 E1523.68383
G1 X126.673 Y97.261 E1523.69416
G1 X126.947 Y97.132 E1523.70424
G1 X127.196 Y96.978 E1523.71397
G1 X127.42 Y96.798 E1523.72353
G1 X127.644 Y96.551 E1523.73462
G1 X127.802 Y96.302 E1523.74443
G1 X127.917 Y96.005 E1523.75502
G1 X127.965 Y95.67 E1523.76628
G1 X127.928 Y95.336 E1523.77746
G1 X127.813 Y95.017 E1523.78873
G1 X127.661 Y94.765 E1523.79852
G1 X127.44 Y94.519 E1523.80952
G1 X127.223 Y94.338 E1523.81892
G1 X126.98 Y94.182 E1523.82852
G1 X126.714 Y94.052 E1523.83837
G1 X126.428 Y93.947 E1523.8485
G1 X126.127 Y93.869 E1523.85885
G1 X125.861 Y93.823 E1523.86783
G1 X125.538 Y93.799 E1523.8786
G1 X125.215 Y93.803 E1523.88934
G1 X124.895 Y93.838 E1523.90005
G1 X124.582 Y93.903 E1523.91068
G1 X124.283 Y93.996 E1523.9211
G1 X124.003 Y94.117 E1523.93124
G1 X123.745 Y94.263 E1523.9411
G1 X123.646 Y94.337 E1523.94521
G1 X123.514 Y94.434 E1523.95066
G1 X123.311 Y94.629 E1523.96002
G1 X123.28 Y94.671 E1523.96176
G1 X123.28 Y94.629
G1 X123.28 Y94.435 E1523.96481
G1 X123.28 Y94.271 E1523.96925
G1 X123.279 Y92.167 E1524.03923
G1 X123.279 Y91.967 E1524.04589
G1 X123.479 Y91.967 E1524.05019
G1 X129.045 Y91.967 E1524.23532
G1 X129.245 Y91.967 E1524.24197
G1 X129.245 Y92.167 E1524.24628
G1 X129.243 Y109.31 E1524.81646
G1 X129.245 Y112.59 E1524.92555
G1 X129.243 Y113.807 E1524.96603
G1 X129.245 Y113.923 E1524.96989
G1 X129.245 Y118.114 E1525.10928
G1 X128.813 Y118.736 E1525.13447
G1 X128.293 Y119.409 E1525.16276
G1 X127.733 Y120.067 E1525.19149
G1 X127.133 Y120.707 E1525.22067
G1 X126.489 Y121.334 E1525.25057
G1 X125.82 Y121.929 E1525.28034
G1 X125.101 Y122.514 E1525.31117
G1 X124.358 Y123.067 E1525.34198
G1 X123.656 Y123.547 E1525.37026
G1 X123.57 Y123.606 E1525.37373
G1 X123.281 Y123.788 E1525.38509
G1 X123.281 Y123.606 E1525.38622
G1 X123.281 Y123.501 E1525.38928
G1 X123.281 Y117.275 E1525.59636
G1 X123.281 Y117.08 E1525.60285
G1 X123.28 Y116.969 E1525.60654
G1 X123.444 Y117.079 E1525.60946
G1 X123.617 Y117.169 E1525.6143
G1 X123.709 Y117.217 E1525.61775
G1 X123.996 Y117.329 E1525.628
G1 X124.301 Y117.412 E1525.63851
G1 X124.615 Y117.467 E1525.64912
G1 X124.938 Y117.492 E1525.65989
G1 X125.261 Y117.487 E1525.67063
G1 X125.581 Y117.452 E1525.68134
G1 X125.894 Y117.388 E1525.69197
G1 X126.191 Y117.295 E1525.70232
G1 X126.473 Y117.174 E1525.71252
G1 X126.731 Y117.028 E1525.72238
G1 X126.961 Y116.857 E1525.73192
G1 X127.163 Y116.663 E1525.74123
G1 X127.357 Y116.404 E1525.752
G1 X127.488 Y116.141 E1525.76177
G1 X127.564 Y115.838 E1525.77216
G1 X127.571 Y115.504 E1525.78327
G1 X127.497 Y115.175 E1525.79449
G1 X127.374 Y114.91 E1525.8042
G1 X127.184 Y114.65 E1525.81491
G1 X126.963 Y114.431 E1525.82526
G1 X126.731 Y114.259 E1525.83487
G1 X126.473 Y114.113 E1525.84473
G1 X126.191 Y113.992 E1525.85493
G1 X125.894 Y113.899 E1525.86528
G1 X125.581 Y113.835 E1525.87591
G1 X125.261 Y113.8 E1525.88662
G1 X124.938 Y113.795 E1525.89736
G1 X124.615 Y113.82 E1525.90814
G1 X124.301 Y113.875 E1525.91874
G1 X123.996 Y113.958 E1525.92925
G1 X123.71 Y114.069 E1525.93946
G1 X123.616 Y114.118 E1525.94298
G1 X123.444 Y114.207 E1525.94942
G1 X123.28 Y114.318 E1525.95601
G1 X123.28 Y114.208 E1525.95603
G1 X123.28 Y114.014 E1525.96086
G1 X123.28 Y106.992 E1526.19441
G1 X123.28 Y106.978 E1526.19488
G1 X123.28 Y106.799 E1526.20083
G1 X123.279 Y106.619 E1526.20682
G1 X123.441 Y106.798 E1526.20961
G1 X123.664 Y106.978 E1526.2169
G1 X123.675 Y106.985 E1526.21732
G1 X123.914 Y107.132 E1526.22666
G1 X124.188 Y107.261 E1526.23673
G1 X124.481 Y107.364 E1526.24706
G1 X124.789 Y107.438 E1526.25759
G1 X125.107 Y107.482 E1526.26827
G1 X125.43 Y107.497 E1526.27903
G1 X125.754 Y107.482 E1526.28981
G1 X126.071 Y107.438 E1526.30046
G1 X126.38 Y107.364 E1526.31103
G1 X126.673 Y107.261 E1526.32136
G1 X126.947 Y107.132 E1526.33143
G1 X127.196 Y106.978 E1526.34117
G1 X127.42 Y106.798 E1526.35072
G1 X127.644 Y106.551 E1526.36181
G1 X127.802 Y106.302 E1526.37162
G1 X127.917 Y106.005 E1526.38222
G1 X127.965 Y105.67 E1526.39347
G1 X127.928 Y105.336 E1526.40465
G1 X127.813 Y105.017 E1526.41593
G1 X127.661 Y104.765 E1526.42571
G1 X127.44 Y104.519 E1526.43671
G1 X127.223 Y104.338 E1526.44611
G1 X126.98 Y104.182 E1526.45572
G1 X126.714 Y104.052 E1526.46556
G1 X126.428 Y103.947 E1526.4757
G1 X126.127 Y103.869 E1526.48604
G1 X125.861 Y103.823 E1526.49502
G1 X125.538 Y103.799 E1526.50579
G1 X125.215 Y103.803 E1526.51653
G1 X124.895 Y103.838 E1526.52724
G1 X124.582 Y103.903 E1526.53787
G1 X124.283 Y103.996 E1526.54829
G1 X124.003 Y104.117 E1526.55843
G1 X123.745 Y104.263 E1526.56829
G1 X123.646 Y104.337 E1526.5724
G1 X123.514 Y104.434 E1526.57678
G1 X123.311 Y104.629 E1526.58126
G1 X123.28 Y104.671 E1526.58156
G1 F2400 E1525.78156
G0 F9000 X123.228 Y104.791
G0 X123.387 Y104.406
G0 X123.839 Y102.651
;TYPE:FILL
G1 F2400 E1526.58156
G1 F2689.5 X128.683 Y101.353 E1526.74836
G0 F9000 X128.683 Y100.213
G1 F2689.5 X127.673 Y103.984 E1526.87821
G0 F9000 X128.064 Y105.306
G0 X128.105 Y105.674
G0 X128.052 Y106.041
G0 X127.812 Y106.522
G0 X126.632 Y107.867
G1 F2689.5 X125.193 Y113.238 E1527.06315
G0 F9000 X125.238 Y113.238
G1 F2689.5 X123.838 Y111.838 E1527.129
G0 F9000 X127.436 Y114.111
G1 F2689.5 X128.682 Y113.777 E1527.1719
G0 F9000 X128.078 Y116.079
G1 F2689.5 X128.684 Y116.684 E1527.20038
G0 F9000 X125.908 Y117.499
G0 X123.946 Y117.893
G1 F2689.5 X123.839 Y118.291 E1527.21409
G0 F9000 X126.534 Y117.299
G0 X127.052 Y116.962
G0 X127.477 Y116.476
G0 X127.659 Y115.974
G0 X128.683 Y99.713
G1 F2689.5 X126.784 Y97.814 E1527.30341
G0 F9000 X128.329 Y96.529
G0 X128.499 Y96.359
;TYPE:SKIN
G1 F840.5 X128.576 Y96 E1527.31111
G1 X128.546 Y94.898 E1527.3342
G1 X128.423 Y94.739 E1527.33841
G0 F9000 X128.35 Y94.812
G0 X128.669 Y96.473
G1 F840.5 X128.508 Y96.634 E1527.3422
G0 F9000 X128.667 Y104.677
G0 X128.532 Y104.811
G1 F840.5 X128.34 Y104.722 E1527.34594
G1 X128.57 Y105.057 E1527.35312
G1 X128.583 Y105.892 E1527.36786
G1 X128.547 Y106.494 E1527.37852
G0 F9000 X128.667 Y106.375
G0 X127.773 Y104.681
G0 X127.307 Y104.227
G0 X126.472 Y103.814
G0 X123.941 Y103.368
G0 X123.962 Y103.442
G1 F840.5 X123.853 Y103.551 E1527.38108
G0 F9000 X126.158 Y103.732
G0 X127.049 Y104.061
G0 X127.536 Y104.417
G0 X127.939 Y104.956
G0 X128.064 Y105.306
G0 X128.105 Y105.674
G0 X127.703 Y115.856
G0 X127.521 Y116.358
G0 X123.961 Y122.394
G0 X123.908 Y122.447
G1 F840.5 X124.116 Y122.521 E1527.38513
G0 F9000 X124.15 Y122.488
G1 F2400 E1526.58513
;MESH:NONMESH
G0 F300 X124.15 Y122.488 Z12.2
G0 F9000 X123.881 Y122.772
;TIME_ELAPSED:1963.103489
;LAYER:60
;TYPE:WALL-INNER
;MESH:1x_1xm_pusher.stl
G1 F2400 E1527.38513
G1 F1205.2 X123.881 Y122.745 E1527.38603
G1 X123.881 Y122.388 E1527.39791
G1 X123.881 Y117.866 E1527.54831
G1 X123.881 Y117.848 E1527.54891
G1 X123.881 Y117.771 E1527.55147
G1 X123.897 Y117.776
G1 X124.247 Y117.848 E1527.56006
G1 X124.264 Y117.849 E1527.5606
G1 X124.604 Y117.887 E1527.57198
G1 X124.965 Y117.892 E1527.58399
G1 X125.325 Y117.864 E1527.596
G1 X125.676 Y117.803 E1527.60785
G1 X126.02 Y117.709 E1527.61971
G1 X126.348 Y117.582 E1527.63141
G1 X126.651 Y117.424 E1527.64278
G1 X126.934 Y117.234 E1527.65411
G1 X127.188 Y117.009 E1527.6654
G1 X127.435 Y116.711 E1527.67827
G1 X127.622 Y116.383 E1527.69083
G1 X127.743 Y116.007 E1527.70397
G1 X127.78 Y115.579 E1527.71826
G1 X127.713 Y115.157 E1527.73247
G1 X127.574 Y114.802 E1527.74515
G1 X127.361 Y114.477 E1527.75807
G1 X127.107 Y114.2 E1527.77057
G1 X126.844 Y113.988 E1527.78181
G1 X126.554 Y113.806 E1527.7932
G1 X126.239 Y113.659 E1527.80476
G1 X125.907 Y113.543 E1527.81645
G1 X125.56 Y113.459 E1527.82833
G1 X125.206 Y113.41 E1527.84021
G1 X124.845 Y113.393 E1527.85224
G1 X124.483 Y113.41 E1527.86429
G1 X124.215 Y113.448 E1527.87329
G1 X124.131 Y113.459 E1527.87611
G1 X123.881 Y113.519 E1527.88466
G1 X123.881 Y113.459
G1 X123.881 Y113.374 E1527.88709
G1 X123.881 Y107.86 E1528.07049
G1 X123.881 Y107.713 E1528.07538
G1 X123.881 Y107.645 E1528.07764
G1 X124.055 Y107.713 E1528.08098
G1 X124.197 Y107.751 E1528.08477
G1 X124.398 Y107.807 E1528.09171
G1 X124.751 Y107.868 E1528.10362
G1 X125.11 Y107.896 E1528.1156
G1 X125.472 Y107.891 E1528.12764
G1 X125.829 Y107.852 E1528.13959
G1 X126.178 Y107.78 E1528.15144
G1 X126.516 Y107.675 E1528.16321
G1 X126.835 Y107.537 E1528.17477
G1 X127.133 Y107.368 E1528.18617
G1 X127.406 Y107.167 E1528.19744
G1 X127.649 Y106.933 E1528.20866
G1 X127.884 Y106.618 E1528.22173
G1 X128.049 Y106.284 E1528.23412
G1 X128.149 Y105.897 E1528.24742
G1 X128.158 Y105.464 E1528.26182
G1 X128.061 Y105.049 E1528.276
G1 X127.906 Y104.711 E1528.28837
G1 X127.674 Y104.392 E1528.30148
G1 X127.409 Y104.13 E1528.31388
G1 X127.133 Y103.927 E1528.32527
G1 X126.835 Y103.758 E1528.33667
G1 X126.516 Y103.62 E1528.34823
G1 X126.179 Y103.515 E1528.35997
G1 X125.83 Y103.442 E1528.37183
G1 X125.47 Y103.403 E1528.38387
G1 X125.11 Y103.399 E1528.39585
G1 X124.751 Y103.426 E1528.40782
G1 X124.396 Y103.488 E1528.41981
G1 X124.197 Y103.544 E1528.42668
G1 X124.056 Y103.582 E1528.43154
G1 X123.88 Y103.65 E1528.43781
G1 X123.88 Y103.582
G1 X123.88 Y103.436 E1528.4416
G1 X123.88 Y97.859 E1528.62709
G1 X123.88 Y97.713 E1528.63195
G1 X123.881 Y97.645 E1528.63421
G1 X124.055 Y97.713 E1528.63755
G1 X124.196 Y97.751 E1528.64133
G1 X124.398 Y97.807 E1528.6483
G1 X124.751 Y97.868 E1528.66022
G1 X125.11 Y97.896 E1528.67219
G1 X125.472 Y97.891 E1528.68423
G1 X125.829 Y97.852 E1528.69618
G1 X126.178 Y97.78 E1528.70803
G1 X126.516 Y97.675 E1528.7198
G1 X126.835 Y97.537 E1528.73136
G1 X127.133 Y97.368 E1528.74276
G1 X127.406 Y97.167 E1528.75403
G1 X127.649 Y96.933 E1528.76525
G1 X127.884 Y96.618 E1528.77833
G1 X128.049 Y96.284 E1528.79072
G1 X128.149 Y95.897 E1528.80401
G1 X128.158 Y95.464 E1528.81842
G1 X128.061 Y95.049 E1528.83259
G1 X127.906 Y94.711 E1528.84496
G1 X127.674 Y94.392 E1528.85808
G1 X127.409 Y94.13 E1528.87047
G1 X127.133 Y93.927 E1528.88187
G1 X126.835 Y93.758 E1528.89326
G1 X126.516 Y93.62 E1528.90482
G1 X126.179 Y93.515 E1528.91656
G1 X125.83 Y93.442 E1528.92842
G1 X125.47 Y93.403 E1528.94046
G1 X125.11 Y93.399 E1528.95244
G1 X124.751 Y93.426 E1528.96441
G1 X124.396 Y93.488 E1528.9764
G1 X124.197 Y93.544 E1528.98327
G1 X124.056 Y93.582 E1528.98813
G1 X123.88 Y93.65 E1528.99441
G1 X123.88 Y93.583
G1 X123.88 Y93.437 E1528.99819
G1 X123.879 Y92.566 E1529.02716
G1 X123.879 Y92.367 E1529.03378
G1 X124.078 Y92.367 E1529.03806
G1 X128.846 Y92.367 E1529.19664
G1 X129.045 Y92.367 E1529.20326
G1 X129.045 Y92.566 E1529.20755
G1 X129.043 Y109.673 E1529.77653
G1 X129.045 Y112.389 E1529.86686
G1 X129.043 Y113.654 E1529.90894
G1 X129.045 Y113.744 E1529.91193
G1 X129.045 Y117.358 E1530.03213
G1 X128.749 Y117.838 E1530.05089
G1 X128.295 Y118.492 E1530.07737
G1 X127.788 Y119.15 E1530.105
G1 X127.241 Y119.793 E1530.13307
G1 X126.645 Y120.429 E1530.16206
G1 X126.015 Y121.042 E1530.1913
G1 X125.354 Y121.63 E1530.22072
G1 X124.662 Y122.193 E1530.2504
G1 X124.207 Y122.532 E1530.26927
G1 X123.921 Y122.745 E1530.27635
G1 X123.881 Y122.772 E1530.2769
G0 F9000 X123.481 Y123.53
;TYPE:WALL-OUTER
G1 F1205.2 X123.481 Y123.153 E1530.28943
G1 X123.481 Y123.151 E1530.2895
G1 X123.481 Y117.418 E1530.48018
G1 X123.481 Y117.295 E1530.48427
G1 X123.481 Y117.202 E1530.48737
G1 X123.699 Y117.295 E1530.49179
G1 X123.816 Y117.331 E1530.49511
G1 X123.997 Y117.388 E1530.50142
G1 X124.309 Y117.452 E1530.51202
G1 X124.629 Y117.487 E1530.52272
G1 X124.953 Y117.492 E1530.5335
G1 X125.275 Y117.467 E1530.54424
G1 X125.589 Y117.412 E1530.55485
G1 X125.895 Y117.329 E1530.56539
G1 X126.182 Y117.217 E1530.57564
G1 X126.447 Y117.079 E1530.58558
G1 X126.689 Y116.917 E1530.59526
G1 X126.9 Y116.73 E1530.60464
G1 X127.105 Y116.483 E1530.61532
G1 X127.254 Y116.221 E1530.62534
G1 X127.348 Y115.928 E1530.63557
G1 X127.377 Y115.593 E1530.64676
G1 X127.325 Y115.262 E1530.6579
G1 X127.217 Y114.987 E1530.66773
G1 X127.044 Y114.723 E1530.67823
G1 X126.833 Y114.493 E1530.68861
G1 X126.611 Y114.314 E1530.69809
G1 X126.362 Y114.158 E1530.70787
G1 X126.088 Y114.03 E1530.71792
G1 X125.794 Y113.927 E1530.72829
G1 X125.486 Y113.853 E1530.73882
G1 X125.169 Y113.809 E1530.74947
G1 X124.845 Y113.793 E1530.76026
G1 X124.521 Y113.809 E1530.77104
G1 X124.205 Y113.853 E1530.78166
G1 X123.896 Y113.927 E1530.79222
G1 X123.787 Y113.966 E1530.79607
G1 X123.602 Y114.03 E1530.80259
G1 X123.481 Y114.087 E1530.80703
G1 X123.481 Y114.03
G1 X123.481 Y113.834 E1530.8117
G1 X123.481 Y107.291 E1531.02932
G1 X123.481 Y107.083 E1531.03624
G1 X123.481 Y106.984 E1531.03954
G1 X123.627 Y107.083 E1531.04205
G1 X123.812 Y107.179 E1531.0471
G1 X123.893 Y107.221 E1531.05014
G1 X124.181 Y107.333 E1531.06042
G1 X124.485 Y107.416 E1531.0709
G1 X124.801 Y107.471 E1531.08157
G1 X125.122 Y107.496 E1531.09228
G1 X125.447 Y107.491 E1531.10309
G1 X125.767 Y107.456 E1531.11379
G1 X126.078 Y107.392 E1531.12435
G1 X126.377 Y107.299 E1531.13477
G1 X126.657 Y107.178 E1531.14491
G1 X126.915 Y107.032 E1531.15477
G1 X127.147 Y106.861 E1531.16436
G1 X127.348 Y106.667 E1531.17365
G1 X127.542 Y106.408 E1531.18441
G1 X127.672 Y106.144 E1531.1942
G1 X127.75 Y105.842 E1531.20457
G1 X127.757 Y105.506 E1531.21575
G1 X127.681 Y105.179 E1531.22692
G1 X127.559 Y104.914 E1531.23662
G1 X127.37 Y104.654 E1531.24731
G1 X127.148 Y104.435 E1531.25768
G1 X126.915 Y104.263 E1531.26732
G1 X126.657 Y104.117 E1531.27718
G1 X126.377 Y103.996 E1531.28732
G1 X126.078 Y103.903 E1531.29774
G1 X125.767 Y103.838 E1531.3083
G1 X125.446 Y103.803 E1531.31904
G1 X125.122 Y103.799 E1531.32982
G1 X124.801 Y103.823 E1531.34053
G1 X124.484 Y103.879 E1531.35123
G1 X124.181 Y103.962 E1531.36168
G1 X123.894 Y104.073 E1531.37192
G1 X123.812 Y104.116 E1531.375
G1 X123.628 Y104.211 E1531.38188
G1 X123.48 Y104.311 E1531.38783
G1 X123.48 Y104.211
G1 X123.48 Y104.004 E1531.39286
G1 X123.48 Y97.291 E1531.61614
G1 X123.48 Y97.083 E1531.62305
G1 X123.481 Y96.984 E1531.62635
G1 X123.627 Y97.083 E1531.62888
G1 X123.812 Y97.179 E1531.63394
G1 X123.893 Y97.221 E1531.63698
G1 X124.181 Y97.333 E1531.64726
G1 X124.485 Y97.416 E1531.65774
G1 X124.801 Y97.471 E1531.6684
G1 X125.122 Y97.496 E1531.67911
G1 X125.447 Y97.491 E1531.68992
G1 X125.767 Y97.456 E1531.70063
G1 X126.078 Y97.392 E1531.71119
G1 X126.377 Y97.299 E1531.72161
G1 X126.657 Y97.178 E1531.73175
G1 X126.915 Y97.032 E1531.74161
G1 X127.147 Y96.861 E1531.7512
G1 X127.348 Y96.667 E1531.76049
G1 X127.542 Y96.408 E1531.77125
G1 X127.672 Y96.144 E1531.78104
G1 X127.75 Y95.842 E1531.79141
G1 X127.757 Y95.506 E1531.80259
G1 X127.681 Y95.179 E1531.81376
G1 X127.559 Y94.914 E1531.82346
G1 X127.37 Y94.654 E1531.83415
G1 X127.148 Y94.435 E1531.84452
G1 X126.915 Y94.263 E1531.85416
G1 X126.657 Y94.117 E1531.86402
G1 X126.377 Y93.996 E1531.87416
G1 X126.078 Y93.903 E1531.88458
G1 X125.767 Y93.838 E1531.89514
G1 X125.446 Y93.803 E1531.90588
G1 X125.122 Y93.799 E1531.91666
G1 X124.801 Y93.823 E1531.92737
G1 X124.484 Y93.879 E1531.93807
G1 X124.181 Y93.962 E1531.94852
G1 X123.894 Y94.073 E1531.95876
G1 X123.812 Y94.116 E1531.96184
G1 X123.628 Y94.211 E1531.96872
G1 X123.481 Y94.311 E1531.97464
G1 X123.481 Y94.212
G1 X123.481 Y94.005 E1531.97967
G1 X123.479 Y92.167 E1532.0408
G1 X123.479 Y91.967 E1532.04745
G1 X123.679 Y91.967 E1532.05176
G1 X129.245 Y91.967 E1532.23688
G1 X129.445 Y91.967 E1532.24353
G1 X129.445 Y92.167 E1532.24784
G1 X129.443 Y109.673 E1532.83009
G1 X129.445 Y112.389 E1532.92043
G1 X129.443 Y113.65 E1532.96237
G1 X129.445 Y113.744 E1532.9655
G1 X129.445 Y117.472 E1533.08949
G1 X129.09 Y118.048 E1533.11199
G1 X128.612 Y118.736 E1533.13986
G1 X128.093 Y119.409 E1533.16813
G1 X127.533 Y120.067 E1533.19686
G1 X126.933 Y120.707 E1533.22604
G1 X126.289 Y121.334 E1533.25594
G1 X125.62 Y121.929 E1533.28571
G1 X124.901 Y122.514 E1533.31654
G1 X124.158 Y123.067 E1533.34735
G1 X123.793 Y123.317 E1533.36206
G1 X123.481 Y123.53 E1533.36907
G0 F9000 X123.727 Y123.063
G0 X128.884 Y116.685
;TYPE:FILL
G1 F2410.5 X127.927 Y115.728 E1533.41409
G0 F9000 X127.387 Y114.27
G1 F2410.5 X128.884 Y113.869 E1533.46563
G0 F9000 X125.486 Y113.287
G1 F2410.5 X124.039 Y111.84 E1533.53369
G0 F9000 X125.046 Y113.242
G1 F2410.5 X126.491 Y107.849 E1533.71939
G0 F9000 X127.527 Y106.826
G0 X127.898 Y106.227
G0 X127.988 Y105.874
G0 X127.996 Y105.481
G0 X127.519 Y104.012
G1 F2410.5 X128.883 Y98.921 E1533.89469
G0 F9000 X128.883 Y99.714
G1 F2410.5 X126.866 Y97.697 E1533.98957
G0 F9000 X128.882 Y101.446
G1 F2410.5 X124.039 Y102.744 E1534.15633
G0 F9000 X127.045 Y104.062
G0 X127.552 Y104.497
G0 X127.908 Y105.102
G0 X127.996 Y105.481
G0 X127.584 Y115.975
G0 X127.426 Y116.339
G0 X124.054 Y122.074
;TYPE:SKIN
G1 F753.3 X124.256 Y122.276 E1534.16108
G0 F9000 X124.357 Y122.172
G1 F2400 E1533.36108
;MESH:NONMESH
G0 F300 X124.357 Y122.172 Z12.4
G0 F9000 X124.081 Y122.477
;TIME_ELAPSED:1975.379225
;LAYER:61
;TYPE:WALL-INNER
;MESH:1x_1xm_pusher.stl
G1 F2400 E1534.16108
G1 F1159.9 X124.081 Y122.193 E1534.17053
G1 X124.081 Y122.175 E1534.17113
G1 X124.081 Y117.979 E1534.31068
G1 X124.081 Y117.877 E1534.31408
G1 X124.081 Y117.848 E1534.31504
G1 X124.284 Y117.877 E1534.31924
G1 X124.386 Y117.881 E1534.32204
G1 X124.645 Y117.893 E1534.33066
G1 X125.006 Y117.877 E1534.34268
G1 X125.36 Y117.828 E1534.35457
G1 X125.707 Y117.744 E1534.36644
G1 X126.04 Y117.628 E1534.37817
G1 X126.354 Y117.48 E1534.38972
G1 X126.643 Y117.3 E1534.40104
G1 X126.907 Y117.087 E1534.41232
G1 X127.166 Y116.806 E1534.42503
G1 X127.375 Y116.483 E1534.43783
G1 X127.516 Y116.124 E1534.45066
G1 X127.579 Y115.751 E1534.46324
G1 X127.559 Y115.368 E1534.476
G1 X127.463 Y115.003 E1534.48855
G1 X127.291 Y114.661 E1534.50128
G1 X127.063 Y114.358 E1534.51389
G1 X126.82 Y114.124 E1534.52511
G1 X126.55 Y113.923 E1534.53631
G1 X126.251 Y113.754 E1534.54773
G1 X125.93 Y113.616 E1534.55935
G1 X125.594 Y113.511 E1534.57106
G1 X125.243 Y113.439 E1534.58298
G1 X124.886 Y113.4 E1534.59492
G1 X124.526 Y113.395 E1534.6069
G1 X124.334 Y113.41 E1534.6133
G1 X124.165 Y113.423 E1534.61894
G1 X124.081 Y113.438 E1534.62178
G1 X124.081 Y113.423
G1 X124.081 Y113.253 E1534.6258
G1 X124.081 Y107.974 E1534.80138
G1 X124.081 Y107.807 E1534.80693
G1 X124.081 Y107.775 E1534.808
G1 X124.198 Y107.807 E1534.81014
G1 X124.362 Y107.835 E1534.81418
G1 X124.551 Y107.868 E1534.82056
G1 X124.91 Y107.896 E1534.83254
G1 X125.272 Y107.891 E1534.84458
G1 X125.629 Y107.852 E1534.85652
G1 X125.978 Y107.78 E1534.86837
G1 X126.316 Y107.675 E1534.88015
G1 X126.635 Y107.537 E1534.89171
G1 X126.933 Y107.368 E1534.9031
G1 X127.205 Y107.168 E1534.91433
G1 X127.45 Y106.933 E1534.92562
G1 X127.681 Y106.622 E1534.93851
G1 X127.849 Y106.285 E1534.95103
G1 X127.948 Y105.904 E1534.96412
G1 X127.959 Y105.472 E1534.9785
G1 X127.864 Y105.056 E1534.99269
G1 X127.706 Y104.711 E1535.00531
G1 X127.478 Y104.397 E1535.01822
G1 X127.21 Y104.13 E1535.0308
G1 X126.933 Y103.927 E1535.04222
G1 X126.635 Y103.758 E1535.05362
G1 X126.316 Y103.62 E1535.06518
G1 X125.979 Y103.515 E1535.07692
G1 X125.63 Y103.442 E1535.08877
G1 X125.27 Y103.403 E1535.10082
G1 X124.91 Y103.399 E1535.11279
G1 X124.551 Y103.426 E1535.12477
G1 X124.361 Y103.46 E1535.13119
G1 X124.196 Y103.488 E1535.13675
G1 X124.081 Y103.52 E1535.14072
G1 X124.081 Y103.488
G1 X124.081 Y103.32 E1535.1448
G1 X124.081 Y97.974 E1535.3226
G1 X124.081 Y97.807 E1535.32816
G1 X124.081 Y97.775 E1535.32922
G1 X124.198 Y97.807 E1535.33137
G1 X124.362 Y97.835 E1535.3354
G1 X124.551 Y97.868 E1535.34178
G1 X124.91 Y97.896 E1535.35376
G1 X125.272 Y97.891 E1535.3658
G1 X125.629 Y97.852 E1535.37775
G1 X125.978 Y97.78 E1535.3896
G1 X126.316 Y97.675 E1535.40137
G1 X126.635 Y97.537 E1535.41293
G1 X126.933 Y97.368 E1535.42433
G1 X127.205 Y97.168 E1535.43555
G1 X127.45 Y96.933 E1535.44685
G1 X127.681 Y96.622 E1535.45973
G1 X127.849 Y96.285 E1535.47226
G1 X127.948 Y95.904 E1535.48535
G1 X127.959 Y95.472 E1535.49972
G1 X127.864 Y95.056 E1535.51391
G1 X127.706 Y94.711 E1535.52653
G1 X127.478 Y94.397 E1535.53944
G1 X127.21 Y94.13 E1535.55202
G1 X126.933 Y93.927 E1535.56345
G1 X126.635 Y93.758 E1535.57484
G1 X126.316 Y93.62 E1535.5864
G1 X125.979 Y93.515 E1535.59814
G1 X125.63 Y93.442 E1535.61
G1 X125.27 Y93.403 E1535.62204
G1 X124.91 Y93.399 E1535.63402
G1 X124.551 Y93.426 E1535.64599
G1 X124.361 Y93.46 E1535.65241
G1 X124.196 Y93.488 E1535.65798
G1 X124.08 Y93.52 E1535.66198
G1 X124.08 Y93.489
G1 X124.08 Y93.321 E1535.66606
G1 X124.079 Y92.566 E1535.69117
G1 X124.079 Y92.367 E1535.69779
G1 X124.278 Y92.367 E1535.70207
G1 X129.046 Y92.367 E1535.86065
G1 X129.245 Y92.367 E1535.86727
G1 X129.245 Y92.566 E1535.87156
G1 X129.243 Y110.036 E1536.45261
G1 X129.245 Y112.188 E1536.52419
G1 X129.243 Y113.5 E1536.56782
G1 X129.245 Y113.564 E1536.56995
G1 X129.245 Y116.654 E1536.67273
G1 X128.971 Y117.153 E1536.69166
G1 X128.56 Y117.82 E1536.71772
G1 X128.086 Y118.504 E1536.7454
G1 X127.588 Y119.15 E1536.77253
G1 X127.041 Y119.793 E1536.80061
G1 X126.445 Y120.429 E1536.8296
G1 X125.815 Y121.042 E1536.85883
G1 X125.154 Y121.63 E1536.88826
G1 X124.475 Y122.182 E1536.91736
G1 X124.462 Y122.193 E1536.91792
G1 X124.081 Y122.477 E1536.92778
G0 F9000 X123.681 Y123.257
;TYPE:WALL-OUTER
G1 F1159.9 X123.681 Y123.067 E1536.9341
G1 X123.681 Y122.945 E1536.93816
G1 X123.681 Y117.477 E1537.12003
G1 X123.681 Y117.434 E1537.12146
G1 X123.681 Y117.355 E1537.12408
G1 X124.005 Y117.434 E1537.13161
G1 X124.047 Y117.439 E1537.13292
G1 X124.321 Y117.478 E1537.14212
G1 X124.645 Y117.493 E1537.15291
G1 X124.969 Y117.478 E1537.1637
G1 X125.286 Y117.434 E1537.17434
G1 X125.594 Y117.36 E1537.18488
G1 X125.888 Y117.257 E1537.19524
G1 X126.162 Y117.128 E1537.20531
G1 X126.411 Y116.973 E1537.21507
G1 X126.633 Y116.794 E1537.22455
G1 X126.849 Y116.56 E1537.23514
G1 X127.017 Y116.3 E1537.24544
G1 X127.128 Y116.017 E1537.25555
G1 X127.177 Y115.727 E1537.26533
G1 X127.162 Y115.43 E1537.27522
G1 X127.087 Y115.145 E1537.28502
G1 X126.95 Y114.873 E1537.29515
G1 X126.763 Y114.624 E1537.30551
G1 X126.561 Y114.43 E1537.31483
G1 X126.331 Y114.259 E1537.32436
G1 X126.073 Y114.113 E1537.33422
G1 X125.791 Y113.992 E1537.34442
G1 X125.494 Y113.899 E1537.35478
G1 X125.181 Y113.835 E1537.3654
G1 X124.861 Y113.8 E1537.37611
G1 X124.538 Y113.795 E1537.38685
G1 X124.215 Y113.82 E1537.39763
G1 X124.006 Y113.857 E1537.40469
G1 X123.901 Y113.875 E1537.40823
G1 X123.681 Y113.935 E1537.41581
G1 X123.681 Y113.875
G1 X123.681 Y113.768 E1537.41876
G1 X123.681 Y107.398 E1537.63063
G1 X123.681 Y107.333 E1537.63279
G1 X123.681 Y107.215 E1537.63672
G1 X123.692 Y107.221
G1 X123.981 Y107.333 E1537.64327
G1 X124.043 Y107.35 E1537.6452
G1 X124.285 Y107.416 E1537.65354
G1 X124.601 Y107.471 E1537.66421
G1 X124.922 Y107.496 E1537.67492
G1 X125.247 Y107.491 E1537.68573
G1 X125.567 Y107.456 E1537.69643
G1 X125.878 Y107.392 E1537.707
G1 X126.177 Y107.299 E1537.71741
G1 X126.457 Y107.178 E1537.72755
G1 X126.715 Y107.032 E1537.73741
G1 X126.947 Y106.861 E1537.747
G1 X127.149 Y106.667 E1537.75632
G1 X127.339 Y106.412 E1537.76689
G1 X127.472 Y106.144 E1537.77684
G1 X127.549 Y105.848 E1537.78702
G1 X127.558 Y105.512 E1537.7982
G1 X127.483 Y105.185 E1537.80935
G1 X127.359 Y104.914 E1537.81927
G1 X127.173 Y104.658 E1537.82979
G1 X126.949 Y104.435 E1537.8403
G1 X126.715 Y104.263 E1537.84996
G1 X126.457 Y104.117 E1537.85982
G1 X126.177 Y103.996 E1537.86997
G1 X125.878 Y103.903 E1537.88038
G1 X125.567 Y103.838 E1537.89095
G1 X125.246 Y103.803 E1537.90169
G1 X124.922 Y103.799 E1537.91247
G1 X124.601 Y103.823 E1537.92317
G1 X124.284 Y103.879 E1537.93388
G1 X124.043 Y103.945 E1537.94219
G1 X123.981 Y103.962 E1537.94433
G1 X123.694 Y104.073 E1537.95456
G1 X123.681 Y104.08 E1537.95506
G1 X123.681 Y103.962 E1537.95526
G1 X123.681 Y103.897 E1537.95721
G1 X123.681 Y97.398 E1538.17337
G1 X123.681 Y97.333 E1538.17553
G1 X123.681 Y97.215 E1538.17946
G1 X123.692 Y97.221
G1 X123.981 Y97.333 E1538.18601
G1 X124.043 Y97.35 E1538.18794
G1 X124.285 Y97.416 E1538.19628
G1 X124.601 Y97.471 E1538.20695
G1 X124.922 Y97.496 E1538.21766
G1 X125.247 Y97.491 E1538.22847
G1 X125.567 Y97.456 E1538.23918
G1 X125.878 Y97.392 E1538.24974
G1 X126.177 Y97.299 E1538.26015
G1 X126.457 Y97.178 E1538.2703
G1 X126.715 Y97.032 E1538.28016
G1 X126.947 Y96.861 E1538.28974
G1 X127.149 Y96.667 E1538.29906
G1 X127.339 Y96.412 E1538.30963
G1 X127.472 Y96.144 E1538.31958
G1 X127.549 Y95.848 E1538.32976
G1 X127.558 Y95.512 E1538.34094
G1 X127.483 Y95.185 E1538.3521
G1 X127.359 Y94.914 E1538.36201
G1 X127.173 Y94.658 E1538.37253
G1 X126.949 Y94.435 E1538.38304
G1 X126.715 Y94.263 E1538.3927
G1 X126.457 Y94.117 E1538.40256
G1 X126.177 Y93.996 E1538.41271
G1 X125.878 Y93.903 E1538.42312
G1 X125.567 Y93.838 E1538.43369
G1 X125.246 Y93.803 E1538.44443
G1 X124.922 Y93.799 E1538.45521
G1 X124.601 Y93.823 E1538.46591
G1 X124.284 Y93.879 E1538.47662
G1 X124.043 Y93.945 E1538.48493
G1 X123.981 Y93.962 E1538.48707
G1 X123.694 Y94.073 E1538.49731
G1 X123.681 Y94.08 E1538.4978
G1 X123.681 Y93.963 E1538.4992
G1 X123.681 Y93.898 E1538.50115
G1 X123.679 Y92.167 E1538.55872
G1 X123.679 Y91.967 E1538.56537
G1 X123.879 Y91.967 E1538.56968
G1 X129.445 Y91.967 E1538.75481
G1 X129.645 Y91.967 E1538.76146
G1 X129.645 Y92.167 E1538.76577
G1 X129.643 Y110.036 E1539.36009
G1 X129.645 Y112.188 E1539.43167
G1 X129.643 Y113.494 E1539.47511
G1 X129.645 Y113.564 E1539.47743
G1 X129.645 Y116.758 E1539.58367
G1 X129.322 Y117.346 E1539.60598
G1 X128.889 Y118.048 E1539.63341
G1 X128.412 Y118.736 E1539.66126
G1 X127.893 Y119.409 E1539.68953
G1 X127.333 Y120.067 E1539.71826
G1 X126.733 Y120.707 E1539.74744
G1 X126.089 Y121.334 E1539.77734
G1 X125.42 Y121.929 E1539.80711
G1 X124.701 Y122.514 E1539.83794
G1 X124.055 Y122.995 E1539.86473
G1 X123.958 Y123.067 E1539.868
G1 X123.681 Y123.257 E1539.87405
G0 F9000 X123.925 Y122.787
G0 X129.059 Y116.659
;TYPE:FILL
G1 F2319.9 X127.707 Y115.307 E1539.93764
G0 F9000 X127.32 Y114.435
G1 F2319.9 X129.084 Y113.962 E1539.99839
G0 F9000 X125.811 Y113.412
G1 F2319.9 X124.24 Y111.84 E1540.07231
G0 F9000 X124.9 Y113.24
G1 F2319.9 X126.349 Y107.83 E1540.25859
G0 F9000 X127.544 Y106.537
G0 X127.787 Y105.881
G0 X127.796 Y105.529
G0 X127.361 Y104.054
G1 F2319.9 X129.084 Y97.624 E1540.47999
G0 F9000 X129.083 Y99.713
G1 F2319.9 X126.925 Y97.555 E1540.5815
G0 F9000 X129.082 Y101.539
G1 F2319.9 X124.24 Y102.837 E1540.74823
G0 F9000 X126.845 Y104.062
G0 X127.355 Y104.502
G0 X127.71 Y105.108
G0 X127.798 Y105.489
G0 X127.417 Y115.741
G0 X127.267 Y116.282
G0 X124.313 Y121.759
G0 X124.284 Y121.788
;TYPE:SKIN
G1 F725 X124.388 Y121.967 E1540.75505
G0 F9000 X124.106 Y122.21
G1 F2400 E1539.95505
;MESH:NONMESH
G0 F300 X124.106 Y122.21 Z12.6
G0 F9000 X124.281 Y122.178
;TIME_ELAPSED:1987.591759
;LAYER:62
;TYPE:WALL-INNER
;MESH:1x_1xm_pusher.stl
G1 F2400 E1540.75505
G1 F1118.4 X124.281 Y121.76 E1540.76895
G1 X124.281 Y121.759 E1540.76899
G1 X124.28 Y117.888 E1540.89774
G1 X124.564 Y117.892 E1540.90718
G1 X124.925 Y117.864 E1540.91923
G1 X125.276 Y117.803 E1540.93108
G1 X125.62 Y117.709 E1540.94294
G1 X125.948 Y117.582 E1540.95464
G1 X126.251 Y117.424 E1540.966
G1 X126.534 Y117.234 E1540.97734
G1 X126.788 Y117.01 E1540.9886
G1 X127.029 Y116.721 E1541.00112
G1 X127.222 Y116.383 E1541.01406
G1 X127.338 Y116.024 E1541.02661
G1 X127.382 Y115.643 E1541.03937
G1 X127.339 Y115.267 E1541.05196
G1 X127.222 Y114.904 E1541.06464
G1 X127.034 Y114.576 E1541.07721
G1 X126.788 Y114.278 E1541.09007
G1 X126.534 Y114.054 E1541.10133
G1 X126.252 Y113.863 E1541.11266
G1 X125.946 Y113.704 E1541.12413
G1 X125.62 Y113.577 E1541.13577
G1 X125.276 Y113.484 E1541.14762
G1 X124.925 Y113.423 E1541.15947
G1 X124.564 Y113.395 E1541.17151
G1 X124.28 Y113.399 E1541.18096
G1 X124.28 Y107.99 E1541.36086
G1 X124.28 Y107.881 E1541.36449
G1 X124.28 Y107.854 E1541.36538
G1 X124.47 Y107.881 E1541.36926
G1 X124.579 Y107.885 E1541.3722
G1 X124.83 Y107.897 E1541.38056
G1 X125.191 Y107.881 E1541.39258
G1 X125.545 Y107.832 E1541.40447
G1 X125.893 Y107.748 E1541.41637
G1 X126.225 Y107.632 E1541.42807
G1 X126.538 Y107.484 E1541.43958
G1 X126.828 Y107.305 E1541.45092
G1 X127.094 Y107.09 E1541.4623
G1 X127.352 Y106.808 E1541.47501
G1 X127.56 Y106.484 E1541.48781
G1 X127.698 Y106.13 E1541.50045
G1 X127.765 Y105.756 E1541.51309
G1 X127.744 Y105.372 E1541.52588
G1 X127.648 Y105.007 E1541.53843
G1 X127.477 Y104.665 E1541.55115
G1 X127.248 Y104.362 E1541.56378
G1 X127.006 Y104.128 E1541.57498
G1 X126.733 Y103.927 E1541.58625
G1 X126.435 Y103.758 E1541.59765
G1 X126.116 Y103.62 E1541.60921
G1 X125.779 Y103.515 E1541.62095
G1 X125.43 Y103.442 E1541.63281
G1 X125.07 Y103.403 E1541.64485
G1 X124.71 Y103.399 E1541.65683
G1 X124.527 Y103.413 E1541.66293
G1 X124.351 Y103.426 E1541.6688
G1 X124.281 Y103.438 E1541.67116
G1 X124.281 Y103.426
G1 X124.281 Y103.249 E1541.67528
G1 X124.281 Y97.99 E1541.8502
G1 X124.281 Y97.881 E1541.85382
G1 X124.282 Y97.855 E1541.85469
G1 X124.47 Y97.881 E1541.85853
G1 X124.579 Y97.885 E1541.86147
G1 X124.83 Y97.897 E1541.86982
G1 X125.191 Y97.881 E1541.88184
G1 X125.545 Y97.832 E1541.89373
G1 X125.893 Y97.748 E1541.90564
G1 X126.225 Y97.632 E1541.91733
G1 X126.538 Y97.484 E1541.92885
G1 X126.828 Y97.305 E1541.94018
G1 X127.094 Y97.09 E1541.95156
G1 X127.352 Y96.808 E1541.96427
G1 X127.56 Y96.484 E1541.97708
G1 X127.698 Y96.13 E1541.98971
G1 X127.765 Y95.756 E1542.00235
G1 X127.744 Y95.372 E1542.01514
G1 X127.648 Y95.007 E1542.0277
G1 X127.477 Y94.665 E1542.04041
G1 X127.248 Y94.362 E1542.05305
G1 X127.006 Y94.128 E1542.06424
G1 X126.733 Y93.927 E1542.07552
G1 X126.435 Y93.758 E1542.08691
G1 X126.116 Y93.62 E1542.09847
G1 X125.779 Y93.515 E1542.11021
G1 X125.43 Y93.442 E1542.12207
G1 X125.07 Y93.403 E1542.13412
G1 X124.71 Y93.399 E1542.14609
G1 X124.526 Y93.413 E1542.15223
G1 X124.351 Y93.426 E1542.15806
G1 X124.28 Y93.438 E1542.16046
G1 X124.28 Y93.427
G1 X124.28 Y93.251 E1542.16456
G1 X124.279 Y92.566 E1542.18734
G1 X124.279 Y92.367 E1542.19396
G1 X124.478 Y92.367 E1542.19824
G1 X129.445 Y92.367 E1542.36344
G1 X129.445 Y115.842 E1543.14422
G1 X129.129 Y116.502 E1543.16856
G1 X128.78 Y117.136 E1543.19263
G1 X128.349 Y117.836 E1543.21997
G1 X128.265 Y117.96 E1543.22496
G1 X127.889 Y118.499 E1543.24681
G1 X127.388 Y119.15 E1543.27414
G1 X126.841 Y119.793 E1543.30221
G1 X126.245 Y120.429 E1543.3312
G1 X125.615 Y121.042 E1543.36044
G1 X124.954 Y121.63 E1543.38987
G1 X124.606 Y121.914 E1543.40481
G1 X124.281 Y122.178 E1543.41244
G0 F9000 X123.881 Y122.976
;TYPE:WALL-OUTER
G1 F1118.4 X123.881 Y122.579 E1543.42565
G1 X123.881 Y122.578 E1543.42568
G1 X123.881 Y117.514 E1543.59411
G1 X123.881 Y117.488 E1543.59497
G1 X123.88 Y117.446 E1543.59637
G1 X123.909 Y117.452 E1543.59646
G1 X124.229 Y117.487 E1543.60426
G1 X124.255 Y117.487 E1543.60512
G1 X124.552 Y117.492 E1543.615
G1 X124.875 Y117.467 E1543.62578
G1 X125.189 Y117.412 E1543.63638
G1 X125.495 Y117.329 E1543.64692
G1 X125.782 Y117.217 E1543.65717
G1 X126.047 Y117.079 E1543.66711
G1 X126.289 Y116.917 E1543.67679
G1 X126.5 Y116.73 E1543.68617
G1 X126.699 Y116.492 E1543.69649
G1 X126.854 Y116.221 E1543.70687
G1 X126.945 Y115.939 E1543.71673
G1 X126.979 Y115.643 E1543.72664
G1 X126.946 Y115.352 E1543.73638
G1 X126.854 Y115.066 E1543.74637
G1 X126.704 Y114.804 E1543.75641
G1 X126.5 Y114.557 E1543.76707
G1 X126.289 Y114.371 E1543.77642
G1 X126.047 Y114.207 E1543.78615
G1 X125.781 Y114.069 E1543.79611
G1 X125.495 Y113.958 E1543.80632
G1 X125.189 Y113.875 E1543.81686
G1 X124.875 Y113.82 E1543.82747
G1 X124.552 Y113.795 E1543.83824
G1 X124.254 Y113.8 E1543.84815
G1 X124.229 Y113.8 E1543.84898
G1 X123.909 Y113.835 E1543.85969
G1 X123.88 Y113.841 E1543.86068
G1 X123.88 Y113.8
G1 X123.88 Y113.775 E1543.86147
G1 X123.88 Y107.49 E1544.07051
G1 X123.88 Y107.438 E1544.07224
G1 X123.88 Y107.363 E1544.07473
G1 X124.189 Y107.438 E1544.0818
G1 X124.24 Y107.445 E1544.08336
G1 X124.507 Y107.482 E1544.09233
G1 X124.83 Y107.497 E1544.10308
G1 X125.154 Y107.482 E1544.11387
G1 X125.471 Y107.438 E1544.12452
G1 X125.78 Y107.364 E1544.13508
G1 X126.073 Y107.261 E1544.14541
G1 X126.347 Y107.132 E1544.15549
G1 X126.596 Y106.978 E1544.16522
G1 X126.819 Y106.798 E1544.17476
G1 X127.034 Y106.563 E1544.18535
G1 X127.202 Y106.302 E1544.19567
G1 X127.311 Y106.021 E1544.2057
G1 X127.363 Y105.731 E1544.2155
G1 X127.347 Y105.434 E1544.22539
G1 X127.272 Y105.149 E1544.23519
G1 X127.136 Y104.877 E1544.24531
G1 X126.948 Y104.628 E1544.25568
G1 X126.747 Y104.434 E1544.26498
G1 X126.515 Y104.263 E1544.27456
G1 X126.257 Y104.117 E1544.28442
G1 X125.977 Y103.996 E1544.29457
G1 X125.678 Y103.903 E1544.30498
G1 X125.367 Y103.838 E1544.31555
G1 X125.046 Y103.803 E1544.32629
G1 X124.722 Y103.799 E1544.33707
G1 X124.401 Y103.823 E1544.34777
G1 X124.199 Y103.859 E1544.3546
G1 X124.084 Y103.879 E1544.35848
G1 X123.881 Y103.934 E1544.36547
G1 X123.881 Y103.879
G1 X123.881 Y103.762 E1544.36864
G1 X123.881 Y97.49 E1544.57724
G1 X123.881 Y97.438 E1544.57897
G1 X123.882 Y97.364 E1544.58143
G1 X124.189 Y97.438 E1544.58846
G1 X124.24 Y97.445 E1544.59003
G1 X124.507 Y97.482 E1544.59899
G1 X124.83 Y97.497 E1544.60975
G1 X125.154 Y97.482 E1544.62053
G1 X125.471 Y97.438 E1544.63118
G1 X125.78 Y97.364 E1544.64175
G1 X126.073 Y97.261 E1544.65208
G1 X126.347 Y97.132 E1544.66215
G1 X126.596 Y96.978 E1544.67189
G1 X126.819 Y96.798 E1544.68142
G1 X127.034 Y96.563 E1544.69201
G1 X127.202 Y96.302 E1544.70234
G1 X127.311 Y96.021 E1544.71236
G1 X127.363 Y95.731 E1544.72216
G1 X127.347 Y95.434 E1544.73205
G1 X127.272 Y95.149 E1544.74185
G1 X127.136 Y94.877 E1544.75197
G1 X126.948 Y94.628 E1544.76235
G1 X126.747 Y94.434 E1544.77164
G1 X126.515 Y94.263 E1544.78122
G1 X126.257 Y94.117 E1544.79108
G1 X125.977 Y93.996 E1544.80123
G1 X125.678 Y93.903 E1544.81164
G1 X125.367 Y93.838 E1544.82221
G1 X125.046 Y93.803 E1544.83295
G1 X124.722 Y93.799 E1544.84373
G1 X124.401 Y93.823 E1544.85443
G1 X124.199 Y93.859 E1544.86126
G1 X124.084 Y93.879 E1544.86514
G1 X123.881 Y93.934 E1544.87214
G1 X123.881 Y93.88
G1 X123.881 Y93.763 E1544.8753
G1 X123.879 Y92.167 E1544.92838
G1 X123.879 Y91.967 E1544.93503
G1 X124.079 Y91.967 E1544.93934
G1 X129.845 Y91.967 E1545.13112
G1 X129.845 Y115.934 E1545.92826
G1 X129.49 Y116.675 E1545.95559
G1 X129.121 Y117.346 E1545.98106
G1 X128.688 Y118.049 E1546.00852
G1 X128.593 Y118.189 E1546.01415
G1 X128.212 Y118.736 E1546.03632
G1 X127.693 Y119.409 E1546.06459
G1 X127.133 Y120.067 E1546.09333
G1 X126.533 Y120.707 E1546.1225
G1 X125.889 Y121.334 E1546.1524
G1 X125.22 Y121.929 E1546.18218
G1 X124.501 Y122.514 E1546.21301
G1 X124.2 Y122.739 E1546.22551
G1 X123.881 Y122.976 E1546.23282
G0 F9000 X124.125 Y122.489
G0 X128.999 Y116.4
;TYPE:FILL
G1 F2236.9 X127.275 Y114.676 E1546.31391
G0 F9000 X127.234 Y114.604
G1 F2236.9 X129.283 Y114.055 E1546.38447
G0 F9000 X126.314 Y113.715
G1 F2236.9 X124.438 Y111.839 E1546.47271
G0 F9000 X124.751 Y113.249
G1 F2236.9 X126.21 Y107.805 E1546.66017
G0 F9000 X127.224 Y106.709
G0 X127.542 Y106.085
G0 X127.603 Y105.745
G0 X127.544 Y105.36
G0 X127.204 Y104.096
G1 F2236.9 X129.284 Y96.331 E1546.92754
G0 F9000 X126.968 Y97.398
G1 F2236.9 X129.284 Y99.714 E1547.03648
G0 F9000 X129.283 Y101.631
G1 F2236.9 X124.441 Y102.929 E1547.20321
G0 F9000 X126.645 Y104.062
G0 X127.127 Y104.469
G0 X127.497 Y105.064
G0 X127.603 Y105.745
G0 X127.18 Y115.99
G0 X127.02 Y116.351
G0 X124.571 Y121.459
G0 X124.641 Y121.529
;TYPE:SKIN
G1 F699 X124.505 Y121.676 E1547.20887
G0 F9000 X124.481 Y121.378
G1 F2400 E1546.40887
;MESH:NONMESH
G0 F300 X124.481 Y121.378 Z12.8
G0 F9000 X124.481 Y121.853
;TIME_ELAPSED:1999.700067
;LAYER:63
;TYPE:WALL-INNER
;MESH:1x_1xm_pusher.stl
G1 F2400 E1547.20887
G1 F1083.1 X124.481 Y121.631 E1547.21625
G1 X124.481 Y121.491 E1547.22091
G1 X124.48 Y117.887 E1547.34078
G1 X124.843 Y117.848 E1547.35292
G1 X125.194 Y117.776 E1547.36484
G1 X125.53 Y117.671 E1547.37655
G1 X125.851 Y117.533 E1547.38817
G1 X126.15 Y117.364 E1547.39959
G1 X126.42 Y117.163 E1547.41079
G1 X126.663 Y116.929 E1547.42201
G1 X126.886 Y116.635 E1547.43428
G1 X127.063 Y116.285 E1547.44733
G1 X127.158 Y115.922 E1547.45981
G1 X127.179 Y115.533 E1547.47276
G1 X127.102 Y115.109 E1547.4871
G1 X126.95 Y114.764 E1547.49963
G1 X126.735 Y114.44 E1547.51257
G1 X126.475 Y114.173 E1547.52496
G1 X126.213 Y113.968 E1547.53603
G1 X125.927 Y113.793 E1547.54718
G1 X125.639 Y113.659 E1547.55774
G1 X125.307 Y113.543 E1547.56944
G1 X124.96 Y113.459 E1547.58132
G1 X124.606 Y113.41 E1547.5932
G1 X124.481 Y113.404 E1547.59736
G1 X124.481 Y107.892 E1547.78069
G1 X124.75 Y107.896 E1547.78964
G1 X125.111 Y107.868 E1547.80169
G1 X125.463 Y107.807 E1547.81357
G1 X125.805 Y107.713 E1547.82536
G1 X126.132 Y107.586 E1547.83703
G1 X126.438 Y107.427 E1547.8485
G1 X126.717 Y107.238 E1547.85971
G1 X126.972 Y107.015 E1547.87098
G1 X127.215 Y106.726 E1547.88354
G1 X127.408 Y106.387 E1547.89651
G1 X127.524 Y106.029 E1547.90903
G1 X127.568 Y105.644 E1547.92192
G1 X127.515 Y105.219 E1547.93616
G1 X127.384 Y104.861 E1547.94884
G1 X127.186 Y104.529 E1547.9617
G1 X126.936 Y104.248 E1547.97421
G1 X126.683 Y104.033 E1547.98525
G1 X126.402 Y103.847 E1547.99646
G1 X126.099 Y103.696 E1548.00772
G1 X125.804 Y103.582 E1548.01824
G1 X125.464 Y103.488 E1548.02997
G1 X125.111 Y103.426 E1548.04189
G1 X124.75 Y103.399 E1548.05393
G1 X124.481 Y103.402 E1548.06288
G1 X124.481 Y97.892 E1548.24614
G1 X124.75 Y97.896 E1548.25509
G1 X125.111 Y97.868 E1548.26713
G1 X125.463 Y97.807 E1548.27901
G1 X125.805 Y97.713 E1548.29081
G1 X126.132 Y97.586 E1548.30248
G1 X126.438 Y97.427 E1548.31395
G1 X126.717 Y97.238 E1548.32516
G1 X126.972 Y97.015 E1548.33642
G1 X127.215 Y96.726 E1548.34898
G1 X127.408 Y96.387 E1548.36196
G1 X127.524 Y96.029 E1548.37447
G1 X127.568 Y95.644 E1548.38736
G1 X127.515 Y95.219 E1548.40161
G1 X127.384 Y94.861 E1548.41428
G1 X127.186 Y94.529 E1548.42714
G1 X126.936 Y94.248 E1548.43965
G1 X126.683 Y94.033 E1548.45069
G1 X126.402 Y93.847 E1548.4619
G1 X126.099 Y93.696 E1548.47316
G1 X125.804 Y93.582 E1548.48368
G1 X125.464 Y93.488 E1548.49541
G1 X125.111 Y93.426 E1548.50733
G1 X124.75 Y93.399 E1548.51937
G1 X124.481 Y93.402 E1548.52832
G1 X124.479 Y92.367 E1548.56275
G1 X129.446 Y92.367 E1548.72795
G1 X129.645 Y92.367 E1548.73457
G1 X129.645 Y92.566 E1548.73885
G1 X129.644 Y114.853 E1549.48012
G1 X129.575 Y115.051 E1549.48709
G1 X129.289 Y115.747 E1549.51212
G1 X128.955 Y116.45 E1549.53801
G1 X128.58 Y117.136 E1549.56401
G1 X128.152 Y117.832 E1549.59119
G1 X127.686 Y118.504 E1549.61838
G1 X127.188 Y119.15 E1549.64551
G1 X126.641 Y119.793 E1549.67359
G1 X126.045 Y120.429 E1549.70258
G1 X125.415 Y121.042 E1549.73182
G1 X124.858 Y121.537 E1549.7566
G1 X124.754 Y121.63 E1549.76057
G1 X124.481 Y121.853 E1549.76658
G0 F9000 X124.081 Y122.678
;TYPE:WALL-OUTER
G1 F1083.1 X124.081 Y122.51 E1549.77216
G1 X124.081 Y122.328 E1549.77822
G1 X124.08 Y117.488 E1549.9392
G1 X124.138 Y117.492 E1549.94113
G1 X124.461 Y117.487 E1549.95187
G1 X124.781 Y117.452 E1549.96258
G1 X125.094 Y117.388 E1549.97321
G1 X125.391 Y117.295 E1549.98356
G1 X125.673 Y117.174 E1549.99376
G1 X125.931 Y117.028 E1550.00362
G1 X126.161 Y116.857 E1550.01316
G1 X126.363 Y116.663 E1550.02247
G1 X126.545 Y116.422 E1550.03252
G1 X126.687 Y116.142 E1550.04296
G1 X126.761 Y115.86 E1550.05266
G1 X126.777 Y115.558 E1550.06271
G1 X126.717 Y115.227 E1550.0739
G1 X126.598 Y114.957 E1550.08372
G1 X126.422 Y114.692 E1550.0943
G1 X126.207 Y114.471 E1550.10455
G1 X125.985 Y114.297 E1550.11393
G1 X125.738 Y114.146 E1550.12356
G1 X125.488 Y114.03 E1550.13273
G1 X125.194 Y113.927 E1550.14309
G1 X124.886 Y113.853 E1550.15363
G1 X124.569 Y113.809 E1550.16427
G1 X124.245 Y113.793 E1550.17506
G1 X124.081 Y113.801 E1550.18052
G1 X124.081 Y107.525 E1550.38926
G1 X124.081 Y107.491 E1550.39039
G1 X124.081 Y107.452 E1550.39169
G1 X124.099 Y107.456
G1 X124.414 Y107.491 E1550.39921
G1 X124.448 Y107.491 E1550.40027
G1 X124.738 Y107.496 E1550.40992
G1 X125.061 Y107.471 E1550.42069
G1 X125.376 Y107.416 E1550.43133
G1 X125.679 Y107.333 E1550.44178
G1 X125.967 Y107.221 E1550.45206
G1 X126.233 Y107.083 E1550.46202
G1 X126.472 Y106.921 E1550.47163
G1 X126.685 Y106.734 E1550.48105
G1 X126.885 Y106.496 E1550.49139
G1 X127.04 Y106.224 E1550.50181
G1 X127.131 Y105.944 E1550.5116
G1 X127.165 Y105.646 E1550.52157
G1 X127.124 Y105.314 E1550.5327
G1 X127.021 Y105.034 E1550.54262
G1 X126.862 Y104.766 E1550.55299
G1 X126.656 Y104.535 E1550.56328
G1 X126.442 Y104.353 E1550.57262
G1 X126.202 Y104.194 E1550.5822
G1 X125.937 Y104.062 E1550.59205
G1 X125.679 Y103.962 E1550.60125
G1 X125.376 Y103.879 E1550.6117
G1 X125.061 Y103.823 E1550.62234
G1 X124.738 Y103.799 E1550.63311
G1 X124.448 Y103.803 E1550.64276
G1 X124.415 Y103.803 E1550.64386
G1 X124.081 Y103.841 E1550.65504
G1 X124.081 Y103.803
G1 X124.081 Y103.77 E1550.65607
G1 X124.081 Y97.525 E1550.86378
G1 X124.081 Y97.491 E1550.86491
G1 X124.081 Y97.452 E1550.86621
G1 X124.099 Y97.456
G1 X124.414 Y97.491 E1550.87373
G1 X124.448 Y97.491 E1550.87479
G1 X124.738 Y97.496 E1550.88444
G1 X125.061 Y97.471 E1550.89521
G1 X125.376 Y97.416 E1550.90585
G1 X125.679 Y97.333 E1550.9163
G1 X125.967 Y97.221 E1550.92658
G1 X126.233 Y97.083 E1550.93654
G1 X126.472 Y96.921 E1550.94615
G1 X126.685 Y96.734 E1550.95557
G1 X126.885 Y96.496 E1550.96591
G1 X127.04 Y96.224 E1550.97633
G1 X127.131 Y95.944 E1550.98612
G1 X127.165 Y95.646 E1550.99609
G1 X127.124 Y95.314 E1551.00722
G1 X127.021 Y95.034 E1551.01714
G1 X126.862 Y94.766 E1551.02751
G1 X126.656 Y94.535 E1551.0378
G1 X126.442 Y94.353 E1551.04715
G1 X126.202 Y94.194 E1551.05672
G1 X125.937 Y94.062 E1551.06657
G1 X125.679 Y93.962 E1551.07577
G1 X125.376 Y93.879 E1551.08622
G1 X125.061 Y93.823 E1551.09686
G1 X124.738 Y93.799 E1551.10763
G1 X124.448 Y93.803 E1551.11728
G1 X124.415 Y93.803 E1551.11838
G1 X124.081 Y93.84 E1551.12955
G1 X124.081 Y93.804
G1 X124.081 Y93.771 E1551.13059
G1 X124.079 Y92.167 E1551.18394
G1 X124.079 Y91.967 E1551.19059
G1 X124.279 Y91.967 E1551.1949
G1 X129.845 Y91.967 E1551.38002
G1 X130.045 Y91.967 E1551.38668
G1 X130.045 Y92.167 E1551.39098
G1 X130.044 Y114.921 E1552.14778
G1 X129.95 Y115.192 E1552.15732
G1 X129.656 Y115.907 E1552.18304
G1 X129.306 Y116.642 E1552.21011
G1 X128.921 Y117.346 E1552.2368
G1 X128.489 Y118.048 E1552.26422
G1 X128.012 Y118.736 E1552.29206
G1 X127.493 Y119.409 E1552.32033
G1 X126.933 Y120.067 E1552.34907
G1 X126.333 Y120.707 E1552.37824
G1 X125.689 Y121.334 E1552.40814
G1 X125.02 Y121.929 E1552.43792
G1 X124.448 Y122.395 E1552.46246
G1 X124.307 Y122.509 E1552.4673
G1 X124.081 Y122.678 E1552.47185
G0 F9000 X124.323 Y122.183
G0 X128.929 Y116.13
;TYPE:FILL
G1 F2166.2 X124.64 Y111.841 E1552.67359
G0 F9000 X124.64 Y113.119
G1 F2166.2 X126.071 Y107.78 E1552.85744
G0 F9000 X127.082 Y106.633
G0 X127.366 Y105.995
G0 X127.406 Y105.645
G0 X127.048 Y104.132
G1 F2166.2 X129.484 Y95.043 E1553.17041
G0 F9000 X126.985 Y97.215
G1 F2166.2 X129.484 Y99.715 E1553.28798
G0 F9000 X129.484 Y101.724
G1 F2166.2 X124.64 Y103.022 E1553.45477
G0 F9000 X126.586 Y104.162
G0 X127.056 Y104.624
G0 X127.358 Y105.258
G0 X127.129 Y114.778
G1 F2166.2 X129.483 Y114.147 E1553.53583
G0 F9000 X124.905 Y121.167
G0 X124.78 Y121.292
;TYPE:SKIN
G1 F676.9 X124.681 Y121.107 E1553.54296
G0 F9000 X124.681 Y121.023
G1 F2400 E1552.74296
;MESH:NONMESH
G0 F300 X124.681 Y121.023 Z13
G0 F9000 X124.681 Y121.517
;TIME_ELAPSED:2011.664261
;LAYER:64
;TYPE:WALL-INNER
;MESH:1x_1xm_pusher.stl
G1 F2400 E1553.54296
G1 F1042.8 X124.681 Y121.073 E1553.55773
G1 X124.68 Y117.839 E1553.66529
G1 X124.76 Y117.828 E1553.66798
G1 X125.107 Y117.744 E1553.67985
G1 X125.44 Y117.628 E1553.69158
G1 X125.754 Y117.48 E1553.70313
G1 X126.043 Y117.3 E1553.71445
G1 X126.306 Y117.089 E1553.72566
G1 X126.556 Y116.82 E1553.73788
G1 X126.776 Y116.481 E1553.75132
G1 X126.93 Y116.074 E1553.76579
G1 X126.982 Y115.643 E1553.78023
G1 X126.93 Y115.213 E1553.79464
G1 X126.777 Y114.806 E1553.8091
G1 X126.575 Y114.496 E1553.82141
G1 X126.309 Y114.201 E1553.83462
G1 X126.043 Y113.987 E1553.84597
G1 X125.754 Y113.806 E1553.85732
G1 X125.439 Y113.659 E1553.86888
G1 X125.107 Y113.543 E1553.88057
G1 X124.76 Y113.459 E1553.89245
G1 X124.68 Y113.448 E1553.89513
G1 X124.679 Y111.141 E1553.97187
G1 X124.681 Y107.89 E1554.07999
G1 X125.029 Y107.852 E1554.09164
G1 X125.378 Y107.78 E1554.10349
G1 X125.716 Y107.675 E1554.11526
G1 X126.035 Y107.537 E1554.12682
G1 X126.333 Y107.368 E1554.13822
G1 X126.606 Y107.167 E1554.14949
G1 X126.848 Y106.933 E1554.16069
G1 X127.072 Y106.638 E1554.17301
G1 X127.25 Y106.284 E1554.18619
G1 X127.355 Y105.865 E1554.20055
G1 X127.355 Y105.429 E1554.21506
G1 X127.25 Y105.01 E1554.22942
G1 X127.083 Y104.676 E1554.24184
G1 X126.85 Y104.363 E1554.25482
G1 X126.605 Y104.127 E1554.26613
G1 X126.333 Y103.927 E1554.27736
G1 X126.035 Y103.758 E1554.28876
G1 X125.716 Y103.62 E1554.30032
G1 X125.379 Y103.515 E1554.31206
G1 X125.03 Y103.442 E1554.32392
G1 X124.681 Y103.404 E1554.33559
G1 X124.681 Y97.89 E1554.51899
G1 X125.029 Y97.852 E1554.53063
G1 X125.378 Y97.78 E1554.54249
G1 X125.716 Y97.675 E1554.55426
G1 X126.035 Y97.537 E1554.56582
G1 X126.333 Y97.368 E1554.57721
G1 X126.606 Y97.167 E1554.58849
G1 X126.848 Y96.933 E1554.59968
G1 X127.072 Y96.638 E1554.612
G1 X127.25 Y96.284 E1554.62518
G1 X127.355 Y95.865 E1554.63955
G1 X127.355 Y95.429 E1554.65405
G1 X127.25 Y95.01 E1554.66842
G1 X127.083 Y94.676 E1554.68084
G1 X126.85 Y94.363 E1554.69382
G1 X126.605 Y94.127 E1554.70513
G1 X126.333 Y93.927 E1554.71636
G1 X126.035 Y93.758 E1554.72775
G1 X125.716 Y93.62 E1554.73931
G1 X125.379 Y93.515 E1554.75105
G1 X125.03 Y93.442 E1554.76291
G1 X124.681 Y93.404 E1554.77459
G1 X124.679 Y92.566 E1554.80246
G1 X124.679 Y92.367 E1554.80908
G1 X124.878 Y92.367 E1554.81336
G1 X129.845 Y92.367 E1554.97857
G1 X129.845 Y113.528 E1555.68238
G1 X129.831 Y113.588 E1555.68443
G1 X129.618 Y114.348 E1555.71068
G1 X129.382 Y115.032 E1555.73475
G1 X129.089 Y115.747 E1555.76045
G1 X128.752 Y116.457 E1555.78659
G1 X128.38 Y117.136 E1555.81234
G1 X127.954 Y117.828 E1555.83937
G1 X127.486 Y118.504 E1555.86672
G1 X126.988 Y119.15 E1555.89385
G1 X126.441 Y119.793 E1555.92192
G1 X125.845 Y120.429 E1555.95091
G1 X125.215 Y121.042 E1555.98015
G1 X125.013 Y121.222 E1555.98915
G1 X124.681 Y121.517 E1555.99718
G0 F9000 X124.281 Y122.368
;TYPE:WALL-OUTER
G1 F1042.8 X124.281 Y121.949 E1556.01112
G1 X124.281 Y121.948 E1556.01115
G1 X124.28 Y117.483 E1556.15966
G1 X124.369 Y117.478 E1556.16262
G1 X124.686 Y117.434 E1556.17327
G1 X124.994 Y117.36 E1556.1838
G1 X125.288 Y117.257 E1556.19416
G1 X125.562 Y117.128 E1556.20424
G1 X125.811 Y116.973 E1556.21399
G1 X126.033 Y116.795 E1556.22346
G1 X126.239 Y116.573 E1556.23353
G1 X126.417 Y116.299 E1556.2444
G1 X126.539 Y115.978 E1556.25582
G1 X126.579 Y115.643 E1556.26704
G1 X126.539 Y115.309 E1556.27823
G1 X126.418 Y114.988 E1556.28964
G1 X126.257 Y114.74 E1556.29947
G1 X126.034 Y114.493 E1556.31054
G1 X125.811 Y114.314 E1556.32005
G1 X125.562 Y114.158 E1556.32982
G1 X125.288 Y114.03 E1556.33988
G1 X124.994 Y113.927 E1556.35024
G1 X124.686 Y113.853 E1556.36078
G1 X124.369 Y113.809 E1556.37142
G1 X124.28 Y113.804 E1556.37439
G1 X124.279 Y111.141 E1556.46296
G1 X124.281 Y107.493 E1556.58429
G1 X124.326 Y107.496 E1556.58579
G1 X124.647 Y107.491 E1556.59647
G1 X124.967 Y107.456 E1556.60718
G1 X125.278 Y107.392 E1556.61774
G1 X125.577 Y107.299 E1556.62815
G1 X125.857 Y107.178 E1556.6383
G1 X126.115 Y107.032 E1556.64816
G1 X126.347 Y106.861 E1556.65774
G1 X126.548 Y106.667 E1556.66704
G1 X126.731 Y106.425 E1556.67713
G1 X126.873 Y106.144 E1556.6876
G1 X126.955 Y105.816 E1556.69884
G1 X126.955 Y105.478 E1556.71009
G1 X126.873 Y105.15 E1556.72133
G1 X126.741 Y104.886 E1556.73115
G1 X126.549 Y104.628 E1556.74184
G1 X126.347 Y104.434 E1556.75116
G1 X126.115 Y104.263 E1556.76075
G1 X125.857 Y104.117 E1556.77061
G1 X125.577 Y103.996 E1556.78075
G1 X125.278 Y103.903 E1556.79117
G1 X124.967 Y103.838 E1556.80173
G1 X124.646 Y103.803 E1556.81247
G1 X124.323 Y103.799 E1556.82322
G1 X124.281 Y103.802 E1556.82462
G1 X124.281 Y97.493 E1557.03446
G1 X124.326 Y97.496 E1557.03596
G1 X124.647 Y97.491 E1557.04663
G1 X124.967 Y97.456 E1557.05734
G1 X125.278 Y97.392 E1557.0679
G1 X125.577 Y97.299 E1557.07832
G1 X125.857 Y97.178 E1557.08846
G1 X126.115 Y97.032 E1557.09832
G1 X126.347 Y96.861 E1557.10791
G1 X126.548 Y96.667 E1557.1172
G1 X126.731 Y96.425 E1557.12729
G1 X126.873 Y96.144 E1557.13776
G1 X126.955 Y95.816 E1557.14901
G1 X126.955 Y95.478 E1557.16025
G1 X126.873 Y95.15 E1557.17149
G1 X126.741 Y94.886 E1557.18131
G1 X126.549 Y94.628 E1557.19201
G1 X126.347 Y94.434 E1557.20132
G1 X126.115 Y94.263 E1557.21091
G1 X125.857 Y94.117 E1557.22077
G1 X125.577 Y93.996 E1557.23091
G1 X125.278 Y93.903 E1557.24133
G1 X124.967 Y93.838 E1557.25189
G1 X124.646 Y93.803 E1557.26263
G1 X124.281 Y93.8 E1557.27477
G1 X124.279 Y92.167 E1557.32909
G1 X124.279 Y91.967 E1557.33574
G1 X124.479 Y91.967 E1557.34005
G1 X130.245 Y91.967 E1557.53183
G1 X130.245 Y113.573 E1558.25044
G1 X130.22 Y113.683 E1558.2542
G1 X129.999 Y114.471 E1558.28142
G1 X129.757 Y115.172 E1558.30608
G1 X129.456 Y115.907 E1558.3325
G1 X129.107 Y116.642 E1558.35956
G1 X128.721 Y117.346 E1558.38626
G1 X128.289 Y118.048 E1558.41368
G1 X127.812 Y118.736 E1558.44152
G1 X127.293 Y119.409 E1558.46979
G1 X126.733 Y120.067 E1558.49853
G1 X126.133 Y120.707 E1558.52771
G1 X125.489 Y121.334 E1558.5576
G1 X124.82 Y121.929 E1558.58738
G1 X124.606 Y122.103 E1558.59655
G1 X124.281 Y122.368 E1558.6042
G0 F9000 X124.523 Y121.858
G0 X126.773 Y116.035
G0 X127.006 Y114.958
;TYPE:FILL
G1 F2085.6 X129.464 Y114.299 E1558.68884
G0 F9000 X128.858 Y115.858
G1 F2085.6 X124.838 Y111.838 E1558.87793
G0 F9000 X124.839 Y111.829
G1 F2085.6 X125.93 Y107.754 E1559.01824
G0 F9000 X126.934 Y106.552
G0 X127.099 Y106.227
G0 X127.194 Y105.845
G0 X126.889 Y104.179
G1 F2085.6 X129.684 Y93.748 E1559.37741
G0 F9000 X126.985 Y97.015
G1 F2085.6 X129.684 Y99.714 E1559.50437
G0 F9000 X129.684 Y101.817
G1 F2085.6 X124.84 Y103.115 E1559.67116
G0 F9000 X126.501 Y104.251
G0 X126.946 Y104.761
G0 X127.099 Y105.067
G0 X127.194 Y105.449
G0 X126.773 Y116.035
G0 X124.995 Y120.753
G0 X125.06 Y120.817
;TYPE:SKIN
G1 F651.7 X124.915 Y120.956 E1559.67708
G0 F9000 X124.891 Y120.647
G1 F2400 E1558.87708
;MESH:NONMESH
G0 F300 X124.891 Y120.647 Z13.2
G0 F9000 X124.88 Y121.162
;TIME_ELAPSED:2023.502749
;LAYER:65
;TYPE:WALL-INNER
;MESH:1x_1xm_pusher.stl
G1 F2400 E1559.67708
G1 F1003.6 X124.88 Y121.042 E1559.68107
G1 X124.88 Y120.73 E1559.69144
G1 X124.88 Y117.747 E1559.79066
G1 X125.021 Y117.709 E1559.79552
G1 X125.346 Y117.582 E1559.80712
G1 X125.651 Y117.424 E1559.81855
G1 X125.934 Y117.234 E1559.82988
G1 X126.187 Y117.01 E1559.84112
G1 X126.418 Y116.736 E1559.85304
G1 X126.622 Y116.383 E1559.8666
G1 X126.752 Y115.969 E1559.88104
G1 X126.779 Y115.535 E1559.8955
G1 X126.701 Y115.106 E1559.91
G1 X126.524 Y114.712 E1559.92437
G1 X126.311 Y114.415 E1559.93652
G1 X126.025 Y114.128 E1559.95
G1 X125.749 Y113.923 E1559.96143
G1 X125.451 Y113.754 E1559.97283
G1 X125.13 Y113.616 E1559.98445
G1 X124.881 Y113.538 E1559.99313
G1 X124.881 Y107.841 E1560.18261
G1 X124.945 Y107.832 E1560.18476
G1 X125.293 Y107.748 E1560.19667
G1 X125.625 Y107.632 E1560.20836
G1 X125.938 Y107.484 E1560.21988
G1 X126.227 Y107.305 E1560.23119
G1 X126.493 Y107.092 E1560.24252
G1 X126.741 Y106.822 E1560.25471
G1 X126.961 Y106.484 E1560.26813
G1 X127.114 Y106.081 E1560.28247
G1 X127.169 Y105.647 E1560.29702
G1 X127.114 Y105.216 E1560.31147
G1 X126.963 Y104.813 E1560.32578
G1 X126.762 Y104.5 E1560.33815
G1 X126.495 Y104.205 E1560.35139
G1 X126.228 Y103.99 E1560.36279
G1 X125.939 Y103.81 E1560.37411
G1 X125.624 Y103.662 E1560.38569
G1 X125.293 Y103.547 E1560.39734
G1 X124.946 Y103.463 E1560.40922
G1 X124.881 Y103.454 E1560.4114
G1 X124.881 Y97.841 E1560.59809
G1 X124.945 Y97.832 E1560.60024
G1 X125.293 Y97.748 E1560.61215
G1 X125.625 Y97.632 E1560.62384
G1 X125.938 Y97.484 E1560.63536
G1 X126.227 Y97.305 E1560.64667
G1 X126.493 Y97.092 E1560.658
G1 X126.741 Y96.822 E1560.67019
G1 X126.961 Y96.484 E1560.68361
G1 X127.114 Y96.081 E1560.69794
G1 X127.169 Y95.647 E1560.71249
G1 X127.114 Y95.216 E1560.72695
G1 X126.963 Y94.813 E1560.74126
G1 X126.762 Y94.5 E1560.75363
G1 X126.495 Y94.205 E1560.76687
G1 X126.228 Y93.99 E1560.77827
G1 X125.939 Y93.81 E1560.78959
G1 X125.624 Y93.662 E1560.80117
G1 X125.293 Y93.547 E1560.81282
G1 X124.945 Y93.462 E1560.82474
G1 X124.88 Y93.453 E1560.82692
G1 X124.88 Y92.367 E1560.86304
G1 X129.993 Y92.367 E1561.0331
G1 X129.994 Y110.634 E1561.64066
G1 X129.969 Y111.406 E1561.66635
G1 X129.902 Y112.132 E1561.6906
G1 X129.784 Y112.883 E1561.71589
G1 X129.629 Y113.593 E1561.74006
G1 X129.427 Y114.32 E1561.76515
G1 X129.187 Y115.02 E1561.78977
G1 X128.889 Y115.747 E1561.8159
G1 X128.555 Y116.45 E1561.84178
G1 X128.18 Y117.136 E1561.86779
G1 X127.752 Y117.832 E1561.89496
G1 X127.286 Y118.504 E1561.92216
G1 X126.788 Y119.15 E1561.94929
G1 X126.241 Y119.793 E1561.97737
G1 X125.645 Y120.429 E1562.00636
G1 X125.238 Y120.825 E1562.02525
G1 X125.015 Y121.042 E1562.03244
G1 X124.88 Y121.162 E1562.03463
G0 F9000 X124.48 Y122.043
;TYPE:WALL-OUTER
G1 F1003.6 X124.48 Y121.929 E1562.03842
G1 X124.48 Y121.64 E1562.04803
G1 X124.48 Y117.432 E1562.18799
G1 X124.59 Y117.412 E1562.19171
G1 X124.895 Y117.329 E1562.20223
G1 X125.181 Y117.217 E1562.21244
G1 X125.447 Y117.079 E1562.22241
G1 X125.689 Y116.917 E1562.23209
G1 X125.9 Y116.73 E1562.24147
G1 X126.089 Y116.505 E1562.25124
G1 X126.254 Y116.221 E1562.26217
G1 X126.356 Y115.896 E1562.2735
G1 X126.377 Y115.559 E1562.28473
G1 X126.316 Y115.226 E1562.29599
G1 X126.175 Y114.912 E1562.30744
G1 X126.005 Y114.674 E1562.31717
G1 X125.763 Y114.431 E1562.32857
G1 X125.531 Y114.259 E1562.33818
G1 X125.273 Y114.113 E1562.34804
G1 X124.991 Y113.992 E1562.35824
G1 X124.694 Y113.899 E1562.36859
G1 X124.481 Y113.856 E1562.37582
G1 X124.481 Y107.486 E1562.58769
G1 X124.554 Y107.482 E1562.59012
G1 X124.871 Y107.438 E1562.60077
G1 X125.18 Y107.364 E1562.61133
G1 X125.473 Y107.261 E1562.62166
G1 X125.747 Y107.132 E1562.63174
G1 X125.996 Y106.978 E1562.64147
G1 X126.219 Y106.799 E1562.65098
G1 X126.424 Y106.576 E1562.66106
G1 X126.602 Y106.302 E1562.67193
G1 X126.723 Y105.983 E1562.68327
G1 X126.766 Y105.647 E1562.69454
G1 X126.723 Y105.313 E1562.70574
G1 X126.603 Y104.993 E1562.71711
G1 X126.443 Y104.744 E1562.72695
G1 X126.22 Y104.497 E1562.73802
G1 X125.996 Y104.317 E1562.74758
G1 X125.747 Y104.162 E1562.75733
G1 X125.473 Y104.033 E1562.76741
G1 X125.18 Y103.931 E1562.77773
G1 X124.871 Y103.856 E1562.7883
G1 X124.554 Y103.812 E1562.79895
G1 X124.481 Y103.808 E1562.80138
G1 X124.481 Y97.486 E1563.01165
G1 X124.554 Y97.482 E1563.01408
G1 X124.871 Y97.438 E1563.02472
G1 X125.18 Y97.364 E1563.03529
G1 X125.473 Y97.261 E1563.04562
G1 X125.747 Y97.132 E1563.05569
G1 X125.996 Y96.978 E1563.06543
G1 X126.219 Y96.799 E1563.07494
G1 X126.424 Y96.576 E1563.08502
G1 X126.602 Y96.302 E1563.09589
G1 X126.723 Y95.983 E1563.10723
G1 X126.766 Y95.647 E1563.1185
G1 X126.723 Y95.313 E1563.1297
G1 X126.603 Y94.993 E1563.14107
G1 X126.443 Y94.744 E1563.15091
G1 X126.22 Y94.497 E1563.16198
G1 X125.996 Y94.317 E1563.17154
G1 X125.747 Y94.162 E1563.18129
G1 X125.473 Y94.033 E1563.19136
G1 X125.18 Y93.931 E1563.20168
G1 X124.871 Y93.856 E1563.21226
G1 X124.48 Y93.803 E1563.22538
G1 X124.48 Y91.967 E1563.28645
G1 X130.393 Y91.967 E1563.48312
G1 X130.394 Y110.647 E1564.10442
G1 X130.369 Y111.423 E1564.13024
G1 X130.299 Y112.183 E1564.15562
G1 X130.175 Y112.968 E1564.18206
G1 X130.02 Y113.68 E1564.20629
G1 X129.808 Y114.441 E1564.23257
G1 X129.557 Y115.172 E1564.25827
G1 X129.256 Y115.907 E1564.28469
G1 X128.906 Y116.642 E1564.31177
G1 X128.521 Y117.346 E1564.33845
G1 X128.089 Y118.048 E1564.36587
G1 X127.612 Y118.736 E1564.39371
G1 X127.093 Y119.409 E1564.42198
G1 X126.533 Y120.067 E1564.45072
G1 X125.933 Y120.707 E1564.4799
G1 X125.289 Y121.334 E1564.50979
G1 X124.836 Y121.737 E1564.52996
G1 X124.62 Y121.929 E1564.53671
G1 X124.48 Y122.043 E1564.53904
G0 F9000 X124.72 Y121.517
G0 X126.87 Y115.14
;TYPE:FILL
G1 F2007.2 X129.187 Y114.519 E1564.61883
G0 F9000 X128.783 Y115.584
G1 F2007.2 X125.04 Y111.841 E1564.79489
G0 F9000 X125.041 Y110.531
G1 F2007.2 X125.791 Y107.729 E1564.89136
G0 F9000 X126.816 Y106.411
G0 X126.956 Y106.041
G0 X127.002 Y105.687
G0 X126.73 Y104.226
G1 F2007.2 X129.832 Y92.65 E1565.28996
G0 F9000 X126.953 Y96.784
G1 F2007.2 X129.833 Y99.663 E1565.42541
G0 F9000 X129.832 Y101.923
G1 F2007.2 X125.04 Y103.207 E1565.59041
G0 F9000 X126.385 Y104.322
G0 X126.818 Y104.886
G0 X126.956 Y105.255
G0 X127.008 Y105.647
G0 X126.593 Y115.94
G0 X125.158 Y120.348
G0 X125.105 Y120.4
;TYPE:SKIN
G1 F627.3 X125.22 Y120.568 E1565.59927
G0 F9000 X125.305 Y120.481
G1 F2400 E1564.79927
;MESH:NONMESH
G0 F300 X125.305 Y120.481 Z13.4
G0 F9000 X125.08 Y120.784
;TIME_ELAPSED:2035.287909
;LAYER:66
;TYPE:WALL-INNER
;MESH:1x_1xm_pusher.stl
G1 F2400 E1565.59927
G1 F960 X125.08 Y120.429 E1565.61108
G1 X125.08 Y120.386 E1565.61251
G1 X125.08 Y117.607 E1565.70494
G1 X125.251 Y117.533 E1565.71113
G1 X125.55 Y117.364 E1565.72256
G1 X125.82 Y117.163 E1565.73375
G1 X126.061 Y116.932 E1565.74486
G1 X126.277 Y116.65 E1565.75667
G1 X126.465 Y116.283 E1565.77038
G1 X126.57 Y115.861 E1565.78485
G1 X126.57 Y115.425 E1565.79935
G1 X126.464 Y115.003 E1565.81382
G1 X126.267 Y114.619 E1565.82818
G1 X126.043 Y114.338 E1565.84013
G1 X125.74 Y114.058 E1565.85385
G1 X125.452 Y113.862 E1565.86544
G1 X125.145 Y113.704 E1565.87692
G1 X125.081 Y113.679 E1565.87921
G1 X125.08 Y107.747 E1566.07651
G1 X125.205 Y107.713 E1566.08081
G1 X125.532 Y107.586 E1566.09248
G1 X125.838 Y107.427 E1566.10395
G1 X126.117 Y107.238 E1566.11516
G1 X126.372 Y107.015 E1566.12643
G1 X126.603 Y106.739 E1566.1384
G1 X126.808 Y106.387 E1566.15195
G1 X126.938 Y105.974 E1566.16635
G1 X126.965 Y105.537 E1566.18091
G1 X126.884 Y105.11 E1566.19536
G1 X126.71 Y104.716 E1566.20969
G1 X126.497 Y104.42 E1566.22182
G1 X126.211 Y104.131 E1566.23534
G1 X125.933 Y103.927 E1566.24681
G1 X125.635 Y103.758 E1566.2582
G1 X125.316 Y103.62 E1566.26977
G1 X125.081 Y103.547 E1566.27795
G1 X125.08 Y97.747 E1566.47086
G1 X125.205 Y97.713 E1566.47517
G1 X125.532 Y97.586 E1566.48683
G1 X125.838 Y97.427 E1566.4983
G1 X126.117 Y97.238 E1566.50951
G1 X126.372 Y97.015 E1566.52078
G1 X126.603 Y96.739 E1566.53275
G1 X126.808 Y96.387 E1566.5463
G1 X126.938 Y95.974 E1566.5607
G1 X126.965 Y95.537 E1566.57526
G1 X126.884 Y95.11 E1566.58972
G1 X126.71 Y94.716 E1566.60404
G1 X126.497 Y94.42 E1566.61617
G1 X126.211 Y94.131 E1566.62969
G1 X125.933 Y93.927 E1566.64116
G1 X125.635 Y93.758 E1566.65256
G1 X125.316 Y93.62 E1566.66412
G1 X125.08 Y93.547 E1566.67233
G1 X125.08 Y92.367 E1566.71158
G1 X129.793 Y92.367 E1566.86834
G1 X129.793 Y110.682 E1567.4775
G1 X129.769 Y111.401 E1567.50142
G1 X129.704 Y112.116 E1567.5253
G1 X129.591 Y112.851 E1567.55004
G1 X129.429 Y113.593 E1567.5753
G1 X129.227 Y114.32 E1567.60039
G1 X128.987 Y115.02 E1567.625
G1 X128.689 Y115.747 E1567.65114
G1 X128.355 Y116.45 E1567.67702
G1 X127.98 Y117.136 E1567.70303
G1 X127.552 Y117.832 E1567.7302
G1 X127.086 Y118.504 E1567.7574
G1 X126.588 Y119.15 E1567.78453
G1 X126.041 Y119.793 E1567.81261
G1 X125.474 Y120.398 E1567.84019
G1 X125.445 Y120.429 E1567.84154
G1 X125.08 Y120.784 E1567.85127
G0 F9000 X124.68 Y121.698
;TYPE:WALL-OUTER
G1 F960 X124.68 Y121.253 E1567.86608
G1 X124.68 Y121.252 E1567.86611
G1 X124.681 Y119.616 E1567.92052
G1 X124.679 Y117.748 E1567.98265
G1 X124.681 Y117.33 E1567.99655
G1 X124.792 Y117.295 E1568.00043
G1 X125.073 Y117.174 E1568.0106
G1 X125.331 Y117.028 E1568.02046
G1 X125.561 Y116.857 E1568.02999
G1 X125.762 Y116.664 E1568.03926
G1 X125.938 Y116.435 E1568.04887
G1 X126.088 Y116.142 E1568.05982
G1 X126.17 Y115.812 E1568.07113
G1 X126.17 Y115.475 E1568.08233
G1 X126.087 Y115.145 E1568.09365
G1 X125.929 Y114.837 E1568.10517
G1 X125.749 Y114.611 E1568.11478
G1 X125.491 Y114.372 E1568.12647
G1 X125.247 Y114.207 E1568.13627
G1 X124.98 Y114.069 E1568.14627
G1 X124.681 Y113.953 E1568.15693
G1 X124.68 Y107.433 E1568.37379
G1 X124.776 Y107.416 E1568.37703
G1 X125.079 Y107.333 E1568.38748
G1 X125.367 Y107.221 E1568.39776
G1 X125.633 Y107.083 E1568.40773
G1 X125.872 Y106.921 E1568.41733
G1 X126.085 Y106.734 E1568.42676
G1 X126.275 Y106.508 E1568.43658
G1 X126.44 Y106.224 E1568.4475
G1 X126.542 Y105.9 E1568.4588
G1 X126.563 Y105.562 E1568.47006
G1 X126.5 Y105.23 E1568.4813
G1 X126.361 Y104.916 E1568.49272
G1 X126.191 Y104.679 E1568.50242
G1 X125.949 Y104.435 E1568.51385
G1 X125.715 Y104.263 E1568.52351
G1 X125.457 Y104.117 E1568.53337
G1 X125.177 Y103.996 E1568.54352
G1 X124.878 Y103.903 E1568.55393
G1 X124.681 Y103.862 E1568.56062
G1 X124.68 Y97.433 E1568.77445
G1 X124.776 Y97.416 E1568.7777
G1 X125.079 Y97.333 E1568.78815
G1 X125.367 Y97.221 E1568.79842
G1 X125.633 Y97.083 E1568.80839
G1 X125.872 Y96.921 E1568.81799
G1 X126.085 Y96.734 E1568.82742
G1 X126.275 Y96.508 E1568.83724
G1 X126.44 Y96.224 E1568.84817
G1 X126.542 Y95.9 E1568.85946
G1 X126.563 Y95.562 E1568.87073
G1 X126.5 Y95.23 E1568.88197
G1 X126.361 Y94.916 E1568.89339
G1 X126.191 Y94.679 E1568.90309
G1 X125.949 Y94.435 E1568.91452
G1 X125.715 Y94.263 E1568.92418
G1 X125.457 Y94.117 E1568.93404
G1 X125.177 Y93.996 E1568.94418
G1 X124.878 Y93.903 E1568.9546
G1 X124.68 Y93.862 E1568.96132
G1 X124.68 Y91.967 E1569.02435
G1 X130.193 Y91.967 E1569.20771
G1 X130.193 Y110.695 E1569.83061
G1 X130.169 Y111.415 E1569.85457
G1 X130.101 Y112.165 E1569.87962
G1 X129.982 Y112.936 E1569.90556
G1 X129.82 Y113.68 E1569.93089
G1 X129.608 Y114.441 E1569.95717
G1 X129.357 Y115.172 E1569.98287
G1 X129.056 Y115.907 E1570.00929
G1 X128.706 Y116.642 E1570.03636
G1 X128.321 Y117.346 E1570.06305
G1 X127.889 Y118.048 E1570.09047
G1 X127.412 Y118.736 E1570.11831
G1 X126.893 Y119.409 E1570.14658
G1 X126.333 Y120.067 E1570.17532
G1 X125.733 Y120.707 E1570.2045
G1 X125.089 Y121.334 E1570.23439
G1 X125.013 Y121.402 E1570.23778
G1 X124.68 Y121.698 E1570.24584
G0 F9000 X124.921 Y121.161
G0 X126.711 Y115.33
;TYPE:FILL
G1 F1920 X128.912 Y114.74 E1570.32163
G0 F9000 X128.699 Y115.299
G1 F1920 X125.239 Y111.839 E1570.48438
G0 F9000 X125.24 Y109.239
G1 F1920 X125.651 Y107.703 E1570.53726
G0 F9000 X126.471 Y106.646
G0 X126.66 Y106.321
G0 X126.779 Y105.944
G0 X126.572 Y104.267
G1 F1920 X129.632 Y92.847 E1570.93049
G0 F9000 X126.905 Y96.534
G1 F1920 X129.632 Y99.262 E1571.05879
G0 F9000 X129.631 Y102.124
G1 F1920 X125.24 Y103.301 E1571.20999
G0 F9000 X126.57 Y104.797
G0 X126.73 Y105.159
G0 X126.803 Y105.547
G0 X126.409 Y115.84
G0 X125.268 Y119.894
G0 X125.381 Y120.007
;TYPE:SKIN
G1 F600 X125.306 Y120.214 E1571.21774
G0 F9000 X125.28 Y119.927
G1 F2400 E1570.41774
;MESH:NONMESH
G0 F300 X125.28 Y119.927 Z13.6
G0 F9000 X125.281 Y120.391
;TIME_ELAPSED:2046.998141
;LAYER:67
;TYPE:WALL-INNER
;MESH:1x_1xm_pusher.stl
G1 F2400 E1571.21774
G1 F960 X125.281 Y119.888 E1571.23447
G1 X125.281 Y119.887 E1571.23451
G1 X125.279 Y118.641 E1571.27595
G1 X125.281 Y118.311 E1571.28692
G1 X125.28 Y117.404 E1571.31709
G1 X125.534 Y117.234 E1571.32726
G1 X125.786 Y117.01 E1571.33847
G1 X126.01 Y116.745 E1571.35001
G1 X126.222 Y116.385 E1571.36391
G1 X126.352 Y115.969 E1571.3784
G1 X126.379 Y115.535 E1571.39287
G1 X126.301 Y115.106 E1571.40737
G1 X126.121 Y114.708 E1571.4219
G1 X125.866 Y114.36 E1571.43625
G1 X125.62 Y114.124 E1571.44759
G1 X125.35 Y113.923 E1571.45878
G1 X125.281 Y113.884 E1571.46142
G1 X125.281 Y107.606 E1571.67022
G1 X125.538 Y107.484 E1571.67969
G1 X125.828 Y107.305 E1571.69102
G1 X126.091 Y107.093 E1571.70226
G1 X126.334 Y106.832 E1571.71412
G1 X126.561 Y106.484 E1571.72794
G1 X126.714 Y106.081 E1571.74227
G1 X126.769 Y105.647 E1571.75682
G1 X126.714 Y105.216 E1571.77128
G1 X126.561 Y104.81 E1571.78571
G1 X126.323 Y104.446 E1571.80017
G1 X126.076 Y104.191 E1571.81198
G1 X125.818 Y103.984 E1571.82298
G1 X125.539 Y103.81 E1571.83392
G1 X125.281 Y103.689 E1571.8434
G1 X125.281 Y97.606 E1572.04572
G1 X125.538 Y97.484 E1572.05518
G1 X125.828 Y97.305 E1572.06651
G1 X126.091 Y97.093 E1572.07775
G1 X126.334 Y96.832 E1572.08961
G1 X126.561 Y96.484 E1572.10343
G1 X126.714 Y96.081 E1572.11777
G1 X126.769 Y95.647 E1572.13232
G1 X126.714 Y95.216 E1572.14677
G1 X126.561 Y94.81 E1572.1612
G1 X126.323 Y94.446 E1572.17566
G1 X126.076 Y94.191 E1572.18747
G1 X125.818 Y93.984 E1572.19847
G1 X125.539 Y93.81 E1572.20941
G1 X125.28 Y93.688 E1572.21893
G1 X125.28 Y92.367 E1572.26287
G1 X129.593 Y92.367 E1572.40632
G1 X129.593 Y110.629 E1573.01372
G1 X129.57 Y111.386 E1573.03891
G1 X129.564 Y111.473 E1573.04181
G1 X129.504 Y112.116 E1573.06328
G1 X129.391 Y112.851 E1573.08802
G1 X129.229 Y113.593 E1573.11328
G1 X129.027 Y114.32 E1573.13837
G1 X128.784 Y115.025 E1573.16318
G1 X128.703 Y115.229 E1573.17048
G1 X128.486 Y115.755 E1573.1894
G1 X128.161 Y116.44 E1573.21462
G1 X127.78 Y117.136 E1573.24101
G1 X127.352 Y117.832 E1573.26819
G1 X126.886 Y118.504 E1573.29539
G1 X126.388 Y119.15 E1573.32251
G1 X125.841 Y119.793 E1573.35059
G1 X125.625 Y120.023 E1573.36109
G1 X125.281 Y120.391 E1573.37005
G0 F9000 X125.118 Y120.777
G0 X124.88 Y121.342
;TYPE:WALL-OUTER
G1 F960 X124.88 Y120.869 E1573.38578
G1 X124.881 Y120.109 E1573.41106
G1 X124.879 Y118.639 E1573.45995
G1 X124.881 Y118.31 E1573.47089
G1 X124.88 Y117.165 E1573.50898
G1 X125.047 Y117.079 E1573.51522
G1 X125.289 Y116.917 E1573.52491
G1 X125.499 Y116.73 E1573.53426
G1 X125.683 Y116.513 E1573.54372
G1 X125.854 Y116.222 E1573.55495
G1 X125.956 Y115.896 E1573.56631
G1 X125.977 Y115.559 E1573.57754
G1 X125.916 Y115.226 E1573.5888
G1 X125.774 Y114.911 E1573.60029
G1 X125.564 Y114.625 E1573.6121
G1 X125.361 Y114.43 E1573.62146
G1 X125.131 Y114.259 E1573.63099
G1 X124.881 Y114.117 E1573.64055
G1 X124.881 Y107.326 E1573.86642
G1 X125.072 Y107.262 E1573.87312
G1 X125.347 Y107.132 E1573.88324
G1 X125.596 Y106.978 E1573.89298
G1 X125.818 Y106.799 E1573.90246
G1 X126.018 Y106.585 E1573.9122
G1 X126.202 Y106.302 E1573.92343
G1 X126.323 Y105.983 E1573.93478
G1 X126.366 Y105.647 E1573.94605
G1 X126.323 Y105.313 E1573.95725
G1 X126.202 Y104.992 E1573.96866
G1 X126.009 Y104.697 E1573.98038
G1 X125.806 Y104.487 E1573.9901
G1 X125.586 Y104.311 E1573.99947
G1 X125.347 Y104.162 E1574.00883
G1 X125.073 Y104.033 E1574.01891
G1 X124.881 Y103.966 E1574.02567
G1 X124.881 Y97.326 E1574.24652
G1 X125.072 Y97.262 E1574.25322
G1 X125.347 Y97.132 E1574.26333
G1 X125.596 Y96.978 E1574.27307
G1 X125.818 Y96.799 E1574.28256
G1 X126.018 Y96.585 E1574.2923
G1 X126.202 Y96.302 E1574.30353
G1 X126.323 Y95.983 E1574.31487
G1 X126.366 Y95.647 E1574.32614
G1 X126.323 Y95.313 E1574.33734
G1 X126.202 Y94.992 E1574.34875
G1 X126.009 Y94.697 E1574.36048
G1 X125.806 Y94.487 E1574.37019
G1 X125.586 Y94.311 E1574.37956
G1 X125.347 Y94.162 E1574.38893
G1 X125.073 Y94.033 E1574.399
G1 X124.88 Y93.966 E1574.4058
G1 X124.88 Y91.967 E1574.47228
G1 X129.993 Y91.967 E1574.64234
G1 X129.993 Y110.641 E1575.26344
G1 X129.969 Y111.416 E1575.28923
G1 X129.962 Y111.51 E1575.29237
G1 X129.901 Y112.165 E1575.31425
G1 X129.782 Y112.936 E1575.34019
G1 X129.62 Y113.68 E1575.36552
G1 X129.408 Y114.441 E1575.39179
G1 X129.156 Y115.173 E1575.41754
G1 X129.073 Y115.382 E1575.42502
G1 X128.856 Y115.908 E1575.44395
G1 X128.512 Y116.632 E1575.47061
G1 X128.121 Y117.346 E1575.49768
G1 X127.689 Y118.048 E1575.5251
G1 X127.212 Y118.736 E1575.55294
G1 X126.693 Y119.409 E1575.58121
G1 X126.133 Y120.067 E1575.60995
G1 X125.533 Y120.707 E1575.63913
G1 X125.219 Y121.012 E1575.65368
G1 X124.88 Y121.342 E1575.66218
G0 F9000 X125.118 Y120.777
G0 X126.539 Y115.522
;TYPE:FILL
G1 F1920 X128.636 Y114.96 E1575.73438
G0 F9000 X128.614 Y115.015
G1 F1920 X125.44 Y111.84 E1575.8837
G0 F9000 X125.44 Y107.946
G1 F1920 X125.514 Y107.672 E1575.89314
G0 F9000 X126.416 Y106.411
G0 X126.556 Y106.041
G0 X126.597 Y105.723
G0 X126.415 Y104.309
G1 F1920 X129.432 Y93.048 E1576.28089
G0 F9000 X126.82 Y96.25
G1 F1920 X129.432 Y98.862 E1576.40375
G0 F9000 X129.431 Y102.324
G1 F1920 X125.44 Y103.393 E1576.54118
G0 F9000 X126.416 Y104.883
G0 X126.556 Y105.255
G0 X126.608 Y105.647
G0 X126.193 Y115.94
G0 X125.687 Y119.537
;TYPE:SKIN
G1 F600 X125.454 Y119.769 E1576.54664
G0 F9000 X125.481 Y119.525
G1 F2400 E1575.74664
;MESH:NONMESH
G0 F300 X125.481 Y119.525 Z13.8
G0 F9000 X125.481 Y119.964
;TIME_ELAPSED:2058.138909
;LAYER:68
;TYPE:WALL-INNER
;MESH:1x_1xm_pusher.stl
G1 F2400 E1576.54664
G1 F960 X125.481 Y119.794 E1576.5523
G1 X125.481 Y119.47 E1576.56307
G1 X125.479 Y117.11 E1576.64157
G1 X125.504 Y117.09 E1576.64263
G1 X125.74 Y116.839 E1576.65409
G1 X125.975 Y116.484 E1576.66825
G1 X126.13 Y116.074 E1576.68283
G1 X126.182 Y115.643 E1576.69727
G1 X126.13 Y115.213 E1576.71168
G1 X125.975 Y114.805 E1576.72619
G1 X125.734 Y114.437 E1576.74082
G1 X125.48 Y114.182 E1576.75279
G1 X125.48 Y107.399 E1576.9784
G1 X125.717 Y107.238 E1576.98793
G1 X125.971 Y107.016 E1576.99915
G1 X126.197 Y106.749 E1577.01078
G1 X126.408 Y106.388 E1577.02469
G1 X126.538 Y105.973 E1577.03915
G1 X126.565 Y105.537 E1577.05368
G1 X126.484 Y105.11 E1577.06814
G1 X126.308 Y104.713 E1577.08258
G1 X126.051 Y104.365 E1577.09697
G1 X125.806 Y104.128 E1577.10831
G1 X125.533 Y103.927 E1577.11958
G1 X125.481 Y103.897 E1577.12158
G1 X125.48 Y97.399 E1577.3377
G1 X125.717 Y97.238 E1577.34723
G1 X125.971 Y97.016 E1577.35845
G1 X126.197 Y96.749 E1577.37009
G1 X126.408 Y96.388 E1577.384
G1 X126.538 Y95.973 E1577.39846
G1 X126.565 Y95.537 E1577.41299
G1 X126.484 Y95.11 E1577.42744
G1 X126.308 Y94.713 E1577.44189
G1 X126.051 Y94.365 E1577.45628
G1 X125.806 Y94.128 E1577.46761
G1 X125.533 Y93.927 E1577.47889
G1 X125.482 Y93.898 E1577.48084
G1 X125.481 Y92.566 E1577.52514
G1 X125.481 Y92.367 E1577.53176
G1 X125.68 Y92.367 E1577.53604
G1 X129.393 Y92.367 E1577.65954
G1 X129.393 Y110.635 E1578.26714
G1 X129.39 Y110.78 E1578.27196
G1 X129.369 Y111.401 E1578.29263
G1 X129.304 Y112.116 E1578.3165
G1 X129.191 Y112.851 E1578.34124
G1 X129.029 Y113.593 E1578.3665
G1 X128.83 Y114.311 E1578.39128
G1 X128.582 Y115.032 E1578.41664
G1 X128.483 Y115.277 E1578.42543
G1 X128.286 Y115.753 E1578.44256
G1 X127.955 Y116.45 E1578.46823
G1 X127.58 Y117.136 E1578.49423
G1 X127.152 Y117.832 E1578.5214
G1 X126.686 Y118.504 E1578.5486
G1 X126.188 Y119.15 E1578.57573
G1 X125.85 Y119.547 E1578.59307
G1 X125.641 Y119.793 E1578.60078
G1 X125.481 Y119.964 E1578.60357
G0 F9000 X125.317 Y120.377
G0 X125.081 Y120.953
;TYPE:WALL-OUTER
G1 F960 X125.081 Y120.708 E1578.61171
G1 X125.081 Y120.522 E1578.6179
G1 X125.079 Y116.917 E1578.7378
G1 X125.232 Y116.795 E1578.74431
G1 X125.425 Y116.59 E1578.75368
G1 X125.617 Y116.3 E1578.76524
G1 X125.739 Y115.978 E1578.7767
G1 X125.779 Y115.643 E1578.78792
G1 X125.739 Y115.309 E1578.79911
G1 X125.617 Y114.988 E1578.81053
G1 X125.422 Y114.691 E1578.82235
G1 X125.164 Y114.432 E1578.8345
G1 X125.08 Y114.368 E1578.83802
G1 X125.08 Y107.162 E1579.07769
G1 X125.233 Y107.083 E1579.08342
G1 X125.472 Y106.921 E1579.09302
G1 X125.685 Y106.735 E1579.10243
G1 X125.869 Y106.517 E1579.11191
G1 X126.04 Y106.225 E1579.12317
G1 X126.142 Y105.9 E1579.1345
G1 X126.163 Y105.562 E1579.14576
G1 X126.1 Y105.23 E1579.157
G1 X125.96 Y104.915 E1579.16847
G1 X125.749 Y104.629 E1579.18029
G1 X125.547 Y104.434 E1579.18963
G1 X125.315 Y104.263 E1579.19921
G1 X125.081 Y104.13 E1579.20816
G1 X125.08 Y97.162 E1579.43992
G1 X125.233 Y97.083 E1579.44565
G1 X125.472 Y96.921 E1579.45525
G1 X125.685 Y96.735 E1579.46466
G1 X125.869 Y96.517 E1579.47414
G1 X126.04 Y96.225 E1579.4854
G1 X126.142 Y95.9 E1579.49673
G1 X126.163 Y95.562 E1579.50799
G1 X126.1 Y95.23 E1579.51923
G1 X125.96 Y94.915 E1579.5307
G1 X125.749 Y94.629 E1579.54252
G1 X125.547 Y94.434 E1579.55186
G1 X125.315 Y94.263 E1579.56144
G1 X125.082 Y94.131 E1579.57035
G1 X125.081 Y92.167 E1579.63567
G1 X125.081 Y91.967 E1579.64232
G1 X125.281 Y91.967 E1579.64663
G1 X129.793 Y91.967 E1579.7967
G1 X129.793 Y110.643 E1580.41787
G1 X129.79 Y110.793 E1580.42286
G1 X129.769 Y111.415 E1580.44356
G1 X129.701 Y112.165 E1580.4686
G1 X129.582 Y112.936 E1580.49455
G1 X129.42 Y113.68 E1580.51988
G1 X129.211 Y114.432 E1580.54584
G1 X128.953 Y115.182 E1580.57222
G1 X128.853 Y115.43 E1580.58111
G1 X128.656 Y115.907 E1580.59827
G1 X128.306 Y116.642 E1580.62535
G1 X127.921 Y117.346 E1580.65204
G1 X127.489 Y118.048 E1580.67945
G1 X127.012 Y118.736 E1580.7073
G1 X126.493 Y119.409 E1580.73557
G1 X125.933 Y120.067 E1580.7643
G1 X125.46 Y120.572 E1580.78732
G1 X125.333 Y120.707 E1580.79242
G1 X125.081 Y120.953 E1580.79785
G0 F9000 X125.317 Y120.377
G0 X126.331 Y115.725
;TYPE:FILL
G1 F1920 X128.345 Y115.185 E1580.8672
G0 F9000 X128.519 Y114.719
G1 F1920 X125.639 Y111.839 E1581.00267
G0 F9000 X126.403 Y105.547
G0 X126.252 Y104.368
G1 F1920 X129.232 Y93.246 E1581.38564
G0 F9000 X126.698 Y95.928
G1 F1920 X129.232 Y98.462 E1581.50483
G0 F9000 X129.231 Y102.524
G1 F1920 X125.641 Y103.486 E1581.62845
G0 F9000 X126.33 Y105.159
G0 X126.403 Y105.547
G0 X126.282 Y108.52
G0 X125.838 Y119.05
G0 X125.893 Y119.105
;TYPE:SKIN
G1 F600 X125.736 Y119.231 E1581.63491
G0 F9000 X125.681 Y119.075
G1 F2400 E1580.83491
;MESH:NONMESH
G0 F300 X125.681 Y119.075 Z14
G0 F9000 X125.68 Y119.511
;TIME_ELAPSED:2068.750813
;LAYER:69
;TYPE:WALL-INNER
;MESH:1x_1xm_pusher.stl
G1 F2400 E1581.63491
G1 F960 X125.68 Y119.151 E1581.64688
G1 X125.68 Y119.018 E1581.6513
G1 X125.679 Y116.627 E1581.73083
G1 X125.822 Y116.386 E1581.74015
G1 X125.952 Y115.969 E1581.75468
G1 X125.979 Y115.535 E1581.76914
G1 X125.901 Y115.106 E1581.78364
G1 X125.732 Y114.733 E1581.79726
G1 X125.68 Y114.647 E1581.80061
G1 X125.681 Y107.101 E1582.05159
G1 X125.691 Y107.093 E1582.05201
G1 X125.928 Y106.841 E1582.06352
G1 X126.161 Y106.484 E1582.0777
G1 X126.314 Y106.081 E1582.09204
G1 X126.369 Y105.647 E1582.10659
G1 X126.314 Y105.216 E1582.12104
G1 X126.161 Y104.81 E1582.13547
G1 X125.92 Y104.442 E1582.1501
G1 X125.681 Y104.201 E1582.16139
G1 X125.681 Y97.1 E1582.39757
G1 X125.69 Y97.093 E1582.39795
G1 X125.928 Y96.841 E1582.40948
G1 X126.161 Y96.484 E1582.42365
G1 X126.314 Y96.081 E1582.43799
G1 X126.369 Y95.647 E1582.45254
G1 X126.314 Y95.216 E1582.46699
G1 X126.161 Y94.81 E1582.48142
G1 X125.92 Y94.442 E1582.49606
G1 X125.681 Y94.201 E1582.50734
G1 X125.681 Y92.367 E1582.56834
G1 X129.193 Y92.367 E1582.68515
G1 X129.193 Y110.629 E1583.29255
G1 X129.17 Y111.383 E1583.31764
G1 X129.155 Y111.576 E1583.32408
G1 X129.104 Y112.118 E1583.34218
G1 X128.991 Y112.851 E1583.36685
G1 X128.829 Y113.593 E1583.39211
G1 X128.627 Y114.32 E1583.41721
G1 X128.387 Y115.02 E1583.44182
G1 X128.089 Y115.747 E1583.46795
G1 X127.755 Y116.45 E1583.49384
G1 X127.38 Y117.136 E1583.51984
G1 X126.952 Y117.832 E1583.54702
G1 X126.486 Y118.504 E1583.57422
G1 X126.069 Y119.045 E1583.59694
G1 X125.988 Y119.15 E1583.60087
G1 X125.68 Y119.511 E1583.60864
G0 F9000 X125.517 Y119.95
G0 X125.281 Y120.549
;TYPE:WALL-OUTER
G1 F960 X125.281 Y120.045 E1583.6254
G1 X125.281 Y120.044 E1583.62543
G1 X125.279 Y116.574 E1583.74085
G1 X125.301 Y116.48 E1583.74406
G1 X125.454 Y116.222 E1583.75403
G1 X125.556 Y115.896 E1583.7654
G1 X125.577 Y115.559 E1583.77663
G1 X125.516 Y115.226 E1583.78789
G1 X125.377 Y114.919 E1583.79909
G1 X125.28 Y114.758 E1583.80535
G1 X125.281 Y106.91 E1584.06637
G1 X125.418 Y106.799 E1584.07224
G1 X125.612 Y106.593 E1584.08165
G1 X125.802 Y106.302 E1584.09321
G1 X125.923 Y105.983 E1584.10455
G1 X125.966 Y105.647 E1584.11582
G1 X125.923 Y105.313 E1584.12702
G1 X125.802 Y104.992 E1584.13843
G1 X125.608 Y104.695 E1584.15023
G1 X125.351 Y104.437 E1584.16234
G1 X125.281 Y104.383 E1584.16528
G1 X125.281 Y96.909 E1584.41387
G1 X125.418 Y96.799 E1584.41971
G1 X125.612 Y96.593 E1584.42912
G1 X125.802 Y96.302 E1584.44068
G1 X125.923 Y95.983 E1584.45203
G1 X125.966 Y95.647 E1584.4633
G1 X125.923 Y95.313 E1584.4745
G1 X125.802 Y94.992 E1584.48591
G1 X125.608 Y94.695 E1584.49771
G1 X125.351 Y94.437 E1584.50982
G1 X125.281 Y94.383 E1584.51276
G1 X125.281 Y91.967 E1584.59312
G1 X129.593 Y91.967 E1584.73653
G1 X129.593 Y110.641 E1585.35763
G1 X129.569 Y111.416 E1585.38342
G1 X129.553 Y111.609 E1585.38986
G1 X129.501 Y112.167 E1585.4085
G1 X129.382 Y112.936 E1585.43438
G1 X129.22 Y113.68 E1585.45971
G1 X129.008 Y114.441 E1585.48598
G1 X128.757 Y115.172 E1585.51169
G1 X128.456 Y115.907 E1585.53811
G1 X128.106 Y116.642 E1585.56518
G1 X127.721 Y117.346 E1585.59187
G1 X127.289 Y118.048 E1585.61929
G1 X126.812 Y118.736 E1585.64713
G1 X126.293 Y119.409 E1585.6754
G1 X125.733 Y120.067 E1585.70414
G1 X125.626 Y120.181 E1585.70934
G1 X125.281 Y120.549 E1585.71832
G0 F9000 X125.517 Y119.95
G0 X126.113 Y115.929
;TYPE:FILL
G1 F1920 X128.052 Y115.41 E1585.78508
G0 F9000 X128.421 Y114.422
G1 F1920 X125.839 Y111.84 E1585.90653
G0 F9000 X126.208 Y105.647
G0 X126.094 Y104.414
G1 F1920 X129.032 Y93.447 E1586.28415
G0 F9000 X126.515 Y95.545
G1 F1920 X129.032 Y98.062 E1586.40255
G0 F9000 X129.031 Y102.724
G1 F1920 X125.841 Y103.579 E1586.51239
G0 F9000 X126.208 Y105.647
G0 X125.894 Y118.481
G0 X125.874 Y118.501
;TYPE:SKIN
G1 F600 X125.98 Y118.678 E1586.51925
G0 F9000 X125.881 Y118.609
G1 F2400 E1585.71925
;MESH:NONMESH
G0 F300 X125.881 Y118.609 Z14.2
G0 F9000 X125.88 Y119.03
;TIME_ELAPSED:2078.976228
;LAYER:70
;TYPE:WALL-INNER
;MESH:1x_1xm_pusher.stl
G1 F2400 E1586.51925
G1 F960 X125.88 Y118.447 E1586.53864
G1 X125.88 Y118.446 E1586.53868
G1 X125.879 Y116.683 E1586.59731
G1 X125.881 Y116.399 E1586.60676
G1 X125.879 Y115.936 E1586.62216
G1 X125.881 Y115.655 E1586.63151
G1 X125.879 Y115.331 E1586.64228
G1 X125.881 Y115.045 E1586.6518
G1 X125.88 Y106.611 E1586.93231
G1 X125.963 Y106.481 E1586.93744
G1 X126.114 Y106.08 E1586.95169
G1 X126.169 Y105.647 E1586.96621
G1 X126.114 Y105.216 E1586.98066
G1 X125.963 Y104.814 E1586.99494
G1 X125.881 Y104.684 E1587.00006
G1 X125.881 Y96.61 E1587.2686
G1 X125.963 Y96.481 E1587.27368
G1 X126.114 Y96.08 E1587.28794
G1 X126.169 Y95.647 E1587.30245
G1 X126.114 Y95.216 E1587.3169
G1 X125.963 Y94.816 E1587.33112
G1 X125.888 Y94.695 E1587.33586
G1 X125.881 Y94.585 E1587.33953
G1 X125.881 Y92.367 E1587.4133
G1 X128.993 Y92.367 E1587.5168
G1 X128.993 Y110.629 E1588.1242
G1 X128.969 Y111.4 E1588.14985
G1 X128.904 Y112.115 E1588.17373
G1 X128.791 Y112.845 E1588.1983
G1 X128.734 Y113.12 E1588.20764
G1 X128.629 Y113.595 E1588.22382
G1 X128.554 Y113.872 E1588.23337
G1 X128.428 Y114.317 E1588.24875
G1 X128.182 Y115.033 E1588.27393
G1 X127.894 Y115.737 E1588.29923
G1 X127.711 Y116.127 E1588.31356
G1 X127.556 Y116.449 E1588.32544
G1 X127.18 Y117.136 E1588.35149
G1 X126.752 Y117.832 E1588.37867
G1 X126.286 Y118.504 E1588.40587
G1 X126.237 Y118.568 E1588.40855
G1 X125.88 Y119.03 E1588.41877
G0 F9000 X125.715 Y119.492
G0 X125.481 Y120.123
;TYPE:WALL-OUTER
G1 F960 X125.481 Y120.068 E1588.4206
G1 X125.481 Y119.596 E1588.4363
G1 X125.479 Y116.68 E1588.53329
G1 X125.481 Y116.398 E1588.54267
G1 X125.479 Y115.933 E1588.55813
G1 X125.481 Y115.655 E1588.56738
G1 X125.479 Y115.328 E1588.57826
G1 X125.481 Y115.044 E1588.5877
G1 X125.48 Y106.494 E1588.87208
G1 X125.603 Y106.301 E1588.87969
G1 X125.723 Y105.983 E1588.89099
G1 X125.766 Y105.647 E1588.90226
G1 X125.723 Y105.313 E1588.91346
G1 X125.603 Y104.993 E1588.92483
G1 X125.481 Y104.801 E1588.93239
G1 X125.481 Y96.493 E1589.20872
G1 X125.603 Y96.301 E1589.21629
G1 X125.723 Y95.983 E1589.22759
G1 X125.766 Y95.647 E1589.23886
G1 X125.723 Y95.313 E1589.25006
G1 X125.603 Y94.994 E1589.26139
G1 X125.496 Y94.822 E1589.26813
G1 X125.481 Y94.596 E1589.27566
G1 X125.481 Y91.967 E1589.36311
G1 X129.393 Y91.967 E1589.49322
G1 X129.393 Y110.641 E1590.11432
G1 X129.369 Y111.415 E1590.14007
G1 X129.301 Y112.165 E1590.16512
G1 X129.183 Y112.926 E1590.19074
G1 X129.125 Y113.206 E1590.20025
G1 X129.02 Y113.681 E1590.21643
G1 X128.939 Y113.981 E1590.22676
G1 X128.812 Y114.43 E1590.24228
G1 X128.557 Y115.172 E1590.26838
G1 X128.256 Y115.908 E1590.29482
G1 X128.072 Y116.298 E1590.30917
G1 X127.907 Y116.641 E1590.32183
G1 X127.521 Y117.346 E1590.34856
G1 X127.089 Y118.048 E1590.37597
G1 X126.612 Y118.736 E1590.40382
G1 X126.093 Y119.409 E1590.43209
G1 X125.838 Y119.708 E1590.44516
G1 X125.533 Y120.067 E1590.45442
G1 X125.481 Y120.123 E1590.45506
G0 F9000 X125.715 Y119.492
G0 X126.039 Y116.095
;TYPE:FILL
G1 F1920 X127.762 Y115.633 E1590.51439
G0 F9000 X128.317 Y114.119
G1 F1920 X126.039 Y111.84 E1590.62156
G0 F9000 X126.04 Y104.069
G1 F1920 X128.832 Y93.651 E1590.98029
G0 F9000 X126.224 Y95.054
G1 F1920 X128.832 Y97.663 E1591.10299
G0 F9000 X128.832 Y102.923
G1 F1920 X126.04 Y103.671 E1591.19913
G0 F9000 X126.137 Y117.934
G0 X126.234 Y118.031
;TYPE:SKIN
G1 F600 X126.134 Y118.215 E1591.20751
G0 F9000 X126.08 Y118.079
G1 F2400 E1590.40751
;MESH:NONMESH
G0 F300 X126.08 Y118.079 Z14.4
G0 F9000 X126.08 Y118.511
;TIME_ELAPSED:2088.875780
;LAYER:71
;TYPE:WALL-INNER
;MESH:1x_1xm_pusher.stl
G1 F2400 E1591.20751
G1 F960 X126.08 Y117.877 E1591.22859
G1 X126.08 Y117.876 E1591.22863
G1 X126.079 Y116.811 E1591.26405
G1 X126.081 Y116.51 E1591.27406
G1 X126.079 Y115.944 E1591.29289
G1 X126.081 Y115.637 E1591.3031
G1 X126.079 Y115.242 E1591.31624
G1 X126.081 Y114.987 E1591.32472
G1 X126.081 Y92.367 E1592.07706
G1 X128.793 Y92.367 E1592.16726
G1 X128.793 Y110.629 E1592.77466
G1 X128.769 Y111.401 E1592.80035
G1 X128.704 Y112.115 E1592.82419
G1 X128.591 Y112.851 E1592.84896
G1 X128.431 Y113.588 E1592.87404
G1 X128.34 Y113.922 E1592.88556
G1 X128.228 Y114.317 E1592.89921
G1 X127.987 Y115.02 E1592.92393
G1 X127.689 Y115.747 E1592.95006
G1 X127.355 Y116.45 E1592.97595
G1 X126.98 Y117.136 E1593.00195
G1 X126.552 Y117.832 E1593.02913
G1 X126.442 Y117.99 E1593.03553
G1 X126.08 Y118.511 E1593.04657
G0 F9000 X125.913 Y119.004
G0 X125.681 Y119.66
;TYPE:WALL-OUTER
G1 F960 X125.681 Y119.418 E1593.05461
G1 X125.681 Y119.134 E1593.06406
G1 X125.679 Y116.808 E1593.14142
G1 X125.681 Y116.509 E1593.15137
G1 X125.679 Y115.941 E1593.17026
G1 X125.681 Y115.637 E1593.18037
G1 X125.679 Y115.239 E1593.19361
G1 X125.681 Y114.985 E1593.20206
G1 X125.681 Y91.967 E1593.96764
G1 X129.193 Y91.967 E1594.08445
G1 X129.193 Y110.641 E1594.70555
G1 X129.169 Y111.416 E1594.73134
G1 X129.101 Y112.165 E1594.75635
G1 X128.982 Y112.936 E1594.7823
G1 X128.82 Y113.681 E1594.80766
G1 X128.725 Y114.031 E1594.81972
G1 X128.612 Y114.43 E1594.83351
G1 X128.357 Y115.172 E1594.85961
G1 X128.056 Y115.907 E1594.88602
G1 X127.706 Y116.642 E1594.9131
G1 X127.321 Y117.346 E1594.93979
G1 X126.889 Y118.048 E1594.9672
G1 X126.412 Y118.736 E1594.99505
G1 X126.06 Y119.192 E1595.01421
G1 X125.887 Y119.417 E1595.02148
G1 X125.681 Y119.66 E1595.02557
G0 F9000 X125.913 Y119.004
G0 X126.24 Y116.188
;TYPE:FILL
G1 F1920 X127.455 Y115.863 E1595.0674
G0 F9000 X128.206 Y113.806
G1 F1920 X126.239 Y111.84 E1595.1599
G0 F9000 X126.24 Y103.765
G1 F1920 X128.632 Y103.124 E1595.24226
G0 F9000 X126.241 Y102.772
G1 F1920 X128.632 Y93.848 E1595.54954
G0 F9000 X126.239 Y94.869
G1 F1920 X128.632 Y97.262 E1595.6621
G0 F9000 X126.463 Y117.347
G0 X126.358 Y117.451
;TYPE:SKIN
G1 F600 X126.368 Y117.724 E1595.67235
G0 F9000 X126.28 Y117.839
G1 F2400 E1594.87235
;MESH:NONMESH
G0 F300 X126.28 Y117.839 Z14.6
G0 F9000 X126.28 Y117.935
;TIME_ELAPSED:2098.440317
;LAYER:72
;TYPE:WALL-INNER
;MESH:1x_1xm_pusher.stl
G1 F2400 E1595.67235
G1 F960 X126.28 Y117.833 E1595.67575
G1 X126.28 Y117.256 E1595.69494
G1 X126.279 Y115.149 E1595.76502
G1 X126.281 Y114.571 E1595.78424
G1 X126.281 Y92.367 E1596.52275
G1 X128.593 Y92.367 E1596.59965
G1 X128.593 Y110.629 E1597.20704
G1 X128.569 Y111.4 E1597.2327
G1 X128.504 Y112.117 E1597.25664
G1 X128.391 Y112.851 E1597.28135
G1 X128.229 Y113.593 E1597.30661
G1 X128.027 Y114.32 E1597.3317
G1 X127.787 Y115.02 E1597.35631
G1 X127.489 Y115.747 E1597.38245
G1 X127.155 Y116.45 E1597.40833
G1 X126.78 Y117.136 E1597.43434
G1 X126.654 Y117.341 E1597.44234
G1 X126.352 Y117.832 E1597.45395
G1 X126.28 Y117.935 E1597.45483
G0 F9000 X126.11 Y118.48
G0 X125.881 Y119.166
;TYPE:WALL-OUTER
G1 F960 X125.881 Y118.737 E1597.4691
G1 X125.881 Y118.627 E1597.47276
G1 X125.879 Y115.148 E1597.58847
G1 X125.881 Y114.57 E1597.60769
G1 X125.881 Y91.967 E1598.35947
G1 X128.993 Y91.967 E1598.46298
G1 X128.993 Y110.641 E1599.08408
G1 X128.969 Y111.415 E1599.10983
G1 X128.901 Y112.166 E1599.13491
G1 X128.782 Y112.936 E1599.16083
G1 X128.62 Y113.68 E1599.18615
G1 X128.408 Y114.441 E1599.21243
G1 X128.157 Y115.172 E1599.23813
G1 X127.856 Y115.907 E1599.26455
G1 X127.506 Y116.642 E1599.29163
G1 X127.121 Y117.346 E1599.31831
G1 X126.689 Y118.048 E1599.34573
G1 X126.274 Y118.646 E1599.36994
G1 X126.212 Y118.736 E1599.37327
G1 X125.881 Y119.166 E1599.38234
G0 F9000 X126.11 Y118.48
G0 X126.439 Y116.281
;TYPE:FILL
G1 F1920 X127.147 Y116.091 E1599.40672
G0 F9000 X128.086 Y113.487
G1 F1920 X126.439 Y111.84 E1599.48419
G0 F9000 X126.44 Y103.857
G1 F1920 X128.431 Y103.324 E1599.55275
G0 F9000 X126.441 Y101.481
G1 F1920 X128.432 Y94.049 E1599.80865
G0 F9000 X126.439 Y94.87
G1 F1920 X128.432 Y96.863 E1599.9024
G0 F9000 X126.505 Y116.606
G0 X126.623 Y116.723
;TYPE:SKIN
G1 F600 X126.547 Y116.93 E1599.9089
G1 X126.494 Y117.16 E1599.91587
G0 F9000 X126.648 Y116.962
G1 F2400 E1599.11587
;MESH:NONMESH
G0 F300 X126.648 Y116.962 Z14.8
G0 F9000 X126.48 Y117.298
;TIME_ELAPSED:2107.736655
;LAYER:73
;TYPE:WALL-INNER
;MESH:1x_1xm_pusher.stl
G1 F2400 E1599.91587
G1 F960 X126.48 Y117.136 E1599.92125
G1 X126.48 Y116.551 E1599.94071
G1 X126.481 Y92.367 E1600.74507
G1 X128.393 Y92.367 E1600.80867
G1 X128.393 Y110.629 E1601.41606
G1 X128.369 Y111.4 E1601.44172
G1 X128.304 Y112.116 E1601.46563
G1 X128.191 Y112.851 E1601.49037
G1 X128.029 Y113.593 E1601.51563
G1 X127.827 Y114.32 E1601.54072
G1 X127.587 Y115.02 E1601.56533
G1 X127.289 Y115.747 E1601.59147
G1 X126.955 Y116.45 E1601.61735
G1 X126.86 Y116.623 E1601.62392
G1 X126.58 Y117.136 E1601.63629
G1 X126.48 Y117.298 E1601.63768
G0 F9000 X126.309 Y117.904
G0 X126.08 Y118.637
;TYPE:WALL-OUTER
G1 F960 X126.08 Y118 E1601.65887
G1 X126.08 Y117.999 E1601.6589
G1 X126.081 Y91.967 E1602.52473
G1 X128.793 Y91.967 E1602.61493
G1 X128.793 Y110.641 E1603.23603
G1 X128.769 Y111.415 E1603.26179
G1 X128.701 Y112.165 E1603.28684
G1 X128.582 Y112.936 E1603.31278
G1 X128.42 Y113.68 E1603.33811
G1 X128.208 Y114.441 E1603.36438
G1 X127.957 Y115.172 E1603.39009
G1 X127.656 Y115.907 E1603.41651
G1 X127.306 Y116.642 E1603.44358
G1 X126.921 Y117.346 E1603.47027
G1 X126.489 Y118.048 E1603.49769
G1 X126.443 Y118.113 E1603.50033
G1 X126.08 Y118.637 E1603.51142
G0 F9000 X126.309 Y117.904
G0 X127.959 Y113.159
;TYPE:FILL
G1 F1920 X126.639 Y111.839 E1603.57351
G0 F9000 X126.64 Y103.951
G1 F1920 X128.231 Y103.524 E1603.6283
G0 F9000 X126.64 Y100.189
G1 F1920 X128.232 Y94.246 E1603.83293
G0 F9000 X126.639 Y94.869
G1 F1920 X128.232 Y96.462 E1603.90786
G0 F9000 X126.847 Y115.831
G0 X126.75 Y115.927
;TYPE:SKIN
G1 F600 X126.819 Y116.141 E1603.92021
G0 F9000 X126.964 Y115.966
G1 F2400 E1603.12021
;MESH:NONMESH
G0 F300 X126.964 Y115.966 Z15
G0 F9000 X126.68 Y116.587
;TIME_ELAPSED:2116.604190
;LAYER:74
;TYPE:WALL-INNER
;MESH:1x_1xm_pusher.stl
G1 F2400 E1603.92021
G1 F960 X126.68 Y116.451 E1603.92474
G1 X126.679 Y115.97 E1603.94073
G1 X126.681 Y115.795 E1603.94656
G1 X126.681 Y115.682 E1603.95031
G1 X126.679 Y114.976 E1603.9738
G1 X126.681 Y114.81 E1603.97932
G1 X126.681 Y92.367 E1604.72577
G1 X128.193 Y92.367 E1604.77606
G1 X128.193 Y110.629 E1605.38346
G1 X128.169 Y111.4 E1605.40912
G1 X128.104 Y112.115 E1605.433
G1 X127.99 Y112.852 E1605.4578
G1 X127.892 Y113.316 E1605.47357
G1 X127.832 Y113.583 E1605.48267
G1 X127.627 Y114.32 E1605.50812
G1 X127.387 Y115.02 E1605.53273
G1 X127.089 Y115.747 E1605.55886
G1 X127.044 Y115.842 E1605.56236
G1 X126.996 Y115.944 E1605.56562
G1 X126.928 Y116.087 E1605.5697
G1 X126.755 Y116.45 E1605.57504
G1 X126.68 Y116.587 E1605.57596
G0 F9000 X126.505 Y117.261
G0 X126.281 Y118.06
;TYPE:WALL-OUTER
G1 F960 X126.28 Y117.358 E1605.59931
G1 X126.279 Y117.194 E1605.60477
G1 X126.281 Y117.072 E1605.60882
G1 X126.279 Y115.965 E1605.64564
G1 X126.281 Y115.793 E1605.65136
G1 X126.279 Y114.971 E1605.6787
G1 X126.281 Y114.808 E1605.68413
G1 X126.281 Y91.967 E1606.44382
G1 X128.593 Y91.967 E1606.52072
G1 X128.593 Y110.641 E1607.14182
G1 X128.569 Y111.415 E1607.16757
G1 X128.501 Y112.165 E1607.19262
G1 X128.383 Y112.925 E1607.2182
G1 X128.282 Y113.403 E1607.23445
G1 X128.22 Y113.68 E1607.24389
G1 X128.008 Y114.441 E1607.27017
G1 X127.757 Y115.172 E1607.29587
G1 X127.456 Y115.907 E1607.32229
G1 X127.106 Y116.642 E1607.34937
G1 X126.721 Y117.346 E1607.37605
G1 X126.649 Y117.462 E1607.38059
G1 X126.281 Y118.06 E1607.39272
G0 F9000 X126.505 Y117.261
G0 X127.83 Y112.831
;TYPE:FILL
G1 F1920 X126.84 Y111.84 E1607.43931
G0 F9000 X126.841 Y104.043
G1 F1920 X128.031 Y103.724 E1607.48029
G0 F9000 X126.84 Y98.897
G1 F1920 X128.033 Y94.446 E1607.63355
G0 F9000 X126.84 Y94.87
G1 F1920 X128.032 Y96.062 E1607.68962
G0 F9000 X126.988 Y114.826
G0 X127.09 Y114.928
;TYPE:SKIN
G1 F600 X126.981 Y115.101 E1607.69519
G1 X126.9 Y115.586 E1607.70859
G0 F9000 X127.023 Y115.382
G1 F2400 E1606.90859
;MESH:NONMESH
G0 F300 X127.023 Y115.382 Z15.2
G0 F9000 X126.881 Y115.765
;TIME_ELAPSED:2125.181307
;LAYER:75
;TYPE:WALL-INNER
;MESH:1x_1xm_pusher.stl
G1 F2400 E1607.70859
G1 F960 X126.88 Y115.021 E1607.73334
G1 X126.879 Y114.889 E1607.73773
G1 X126.881 Y114.753 E1607.74225
G1 X126.881 Y114.685 E1607.74451
G1 X126.881 Y92.367 E1608.48681
G1 X127.993 Y92.367 E1608.5238
G1 X127.993 Y110.629 E1609.13119
G1 X127.969 Y111.4 E1609.15685
G1 X127.904 Y112.117 E1609.1808
G1 X127.793 Y112.84 E1609.20512
G1 X127.634 Y113.575 E1609.23014
G1 X127.485 Y114.117 E1609.24883
G1 X127.427 Y114.32 E1609.25585
G1 X127.259 Y114.81 E1609.27308
G1 X127.237 Y114.874 E1609.27515
G1 X127.195 Y114.997 E1609.27898
G1 X127.187 Y115.02 E1609.27928
G1 X126.881 Y115.765 E1609.29051
G0 F9000 X126.703 Y116.541
G0 X126.48 Y117.409
;TYPE:WALL-OUTER
G1 F960 X126.48 Y117.306 E1609.29394
G1 X126.48 Y116.649 E1609.31579
G1 X126.479 Y115.974 E1609.33824
G1 X126.481 Y115.845 E1609.34253
G1 X126.479 Y114.883 E1609.37453
G1 X126.481 Y114.75 E1609.37895
G1 X126.481 Y91.967 E1610.13672
G1 X128.393 Y91.967 E1610.20031
G1 X128.393 Y110.641 E1610.82141
G1 X128.369 Y111.415 E1610.84717
G1 X128.301 Y112.166 E1610.87225
G1 X128.184 Y112.925 E1610.89779
G1 X128.02 Y113.681 E1610.92352
G1 X127.87 Y114.227 E1610.94235
G1 X127.812 Y114.43 E1610.94937
G1 X127.557 Y115.172 E1610.97547
G1 X127.256 Y115.907 E1611.00189
G1 X126.911 Y116.632 E1611.02859
G1 X126.858 Y116.728 E1611.03224
G1 X126.544 Y117.305 E1611.04518
G1 X126.48 Y117.409 E1611.04594
G0 F9000 X126.703 Y116.541
G0 X127.685 Y112.485
;TYPE:FILL
G1 F1920 X127.04 Y111.84 E1611.07628
G0 F9000 X127.041 Y104.136
G1 F1920 X127.832 Y103.924 E1611.10351
G0 F9000 X127.04 Y97.602
G1 F1920 X127.832 Y94.647 E1611.20527
G0 F9000 X127.04 Y94.869
G1 F1920 X127.832 Y95.662 E1611.24254
G0 F9000 X127.229 Y113.469
G0 X127.142 Y113.556
;TYPE:SKIN
G1 F600 X127.262 Y113.719 E1611.2488
G1 X127.151 Y114.395 E1611.26997
G0 F9000 X127.081 Y114.351
G1 F2400 E1610.46997
;MESH:NONMESH
G0 F300 X127.081 Y114.351 Z15.4
G0 F9000 X127.08 Y114.748
;TIME_ELAPSED:2133.402702
;LAYER:76
;TYPE:WALL-INNER
;MESH:1x_1xm_pusher.stl
G1 F2400 E1611.26997
G1 F960 X127.08 Y114.32 E1611.2842
G1 X127.08 Y113.593 E1611.30838
G1 X127.08 Y113.362 E1611.31606
G1 X127.081 Y92.367 E1612.01436
G1 X127.793 Y92.367 E1612.03804
G1 X127.793 Y110.629 E1612.64544
G1 X127.769 Y111.4 E1612.67109
G1 X127.704 Y112.116 E1612.69501
G1 X127.591 Y112.851 E1612.71974
G1 X127.478 Y113.368 E1612.73734
G1 X127.429 Y113.593 E1612.74452
G1 X127.227 Y114.32 E1612.76038
G1 X127.08 Y114.748 E1612.76364
G0 F9000 X126.899 Y115.712
G0 X126.68 Y116.69
;TYPE:WALL-OUTER
G1 F960 X126.68 Y116.642 E1612.76524
G1 X126.68 Y115.908 E1612.78965
G1 X126.68 Y115.848 E1612.79165
G1 X126.679 Y114.795 E1612.82667
G1 X126.681 Y114.691 E1612.83013
G1 X126.681 Y91.967 E1613.58593
G1 X128.193 Y91.967 E1613.63622
G1 X128.193 Y110.641 E1614.25732
G1 X128.169 Y111.415 E1614.28308
G1 X128.101 Y112.165 E1614.30812
G1 X127.982 Y112.936 E1614.33407
G1 X127.82 Y113.68 E1614.3594
G1 X127.608 Y114.441 E1614.38567
G1 X127.357 Y115.172 E1614.41138
G1 X127.078 Y115.852 E1614.43582
G1 X127.056 Y115.907 E1614.43774
G1 X126.706 Y116.642 E1614.45335
G1 X126.68 Y116.69 E1614.45356
G0 F9000 X126.899 Y115.712
G0 X127.397 Y113.218
G0 X127.349 Y113.207
;TYPE:SKIN
G1 F600 X127.239 Y113.097 E1614.45873
G0 F9000 X127.445 Y112.737
G1 F600 X127.239 Y112.531 E1614.46842
G0 F9000 X127.521 Y112.247
G1 F600 X127.239 Y111.966 E1614.48166
G0 F9000 X127.577 Y111.738
G1 F600 X127.239 Y111.4 E1614.49756
G0 F9000 X127.615 Y111.21
G1 F600 X127.239 Y110.834 E1614.51525
G0 F9000 X127.632 Y110.661
G1 F600 X127.239 Y110.269 E1614.53371
G0 F9000 X127.632 Y110.096
G1 F600 X127.239 Y109.703 E1614.55219
G0 F9000 X127.632 Y109.53
G1 F600 X127.239 Y109.137 E1614.57068
G0 F9000 X127.632 Y108.965
G1 F600 X127.239 Y108.572 E1614.58917
G0 F9000 X127.632 Y108.399
G1 F600 X127.239 Y108.006 E1614.60765
G0 F9000 X127.632 Y107.833
G1 F600 X127.239 Y107.44 E1614.62614
G0 F9000 X127.632 Y107.268
G1 F600 X127.239 Y106.874 E1614.64465
G0 F9000 X127.632 Y106.702
G1 F600 X127.239 Y106.309 E1614.66313
G0 F9000 X127.632 Y106.136
G1 F600 X127.239 Y105.743 E1614.68162
G0 F9000 X127.632 Y105.571
G1 F600 X127.239 Y105.177 E1614.70013
G0 F9000 X127.632 Y105.005
G1 F600 X127.239 Y104.612 E1614.71861
G0 F9000 X127.632 Y104.439
G1 F600 X127.239 Y104.046 E1614.7371
G0 F9000 X127.632 Y103.873
G1 F600 X127.239 Y103.48 E1614.75558
G0 F9000 X127.632 Y103.308
G1 F600 X127.239 Y102.915 E1614.77407
G0 F9000 X127.632 Y102.742
G1 F600 X127.239 Y102.349 E1614.79255
G0 F9000 X127.632 Y102.176
G1 F600 X127.239 Y101.783 E1614.81104
G0 F9000 X127.632 Y101.611
G1 F600 X127.239 Y101.218 E1614.82952
G0 F9000 X127.632 Y101.045
G1 F600 X127.239 Y100.652 E1614.84801
G0 F9000 X127.632 Y100.479
G1 F600 X127.239 Y100.086 E1614.8665
G0 F9000 X127.632 Y99.914
G1 F600 X127.239 Y99.521 E1614.88498
G0 F9000 X127.632 Y99.348
G1 F600 X127.239 Y98.955 E1614.90347
G0 F9000 X127.632 Y98.782
G1 F600 X127.239 Y98.389 E1614.92195
G0 F9000 X127.632 Y98.217
G1 F600 X127.239 Y97.823 E1614.94046
G0 F9000 X127.632 Y97.651
G1 F600 X127.239 Y97.258 E1614.95895
G0 F9000 X127.632 Y97.085
G1 F600 X127.239 Y96.692 E1614.97743
G0 F9000 X127.632 Y96.52
G1 F600 X127.239 Y96.126 E1614.99594
G0 F9000 X127.632 Y95.954
G1 F600 X127.239 Y95.561 E1615.01443
G0 F9000 X127.632 Y95.388
G1 F600 X127.239 Y94.995 E1615.03291
G0 F9000 X127.632 Y94.823
G1 F600 X127.239 Y94.429 E1615.05142
G0 F9000 X127.632 Y94.257
G1 F600 X127.239 Y93.864 E1615.06991
G0 F9000 X127.632 Y93.691
G1 F600 X127.239 Y93.298 E1615.08839
G0 F9000 X127.632 Y93.125
G1 F600 X127.239 Y92.732 E1615.10688
G0 F9000 X127.281 Y92.732
G1 F2400 E1614.30688
;MESH:NONMESH
G0 F300 X127.281 Y92.732 Z15.6
G0 F9000 X127.191 Y92.732
G0 X127.281 Y113.364
;TIME_ELAPSED:2144.265951
;LAYER:77
;TYPE:WALL-INNER
;MESH:1x_1xm_pusher.stl
G1 F2400 E1615.10688
G1 F600 X127.281 Y112.852 E1615.12391
G1 X127.281 Y112.115 E1615.14842
G1 X127.281 Y111.4 E1615.1722
G1 X127.281 Y110.629 E1615.19784
G1 X127.281 Y92.367 E1615.80524
G1 X127.593 Y92.367 E1615.81562
G1 X127.593 Y110.629 E1616.29057
G1 X127.569 Y111.4 E1616.30986
G1 X127.504 Y112.115 E1616.32517
G1 X127.39 Y112.852 E1616.33561
G1 X127.281 Y113.364 E1616.33823
G0 F9000 X127.097 Y114.68
G0 X126.881 Y115.847
;TYPE:WALL-OUTER
G1 F600 X126.881 Y115.172 E1616.36068
G1 X126.881 Y114.801 E1616.37302
G1 X126.881 Y91.967 E1617.13248
G1 X127.993 Y91.967 E1617.16947
G1 X127.993 Y110.641 E1617.79057
G1 X127.969 Y111.415 E1617.81633
G1 X127.901 Y112.165 E1617.84137
G1 X127.783 Y112.925 E1617.86695
G1 X127.65 Y113.551 E1617.88824
G1 X127.62 Y113.68 E1617.89264
G1 X127.408 Y114.441 E1617.91892
G1 X127.277 Y114.821 E1617.93229
G1 X127.157 Y115.172 E1617.94274
G1 X126.881 Y115.847 E1617.95199
G1 F2400 E1617.15199
;MESH:NONMESH
G0 F300 X126.881 Y115.847 Z15.8
G0 F9000 X127.097 Y114.68
G0 X127.08 Y114.813
;TIME_ELAPSED:2153.860377
;LAYER:78
;TYPE:WALL-OUTER
;MESH:1x_1xm_pusher.stl
G1 F2400 E1617.95199
G1 F960 X127.08 Y114.441 E1617.96436
G1 X127.08 Y113.68 E1617.98967
G1 X127.08 Y113.401 E1617.99895
G1 X127.081 Y91.967 E1618.71185
G1 X127.793 Y91.967 E1618.73553
G1 X127.793 Y110.641 E1619.35663
G1 X127.769 Y111.415 E1619.38238
G1 X127.701 Y112.166 E1619.40747
G1 X127.601 Y112.822 E1619.42954
G1 X127.582 Y112.933 E1619.43328
G1 X127.479 Y113.408 E1619.44945
G1 X127.42 Y113.68 E1619.45801
G1 X127.208 Y114.441 E1619.47367
G1 X127.08 Y114.813 E1619.47621
G0 F9000 X127.193 Y114.071
G0 X127.376 Y113.191
G0 X127.299 Y113.157
;TYPE:SKIN
G1 F600 X127.324 Y112.899 E1619.48382
G1 X127.431 Y110.743 E1619.54713
G1 X127.435 Y104.525 E1619.72952
G1 X127.435 Y92.362 E1620.08628
G1 X127.557 Y92.201 E1620.09221
G0 F9000 X127.58 Y92.261
G1 F2400 E1619.29221
;MESH:NONMESH
G0 F300 X127.58 Y92.261 Z16
G0 F9000 X127.276 Y113.404
G0 X127.28 Y113.405
;TIME_ELAPSED:2159.632656
;LAYER:79
;TYPE:WALL-OUTER
;MESH:1x_1xm_pusher.stl
G1 F2400 E1620.09221
G1 F600 X127.28 Y112.936 E1620.10781
G1 X127.28 Y112.165 E1620.13345
G1 X127.28 Y111.415 E1620.1584
G1 X127.28 Y110.641 E1620.18414
G1 X127.281 Y91.967 E1620.80524
G1 X127.593 Y91.967 E1620.81562
G1 X127.593 Y110.641 E1621.30085
G1 X127.569 Y111.415 E1621.32023
G1 X127.501 Y112.165 E1621.33623
G1 X127.382 Y112.936 E1621.34684
G1 X127.28 Y113.405 E1621.3491
;TIME_ELAPSED:2164.047649
G1 F2400 E1620.5491
M140 S0
M107
G91 ;Relative positionning
G1 E-2 F2700 ;Retract a bit
G1 E-2 Z0.2 F2400 ;Retract and raise Z
G1 X5 Y5 F3000 ;Wipe out
G1 Z10 ;Raise Z more
G90 ;Absolute positionning

G1 X0 Y0 ;Present print
M106 S0 ;Turn-off fan
M104 S0 ;Turn-off hotend
M140 S0 ;Turn-off bed

M84 X Y E ;Disable all steppers but Z

M82 ;absolute extrusion mode
M104 S0
;End of Gcode
