;FLAVOR:Marlin
;TIME:2163
;Filament used: 1.60807m
;Layer height: 0.2
;MINX:81.681
;MINY:83.996
;MINZ:0.2
;MAXX:138.245
;MAXY:136.033
;MAXZ:16
;Generated with Creality Slicer 4.8.2-291
M140 S60
M105
M190 S60
M104 S205
M105
M109 S205
M82 ;absolute extrusion mode

G28 ;Home

G92 E0 ;Reset Extruder
G1 Z2.0 F3000 ;Move Z Axis up
G1 X10.1 Y20 Z0.28 F5000.0 ;Move to start position
G1 X10.1 Y200.0 Z0.28 F1500.0 E15 ;Draw the first line
G1 X10.4 Y200.0 Z0.28 F5000.0 ;Move to side a little
G1 X10.4 Y20 Z0.28 F1500.0 E30 ;Draw the second line
G92 E0 ;Reset Extruder
G1 Z2.0 F3000 ;Move Z Axis up

G92 E0
G92 E0
G1 F2400 E-0.8
;LAYER_COUNT:81
;LAYER:0
M107
G0 F7500 X86.433 Y103.787 Z0.2
;TYPE:SKIRT
G1 F2400 E0
G1 F1500 X87.205 Y103.164 E0.03299
G1 X99.094 Y94.758 E0.51728
G1 X99.761 Y94.335 E0.54355
G1 X100.467 Y93.982 E0.5698
G1 X101.206 Y93.702 E0.59609
G1 X101.265 Y93.683 E0.59815
G1 X102.028 Y93.48 E0.62441
G1 X102.808 Y93.354 E0.65069
G1 X103.656 Y93.308 E0.67893
G1 X111.86 Y93.308 E0.9518
G1 X111.888 Y92.984 E0.96262
G1 X111.971 Y92.199 E0.98887
G1 X112.128 Y91.443 E1.01455
G1 X112.549 Y89.828 E1.07006
G1 X112.787 Y89.075 E1.09633
G1 X113.099 Y88.35 E1.12258
G1 X113.484 Y87.66 E1.14886
G1 X113.936 Y87.013 E1.17511
G1 X114.451 Y86.414 E1.20139
G1 X115.024 Y85.871 E1.22764
G1 X115.649 Y85.388 E1.25391
G1 X116.32 Y84.972 E1.28017
G1 X117.029 Y84.625 E1.30643
G1 X117.77 Y84.351 E1.3327
G1 X118.535 Y84.154 E1.35898
G1 X119.315 Y84.035 E1.38522
G1 X120.104 Y83.996 E1.41149
G1 X121.198 Y84.074 E1.44797
G1 X121.647 Y84.138 E1.46306
G1 X122.422 Y84.289 E1.48932
G1 X123.178 Y84.517 E1.51558
G1 X123.332 Y84.579 E1.5211
G1 X124 Y84.8 E1.54451
G1 X124.307 Y84.938 E1.5557
G1 X124.62 Y85.052 E1.56678
G1 X125.33 Y85.397 E1.59304
G1 X125.505 Y85.499 E1.59977
G1 X126.092 Y85.792 E1.62159
G1 X126.465 Y86.017 E1.63608
G1 X126.885 Y86.246 E1.65199
G1 X127.148 Y86.398 E1.6621
G1 X127.762 Y86.793 E1.68638
G1 X127.956 Y86.931 E1.6943
G1 X128.395 Y87.257 E1.71248
G1 X128.747 Y87.526 E1.72722
G1 X129.012 Y87.736 E1.73846
G1 X129.311 Y87.978 E1.75126
G1 X130.095 Y88.644 E1.78547
G1 X130.281 Y88.825 E1.79411
G1 X130.463 Y88.998 E1.80246
G1 X130.695 Y89.23 E1.81337
G1 X130.778 Y89.304 E1.81707
G1 X131.34 Y89.858 E1.84332
G1 X131.564 Y90.129 E1.85501
G1 X132.024 Y90.63 E1.87763
G1 X132.06 Y90.671 E1.87945
G1 X132.388 Y91.087 E1.89707
G1 X132.592 Y91.31 E1.90712
G1 X133.063 Y91.943 E1.93336
G1 X133.211 Y92.163 E1.94218
G1 X133.583 Y92.687 E1.96355
G1 X133.738 Y92.918 E1.97281
G1 X133.828 Y93.034 E1.97769
G1 X134.245 Y93.704 E2.00394
G1 X134.273 Y93.758 E2.00596
G1 X134.474 Y94.092 E2.01892
G1 X134.626 Y94.354 E2.029
G1 X134.786 Y94.644 E2.04002
G1 X134.953 Y94.979 E2.05247
G1 X135.022 Y95.087 E2.05673
G1 X135.274 Y95.604 E2.07586
G1 X135.37 Y95.774 E2.08235
G1 X135.626 Y96.342 E2.10307
G1 X135.649 Y96.4 E2.10515
G1 X135.852 Y96.811 E2.12039
G1 X136.005 Y97.19 E2.13399
G1 X136.11 Y97.419 E2.14237
G1 X136.194 Y97.643 E2.15032
G1 X136.418 Y98.194 E2.17011
G1 X136.455 Y98.274 E2.17304
G1 X136.684 Y98.927 E2.19605
G1 X136.792 Y99.214 E2.20625
G1 X136.994 Y99.877 E2.22931
G1 X137.031 Y100.02 E2.23422
G1 X137.198 Y100.557 E2.25292
G1 X137.29 Y101.006 E2.26817
G1 X137.3 Y101.035 E2.26919
G1 X137.422 Y101.485 E2.28469
G1 X137.446 Y101.608 E2.28886
G1 X137.631 Y102.239 E2.31073
G1 X137.641 Y102.282 E2.3122
G1 X137.781 Y103.064 E2.33862
G1 X137.812 Y103.169 E2.34227
G1 X137.925 Y103.736 E2.3615
G1 X137.944 Y103.854 E2.36547
G1 X138.024 Y104.581 E2.3898
G1 X138.079 Y104.82 E2.39795
G1 X138.201 Y105.6 E2.42421
G1 X138.244 Y106.418 E2.45146
G1 X138.245 Y128.116 E3.17313
G1 X138.205 Y128.904 E3.19938
G1 X138.086 Y129.685 E3.22565
G1 X137.888 Y130.449 E3.2519
G1 X137.614 Y131.19 E3.27818
G1 X137.266 Y131.899 E3.30445
G1 X136.849 Y132.569 E3.3307
G1 X136.366 Y133.194 E3.35697
G1 X135.96 Y133.631 E3.37681
G1 X135.843 Y133.748 E3.38231
G1 X135.257 Y134.278 E3.40859
G1 X134.621 Y134.745 E3.43483
G1 X133.941 Y135.146 E3.46109
G1 X133.223 Y135.476 E3.48737
G1 X132.476 Y135.731 E3.51363
G1 X131.707 Y135.91 E3.53989
G1 X130.923 Y136.01 E3.56617
G1 X130.328 Y136.033 E3.58598
G1 X118.444 Y136.033 E3.98124
G1 X118.047 Y136.013 E3.99446
G1 X117.527 Y136.033 E4.01177
G1 X96.585 Y136.033 E4.70831
G1 X95.796 Y135.993 E4.73458
G1 X95.016 Y135.874 E4.76082
G1 X94.194 Y135.658 E4.78909
G1 X94.135 Y135.639 E4.79115
G1 X93.397 Y135.359 E4.81741
G1 X92.69 Y135.006 E4.84369
G1 X92.023 Y134.583 E4.86996
G1 X85.024 Y129.635 E5.15505
G1 X84.403 Y129.147 E5.18131
G1 X83.835 Y128.599 E5.20757
G1 X83.325 Y127.996 E5.23383
G1 X82.878 Y127.345 E5.2601
G1 X82.632 Y126.912 E5.27666
G1 X82.586 Y126.825 E5.27993
G1 X82.252 Y126.109 E5.30621
G1 X81.993 Y125.363 E5.33248
G1 X81.811 Y124.595 E5.35873
G1 X81.707 Y123.812 E5.385
G1 X81.681 Y123.179 E5.40607
G1 X81.681 Y113.204 E5.73784
G1 X81.721 Y112.415 E5.76412
G1 X81.84 Y111.635 E5.79036
G1 X81.965 Y111.117 E5.80808
G1 X82.21 Y110.366 E5.83436
G1 X82.529 Y109.644 E5.86061
G1 X82.765 Y109.211 E5.87701
G1 X84.784 Y105.767 E6.00979
G1 X85.217 Y105.107 E6.03605
G1 X85.715 Y104.494 E6.06232
G1 X86.238 Y103.966 E6.08703
G1 X86.433 Y103.787 E6.09584
G0 F7500 X86.704 Y104.082
G1 F1500 X87.436 Y103.491 E6.12713
G1 X99.325 Y95.085 E6.61141
G1 X99.975 Y94.674 E6.63699
G1 X100.665 Y94.333 E6.66259
G1 X101.329 Y94.083 E6.68619
G1 X101.388 Y94.064 E6.68825
G1 X102.131 Y93.867 E6.71382
G1 X102.891 Y93.748 E6.7394
G1 X103.656 Y93.708 E6.76488
G1 X112.18 Y93.708 E7.04839
G1 X112.288 Y93.209 E7.06537
G1 X112.291 Y92.946 E7.07412
G1 X112.379 Y92.182 E7.0997
G1 X112.515 Y91.544 E7.1214
G1 X112.936 Y89.929 E7.17691
G1 X113.169 Y89.196 E7.20249
G1 X113.476 Y88.491 E7.22806
G1 X113.855 Y87.822 E7.25364
G1 X114.301 Y87.195 E7.27923
G1 X114.81 Y86.618 E7.30482
G1 X115.376 Y86.098 E7.33038
G1 X115.993 Y85.638 E7.35598
G1 X116.654 Y85.246 E7.38154
G1 X117.353 Y84.924 E7.40714
G1 X118.081 Y84.676 E7.43272
G1 X118.831 Y84.505 E7.4583
G1 X119.595 Y84.413 E7.4839
G1 X120.364 Y84.401 E7.50948
G1 X121.141 Y84.47 E7.53542
G1 X121.59 Y84.534 E7.55051
G1 X122.345 Y84.682 E7.5761
G1 X123.08 Y84.908 E7.60167
G1 X123.185 Y84.95 E7.60543
G1 X123.892 Y85.188 E7.63025
G1 X124.16 Y85.31 E7.64004
G1 X124.5 Y85.436 E7.6521
G1 X125.044 Y85.721 E7.67253
G1 X125.126 Y85.756 E7.67549
G1 X125.893 Y86.139 E7.70401
G1 X126.271 Y86.367 E7.71869
G1 X126.687 Y86.594 E7.73445
G1 X126.947 Y86.744 E7.74443
G1 X127.53 Y87.119 E7.76749
G1 X127.724 Y87.257 E7.77541
G1 X127.951 Y87.425 E7.7848
G1 X128.495 Y87.837 E7.8075
G1 X128.767 Y88.052 E7.81903
G1 X129.073 Y88.3 E7.83213
G1 X129.816 Y88.931 E7.86455
G1 X130.187 Y89.288 E7.88168
G1 X130.418 Y89.518 E7.89252
G1 X130.512 Y89.602 E7.89671
G1 X131.059 Y90.143 E7.9223
G1 X131.257 Y90.385 E7.9327
G1 X131.728 Y90.901 E7.95594
G1 X131.798 Y90.98 E7.95945
G1 X132.076 Y91.338 E7.97452
G1 X132.322 Y91.611 E7.98674
G1 X132.775 Y92.232 E8.01231
G1 X133.415 Y93.157 E8.04972
G1 X133.533 Y93.312 E8.0562
G1 X133.693 Y93.586 E8.06675
G1 X133.768 Y93.688 E8.07097
G1 X134.011 Y94.119 E8.08742
G1 X134.305 Y94.6 E8.10617
G1 X134.467 Y94.893 E8.11731
G1 X134.62 Y95.204 E8.12884
G1 X134.704 Y95.337 E8.13407
G1 X134.949 Y95.845 E8.15283
G1 X135.03 Y95.989 E8.15832
G1 X135.27 Y96.528 E8.17794
G1 X135.481 Y96.96 E8.19394
G1 X135.62 Y97.305 E8.20631
G1 X135.736 Y97.56 E8.21562
G1 X135.794 Y97.715 E8.22113
G1 X136.036 Y98.314 E8.24262
G1 X136.098 Y98.46 E8.24789
G1 X136.374 Y99.255 E8.27588
G1 X136.435 Y99.404 E8.28124
G1 X136.606 Y99.976 E8.30109
G1 X136.637 Y100.096 E8.30522
G1 X136.821 Y100.696 E8.32609
G1 X136.931 Y101.258 E8.34514
G1 X137.023 Y101.539 E8.35497
G1 X137.053 Y101.684 E8.3599
G1 X137.242 Y102.33 E8.38228
G1 X137.252 Y102.373 E8.38375
G1 X137.387 Y103.13 E8.40933
G1 X137.427 Y103.281 E8.41452
G1 X137.53 Y103.8 E8.43212
G1 X137.549 Y103.918 E8.43609
G1 X137.6 Y104.534 E8.45665
G1 X137.669 Y104.816 E8.46631
G1 X137.687 Y104.902 E8.46923
G1 X137.805 Y105.662 E8.49481
G1 X137.844 Y106.418 E8.51999
G1 X137.845 Y128.116 E9.24167
G1 X137.805 Y128.884 E9.26725
G1 X137.686 Y129.644 E9.29283
G1 X137.488 Y130.387 E9.31841
G1 X137.214 Y131.106 E9.344
G1 X136.867 Y131.792 E9.36957
G1 X136.451 Y132.439 E9.39515
G1 X135.97 Y133.039 E9.42073
G1 X135.678 Y133.349 E9.43489
G1 X135.561 Y133.466 E9.4404
G1 X134.989 Y133.98 E9.46597
G1 X134.367 Y134.433 E9.49157
G1 X133.702 Y134.819 E9.51714
G1 X133 Y135.134 E9.54273
G1 X132.269 Y135.374 E9.56832
G1 X131.518 Y135.537 E9.59388
G1 X130.753 Y135.621 E9.61948
G1 X130.328 Y135.633 E9.63362
G1 X118.444 Y135.633 E10.02888
G1 X118.036 Y135.612 E10.04247
G1 X117.952 Y135.621 E10.04528
G1 X117.527 Y135.633 E10.05942
G1 X96.585 Y135.633 E10.75596
G1 X95.817 Y135.593 E10.78154
G1 X95.057 Y135.474 E10.80712
G1 X94.317 Y135.277 E10.83259
G1 X94.258 Y135.258 E10.83465
G1 X93.539 Y134.984 E10.86024
G1 X92.852 Y134.638 E10.88583
G1 X92.254 Y134.256 E10.90943
G1 X85.255 Y129.308 E11.19451
G1 X84.651 Y128.832 E11.22009
G1 X84.1 Y128.296 E11.24566
G1 X83.607 Y127.706 E11.27123
G1 X83.178 Y127.067 E11.29683
G1 X82.985 Y126.725 E11.30989
G1 X82.939 Y126.638 E11.31317
G1 X82.615 Y125.94 E11.33876
G1 X82.366 Y125.213 E11.36432
G1 X82.193 Y124.463 E11.38992
G1 X82.099 Y123.7 E11.41549
G1 X82.081 Y123.179 E11.43283
G1 X82.081 Y113.204 E11.7646
G1 X82.121 Y112.436 E11.79018
G1 X82.24 Y111.676 E11.81576
G1 X82.351 Y111.222 E11.83131
G1 X82.591 Y110.491 E11.8569
G1 X82.905 Y109.788 E11.8825
G1 X83.11 Y109.414 E11.89669
G1 X85.129 Y105.97 E12.02947
G1 X85.552 Y105.327 E12.05507
G1 X86.039 Y104.732 E12.08064
G1 X86.509 Y104.261 E12.10277
G1 X86.704 Y104.082 E12.11158
G0 F7500 X86.974 Y104.376
G1 F1500 X87.667 Y103.817 E12.14119
G1 X99.556 Y95.411 E12.62548
G1 X100.189 Y95.013 E12.65035
G1 X100.861 Y94.684 E12.67523
G1 X101.451 Y94.464 E12.69617
G1 X101.51 Y94.445 E12.69824
G1 X102.234 Y94.254 E12.72314
G1 X102.973 Y94.141 E12.74801
G1 X103.656 Y94.108 E12.77075
G1 X112.536 Y94.108 E13.0661
G1 X112.587 Y93.703 E13.07968
G1 X112.688 Y93.249 E13.09514
G1 X112.694 Y92.91 E13.10642
G1 X112.787 Y92.168 E13.13129
G1 X112.902 Y91.645 E13.1491
G1 X113.323 Y90.03 E13.20461
G1 X113.55 Y89.317 E13.2295
G1 X113.852 Y88.633 E13.25437
G1 X114.226 Y87.985 E13.27926
G1 X114.666 Y87.38 E13.30414
G1 X115.168 Y86.826 E13.329
G1 X115.727 Y86.328 E13.3539
G1 X116.335 Y85.893 E13.37877
G1 X116.987 Y85.525 E13.40367
G1 X117.673 Y85.229 E13.42852
G1 X118.388 Y85.008 E13.45341
G1 X119.122 Y84.864 E13.47829
G1 X119.868 Y84.8 E13.50319
G1 X120.615 Y84.815 E13.52804
G1 X121.085 Y84.866 E13.54377
G1 X121.534 Y84.93 E13.55885
G1 X122.268 Y85.075 E13.58374
G1 X122.982 Y85.297 E13.6086
G1 X123.075 Y85.334 E13.61193
G1 X123.783 Y85.575 E13.63681
G1 X124.018 Y85.684 E13.64542
G1 X124.38 Y85.82 E13.65829
G1 X124.907 Y86.098 E13.6781
G1 X124.968 Y86.124 E13.68031
G1 X125.694 Y86.486 E13.70729
G1 X126.07 Y86.713 E13.7219
G1 X126.489 Y86.941 E13.73776
G1 X126.747 Y87.09 E13.74767
G1 X127.299 Y87.445 E13.7695
G1 X127.493 Y87.583 E13.77742
G1 X127.707 Y87.742 E13.78629
G1 X128.244 Y88.148 E13.80868
G1 X128.522 Y88.368 E13.82047
G1 X128.834 Y88.621 E13.83383
G1 X129.538 Y89.218 E13.86453
G1 X129.911 Y89.577 E13.88175
G1 X130.146 Y89.812 E13.8928
G1 X130.246 Y89.901 E13.89726
G1 X130.777 Y90.428 E13.92214
G1 X130.962 Y90.655 E13.93188
G1 X131.432 Y91.171 E13.95509
G1 X131.535 Y91.287 E13.96025
G1 X131.763 Y91.589 E13.97284
G1 X132.05 Y91.911 E13.98719
G1 X132.485 Y92.52 E14.01208
G1 X132.57 Y92.633 E14.01678
G1 X132.781 Y92.943 E14.02925
G1 X132.799 Y92.964 E14.03017
G1 X133.075 Y93.372 E14.04656
G1 X133.237 Y93.588 E14.05554
G1 X133.389 Y93.851 E14.06564
G1 X133.468 Y93.96 E14.07012
G1 X133.689 Y94.358 E14.08526
G1 X133.982 Y94.845 E14.10416
G1 X134.147 Y95.141 E14.11543
G1 X134.289 Y95.431 E14.12617
G1 X134.384 Y95.585 E14.13219
G1 X134.61 Y96.059 E14.14966
G1 X134.69 Y96.203 E14.15514
G1 X134.89 Y96.657 E14.17164
G1 X135.111 Y97.11 E14.1884
G1 X135.243 Y97.438 E14.20016
G1 X135.362 Y97.701 E14.20976
G1 X135.657 Y98.443 E14.23632
G1 X135.741 Y98.646 E14.24363
G1 X135.918 Y99.159 E14.26168
G1 X135.958 Y99.293 E14.26633
G1 X136.077 Y99.593 E14.27706
G1 X136.219 Y100.075 E14.29377
G1 X136.25 Y100.197 E14.29796
G1 X136.443 Y100.833 E14.32007
G1 X136.538 Y101.336 E14.33709
G1 X136.635 Y101.633 E14.34748
G1 X136.663 Y101.772 E14.3522
G1 X136.852 Y102.42 E14.37465
G1 X136.862 Y102.463 E14.37612
G1 X136.992 Y103.2 E14.40101
G1 X137.043 Y103.393 E14.40765
G1 X137.135 Y103.863 E14.42358
G1 X137.154 Y103.981 E14.42755
G1 X137.206 Y104.606 E14.44841
G1 X137.278 Y104.898 E14.45842
G1 X137.296 Y104.984 E14.46134
G1 X137.409 Y105.723 E14.4862
G1 X137.444 Y106.418 E14.50935
G1 X137.445 Y128.116 E15.23103
G1 X137.405 Y128.863 E15.25591
G1 X137.286 Y129.601 E15.28077
G1 X137.088 Y130.323 E15.30567
G1 X136.815 Y131.019 E15.33054
G1 X136.469 Y131.682 E15.35541
G1 X136.054 Y132.305 E15.38031
G1 X135.395 Y133.066 E15.41379
G1 X135.278 Y133.183 E15.41929
G1 X134.721 Y133.683 E15.44419
G1 X134.115 Y134.12 E15.46904
G1 X133.465 Y134.491 E15.49393
G1 X132.779 Y134.79 E15.51882
G1 X132.065 Y135.014 E15.54371
G1 X131.332 Y135.161 E15.56857
G1 X130.328 Y135.233 E15.60205
G1 X118.444 Y135.233 E15.99732
G1 X117.919 Y135.205 E16.0148
G1 X117.527 Y135.233 E16.02787
G1 X96.585 Y135.233 E16.72441
G1 X95.838 Y135.193 E16.74929
G1 X95.1 Y135.074 E16.77415
G1 X94.439 Y134.896 E16.79692
G1 X94.38 Y134.877 E16.79898
G1 X93.681 Y134.61 E16.82387
G1 X93.015 Y134.27 E16.84874
G1 X92.485 Y133.93 E16.86968
G1 X85.486 Y128.982 E17.15477
G1 X84.899 Y128.518 E17.17966
G1 X84.365 Y127.994 E17.20454
G1 X83.89 Y127.416 E17.22942
G1 X83.339 Y126.538 E17.2639
G1 X83.293 Y126.451 E17.26717
G1 X82.979 Y125.772 E17.29205
G1 X82.739 Y125.063 E17.31695
G1 X82.577 Y124.333 E17.34182
G1 X82.493 Y123.59 E17.36669
G1 X82.481 Y123.179 E17.38037
G1 X82.481 Y113.204 E17.71214
G1 X82.521 Y112.457 E17.73702
G1 X82.724 Y111.374 E17.77366
G1 X82.737 Y111.326 E17.77532
G1 X82.971 Y110.616 E17.80018
G1 X83.455 Y109.616 E17.83713
G1 X85.474 Y106.172 E17.96991
G1 X85.886 Y105.548 E17.99478
G1 X86.363 Y104.971 E18.01968
G1 X86.779 Y104.555 E18.03925
G1 X86.974 Y104.376 E18.04806
G0 F7500 X87.245 Y104.671
G1 F1500 X87.898 Y104.144 E18.07596
G1 X99.787 Y95.738 E18.56025
G1 X100.402 Y95.352 E18.5844
G1 X101.056 Y95.036 E18.60856
G1 X101.574 Y94.845 E18.62692
G1 X101.633 Y94.826 E18.62898
G1 X102.335 Y94.641 E18.65313
G1 X103.054 Y94.536 E18.6773
G1 X103.656 Y94.508 E18.69734
G1 X112.896 Y94.508 E19.00466
G1 X112.898 Y94.41 E19.00792
G1 X112.996 Y93.691 E19.03206
G1 X113.087 Y93.29 E19.04574
G1 X113.098 Y92.876 E19.05951
G1 X113.196 Y92.156 E19.08368
G1 X113.289 Y91.746 E19.09766
G1 X113.71 Y90.131 E19.15317
G1 X113.932 Y89.439 E19.17734
G1 X114.228 Y88.776 E19.20149
G1 X114.596 Y88.15 E19.22564
G1 X115.03 Y87.567 E19.24982
G1 X115.525 Y87.036 E19.27396
G1 X116.076 Y86.562 E19.29814
G1 X116.675 Y86.152 E19.32228
G1 X117.316 Y85.81 E19.34644
G1 X117.991 Y85.541 E19.37061
G1 X118.691 Y85.348 E19.39476
G1 X119.408 Y85.232 E19.41892
G1 X120.134 Y85.196 E19.4431
G1 X121.028 Y85.262 E19.47291
G1 X121.477 Y85.326 E19.488
G1 X122.19 Y85.468 E19.51218
G1 X122.882 Y85.687 E19.53632
G1 X122.987 Y85.725 E19.54003
G1 X123.673 Y85.962 E19.56417
G1 X123.873 Y86.057 E19.57154
G1 X124.258 Y86.204 E19.58524
G1 X124.763 Y86.471 E19.60424
G1 X124.811 Y86.492 E19.60599
G1 X125.495 Y86.833 E19.63141
G1 X125.871 Y87.06 E19.64601
G1 X126.291 Y87.289 E19.66193
G1 X126.547 Y87.437 E19.67176
G1 X127.067 Y87.771 E19.69232
G1 X127.261 Y87.909 E19.70023
G1 X127.463 Y88.058 E19.70858
G1 X127.992 Y88.459 E19.73066
G1 X128.277 Y88.684 E19.74274
G1 X128.552 Y88.909 E19.75456
G1 X128.596 Y88.942 E19.75639
G1 X129.259 Y89.506 E19.78534
G1 X129.635 Y89.867 E19.80267
G1 X129.861 Y90.093 E19.8133
G1 X129.98 Y90.199 E19.8186
G1 X130.495 Y90.712 E19.84278
G1 X130.653 Y90.908 E19.85115
G1 X131.136 Y91.441 E19.87508
G1 X131.27 Y91.594 E19.88184
G1 X131.451 Y91.839 E19.89197
G1 X131.776 Y92.21 E19.90838
G1 X132.195 Y92.812 E19.93277
G1 X132.29 Y92.926 E19.93771
G1 X132.475 Y93.204 E19.94882
G1 X132.518 Y93.256 E19.95106
G1 X132.741 Y93.594 E19.96453
G1 X132.94 Y93.864 E19.97568
G1 X133.081 Y94.11 E19.98511
G1 X133.167 Y94.231 E19.99005
G1 X133.374 Y94.609 E20.00439
G1 X133.658 Y95.089 E20.02294
G1 X133.825 Y95.387 E20.0343
G1 X133.95 Y95.646 E20.04386
G1 X134.063 Y95.833 E20.05113
G1 X134.276 Y96.284 E20.06772
G1 X134.348 Y96.416 E20.07272
G1 X134.507 Y96.778 E20.08587
G1 X134.74 Y97.26 E20.10368
G1 X134.863 Y97.566 E20.11465
G1 X134.987 Y97.842 E20.12471
G1 X135.279 Y98.572 E20.15086
G1 X135.384 Y98.83 E20.16012
G1 X135.535 Y99.274 E20.17572
G1 X135.582 Y99.428 E20.18108
G1 X135.717 Y99.78 E20.19362
G1 X135.831 Y100.175 E20.20729
G1 X135.857 Y100.273 E20.21066
G1 X136.064 Y100.969 E20.23481
G1 X136.144 Y101.413 E20.24982
G1 X136.246 Y101.728 E20.26083
G1 X136.269 Y101.84 E20.26463
G1 X136.462 Y102.511 E20.28786
G1 X136.472 Y102.554 E20.28933
G1 X136.598 Y103.269 E20.31347
G1 X136.658 Y103.504 E20.32154
G1 X136.74 Y103.927 E20.33587
G1 X136.759 Y104.045 E20.33985
G1 X136.811 Y104.671 E20.36074
G1 X136.886 Y104.98 E20.37131
G1 X136.904 Y105.066 E20.37424
G1 X137.013 Y105.784 E20.39839
G1 X137.044 Y106.418 E20.4195
G1 X137.045 Y128.116 E21.14118
G1 X137.005 Y128.841 E21.16533
G1 X136.886 Y129.557 E21.18947
G1 X136.688 Y130.256 E21.21364
G1 X136.415 Y130.93 E21.23782
G1 X136.07 Y131.569 E21.26198
G1 X135.656 Y132.166 E21.28614
G1 X135.112 Y132.783 E21.3135
G1 X134.995 Y132.9 E21.319
G1 X134.454 Y133.384 E21.34315
G1 X133.863 Y133.807 E21.36732
G1 X133.229 Y134.161 E21.39147
G1 X132.56 Y134.444 E21.41563
G1 X131.864 Y134.652 E21.43979
G1 X131.149 Y134.782 E21.46396
G1 X130.328 Y134.833 E21.49132
G1 X118.444 Y134.833 E21.88658
G1 X117.958 Y134.806 E21.90277
G1 X117.527 Y134.833 E21.91714
G1 X96.585 Y134.833 E22.61367
G1 X95.86 Y134.793 E22.63782
G1 X95.143 Y134.674 E22.66199
G1 X94.562 Y134.515 E22.68203
G1 X94.503 Y134.496 E22.68409
G1 X93.825 Y134.236 E22.70824
G1 X93.179 Y133.903 E22.73241
G1 X92.716 Y133.603 E22.75076
G1 X85.717 Y128.655 E23.03585
G1 X85.148 Y128.204 E23.06
G1 X84.632 Y127.693 E23.08415
G1 X84.175 Y127.128 E23.10832
G1 X83.692 Y126.351 E23.13875
G1 X83.646 Y126.264 E23.14202
G1 X83.343 Y125.604 E23.16618
G1 X83.113 Y124.915 E23.19034
G1 X82.961 Y124.205 E23.21449
G1 X82.881 Y123.179 E23.24872
G1 X82.881 Y113.204 E23.58049
G1 X82.921 Y112.479 E23.60464
G1 X83.111 Y111.479 E23.63849
G1 X83.124 Y111.431 E23.64015
G1 X83.352 Y110.741 E23.66432
G1 X83.8 Y109.818 E23.69844
G1 X85.819 Y106.374 E23.83122
G1 X86.221 Y105.769 E23.85538
G1 X86.686 Y105.211 E23.87954
G1 X87.05 Y104.85 E23.89659
G1 X87.245 Y104.671 E23.90539
G0 F7500 X87.515 Y104.966
G1 F1500 X88.129 Y104.471 E23.93163
G1 X100.018 Y96.065 E24.41591
G1 X100.615 Y95.691 E24.43934
G1 X101.25 Y95.388 E24.46274
G1 X101.697 Y95.225 E24.47857
G1 X101.756 Y95.206 E24.48063
G1 X102.437 Y95.029 E24.50403
G1 X103.134 Y94.93 E24.52745
G1 X103.656 Y94.908 E24.54482
G1 X113.273 Y94.908 E24.86469
G1 X113.286 Y94.852 E24.8666
G1 X113.302 Y94.377 E24.88241
G1 X113.484 Y93.351 E24.91706
G1 X113.502 Y92.843 E24.93397
G1 X113.676 Y91.847 E24.9676
G1 X114.097 Y90.232 E25.02311
G1 X114.313 Y89.562 E25.04652
G1 X114.604 Y88.921 E25.06994
G1 X114.965 Y88.317 E25.09334
G1 X115.393 Y87.757 E25.11678
G1 X115.881 Y87.25 E25.14019
G1 X116.424 Y86.801 E25.16362
G1 X117.013 Y86.417 E25.18701
G1 X117.643 Y86.102 E25.21044
G1 X118.304 Y85.861 E25.23384
G1 X118.989 Y85.696 E25.25727
G1 X119.687 Y85.61 E25.28066
G1 X120.391 Y85.603 E25.30408
G1 X120.972 Y85.658 E25.32349
G1 X121.421 Y85.722 E25.33858
G1 X122.111 Y85.861 E25.36199
G1 X122.713 Y86.073 E25.38321
G1 X122.898 Y86.115 E25.38952
G1 X123.562 Y86.349 E25.41294
G1 X123.729 Y86.43 E25.41911
G1 X124.135 Y86.587 E25.43359
G1 X124.604 Y86.838 E25.45128
G1 X124.653 Y86.859 E25.45306
G1 X125.296 Y87.18 E25.47696
G1 X125.672 Y87.407 E25.49157
G1 X126.093 Y87.636 E25.50751
G1 X126.346 Y87.783 E25.51724
G1 X126.835 Y88.097 E25.53657
G1 X127.219 Y88.375 E25.55234
G1 X127.74 Y88.77 E25.57408
G1 X128.032 Y89 E25.58644
G1 X128.305 Y89.223 E25.59817
G1 X128.358 Y89.263 E25.60038
G1 X128.981 Y89.793 E25.62758
G1 X129.359 Y90.156 E25.64501
G1 X129.589 Y90.387 E25.65585
G1 X129.714 Y90.498 E25.66142
G1 X130.212 Y90.996 E25.68484
G1 X130.367 Y91.188 E25.69305
G1 X130.839 Y91.71 E25.71645
G1 X131.003 Y91.9 E25.7248
G1 X131.132 Y92.078 E25.73211
G1 X131.501 Y92.508 E25.75096
G1 X131.874 Y93.054 E25.77295
G1 X132.008 Y93.217 E25.77997
G1 X132.171 Y93.469 E25.78995
G1 X132.356 Y93.745 E25.801
G1 X132.641 Y94.138 E25.81715
G1 X132.772 Y94.37 E25.82601
G1 X132.864 Y94.501 E25.83134
G1 X133.207 Y95.133 E25.85525
G1 X133.502 Y95.633 E25.87456
G1 X133.61 Y95.859 E25.88289
G1 X133.74 Y96.078 E25.89136
G1 X133.969 Y96.571 E25.90944
G1 X134.034 Y96.71 E25.91455
G1 X134.369 Y97.409 E25.94033
G1 X134.475 Y97.671 E25.94973
G1 X134.613 Y97.982 E25.96104
G1 X134.694 Y98.176 E25.96804
G1 X134.9 Y98.701 E25.98679
G1 X135.025 Y99.013 E25.99797
G1 X135.152 Y99.39 E26.0112
G1 X135.247 Y99.706 E26.02218
G1 X135.444 Y100.274 E26.04218
G1 X135.685 Y101.104 E26.07092
G1 X135.752 Y101.497 E26.08418
G1 X135.857 Y101.823 E26.09557
G1 X135.898 Y101.992 E26.10136
G1 X136.073 Y102.602 E26.12246
G1 X136.083 Y102.645 E26.12393
G1 X136.203 Y103.338 E26.14732
G1 X136.273 Y103.614 E26.15679
G1 X136.345 Y103.99 E26.16953
G1 X136.364 Y104.108 E26.1735
G1 X136.417 Y104.744 E26.19473
G1 X136.495 Y105.062 E26.20562
G1 X136.513 Y105.148 E26.20854
G1 X136.617 Y105.844 E26.23195
G1 X136.644 Y106.418 E26.25106
G1 X136.645 Y128.116 E26.97274
G1 X136.605 Y128.819 E26.99616
G1 X136.486 Y129.512 E27.01955
G1 X136.288 Y130.188 E27.04297
G1 X136.016 Y130.837 E27.06638
G1 X135.671 Y131.451 E27.0898
G1 X135.26 Y132.022 E27.1132
G1 X134.829 Y132.5 E27.13461
G1 X134.712 Y132.617 E27.14011
G1 X134.187 Y133.086 E27.16353
G1 X133.612 Y133.492 E27.18694
G1 X132.994 Y133.83 E27.21037
G1 X132.343 Y134.097 E27.23377
G1 X131.665 Y134.287 E27.25719
G1 X130.97 Y134.4 E27.28061
G1 X130.328 Y134.433 E27.30199
G1 X118.444 Y134.433 E27.69725
G1 X118.009 Y134.408 E27.71175
G1 X117.527 Y134.433 E27.7278
G1 X96.585 Y134.433 E28.42433
G1 X95.882 Y134.393 E28.44775
G1 X95.188 Y134.274 E28.47117
G1 X94.685 Y134.135 E28.48853
G1 X94.626 Y134.116 E28.49059
G1 X93.969 Y133.862 E28.51402
G1 X93.345 Y133.536 E28.53743
G1 X92.947 Y133.277 E28.55323
G1 X85.948 Y128.329 E28.83831
G1 X85.397 Y127.89 E28.86174
G1 X84.899 Y127.392 E28.88517
G1 X84.462 Y126.841 E28.90856
G1 X84.046 Y126.164 E28.93499
G1 X84 Y126.077 E28.93826
G1 X83.707 Y125.437 E28.96167
G1 X83.488 Y124.768 E28.98509
G1 X83.347 Y124.078 E29.00851
G1 X83.281 Y123.179 E29.03849
G1 X83.281 Y113.204 E29.37026
G1 X83.321 Y112.501 E29.39368
G1 X83.497 Y111.583 E29.42477
G1 X83.51 Y111.535 E29.42642
G1 X83.732 Y110.867 E29.44984
G1 X84.145 Y110.02 E29.48118
G1 X86.164 Y106.576 E29.61396
G1 X86.554 Y105.99 E29.63737
G1 X87.008 Y105.452 E29.66078
G1 X87.32 Y105.145 E29.67534
G1 X87.515 Y104.966 E29.68415
G0 F7500 X87.786 Y105.26
G1 F1500 X88.36 Y104.797 E29.70867
G1 X100.249 Y96.391 E30.19296
G1 X100.827 Y96.031 E30.21561
G1 X101.443 Y95.742 E30.23824
G1 X101.819 Y95.606 E30.25154
G1 X101.878 Y95.587 E30.2536
G1 X102.537 Y95.417 E30.27624
G1 X103.212 Y95.325 E30.29889
G1 X103.656 Y95.308 E30.31367
G1 X113.608 Y95.308 E30.64468
G1 X113.667 Y94.979 E30.65579
G1 X113.683 Y94.92 E30.65783
G1 X113.707 Y94.347 E30.6769
G1 X113.872 Y93.448 E30.7073
G1 X113.88 Y93.416 E30.7084
G1 X113.907 Y92.813 E30.72847
G1 X114.064 Y91.948 E30.75772
G1 X114.485 Y90.333 E30.81323
G1 X114.695 Y89.685 E30.83588
G1 X114.979 Y89.067 E30.8585
G1 X115.334 Y88.486 E30.88115
G1 X115.755 Y87.95 E30.90382
G1 X116.236 Y87.468 E30.92647
G1 X116.769 Y87.045 E30.9491
G1 X117.349 Y86.688 E30.97175
G1 X117.967 Y86.401 E30.99441
G1 X118.614 Y86.189 E31.01706
G1 X119.281 Y86.054 E31.03969
G1 X119.959 Y85.998 E31.06232
G1 X120.915 Y86.054 E31.09417
G1 X121.364 Y86.118 E31.10926
G1 X122.032 Y86.254 E31.13193
G1 X122.627 Y86.464 E31.15292
G1 X122.808 Y86.506 E31.1591
G1 X123.449 Y86.735 E31.18174
G1 X123.549 Y86.789 E31.18552
G1 X124.011 Y86.97 E31.20202
G1 X124.451 Y87.208 E31.21866
G1 X124.496 Y87.227 E31.22028
G1 X125.097 Y87.527 E31.24262
G1 X125.476 Y87.756 E31.25735
G1 X125.895 Y87.984 E31.27322
G1 X126.146 Y88.129 E31.28286
G1 X126.603 Y88.423 E31.30093
G1 X126.975 Y88.692 E31.3162
G1 X127.489 Y89.08 E31.33762
G1 X127.985 Y89.477 E31.35875
G1 X128.119 Y89.585 E31.36447
G1 X128.702 Y90.08 E31.38991
G1 X129.083 Y90.446 E31.40748
G1 X129.31 Y90.674 E31.41818
G1 X129.448 Y90.797 E31.42433
G1 X129.929 Y91.279 E31.44698
G1 X130.086 Y91.473 E31.45528
G1 X130.542 Y91.978 E31.47791
G1 X130.735 Y92.204 E31.4878
G1 X130.799 Y92.301 E31.49166
G1 X131.224 Y92.805 E31.51359
G1 X131.402 Y93.075 E31.52435
G1 X131.542 Y93.281 E31.53263
G1 X131.725 Y93.508 E31.54233
G1 X131.859 Y93.722 E31.55073
G1 X132.055 Y94.008 E31.56226
G1 X132.34 Y94.41 E31.57865
G1 X132.559 Y94.769 E31.59263
G1 X132.762 Y95.148 E31.60693
G1 X133.088 Y95.747 E31.62962
G1 X133.149 Y95.863 E31.63398
G1 X133.416 Y96.322 E31.65164
G1 X133.599 Y96.724 E31.66633
G1 X133.707 Y96.944 E31.67448
G1 X133.998 Y97.559 E31.69711
G1 X134.082 Y97.768 E31.7046
G1 X134.238 Y98.123 E31.7175
G1 X134.347 Y98.38 E31.72678
G1 X134.521 Y98.83 E31.74283
G1 X134.645 Y99.195 E31.75565
G1 X134.769 Y99.505 E31.76676
G1 X134.841 Y99.742 E31.77499
G1 X135.056 Y100.373 E31.79717
G1 X135.305 Y101.238 E31.8271
G1 X135.36 Y101.577 E31.83853
G1 X135.469 Y101.918 E31.85043
G1 X135.527 Y102.143 E31.85816
G1 X135.683 Y102.692 E31.87714
G1 X135.693 Y102.735 E31.87861
G1 X135.808 Y103.406 E31.90126
G1 X135.814 Y103.514 E31.90485
G1 X135.95 Y104.054 E31.92337
G1 X135.969 Y104.172 E31.92735
G1 X136.023 Y104.815 E31.94881
G1 X136.103 Y105.144 E31.96007
G1 X136.121 Y105.23 E31.963
G1 X136.221 Y105.903 E31.98563
G1 X136.244 Y106.418 E32.00277
G1 X136.245 Y128.116 E32.72445
G1 X136.205 Y128.795 E32.74707
G1 X136.086 Y129.466 E32.76974
G1 X135.889 Y130.118 E32.79239
G1 X135.617 Y130.742 E32.81503
G1 X135.273 Y131.33 E32.83769
G1 X134.863 Y131.873 E32.86032
G1 X134.546 Y132.217 E32.87588
G1 X134.429 Y132.334 E32.88138
G1 X133.92 Y132.787 E32.90405
G1 X133.362 Y133.176 E32.92667
G1 X132.762 Y133.498 E32.94932
G1 X132.128 Y133.747 E32.97197
G1 X131.469 Y133.92 E32.99463
G1 X130.795 Y134.014 E33.01727
G1 X130.328 Y134.033 E33.03281
G1 X118.444 Y134.033 E33.42808
G1 X118.032 Y134.009 E33.4418
G1 X117.994 Y134.014 E33.44308
G1 X117.527 Y134.033 E33.45862
G1 X96.585 Y134.033 E34.15516
G1 X95.905 Y133.993 E34.17781
G1 X95.235 Y133.874 E34.20045
G1 X94.807 Y133.754 E34.21523
G1 X94.748 Y133.735 E34.21729
G1 X94.113 Y133.488 E34.23995
G1 X93.512 Y133.169 E34.26258
G1 X93.178 Y132.95 E34.27587
G1 X86.179 Y128.002 E34.56095
G1 X85.647 Y127.577 E34.5836
G1 X85.168 Y127.093 E34.60625
G1 X84.75 Y126.555 E34.62891
G1 X84.4 Y125.977 E34.65138
G1 X84.354 Y125.89 E34.65466
G1 X84.071 Y125.27 E34.67733
G1 X83.863 Y124.622 E34.69996
G1 X83.733 Y123.954 E34.7226
G1 X83.681 Y123.179 E34.74843
G1 X83.681 Y113.204 E35.0802
G1 X83.721 Y112.524 E35.10286
G1 X83.883 Y111.688 E35.13118
G1 X83.896 Y111.64 E35.13283
G1 X84.112 Y110.994 E35.15549
G1 X84.49 Y110.223 E35.18405
G1 X86.509 Y106.779 E35.31683
G1 X86.888 Y106.213 E35.33948
G1 X87.33 Y105.695 E35.36213
G1 X87.591 Y105.439 E35.37429
G1 X87.786 Y105.26 E35.3831
G0 F7500 X88.056 Y105.555
G1 F1500 X88.591 Y105.124 E35.40595
G1 X100.48 Y96.718 E35.89023
G1 X101.038 Y96.372 E35.91207
G1 X101.942 Y95.987 E35.94475
G1 X102.001 Y95.968 E35.94681
G1 X102.637 Y95.805 E35.96865
G1 X103.289 Y95.721 E35.99051
G1 X103.656 Y95.708 E36.00273
G1 X113.937 Y95.708 E36.34467
G1 X114.054 Y95.081 E36.36589
G1 X114.077 Y94.975 E36.3695
G1 X114.113 Y94.319 E36.39135
G1 X114.258 Y93.55 E36.41738
G1 X114.276 Y93.442 E36.42102
G1 X114.312 Y92.786 E36.44287
G1 X114.451 Y92.049 E36.46781
G1 X114.872 Y90.434 E36.52332
G1 X115.076 Y89.809 E36.54519
G1 X115.354 Y89.214 E36.56703
G1 X115.703 Y88.657 E36.5889
G1 X116.116 Y88.147 E36.61072
G1 X116.589 Y87.691 E36.63258
G1 X117.113 Y87.295 E36.65442
G1 X117.682 Y86.966 E36.67628
G1 X118.286 Y86.709 E36.69811
G1 X118.918 Y86.526 E36.72
G1 X119.566 Y86.422 E36.74183
G1 X120.223 Y86.397 E36.76369
G1 X120.859 Y86.45 E36.78492
G1 X121.308 Y86.514 E36.80001
G1 X121.952 Y86.646 E36.82187
G1 X122.53 Y86.852 E36.84228
G1 X122.718 Y86.896 E36.8487
G1 X123.335 Y87.122 E36.87056
G1 X123.407 Y87.161 E36.87328
G1 X123.885 Y87.352 E36.8904
G1 X124.293 Y87.576 E36.90588
G1 X124.338 Y87.595 E36.90751
G1 X124.898 Y87.874 E36.92831
G1 X125.27 Y88.099 E36.94277
G1 X125.697 Y88.331 E36.95894
G1 X125.946 Y88.475 E36.9685
G1 X126.371 Y88.749 E36.98532
G1 X126.73 Y89.009 E37.00007
G1 X127.237 Y89.391 E37.02118
G1 X127.726 Y89.782 E37.042
G1 X127.881 Y89.906 E37.04861
G1 X128.424 Y90.367 E37.0723
G1 X128.807 Y90.735 E37.08996
G1 X129.025 Y90.955 E37.10026
G1 X129.182 Y91.095 E37.10726
G1 X129.645 Y91.561 E37.12911
G1 X129.805 Y91.758 E37.13755
G1 X130.244 Y92.247 E37.15941
G1 X130.268 Y92.282 E37.16082
G1 X130.464 Y92.507 E37.17074
G1 X130.527 Y92.593 E37.17429
G1 X130.945 Y93.1 E37.19614
G1 X131.156 Y93.409 E37.20859
G1 X131.246 Y93.552 E37.21421
G1 X131.439 Y93.797 E37.22458
G1 X131.664 Y94.125 E37.23781
G1 X131.741 Y94.253 E37.24278
G1 X132.038 Y94.681 E37.26011
G1 X132.252 Y95.035 E37.27386
G1 X132.522 Y95.538 E37.29285
G1 X132.528 Y95.546 E37.29319
G1 X132.805 Y96.062 E37.31266
G1 X133.089 Y96.565 E37.33188
G1 X133.23 Y96.876 E37.34323
G1 X133.333 Y97.104 E37.35155
G1 X133.378 Y97.177 E37.35441
G1 X133.627 Y97.709 E37.37394
G1 X133.683 Y97.849 E37.37896
G1 X133.864 Y98.264 E37.39402
G1 X133.998 Y98.582 E37.40549
G1 X134.143 Y98.959 E37.41893
G1 X134.262 Y99.307 E37.43116
G1 X134.386 Y99.621 E37.44239
G1 X134.42 Y99.735 E37.44635
G1 X134.669 Y100.472 E37.47222
G1 X134.748 Y100.737 E37.48142
G1 X134.924 Y101.37 E37.50327
G1 X134.968 Y101.658 E37.51296
G1 X135.08 Y102.012 E37.52531
G1 X135.155 Y102.294 E37.53502
G1 X135.294 Y102.783 E37.55192
G1 X135.304 Y102.826 E37.55339
G1 X135.413 Y103.474 E37.57525
G1 X135.418 Y103.575 E37.57861
G1 X135.555 Y104.118 E37.59724
G1 X135.574 Y104.236 E37.60121
G1 X135.629 Y104.89 E37.62304
G1 X135.711 Y105.226 E37.63454
G1 X135.729 Y105.312 E37.63747
G1 X135.825 Y105.962 E37.65932
G1 X135.844 Y106.418 E37.6745
G1 X135.845 Y128.116 E38.39618
G1 X135.805 Y128.771 E38.418
G1 X135.686 Y129.418 E38.43989
G1 X135.489 Y130.044 E38.46171
G1 X135.217 Y130.643 E38.48359
G1 X134.875 Y131.203 E38.50542
G1 X134.263 Y131.934 E38.53713
G1 X134.146 Y132.051 E38.54263
G1 X133.654 Y132.487 E38.56449
G1 X133.113 Y132.859 E38.58633
G1 X132.531 Y133.163 E38.60817
G1 X131.916 Y133.394 E38.63002
G1 X131.277 Y133.549 E38.65189
G1 X130.328 Y133.633 E38.68358
G1 X118.444 Y133.633 E39.07884
G1 X117.901 Y133.6 E39.09694
G1 X117.527 Y133.633 E39.10942
G1 X96.585 Y133.633 E39.80596
G1 X95.929 Y133.593 E39.82782
G1 X95.283 Y133.474 E39.84966
G1 X94.93 Y133.373 E39.86188
G1 X94.871 Y133.354 E39.86394
G1 X94.259 Y133.115 E39.88579
G1 X93.409 Y132.623 E39.91845
G1 X86.41 Y127.675 E40.20354
G1 X85.897 Y127.264 E40.2254
G1 X85.439 Y126.794 E40.24723
G1 X85.041 Y126.271 E40.26909
G1 X84.753 Y125.79 E40.28774
G1 X84.707 Y125.703 E40.29101
G1 X84.436 Y125.105 E40.31285
G1 X84.24 Y124.478 E40.3347
G1 X84.121 Y123.832 E40.35654
G1 X84.081 Y123.179 E40.3783
G1 X84.081 Y113.204 E40.71007
G1 X84.121 Y112.548 E40.73193
G1 X84.269 Y111.792 E40.75755
G1 X84.282 Y111.744 E40.75921
G1 X84.492 Y111.122 E40.78104
G1 X84.835 Y110.425 E40.80688
G1 X86.854 Y106.981 E40.93966
G1 X87.221 Y106.436 E40.96151
G1 X87.861 Y105.734 E40.99311
G1 X88.056 Y105.555 E41.00191
G0 F7500 X88.327 Y105.85
G1 F1500 X88.821 Y105.45 E41.02305
G1 X100.71 Y97.044 E41.50734
G1 X101.249 Y96.713 E41.52838
G1 X102.064 Y96.368 E41.55781
G1 X102.123 Y96.349 E41.55987
G1 X102.736 Y96.193 E41.58091
G1 X103.656 Y96.108 E41.61164
G1 X114.295 Y96.108 E41.9655
G1 X114.309 Y95.865 E41.97359
G1 X114.44 Y95.184 E41.99666
G1 X114.477 Y94.924 E42.00539
G1 X114.519 Y94.293 E42.02643
G1 X114.645 Y93.653 E42.04812
G1 X114.676 Y93.391 E42.0569
G1 X114.718 Y92.761 E42.0779
G1 X114.838 Y92.15 E42.09861
G1 X115.259 Y90.535 E42.15412
G1 X115.456 Y89.934 E42.17515
G1 X115.728 Y89.364 E42.19616
G1 X116.07 Y88.832 E42.21719
G1 X116.476 Y88.348 E42.23821
G1 X116.94 Y87.918 E42.25925
G1 X117.455 Y87.551 E42.28028
G1 X118.012 Y87.252 E42.30131
G1 X118.602 Y87.025 E42.32233
G1 X119.216 Y86.874 E42.34336
G1 X119.844 Y86.802 E42.36439
G1 X120.476 Y86.81 E42.38541
G1 X120.803 Y86.846 E42.39635
G1 X121.252 Y86.91 E42.41144
G1 X121.87 Y87.039 E42.43243
G1 X122.433 Y87.24 E42.45232
G1 X122.626 Y87.286 E42.45892
G1 X123.218 Y87.508 E42.47994
G1 X123.261 Y87.532 E42.48158
G1 X123.757 Y87.735 E42.49941
G1 X124.123 Y87.937 E42.51331
G1 X124.181 Y87.962 E42.51541
G1 X124.699 Y88.221 E42.53467
G1 X125.074 Y88.447 E42.54924
G1 X125.499 Y88.679 E42.56534
G1 X125.745 Y88.821 E42.57479
G1 X126.139 Y89.075 E42.59038
G1 X126.486 Y89.326 E42.60462
G1 X126.985 Y89.702 E42.62541
G1 X127.468 Y90.087 E42.64595
G1 X127.643 Y90.227 E42.6534
G1 X128.145 Y90.654 E42.67532
G1 X128.531 Y91.025 E42.69313
G1 X128.759 Y91.255 E42.7039
G1 X128.915 Y91.394 E42.71085
G1 X129.36 Y91.844 E42.7319
G1 X129.525 Y92.043 E42.7405
G1 X129.946 Y92.514 E42.76151
G1 X129.971 Y92.551 E42.76299
G1 X130.19 Y92.808 E42.77423
G1 X130.663 Y93.394 E42.79927
G1 X131.008 Y93.897 E42.81956
G1 X131.151 Y94.084 E42.82739
G1 X131.375 Y94.411 E42.84057
G1 X131.425 Y94.496 E42.84385
G1 X131.733 Y94.951 E42.86213
G1 X131.943 Y95.3 E42.87567
G1 X132.203 Y95.782 E42.89389
G1 X132.218 Y95.803 E42.89475
G1 X132.578 Y96.481 E42.92028
G1 X132.592 Y96.512 E42.92141
G1 X132.86 Y97.029 E42.94078
G1 X132.999 Y97.327 E42.95172
G1 X133.048 Y97.408 E42.95487
G1 X133.256 Y97.858 E42.97135
G1 X133.311 Y97.989 E42.97608
G1 X133.49 Y98.405 E42.99114
G1 X133.649 Y98.783 E43.00478
G1 X133.764 Y99.088 E43.01562
G1 X133.868 Y99.392 E43.02631
G1 X134.004 Y99.737 E43.03864
G1 X134.281 Y100.572 E43.0679
G1 X134.378 Y100.89 E43.07896
G1 X134.543 Y101.5 E43.09998
G1 X134.576 Y101.741 E43.10807
G1 X134.692 Y102.107 E43.12084
G1 X134.783 Y102.443 E43.13242
G1 X134.904 Y102.873 E43.14728
G1 X134.914 Y102.916 E43.14874
G1 X135.018 Y103.54 E43.16978
G1 X135.023 Y103.637 E43.17301
G1 X135.16 Y104.181 E43.19167
G1 X135.179 Y104.299 E43.19565
G1 X135.235 Y104.963 E43.21781
G1 X135.32 Y105.308 E43.22963
G1 X135.338 Y105.394 E43.23255
G1 X135.428 Y106.019 E43.25355
G1 X135.444 Y106.418 E43.26684
G1 X135.445 Y128.116 E43.98851
G1 X135.405 Y128.747 E44.00954
G1 X135.286 Y129.367 E44.03054
G1 X135.089 Y129.968 E44.05158
G1 X134.818 Y130.539 E44.0726
G1 X134.478 Y131.072 E44.09363
G1 X133.981 Y131.652 E44.11903
G1 X133.864 Y131.769 E44.12453
G1 X133.389 Y132.186 E44.14556
G1 X132.866 Y132.541 E44.16658
G1 X132.302 Y132.827 E44.18761
G1 X131.707 Y133.039 E44.20862
G1 X131.089 Y133.175 E44.22967
G1 X130.328 Y133.233 E44.25505
G1 X118.444 Y133.233 E44.65032
G1 X117.943 Y133.201 E44.66701
G1 X117.527 Y133.233 E44.68089
G1 X96.585 Y133.233 E45.37742
G1 X95.954 Y133.193 E45.39845
G1 X95.052 Y132.992 E45.42919
G1 X94.993 Y132.973 E45.43125
G1 X94.405 Y132.742 E45.45226
G1 X93.64 Y132.297 E45.4817
G1 X86.641 Y127.349 E45.76678
G1 X86.149 Y126.952 E45.78781
G1 X85.711 Y126.496 E45.80884
G1 X85.333 Y125.989 E45.82987
G1 X85.107 Y125.603 E45.84475
G1 X85.061 Y125.516 E45.84803
G1 X84.801 Y124.94 E45.86904
G1 X84.617 Y124.335 E45.89008
G1 X84.51 Y123.712 E45.9111
G1 X84.481 Y123.179 E45.92885
G1 X84.481 Y113.204 E46.26062
G1 X84.521 Y112.573 E46.28165
G1 X84.655 Y111.897 E46.30458
G1 X84.668 Y111.849 E46.30623
G1 X84.871 Y111.25 E46.32727
G1 X85.181 Y110.627 E46.35041
G1 X87.2 Y107.183 E46.48319
G1 X87.553 Y106.659 E46.5042
G1 X88.132 Y106.029 E46.53266
G1 X88.327 Y105.85 E46.54147
G0 F7500 X88.597 Y106.144
G1 F1500 X89.052 Y105.777 E46.56091
G1 X100.941 Y97.371 E47.0452
G1 X101.458 Y97.054 E47.06537
G1 X102.187 Y96.748 E47.09166
G1 X102.246 Y96.729 E47.09372
G1 X102.834 Y96.582 E47.11388
G1 X103.656 Y96.508 E47.14133
G1 X114.677 Y96.508 E47.50789
G1 X114.673 Y96.444 E47.51003
G1 X114.716 Y95.839 E47.5302
G1 X114.827 Y95.286 E47.54896
G1 X114.887 Y95.061 E47.5567
G1 X114.877 Y94.876 E47.56287
G1 X114.925 Y94.271 E47.58305
G1 X115.031 Y93.756 E47.60054
G1 X115.087 Y93.546 E47.60777
G1 X115.076 Y93.343 E47.61453
G1 X115.125 Y92.739 E47.63468
G1 X115.225 Y92.251 E47.65125
G1 X115.646 Y90.636 E47.70676
G1 X115.837 Y90.06 E47.72695
G1 X116.102 Y89.515 E47.7471
G1 X116.437 Y89.01 E47.76726
G1 X116.835 Y88.552 E47.78744
G1 X117.29 Y88.152 E47.80759
G1 X117.794 Y87.814 E47.82777
G1 X118.338 Y87.546 E47.84794
G1 X118.912 Y87.351 E47.86811
G1 X119.507 Y87.234 E47.88828
G1 X120.112 Y87.196 E47.90844
G1 X120.746 Y87.242 E47.92958
G1 X121.195 Y87.306 E47.94466
G1 X121.788 Y87.431 E47.96482
G1 X122.335 Y87.629 E47.98417
G1 X122.534 Y87.676 E47.99097
G1 X123.1 Y87.893 E48.01113
G1 X123.12 Y87.904 E48.01189
G1 X123.627 Y88.116 E48.03017
G1 X123.964 Y88.305 E48.04302
G1 X124.023 Y88.33 E48.04515
G1 X124.5 Y88.568 E48.06288
G1 X124.875 Y88.794 E48.07744
G1 X125.301 Y89.027 E48.09359
G1 X125.545 Y89.168 E48.10297
G1 X125.907 Y89.401 E48.11729
G1 X126.242 Y89.643 E48.13103
G1 X126.734 Y90.013 E48.15151
G1 X127.209 Y90.392 E48.17172
G1 X127.405 Y90.548 E48.18005
G1 X127.867 Y90.941 E48.20022
G1 X128.255 Y91.314 E48.21812
G1 X128.48 Y91.543 E48.2288
G1 X128.649 Y91.693 E48.23632
G1 X129.074 Y92.125 E48.25647
G1 X129.244 Y92.328 E48.26528
G1 X129.501 Y92.617 E48.27814
G1 X129.663 Y92.806 E48.28642
G1 X129.914 Y93.108 E48.29948
G1 X130.005 Y93.208 E48.30398
G1 X130.379 Y93.686 E48.32417
G1 X130.727 Y94.191 E48.34456
G1 X130.86 Y94.369 E48.35195
G1 X130.916 Y94.47 E48.3558
G1 X131.084 Y94.696 E48.36516
G1 X131.288 Y95.03 E48.37818
G1 X131.422 Y95.247 E48.38666
G1 X131.555 Y95.463 E48.3951
G1 X131.733 Y95.743 E48.40613
G1 X131.881 Y96.025 E48.41673
G1 X131.906 Y96.06 E48.41816
G1 X132.131 Y96.488 E48.43424
G1 X132.145 Y96.508 E48.43505
G1 X132.49 Y97.181 E48.46021
G1 X132.533 Y97.285 E48.46395
G1 X132.662 Y97.548 E48.47369
G1 X132.716 Y97.638 E48.47718
G1 X132.885 Y98.008 E48.49071
G1 X133.115 Y98.546 E48.51017
G1 X133.276 Y98.973 E48.52535
G1 X133.385 Y99.217 E48.53424
G1 X133.469 Y99.464 E48.54292
G1 X133.621 Y99.852 E48.55678
G1 X133.71 Y100.108 E48.56579
G1 X133.894 Y100.671 E48.58549
G1 X133.96 Y100.928 E48.59432
G1 X134.007 Y101.043 E48.59845
G1 X134.161 Y101.629 E48.6186
G1 X134.177 Y101.798 E48.62425
G1 X134.303 Y102.202 E48.63832
G1 X134.411 Y102.592 E48.65178
G1 X134.514 Y102.964 E48.66462
G1 X134.524 Y103.007 E48.66609
G1 X134.623 Y103.605 E48.68625
G1 X134.627 Y103.698 E48.68934
G1 X134.766 Y104.245 E48.70812
G1 X134.785 Y104.363 E48.71209
G1 X134.841 Y105.04 E48.73469
G1 X134.856 Y105.093 E48.73652
G1 X134.928 Y105.39 E48.74668
G1 X134.946 Y105.476 E48.7496
G1 X135.031 Y106.076 E48.76976
G1 X135.044 Y106.418 E48.78114
G1 X135.045 Y128.116 E49.50282
G1 X135.005 Y128.721 E49.52299
G1 X134.886 Y129.315 E49.54314
G1 X134.69 Y129.889 E49.56331
G1 X134.42 Y130.432 E49.58348
G1 X134.081 Y130.934 E49.60363
G1 X133.698 Y131.369 E49.6229
G1 X133.581 Y131.486 E49.62841
G1 X133.125 Y131.885 E49.64856
G1 X132.62 Y132.221 E49.66873
G1 X132.076 Y132.488 E49.68889
G1 X131.501 Y132.681 E49.70906
G1 X130.906 Y132.797 E49.72923
G1 X130.328 Y132.833 E49.74849
G1 X118.444 Y132.833 E50.14375
G1 X117.999 Y132.804 E50.15858
G1 X117.527 Y132.833 E50.17431
G1 X96.585 Y132.833 E50.87084
G1 X95.98 Y132.793 E50.89101
G1 X95.175 Y132.612 E50.91845
G1 X95.116 Y132.593 E50.92052
G1 X94.552 Y132.369 E50.9407
G1 X93.871 Y131.97 E50.96695
G1 X86.872 Y127.022 E51.25204
G1 X86.401 Y126.64 E51.27221
G1 X85.984 Y126.2 E51.29237
G1 X85.629 Y125.708 E51.31255
G1 X85.46 Y125.416 E51.32377
G1 X85.414 Y125.329 E51.32704
G1 X85.167 Y124.776 E51.34719
G1 X84.994 Y124.194 E51.36738
G1 X84.9 Y123.596 E51.38752
G1 X84.881 Y123.179 E51.4014
G1 X84.881 Y113.204 E51.73317
G1 X84.921 Y112.599 E51.75334
G1 X85.041 Y112.001 E51.77362
G1 X85.054 Y111.953 E51.77528
G1 X85.251 Y111.38 E51.79543
G1 X85.526 Y110.83 E51.81588
G1 X87.545 Y107.386 E51.94866
G1 X87.885 Y106.884 E51.96883
G1 X88.402 Y106.323 E51.9942
G1 X88.597 Y106.144 E52.003
G0 F7500 X88.868 Y106.439
G1 F1500 X89.283 Y106.104 E52.02074
G1 X101.172 Y97.698 E52.50503
G1 X101.667 Y97.397 E52.5243
G1 X102.31 Y97.129 E52.54747
G1 X102.369 Y97.11 E52.54953
G1 X102.931 Y96.971 E52.56878
G1 X103.656 Y96.908 E52.59299
G1 X115.016 Y96.908 E52.97082
G1 X115.087 Y96.64 E52.98004
G1 X115.074 Y96.394 E52.98824
G1 X115.123 Y95.817 E53.0075
G1 X115.213 Y95.389 E53.02204
G1 X115.29 Y95.097 E53.03209
G1 X115.278 Y94.829 E53.04101
G1 X115.333 Y94.253 E53.06026
G1 X115.418 Y93.858 E53.0737
G1 X115.49 Y93.587 E53.08302
G1 X115.478 Y93.298 E53.09264
G1 X115.533 Y92.721 E53.11192
G1 X115.612 Y92.352 E53.12447
G1 X116.033 Y90.737 E53.17998
G1 X116.217 Y90.187 E53.19927
G1 X116.476 Y89.669 E53.21853
G1 X116.803 Y89.191 E53.2378
G1 X117.193 Y88.762 E53.25708
G1 X117.638 Y88.391 E53.27635
G1 X118.129 Y88.085 E53.29559
G1 X118.659 Y87.85 E53.31487
G1 X119.215 Y87.69 E53.33412
G1 X119.789 Y87.607 E53.35341
G1 X120.368 Y87.605 E53.37267
G1 X120.69 Y87.638 E53.38343
G1 X121.139 Y87.702 E53.39852
G1 X121.705 Y87.823 E53.41777
G1 X122.235 Y88.016 E53.43653
G1 X122.44 Y88.066 E53.44354
G1 X122.943 Y88.264 E53.46152
G1 X122.962 Y88.269 E53.46218
G1 X123.494 Y88.498 E53.48144
G1 X123.79 Y88.666 E53.49276
G1 X123.865 Y88.698 E53.49547
G1 X124.301 Y88.915 E53.51167
G1 X124.679 Y89.143 E53.52635
G1 X125.103 Y89.374 E53.54241
G1 X125.345 Y89.514 E53.55171
G1 X125.676 Y89.727 E53.5648
G1 X125.998 Y89.96 E53.57802
G1 X126.482 Y90.324 E53.59817
G1 X126.807 Y90.581 E53.61195
G1 X127.061 Y90.792 E53.62293
G1 X127.166 Y90.87 E53.62728
G1 X127.588 Y91.228 E53.64569
G1 X127.979 Y91.604 E53.66373
G1 X128.202 Y91.83 E53.67429
G1 X128.383 Y91.991 E53.68235
G1 X128.788 Y92.406 E53.70163
G1 X128.963 Y92.612 E53.71062
G1 X129.23 Y92.915 E53.72405
G1 X129.272 Y92.954 E53.72596
G1 X129.635 Y93.405 E53.74522
G1 X129.741 Y93.514 E53.75027
G1 X130.091 Y93.975 E53.76952
G1 X130.308 Y94.29 E53.78225
G1 X130.33 Y94.326 E53.78365
G1 X130.566 Y94.653 E53.79706
G1 X130.601 Y94.718 E53.79952
G1 X130.781 Y94.967 E53.80974
G1 X130.804 Y94.994 E53.81092
G1 X130.991 Y95.302 E53.8229
G1 X131.013 Y95.329 E53.82406
G1 X131.317 Y95.848 E53.84407
G1 X131.418 Y95.995 E53.85
G1 X131.554 Y96.258 E53.85985
G1 X131.593 Y96.314 E53.86211
G1 X131.804 Y96.722 E53.87739
G1 X131.832 Y96.763 E53.87904
G1 X132.12 Y97.334 E53.90031
G1 X132.153 Y97.414 E53.90319
G1 X132.288 Y97.689 E53.91338
G1 X132.383 Y97.866 E53.92006
G1 X132.514 Y98.158 E53.93071
G1 X132.67 Y98.545 E53.94459
G1 X132.741 Y98.687 E53.94987
G1 X132.889 Y99.081 E53.96386
G1 X133.007 Y99.346 E53.97351
G1 X133.082 Y99.567 E53.98127
G1 X133.238 Y99.968 E53.99559
G1 X133.358 Y100.304 E54.00745
G1 X133.507 Y100.77 E54.02372
G1 X133.581 Y101.058 E54.03362
G1 X133.636 Y101.194 E54.03849
G1 X133.777 Y101.755 E54.05773
G1 X133.789 Y101.889 E54.06221
G1 X133.914 Y102.297 E54.0764
G1 X134.038 Y102.739 E54.09167
G1 X134.125 Y103.055 E54.10257
G1 X134.135 Y103.098 E54.10404
G1 X134.227 Y103.67 E54.12331
G1 X134.231 Y103.756 E54.12617
G1 X134.371 Y104.308 E54.14511
G1 X134.39 Y104.426 E54.14909
G1 X134.443 Y105.066 E54.17045
G1 X134.471 Y105.201 E54.17503
G1 X134.537 Y105.472 E54.18431
G1 X134.555 Y105.558 E54.18723
G1 X134.644 Y106.418 E54.21599
G1 X134.645 Y128.116 E54.93767
G1 X134.605 Y128.694 E54.95694
G1 X134.486 Y129.261 E54.97621
G1 X134.29 Y129.806 E54.99547
G1 X134.021 Y130.319 E55.01474
G1 X133.684 Y130.79 E55.034
G1 X133.415 Y131.086 E55.0473
G1 X133.298 Y131.203 E55.05281
G1 X132.861 Y131.583 E55.07207
G1 X132.376 Y131.9 E55.09134
G1 X131.852 Y132.147 E55.11061
G1 X131.299 Y132.319 E55.12987
G1 X130.727 Y132.414 E55.14915
G1 X130.328 Y132.433 E55.16244
G1 X118.444 Y132.433 E55.5577
G1 X117.998 Y132.402 E55.57257
G1 X117.926 Y132.414 E55.575
G1 X117.527 Y132.433 E55.58829
G1 X96.585 Y132.433 E56.28482
G1 X96.007 Y132.393 E56.30409
G1 X95.298 Y132.231 E56.32828
G1 X95.239 Y132.212 E56.33034
G1 X94.701 Y131.997 E56.34961
G1 X94.101 Y131.644 E56.37276
G1 X87.102 Y126.696 E56.65785
G1 X86.654 Y126.329 E56.67711
G1 X86.259 Y125.905 E56.69638
G1 X85.814 Y125.229 E56.7233
G1 X85.768 Y125.142 E56.72658
G1 X85.533 Y124.613 E56.74583
G1 X85.374 Y124.056 E56.76509
G1 X85.292 Y123.482 E56.78438
G1 X85.281 Y123.179 E56.79446
G1 X85.281 Y113.204 E57.12623
G1 X85.321 Y112.626 E57.1455
G1 X85.427 Y112.106 E57.16316
G1 X85.44 Y112.058 E57.16481
G1 X85.63 Y111.511 E57.18407
G1 X85.871 Y111.032 E57.2019
G1 X87.89 Y107.588 E57.33468
G1 X88.216 Y107.11 E57.35393
G1 X88.673 Y106.618 E57.37626
G1 X88.868 Y106.439 E57.38507
G0 F7500 X89.138 Y106.734
G1 F1500 X89.514 Y106.43 E57.40115
G1 X101.403 Y98.024 E57.88543
G1 X101.875 Y97.74 E57.90375
G1 X102.432 Y97.51 E57.9238
G1 X102.491 Y97.491 E57.92586
G1 X103.027 Y97.361 E57.9442
G1 X103.656 Y97.308 E57.9652
G1 X115.338 Y97.308 E58.35374
G1 X115.401 Y97.019 E58.36358
G1 X115.489 Y96.685 E58.37507
G1 X115.475 Y96.347 E58.38632
G1 X115.532 Y95.799 E58.40465
G1 X115.6 Y95.491 E58.41514
G1 X115.692 Y95.145 E58.42704
G1 X115.68 Y94.786 E58.43899
G1 X115.742 Y94.238 E58.45733
G1 X115.804 Y93.961 E58.46678
G1 X115.891 Y93.632 E58.47809
G1 X115.879 Y93.255 E58.49064
G1 X115.999 Y92.452 E58.51764
G1 X116.42 Y90.837 E58.57315
G1 X116.597 Y90.316 E58.59146
G1 X116.848 Y89.825 E58.6098
G1 X117.167 Y89.376 E58.62812
G1 X117.548 Y88.978 E58.64644
G1 X117.982 Y88.639 E58.66476
G1 X118.461 Y88.366 E58.68309
G1 X118.974 Y88.166 E58.70141
G1 X119.511 Y88.041 E58.71975
G1 X120.06 Y87.996 E58.73807
G1 X120.633 Y88.034 E58.75717
G1 X121.082 Y88.098 E58.77225
G1 X121.621 Y88.215 E58.7906
G1 X122.098 Y88.391 E58.80751
G1 X122.345 Y88.456 E58.816
G1 X122.803 Y88.641 E58.83243
G1 X122.855 Y88.656 E58.83423
G1 X123.587 Y89.01 E58.86127
G1 X123.708 Y89.065 E58.8657
G1 X124.102 Y89.262 E58.88035
G1 X124.482 Y89.491 E58.8951
G1 X124.905 Y89.722 E58.91113
G1 X125.144 Y89.86 E58.92031
G1 X125.444 Y90.053 E58.93218
G1 X125.754 Y90.277 E58.9449
G1 X126.231 Y90.635 E58.96473
G1 X126.692 Y91.003 E58.98435
G1 X126.928 Y91.191 E58.99439
G1 X127.31 Y91.515 E59.01105
G1 X127.703 Y91.893 E59.02919
G1 X127.923 Y92.117 E59.03963
G1 X128.117 Y92.29 E59.04827
G1 X128.501 Y92.685 E59.0666
G1 X128.682 Y92.897 E59.07587
G1 X128.949 Y93.202 E59.08935
G1 X129.015 Y93.265 E59.09238
G1 X129.322 Y93.662 E59.10908
G1 X129.475 Y93.818 E59.11634
G1 X129.801 Y94.263 E59.13469
G1 X129.954 Y94.481 E59.14355
G1 X130.269 Y94.933 E59.16187
G1 X130.513 Y95.275 E59.17585
G1 X130.686 Y95.564 E59.18705
G1 X130.719 Y95.605 E59.1888
G1 X131.008 Y96.108 E59.20809
G1 X131.1 Y96.245 E59.21358
G1 X131.225 Y96.49 E59.22273
G1 X131.278 Y96.567 E59.22584
G1 X131.475 Y96.954 E59.24028
G1 X131.517 Y97.016 E59.24277
G1 X131.751 Y97.487 E59.26027
G1 X131.78 Y97.557 E59.26279
G1 X131.917 Y97.839 E59.27321
G1 X131.988 Y98.014 E59.2795
G1 X132.143 Y98.307 E59.29052
G1 X132.292 Y98.676 E59.30376
G1 X132.367 Y98.828 E59.30939
G1 X132.508 Y99.204 E59.32275
G1 X132.628 Y99.475 E59.33261
G1 X132.68 Y99.627 E59.33795
G1 X132.855 Y100.084 E59.35423
G1 X132.934 Y100.346 E59.36333
G1 X133.003 Y100.498 E59.36888
G1 X133.119 Y100.87 E59.38184
G1 X133.199 Y101.181 E59.39252
G1 X133.264 Y101.344 E59.39836
G1 X133.393 Y101.879 E59.41666
G1 X133.402 Y101.985 E59.4202
G1 X133.526 Y102.392 E59.43435
G1 X133.536 Y102.433 E59.43576
G1 X133.582 Y102.706 E59.44496
G1 X133.735 Y103.145 E59.46043
G1 X133.745 Y103.188 E59.46189
G1 X133.831 Y103.733 E59.48025
G1 X133.834 Y103.811 E59.48284
G1 X133.976 Y104.372 E59.50209
G1 X133.995 Y104.49 E59.50606
G1 X134.043 Y105.069 E59.52539
G1 X134.086 Y105.308 E59.53347
G1 X134.145 Y105.554 E59.54188
G1 X134.163 Y105.64 E59.5448
G1 X134.244 Y106.418 E59.57082
G1 X134.245 Y128.116 E60.2925
G1 X134.205 Y128.665 E60.3108
G1 X134.086 Y129.203 E60.32913
G1 X133.891 Y129.719 E60.34748
G1 X133.623 Y130.2 E60.36579
G1 X133.132 Y130.803 E60.39166
G1 X133.015 Y130.92 E60.39716
G1 X132.598 Y131.28 E60.41548
G1 X132.134 Y131.577 E60.4338
G1 X131.631 Y131.803 E60.45215
G1 X131.101 Y131.954 E60.47048
G1 X130.328 Y132.033 E60.49632
G1 X118.444 Y132.033 E60.89158
G1 X117.908 Y131.994 E60.90946
G1 X117.527 Y132.033 E60.9222
G1 X96.585 Y132.033 E61.61873
G1 X96.035 Y131.993 E61.63707
G1 X95.42 Y131.85 E61.65807
G1 X95.361 Y131.831 E61.66013
G1 X94.85 Y131.625 E61.67846
G1 X94.332 Y131.317 E61.6985
G1 X87.333 Y126.369 E61.98359
G1 X86.908 Y126.019 E62.0019
G1 X86.537 Y125.611 E62.02024
G1 X86.168 Y125.042 E62.0428
G1 X86.122 Y124.955 E62.04607
G1 X85.9 Y124.451 E62.06439
G1 X85.754 Y123.919 E62.08274
G1 X85.681 Y123.179 E62.10747
G1 X85.681 Y113.204 E62.43924
G1 X85.721 Y112.654 E62.45758
G1 X85.813 Y112.211 E62.47263
G1 X85.826 Y112.163 E62.47428
G1 X86.008 Y111.643 E62.49261
G1 X86.216 Y111.234 E62.50787
G1 X88.235 Y107.79 E62.64065
G1 X88.547 Y107.336 E62.65897
G1 X88.943 Y106.913 E62.67824
G1 X89.138 Y106.734 E62.68705
G0 F7500 X89.409 Y107.028
G1 F1500 X89.745 Y106.757 E62.7014
G1 X101.634 Y98.351 E63.18569
G1 X102.081 Y98.083 E63.20302
G1 X102.555 Y97.891 E63.22003
G1 X102.614 Y97.872 E63.22209
G1 X103.121 Y97.75 E63.23944
G1 X103.656 Y97.708 E63.25729
G1 X115.7 Y97.708 E63.65787
G1 X115.788 Y97.121 E63.67761
G1 X115.889 Y96.736 E63.69085
G1 X115.877 Y96.303 E63.70526
G1 X115.987 Y95.594 E63.72912
G1 X116.092 Y95.2 E63.74269
G1 X116.082 Y94.745 E63.75782
G1 X116.191 Y94.064 E63.78076
G1 X116.291 Y93.687 E63.79373
G1 X116.282 Y93.215 E63.80944
G1 X116.386 Y92.553 E63.83172
G1 X116.807 Y90.938 E63.88723
G1 X116.977 Y90.446 E63.90455
G1 X117.22 Y89.985 E63.92188
G1 X117.53 Y89.566 E63.93922
G1 X117.901 Y89.2 E63.95655
G1 X118.324 Y88.895 E63.97389
G1 X118.788 Y88.658 E63.99122
G1 X119.283 Y88.495 E64.00856
G1 X119.797 Y88.409 E64.02589
G1 X120.577 Y88.43 E64.05184
G1 X121.026 Y88.494 E64.06693
G1 X121.535 Y88.607 E64.08427
G1 X122.02 Y88.788 E64.10149
G1 X122.249 Y88.845 E64.10934
G1 X122.657 Y89.017 E64.12406
G1 X122.747 Y89.042 E64.12717
G1 X123.376 Y89.349 E64.15045
G1 X123.903 Y89.609 E64.16999
G1 X124.281 Y89.838 E64.18469
G1 X124.707 Y90.069 E64.20081
G1 X124.944 Y90.206 E64.20992
G1 X125.212 Y90.378 E64.22051
G1 X125.51 Y90.594 E64.23275
G1 X125.979 Y90.946 E64.25225
G1 X126.433 Y91.308 E64.27157
G1 X126.69 Y91.512 E64.28248
G1 X127.031 Y91.803 E64.29739
G1 X127.53 Y92.285 E64.32046
G1 X127.652 Y92.411 E64.3263
G1 X127.851 Y92.589 E64.33518
G1 X128.212 Y92.964 E64.35249
G1 X128.401 Y93.182 E64.36209
G1 X128.682 Y93.504 E64.3763
G1 X128.754 Y93.575 E64.37966
G1 X128.942 Y93.844 E64.39058
G1 X129.207 Y94.12 E64.40331
G1 X129.396 Y94.411 E64.41485
G1 X129.424 Y94.44 E64.41619
G1 X129.575 Y94.666 E64.42523
G1 X129.678 Y94.778 E64.43029
G1 X129.827 Y95.019 E64.43971
G1 X129.901 Y95.101 E64.44339
G1 X130.073 Y95.372 E64.45406
G1 X130.221 Y95.554 E64.46186
G1 X130.383 Y95.83 E64.47251
G1 X130.422 Y95.88 E64.47462
G1 X130.672 Y96.323 E64.49154
G1 X130.89 Y96.712 E64.50637
G1 X130.96 Y96.817 E64.51056
G1 X131.111 Y97.121 E64.52185
G1 X131.2 Y97.267 E64.52754
G1 X131.381 Y97.639 E64.5413
G1 X131.401 Y97.688 E64.54306
G1 X131.546 Y97.989 E64.55417
G1 X131.61 Y98.147 E64.55984
G1 X131.772 Y98.457 E64.57148
G1 X131.915 Y98.812 E64.58421
G1 X131.992 Y98.969 E64.59002
G1 X132.115 Y99.295 E64.60161
G1 X132.249 Y99.604 E64.61281
G1 X132.306 Y99.761 E64.61837
G1 X132.472 Y100.199 E64.63395
G1 X132.561 Y100.494 E64.6442
G1 X132.647 Y100.69 E64.65132
G1 X132.732 Y100.969 E64.66102
G1 X132.82 Y101.314 E64.67286
G1 X132.891 Y101.492 E64.67923
G1 X133.007 Y102.001 E64.6966
G1 X133.036 Y102.149 E64.70161
G1 X133.137 Y102.486 E64.71331
G1 X133.147 Y102.527 E64.71472
G1 X133.19 Y102.789 E64.72355
G1 X133.346 Y103.236 E64.73929
G1 X133.356 Y103.279 E64.74076
G1 X133.416 Y103.803 E64.7583
G1 X133.435 Y103.858 E64.76024
G1 X133.581 Y104.436 E64.78007
G1 X133.6 Y104.554 E64.78404
G1 X133.643 Y105.071 E64.8013
G1 X133.7 Y105.416 E64.81293
G1 X133.772 Y105.721 E64.82335
G1 X133.844 Y106.418 E64.84666
G1 X133.845 Y128.116 E65.56834
G1 X133.805 Y128.635 E65.58565
G1 X133.686 Y129.143 E65.603
G1 X133.491 Y129.626 E65.62033
G1 X133.225 Y130.074 E65.63766
G1 X132.849 Y130.52 E65.65706
G1 X132.732 Y130.637 E65.66256
G1 X132.336 Y130.976 E65.6799
G1 X131.894 Y131.251 E65.69721
G1 X131.414 Y131.455 E65.71456
G1 X130.909 Y131.583 E65.73189
G1 X130.328 Y131.633 E65.75128
G1 X118.444 Y131.633 E66.14655
G1 X117.96 Y131.596 E66.16269
G1 X117.527 Y131.633 E66.17715
G1 X96.585 Y131.633 E66.87368
G1 X96.065 Y131.593 E66.89103
G1 X95.543 Y131.469 E66.90887
G1 X95.484 Y131.45 E66.91093
G1 X95.001 Y131.253 E66.92828
G1 X94.563 Y130.99 E66.94527
G1 X87.564 Y126.042 E67.23036
G1 X87.163 Y125.71 E67.24768
G1 X86.817 Y125.32 E67.26502
G1 X86.521 Y124.855 E67.28335
G1 X86.475 Y124.768 E67.28662
G1 X86.268 Y124.29 E67.30395
G1 X86.136 Y123.786 E67.32128
G1 X86.081 Y123.179 E67.34155
G1 X86.081 Y113.204 E67.67332
G1 X86.121 Y112.684 E67.69066
G1 X86.199 Y112.315 E67.70321
G1 X86.212 Y112.267 E67.70486
G1 X86.387 Y111.776 E67.7222
G1 X86.561 Y111.436 E67.7349
G1 X88.58 Y107.992 E67.86768
G1 X88.877 Y107.564 E67.88501
G1 X89.214 Y107.207 E67.90134
G1 X89.409 Y107.028 E67.91014
G0 F7500 X89.679 Y107.323
G1 F1500 X89.976 Y107.083 E67.92284
G1 X101.865 Y98.677 E68.40713
G1 X102.286 Y98.428 E68.4234
G1 X102.677 Y98.271 E68.43741
G1 X102.736 Y98.252 E68.43947
G1 X103.213 Y98.141 E68.45576
G1 X103.656 Y98.108 E68.47054
G1 X116.087 Y98.108 E68.88399
G1 X116.08 Y97.808 E68.89397
G1 X116.174 Y97.223 E68.91368
G1 X116.292 Y96.777 E68.92902
G1 X116.287 Y96.752 E68.92987
G1 X116.28 Y96.263 E68.94614
G1 X116.373 Y95.697 E68.96522
G1 X116.495 Y95.238 E68.98101
G1 X116.488 Y95.198 E68.98236
G1 X116.486 Y94.708 E68.99866
G1 X116.578 Y94.167 E69.01691
G1 X116.696 Y93.722 E69.03223
G1 X116.687 Y93.668 E69.03405
G1 X116.685 Y93.179 E69.05031
G1 X116.773 Y92.654 E69.06802
G1 X117.194 Y91.039 E69.12353
G1 X117.356 Y90.577 E69.13981
G1 X117.59 Y90.148 E69.15606
G1 X117.892 Y89.762 E69.17236
G1 X118.252 Y89.43 E69.18865
G1 X118.661 Y89.162 E69.20491
G1 X119.109 Y88.963 E69.22122
G1 X119.582 Y88.84 E69.23747
G1 X120.07 Y88.796 E69.25377
G1 X120.52 Y88.826 E69.26877
G1 X120.969 Y88.89 E69.28386
G1 X121.447 Y88.998 E69.30016
G1 X121.771 Y89.122 E69.31169
G1 X121.849 Y89.157 E69.31454
G1 X122.151 Y89.234 E69.3249
G1 X122.508 Y89.391 E69.33787
G1 X122.637 Y89.428 E69.34234
G1 X123.164 Y89.689 E69.3619
G1 X123.393 Y89.801 E69.37038
G1 X123.704 Y89.956 E69.38193
G1 X124.085 Y90.186 E69.39674
G1 X124.51 Y90.417 E69.41283
G1 X124.744 Y90.552 E69.42181
G1 X124.98 Y90.704 E69.43115
G1 X125.266 Y90.91 E69.44287
G1 X125.727 Y91.257 E69.46206
G1 X126.174 Y91.613 E69.48107
G1 X126.451 Y91.834 E69.49285
G1 X126.753 Y92.09 E69.50602
G1 X127.241 Y92.562 E69.5286
G1 X127.366 Y92.692 E69.5346
G1 X127.585 Y92.887 E69.54435
G1 X127.923 Y93.242 E69.56066
G1 X128.121 Y93.467 E69.57063
G1 X128.537 Y93.95 E69.59183
G1 X128.647 Y94.111 E69.59831
G1 X128.935 Y94.42 E69.61236
G1 X129.109 Y94.694 E69.62316
G1 X129.288 Y94.946 E69.63344
G1 X129.4 Y95.072 E69.63905
G1 X129.533 Y95.294 E69.64765
G1 X129.622 Y95.394 E69.65211
G1 X129.772 Y95.637 E69.6616
G1 X129.925 Y95.83 E69.66979
G1 X130.068 Y96.081 E69.6794
G1 X130.122 Y96.152 E69.68237
G1 X130.31 Y96.493 E69.69532
G1 X130.364 Y96.608 E69.69955
G1 X130.535 Y96.897 E69.71072
G1 X130.59 Y97.019 E69.71517
G1 X130.745 Y97.281 E69.72529
G1 X130.88 Y97.516 E69.73431
G1 X131.175 Y98.138 E69.7572
G1 X131.233 Y98.283 E69.7624
G1 X131.401 Y98.607 E69.77453
G1 X131.531 Y98.928 E69.78605
G1 X131.618 Y99.109 E69.79273
G1 X131.722 Y99.385 E69.80254
G1 X131.871 Y99.733 E69.81513
G1 X131.955 Y99.955 E69.82303
G1 X132.089 Y100.315 E69.8358
G1 X132.212 Y100.724 E69.85001
G1 X132.344 Y101.068 E69.86226
G1 X132.437 Y101.433 E69.87479
G1 X132.518 Y101.639 E69.88215
G1 X132.62 Y102.118 E69.89844
G1 X132.669 Y102.312 E69.9051
G1 X132.749 Y102.581 E69.91443
G1 X132.784 Y102.835 E69.92296
G1 X132.956 Y103.326 E69.94026
G1 X132.966 Y103.369 E69.94173
G1 X133.028 Y103.905 E69.95968
G1 X133.057 Y103.99 E69.96267
G1 X133.186 Y104.499 E69.98013
G1 X133.205 Y104.617 E69.98411
G1 X133.243 Y105.074 E69.99936
G1 X133.244 Y105.271 E70.00591
G1 X133.315 Y105.524 E70.01465
G1 X133.38 Y105.803 E70.02418
G1 X133.444 Y106.418 E70.04474
G1 X133.445 Y128.116 E70.76642
G1 X133.405 Y128.604 E70.78271
G1 X133.286 Y129.079 E70.79899
G1 X133.092 Y129.528 E70.81526
G1 X132.827 Y129.94 E70.83156
G1 X132.566 Y130.237 E70.84471
G1 X132.449 Y130.354 E70.85021
G1 X132.076 Y130.671 E70.86649
G1 X131.656 Y130.923 E70.88278
G1 X131.201 Y131.103 E70.89906
G1 X130.723 Y131.207 E70.91533
G1 X130.328 Y131.233 E70.92849
G1 X118.444 Y131.233 E71.32376
G1 X117.978 Y131.195 E71.33931
G1 X117.922 Y131.207 E71.34121
G1 X117.527 Y131.233 E71.35438
G1 X96.585 Y131.233 E72.05091
G1 X96.097 Y131.193 E72.0672
G1 X95.665 Y131.089 E72.08198
G1 X95.606 Y131.07 E72.08404
G1 X95.154 Y130.882 E72.10032
G1 X94.794 Y130.664 E72.11432
G1 X87.795 Y125.716 E72.3994
G1 X87.42 Y125.401 E72.41569
G1 X87.101 Y125.03 E72.43197
G1 X86.875 Y124.668 E72.44616
G1 X86.829 Y124.581 E72.44943
G1 X86.636 Y124.131 E72.46572
G1 X86.519 Y123.656 E72.48199
G1 X86.481 Y123.179 E72.4979
G1 X86.481 Y113.204 E72.82967
G1 X86.521 Y112.716 E72.84596
G1 X86.585 Y112.42 E72.85603
G1 X86.598 Y112.372 E72.85769
G1 X86.764 Y111.911 E72.87398
G1 X86.906 Y111.639 E72.88419
G1 X88.925 Y108.195 E73.01697
G1 X89.206 Y107.794 E73.03326
G1 X89.484 Y107.502 E73.04666
G1 X89.679 Y107.323 E73.05547
G0 F7500 X89.95 Y107.618
G1 F1500 X90.207 Y107.41 E73.06647
G1 X102.096 Y99.004 E73.55075
G1 X102.49 Y98.775 E73.56591
G1 X102.8 Y98.652 E73.577
G1 X102.859 Y98.633 E73.57906
G1 X103.303 Y98.532 E73.59421
G1 X103.656 Y98.508 E73.60597
G1 X116.456 Y98.508 E74.0317
G1 X116.504 Y98.326 E74.03796
G1 X116.486 Y98.225 E74.04138
G1 X116.484 Y97.769 E74.05654
G1 X116.561 Y97.325 E74.07153
G1 X116.701 Y96.794 E74.0898
G1 X116.682 Y96.683 E74.09354
G1 X116.684 Y96.227 E74.10871
G1 X116.76 Y95.799 E74.12317
G1 X116.904 Y95.255 E74.14188
G1 X116.884 Y95.132 E74.14603
G1 X116.89 Y94.676 E74.1612
G1 X116.964 Y94.269 E74.17495
G1 X117.105 Y93.738 E74.19323
G1 X117.083 Y93.602 E74.19781
G1 X117.089 Y93.147 E74.21294
G1 X117.16 Y92.755 E74.22619
G1 X117.581 Y91.14 E74.28171
G1 X117.734 Y90.711 E74.29685
G1 X117.96 Y90.315 E74.31202
G1 X118.251 Y89.965 E74.32716
G1 X118.599 Y89.671 E74.34231
G1 X118.993 Y89.442 E74.35747
G1 X119.421 Y89.285 E74.37263
G1 X119.87 Y89.206 E74.38779
G1 X120.464 Y89.222 E74.40756
G1 X120.913 Y89.286 E74.42264
G1 X121.357 Y89.39 E74.43781
G1 X121.608 Y89.487 E74.44676
G1 X121.718 Y89.536 E74.45076
G1 X122.05 Y89.623 E74.46218
G1 X122.3 Y89.747 E74.47146
G1 X122.525 Y89.813 E74.47926
G1 X122.952 Y90.028 E74.49516
G1 X123.235 Y90.168 E74.50566
G1 X123.505 Y90.303 E74.5157
G1 X123.896 Y90.539 E74.53089
G1 X124.312 Y90.765 E74.54664
G1 X124.543 Y90.899 E74.55552
G1 X124.942 Y91.168 E74.57153
G1 X125.204 Y91.367 E74.58247
G1 X125.476 Y91.568 E74.59372
G1 X125.915 Y91.918 E74.61239
G1 X126.213 Y92.155 E74.62506
G1 X126.474 Y92.377 E74.63645
G1 X126.953 Y92.84 E74.65861
G1 X127.087 Y92.98 E74.66505
G1 X127.319 Y93.186 E74.67537
G1 X127.631 Y93.518 E74.69053
G1 X127.84 Y93.752 E74.70096
G1 X128.095 Y94.052 E74.71406
G1 X128.347 Y94.372 E74.72761
G1 X128.659 Y94.718 E74.7431
G1 X128.814 Y94.968 E74.75288
G1 X128.995 Y95.22 E74.7632
G1 X129.233 Y95.562 E74.77706
G1 X129.459 Y95.885 E74.79017
G1 X129.625 Y96.104 E74.79931
G1 X129.748 Y96.326 E74.80776
G1 X129.818 Y96.421 E74.81168
G1 X130.062 Y96.876 E74.82885
G1 X130.171 Y97.061 E74.83599
G1 X130.22 Y97.171 E74.84
G1 X130.378 Y97.441 E74.8504
G1 X130.454 Y97.615 E74.85672
G1 X130.641 Y97.944 E74.86931
G1 X130.804 Y98.288 E74.88197
G1 X130.853 Y98.41 E74.88634
G1 X131.03 Y98.756 E74.89927
G1 X131.152 Y99.058 E74.9101
G1 X131.243 Y99.25 E74.91717
G1 X131.339 Y99.506 E74.92626
G1 X131.348 Y99.52 E74.92681
G1 X131.492 Y99.862 E74.93916
G1 X131.602 Y100.148 E74.94935
G1 X131.706 Y100.43 E74.95934
G1 X131.815 Y100.792 E74.97192
G1 X131.957 Y101.168 E74.98529
G1 X132.057 Y101.559 E74.99871
G1 X132.144 Y101.784 E75.00673
G1 X132.23 Y102.232 E75.02191
G1 X132.236 Y102.354 E75.02597
G1 X132.36 Y102.676 E75.03744
G1 X132.396 Y102.93 E75.04598
G1 X132.566 Y103.417 E75.06313
G1 X132.576 Y103.46 E75.0646
G1 X132.639 Y104.006 E75.08288
G1 X132.679 Y104.121 E75.08693
G1 X132.791 Y104.563 E75.1021
G1 X132.81 Y104.681 E75.10607
G1 X132.843 Y105.077 E75.11929
G1 X132.845 Y105.327 E75.1276
G1 X132.93 Y105.632 E75.13814
G1 X132.989 Y105.885 E75.14678
G1 X133.044 Y106.418 E75.1646
G1 X133.045 Y128.116 E75.88628
G1 X133.005 Y128.57 E75.90143
G1 X132.887 Y129.01 E75.91659
G1 X132.693 Y129.422 E75.93173
G1 X132.283 Y129.954 E75.95407
G1 X132.166 Y130.071 E75.95958
G1 X131.817 Y130.364 E75.97473
G1 X131.422 Y130.591 E75.98988
G1 X130.994 Y130.746 E76.00502
G1 X130.328 Y130.833 E76.02736
G1 X118.444 Y130.833 E76.42263
G1 X117.99 Y130.793 E76.43779
G1 X117.939 Y130.779 E76.43954
G1 X117.527 Y130.833 E76.45337
G1 X96.585 Y130.833 E77.1499
G1 X96.131 Y130.793 E77.16506
G1 X95.788 Y130.708 E77.17681
G1 X95.729 Y130.689 E77.17887
G1 X95.309 Y130.512 E77.19403
G1 X95.025 Y130.337 E77.20513
G1 X88.026 Y125.389 E77.49021
G1 X87.679 Y125.094 E77.50536
G1 X87.388 Y124.744 E77.5205
G1 X87.229 Y124.481 E77.53072
G1 X87.183 Y124.394 E77.53399
G1 X87.006 Y123.974 E77.54915
G1 X86.905 Y123.53 E77.5643
G1 X86.881 Y123.179 E77.576
G1 X86.881 Y113.204 E77.90777
G1 X86.921 Y112.75 E77.92293
G1 X86.984 Y112.476 E77.93228
G1 X87.142 Y112.049 E77.94742
G1 X87.251 Y111.841 E77.95523
G1 X89.27 Y108.397 E78.08801
G1 X89.534 Y108.026 E78.10316
G1 X89.755 Y107.797 E78.11374
G1 X89.95 Y107.618 E78.12255
G0 F7500 X90.22 Y107.912
G1 F1500 X90.438 Y107.737 E78.13185
G1 X102.327 Y99.331 E78.61613
G1 X102.691 Y99.122 E78.63009
G1 X102.982 Y99.014 E78.64041
G1 X103.391 Y98.924 E78.65434
G1 X103.656 Y98.908 E78.66317
G1 X116.763 Y98.908 E79.09911
G1 X116.913 Y98.341 E79.11862
G1 X116.881 Y98.155 E79.1249
G1 X116.889 Y97.736 E79.13884
G1 X116.948 Y97.427 E79.1493
G1 X117.11 Y96.812 E79.17045
G1 X117.078 Y96.616 E79.17706
G1 X117.089 Y96.197 E79.191
G1 X117.147 Y95.902 E79.201
G1 X117.313 Y95.275 E79.22257
G1 X117.281 Y95.068 E79.22954
G1 X117.296 Y94.649 E79.24348
G1 X117.351 Y94.372 E79.25288
G1 X117.514 Y93.759 E79.27397
G1 X117.48 Y93.539 E79.28138
G1 X117.495 Y93.121 E79.29529
G1 X117.547 Y92.856 E79.30427
G1 X117.968 Y91.241 E79.35978
G1 X118.112 Y90.847 E79.37373
G1 X118.328 Y90.488 E79.38767
G1 X118.608 Y90.177 E79.40159
G1 X118.942 Y89.924 E79.41552
G1 X119.318 Y89.739 E79.42946
G1 X119.722 Y89.628 E79.4434
G1 X120.14 Y89.596 E79.45734
G1 X120.407 Y89.618 E79.46625
G1 X120.856 Y89.682 E79.48133
G1 X121.444 Y89.852 E79.50169
G1 X121.575 Y89.911 E79.50647
G1 X121.947 Y90.011 E79.51928
G1 X122.177 Y90.128 E79.52787
G1 X122.41 Y90.198 E79.53596
G1 X122.741 Y90.367 E79.54832
G1 X123.078 Y90.536 E79.56086
G1 X123.306 Y90.65 E79.56934
G1 X123.672 Y90.871 E79.58356
G1 X123.898 Y90.989 E79.59204
G1 X124.343 Y91.245 E79.60911
G1 X124.71 Y91.494 E79.62386
G1 X124.962 Y91.686 E79.6344
G1 X125.224 Y91.879 E79.64522
G1 X125.382 Y92.007 E79.65199
G1 X125.582 Y92.162 E79.6604
G1 X125.818 Y92.36 E79.67065
G1 X125.975 Y92.476 E79.67714
G1 X126.196 Y92.664 E79.68679
G1 X126.665 Y93.117 E79.70848
G1 X126.809 Y93.266 E79.71537
G1 X127.053 Y93.484 E79.72625
G1 X127.338 Y93.792 E79.74021
G1 X127.559 Y94.037 E79.75118
G1 X127.67 Y94.179 E79.75718
G1 X127.952 Y94.49 E79.77114
G1 X128.106 Y94.694 E79.77964
G1 X128.379 Y95.012 E79.79358
G1 X128.508 Y95.229 E79.80198
G1 X128.688 Y95.478 E79.8122
G1 X128.923 Y95.815 E79.82586
G1 X129.16 Y96.161 E79.83981
G1 X129.399 Y96.519 E79.85413
G1 X129.446 Y96.616 E79.85771
G1 X129.586 Y96.834 E79.86633
G1 X129.605 Y96.875 E79.86783
G1 X129.806 Y97.225 E79.88126
G1 X129.842 Y97.304 E79.88414
G1 X130.011 Y97.601 E79.89551
G1 X130.069 Y97.734 E79.90034
G1 X130.272 Y98.097 E79.91417
G1 X130.433 Y98.438 E79.92671
G1 X130.5 Y98.588 E79.93218
G1 X130.659 Y98.906 E79.944
G1 X130.764 Y99.166 E79.95333
G1 X130.869 Y99.391 E79.96159
G1 X130.984 Y99.695 E79.9724
G1 X131.006 Y99.732 E79.97383
G1 X131.114 Y99.991 E79.98316
G1 X131.202 Y100.25 E79.99226
G1 X131.323 Y100.546 E80.00289
G1 X131.416 Y100.851 E80.0135
G1 X131.569 Y101.267 E80.02824
G1 X131.674 Y101.675 E80.04225
G1 X131.768 Y101.927 E80.0512
G1 X131.832 Y102.409 E80.06737
G1 X131.971 Y102.771 E80.08027
G1 X132.008 Y103.035 E80.08914
G1 X132.02 Y103.06 E80.09006
G1 X132.177 Y103.508 E80.10585
G1 X132.187 Y103.551 E80.10732
G1 X132.244 Y104.049 E80.12399
G1 X132.302 Y104.253 E80.13104
G1 X132.396 Y104.626 E80.14384
G1 X132.415 Y104.744 E80.14781
G1 X132.443 Y105.079 E80.15899
G1 X132.445 Y105.382 E80.16907
G1 X132.545 Y105.739 E80.1814
G1 X132.597 Y105.967 E80.18918
G1 X132.644 Y106.418 E80.20426
G1 X132.645 Y128.116 E80.92594
G1 X132.605 Y128.533 E80.93987
G1 X132.487 Y128.935 E80.95381
G1 X132.295 Y129.307 E80.96773
G1 X132.001 Y129.672 E80.98332
G1 X131.884 Y129.789 E80.98882
G1 X131.56 Y130.055 E81.00276
G1 X131.193 Y130.256 E81.01668
G1 X130.793 Y130.383 E81.03064
G1 X130.328 Y130.433 E81.0462
G1 X118.444 Y130.433 E81.44146
G1 X118.027 Y130.393 E81.45539
G1 X117.992 Y130.383 E81.4566
G1 X117.527 Y130.433 E81.47216
G1 X96.585 Y130.433 E82.16869
G1 X96.168 Y130.393 E82.18262
G1 X95.911 Y130.327 E82.19145
G1 X95.852 Y130.308 E82.19351
G1 X95.467 Y130.142 E82.20746
G1 X95.256 Y130.01 E82.21573
G1 X88.257 Y125.062 E82.50082
G1 X87.939 Y124.789 E82.51476
G1 X87.582 Y124.294 E82.53506
G1 X87.536 Y124.207 E82.53833
G1 X87.376 Y123.82 E82.55226
G1 X87.293 Y123.409 E82.56621
G1 X87.281 Y123.179 E82.57387
G1 X87.281 Y113.204 E82.90564
G1 X87.358 Y112.629 E82.92493
G1 X87.371 Y112.581 E82.92658
G1 X87.596 Y112.043 E82.94598
G1 X89.615 Y108.599 E83.07876
G1 X89.86 Y108.26 E83.09267
G1 X90.025 Y108.091 E83.10053
G1 X90.22 Y107.912 E83.10933
G0 F7500 X90.491 Y108.207
G1 F1500 X90.669 Y108.063 E83.11695
G1 X102.558 Y99.657 E83.60123
G1 X103.045 Y99.414 E83.61933
G1 X103.104 Y99.395 E83.6214
G1 X103.656 Y99.308 E83.63998
G1 X117.071 Y99.308 E84.08617
G1 X117.323 Y98.361 E84.11876
G1 X117.278 Y98.088 E84.12796
G1 X117.335 Y97.529 E84.14665
G1 X117.519 Y96.833 E84.1706
G1 X117.475 Y96.552 E84.18006
G1 X117.533 Y96.004 E84.19838
G1 X117.72 Y95.297 E84.22271
G1 X117.678 Y95.008 E84.23242
G1 X117.737 Y94.475 E84.25026
G1 X117.921 Y93.782 E84.27411
G1 X117.877 Y93.48 E84.28426
G1 X117.934 Y92.957 E84.30175
G1 X118.355 Y91.342 E84.35726
G1 X118.489 Y90.987 E84.36988
G1 X118.694 Y90.669 E84.38247
G1 X118.961 Y90.4 E84.39507
G1 X119.278 Y90.193 E84.40767
G1 X119.632 Y90.057 E84.42028
G1 X120.007 Y89.998 E84.43291
G1 X120.351 Y90.014 E84.44436
G1 X120.8 Y90.078 E84.45944
G1 X121.281 Y90.217 E84.4761
G1 X121.476 Y90.296 E84.4831
G1 X121.841 Y90.399 E84.49571
G1 X122.047 Y90.506 E84.50343
G1 X122.292 Y90.583 E84.51197
G1 X122.529 Y90.707 E84.52087
G1 X122.92 Y90.904 E84.53543
G1 X123.304 Y91.11 E84.54992
G1 X123.576 Y91.272 E84.56045
G1 X123.916 Y91.46 E84.57338
G1 X124.143 Y91.591 E84.58209
G1 X124.478 Y91.82 E84.59559
G1 X124.719 Y92.004 E84.60567
G1 X124.972 Y92.19 E84.61612
G1 X125.137 Y92.323 E84.62317
G1 X125.337 Y92.478 E84.63158
G1 X125.57 Y92.674 E84.64171
G1 X125.917 Y92.951 E84.65648
G1 X126.377 Y93.395 E84.67774
G1 X126.53 Y93.554 E84.68508
G1 X126.787 Y93.783 E84.69653
G1 X127.024 Y94.072 E84.70896
G1 X127.278 Y94.322 E84.72081
G1 X127.427 Y94.5 E84.72854
G1 X127.762 Y94.933 E84.74674
G1 X127.854 Y95.008 E84.75069
G1 X128.092 Y95.303 E84.7633
G1 X128.287 Y95.619 E84.77565
G1 X128.306 Y95.635 E84.77647
G1 X128.537 Y95.935 E84.78907
G1 X128.615 Y96.078 E84.79449
G1 X128.769 Y96.297 E84.80339
G1 X128.799 Y96.326 E84.80478
G1 X129.04 Y96.695 E84.81944
G1 X129.074 Y96.765 E84.82203
G1 X129.224 Y97.004 E84.83141
G1 X129.441 Y97.39 E84.84614
G1 X129.473 Y97.454 E84.84852
G1 X129.645 Y97.761 E84.86022
G1 X129.714 Y97.906 E84.86556
G1 X129.902 Y98.249 E84.87857
G1 X130.062 Y98.587 E84.89101
G1 X130.177 Y98.827 E84.89986
G1 X130.288 Y99.056 E84.90833
G1 X130.387 Y99.302 E84.91715
G1 X130.495 Y99.532 E84.9256
G1 X130.624 Y99.876 E84.93782
G1 X130.735 Y100.12 E84.94673
G1 X130.866 Y100.504 E84.96023
G1 X130.94 Y100.662 E84.96603
G1 X131.047 Y101.016 E84.97833
G1 X131.072 Y101.058 E84.97996
G1 X131.182 Y101.366 E84.99083
G1 X131.292 Y101.794 E85.00553
G1 X131.391 Y102.066 E85.01516
G1 X131.444 Y102.505 E85.02987
G1 X131.583 Y102.865 E85.0427
G1 X131.593 Y102.906 E85.04411
G1 X131.623 Y103.156 E85.05248
G1 X131.659 Y103.232 E85.05528
G1 X131.787 Y103.598 E85.06817
G1 X131.797 Y103.641 E85.06964
G1 X131.844 Y104.049 E85.0833
G1 X131.924 Y104.384 E85.09476
G1 X132.001 Y104.69 E85.10525
G1 X132.02 Y104.808 E85.10923
G1 X132.043 Y105.082 E85.11837
G1 X132.045 Y105.441 E85.13031
G1 X132.159 Y105.847 E85.14434
G1 X132.206 Y106.049 E85.15124
G1 X132.244 Y106.418 E85.16357
G1 X132.245 Y128.116 E85.88525
G1 X132.205 Y128.493 E85.89786
G1 X132.087 Y128.853 E85.91046
G1 X131.897 Y129.18 E85.92304
G1 X131.718 Y129.389 E85.93219
G1 X131.601 Y129.506 E85.9377
G1 X131.306 Y129.744 E85.9503
G1 X130.968 Y129.915 E85.9629
G1 X130.602 Y130.012 E85.9755
G1 X130.328 Y130.033 E85.98464
G1 X118.444 Y130.033 E86.3799
G1 X118.067 Y129.993 E86.39251
G1 X117.98 Y129.965 E86.39555
G1 X117.801 Y130.012 E86.4017
G1 X117.527 Y130.033 E86.41084
G1 X96.585 Y130.033 E87.10738
G1 X96.033 Y129.946 E87.12596
G1 X95.974 Y129.927 E87.12803
G1 X95.487 Y129.684 E87.14613
G1 X88.488 Y124.736 E87.43121
G1 X88.203 Y124.486 E87.44382
G1 X87.936 Y124.107 E87.45924
G1 X87.89 Y124.02 E87.46252
G1 X87.749 Y123.669 E87.4751
G1 X87.681 Y123.179 E87.49155
G1 X87.681 Y113.204 E87.82332
G1 X87.744 Y112.733 E87.83913
G1 X87.757 Y112.685 E87.84078
G1 X87.941 Y112.246 E87.85661
G1 X89.96 Y108.802 E87.98939
G1 X90.296 Y108.386 E88.00718
G1 X90.491 Y108.207 E88.01598
G0 F7500 X90.761 Y108.502
G1 F1500 X90.9 Y108.39 E88.02192
G1 X102.789 Y99.984 E88.5062
G1 X103.168 Y99.794 E88.5203
G1 X103.227 Y99.775 E88.52237
G1 X103.656 Y99.708 E88.53681
G1 X117.377 Y99.708 E88.99317
G1 X117.731 Y98.381 E89.03885
G1 X117.724 Y98.357 E89.03968
G1 X117.676 Y98.026 E89.05081
G1 X117.721 Y97.631 E89.06403
G1 X117.927 Y96.851 E89.09086
G1 X117.92 Y96.825 E89.09176
G1 X117.873 Y96.494 E89.10288
G1 X117.92 Y96.107 E89.11584
G1 X118.13 Y95.317 E89.14303
G1 X118.121 Y95.284 E89.14417
G1 X118.077 Y94.953 E89.15527
G1 X118.124 Y94.577 E89.16788
G1 X118.33 Y93.801 E89.19458
G1 X118.319 Y93.756 E89.19612
G1 X118.276 Y93.425 E89.20722
G1 X118.321 Y93.058 E89.21952
G1 X118.742 Y91.443 E89.27503
G1 X118.865 Y91.132 E89.28615
G1 X119.057 Y90.859 E89.29726
G1 X119.309 Y90.639 E89.30838
G1 X119.605 Y90.485 E89.31948
G1 X119.93 Y90.406 E89.3306
G1 X120.295 Y90.41 E89.34274
G1 X120.744 Y90.474 E89.35783
G1 X121.118 Y90.582 E89.37078
G1 X121.409 Y90.691 E89.38111
G1 X121.729 Y90.785 E89.39221
G1 X121.9 Y90.877 E89.39866
G1 X122.169 Y90.966 E89.40809
G1 X122.473 Y91.143 E89.41979
G1 X122.762 Y91.271 E89.4303
G1 X123.105 Y91.457 E89.44328
G1 X123.405 Y91.634 E89.45486
G1 X123.718 Y91.807 E89.46676
G1 X123.942 Y91.937 E89.47537
G1 X124.247 Y92.146 E89.48767
G1 X124.476 Y92.322 E89.49728
G1 X124.721 Y92.501 E89.50737
G1 X124.892 Y92.639 E89.51468
G1 X125.092 Y92.794 E89.52309
G1 X125.325 Y92.99 E89.53322
G1 X125.639 Y93.238 E89.54653
G1 X126.089 Y93.672 E89.56732
G1 X126.265 Y93.854 E89.57574
G1 X126.52 Y94.082 E89.58712
G1 X126.762 Y94.374 E89.59973
G1 X126.998 Y94.607 E89.61076
G1 X127.18 Y94.817 E89.62001
G1 X127.415 Y95.13 E89.63302
G1 X127.598 Y95.318 E89.64175
G1 X127.83 Y95.65 E89.65522
G1 X127.843 Y95.675 E89.65616
G1 X128.014 Y95.913 E89.66591
G1 X128.044 Y95.939 E89.66723
G1 X128.243 Y96.24 E89.67923
G1 X128.263 Y96.258 E89.68012
G1 X128.469 Y96.559 E89.69225
G1 X128.519 Y96.614 E89.69473
G1 X128.68 Y96.87 E89.70478
G1 X128.704 Y96.914 E89.70645
G1 X128.862 Y97.174 E89.71657
G1 X129.076 Y97.554 E89.73108
G1 X129.278 Y97.921 E89.74501
G1 X129.409 Y98.168 E89.75431
G1 X129.532 Y98.402 E89.7631
G1 X129.691 Y98.737 E89.77543
G1 X129.812 Y99.037 E89.78619
G1 X129.917 Y99.205 E89.79278
G1 X130.074 Y99.595 E89.80677
G1 X130.12 Y99.673 E89.80978
G1 X130.29 Y100.124 E89.82581
G1 X130.356 Y100.249 E89.83051
G1 X130.479 Y100.61 E89.84319
G1 X130.557 Y100.777 E89.84932
G1 X130.68 Y101.184 E89.86347
G1 X130.794 Y101.465 E89.87355
G1 X130.902 Y101.886 E89.88801
G1 X131.012 Y102.201 E89.89911
G1 X131.044 Y102.5 E89.90911
G1 X131.065 Y102.626 E89.91336
G1 X131.194 Y102.96 E89.92526
G1 X131.204 Y103.001 E89.92667
G1 X131.237 Y103.276 E89.93588
G1 X131.298 Y103.404 E89.9406
G1 X131.398 Y103.689 E89.95064
G1 X131.408 Y103.732 E89.95211
G1 X131.444 Y104.049 E89.96272
G1 X131.444 Y104.223 E89.96851
G1 X131.546 Y104.516 E89.97883
G1 X131.625 Y104.871 E89.99092
G1 X131.643 Y105.085 E89.99807
G1 X131.646 Y105.496 E90.01174
G1 X131.774 Y105.955 E90.02759
G1 X131.814 Y106.131 E90.03359
G1 X131.844 Y106.418 E90.04319
G1 X131.845 Y128.116 E90.76486
G1 X131.805 Y128.448 E90.77599
G1 X131.688 Y128.76 E90.78707
G1 X131.435 Y129.106 E90.80133
G1 X131.318 Y129.223 E90.80683
G1 X131.055 Y129.429 E90.81794
G1 X130.751 Y129.568 E90.82906
G1 X130.328 Y129.633 E90.84329
G1 X118.444 Y129.633 E91.23856
G1 X118.112 Y129.593 E91.24968
G1 X117.993 Y129.548 E91.25391
G1 X117.95 Y129.568 E91.25549
G1 X117.527 Y129.633 E91.26972
G1 X96.585 Y129.633 E91.96626
G1 X96.156 Y129.566 E91.9807
G1 X96.097 Y129.547 E91.98276
G1 X95.718 Y129.357 E91.99686
G1 X88.719 Y124.409 E92.28194
G1 X88.471 Y124.185 E92.29306
G1 X88.289 Y123.92 E92.30375
G1 X88.243 Y123.833 E92.30703
G1 X88.124 Y123.522 E92.3181
G1 X88.081 Y123.179 E92.3296
G1 X88.081 Y113.204 E92.66137
G1 X88.13 Y112.838 E92.67365
G1 X88.143 Y112.79 E92.6753
G1 X88.286 Y112.448 E92.68763
G1 X90.305 Y109.004 E92.82041
G1 X90.566 Y108.681 E92.83423
G1 X90.761 Y108.502 E92.84303
G0 F7500 X91.032 Y108.796
G1 F1500 X91.131 Y108.716 E92.84726
G1 X103.02 Y100.31 E93.33155
G1 X103.29 Y100.175 E93.34159
G1 X103.349 Y100.156 E93.34365
G1 X103.656 Y100.108 E93.35399
G1 X117.528 Y100.108 E93.81537
G1 X117.68 Y100.13 E93.82048
G1 X118.145 Y98.381 E93.88067
G1 X118.11 Y98.252 E93.88512
G1 X118.075 Y97.972 E93.8945
G1 X118.108 Y97.733 E93.90253
G1 X118.34 Y96.852 E93.93283
G1 X118.306 Y96.722 E93.9373
G1 X118.273 Y96.442 E93.94667
G1 X118.306 Y96.21 E93.95447
G1 X118.542 Y95.319 E93.98512
G1 X118.508 Y95.185 E93.98972
G1 X118.478 Y94.904 E93.99912
G1 X118.511 Y94.68 E94.00665
G1 X118.744 Y93.803 E94.03683
G1 X118.707 Y93.658 E94.04181
G1 X118.677 Y93.377 E94.05121
G1 X118.708 Y93.159 E94.05853
G1 X119.129 Y91.544 E94.11404
G1 X119.238 Y91.284 E94.12342
G1 X119.416 Y91.064 E94.13283
G1 X119.647 Y90.903 E94.1422
G1 X119.915 Y90.813 E94.1516
G1 X120.238 Y90.806 E94.16235
G1 X120.687 Y90.87 E94.17743
G1 X120.954 Y90.947 E94.18667
G1 X121.22 Y91.064 E94.19634
G1 X121.342 Y91.085 E94.20046
G1 X121.722 Y91.234 E94.21403
G1 X122.105 Y91.386 E94.22774
G1 X122.406 Y91.554 E94.2392
G1 X122.709 Y91.691 E94.25026
G1 X122.983 Y91.853 E94.26085
G1 X123.235 Y91.996 E94.27049
G1 X123.52 Y92.155 E94.28134
G1 X123.742 Y92.283 E94.28986
G1 X124.015 Y92.472 E94.30091
G1 X124.228 Y92.636 E94.30985
G1 X124.469 Y92.812 E94.31977
G1 X124.647 Y92.956 E94.32739
G1 X124.881 Y93.138 E94.33725
G1 X125.078 Y93.305 E94.34584
G1 X125.36 Y93.525 E94.35774
G1 X125.8 Y93.949 E94.37806
G1 X125.979 Y94.135 E94.38664
G1 X126.254 Y94.38 E94.39889
G1 X126.449 Y94.616 E94.40908
G1 X126.466 Y94.645 E94.41019
G1 X126.717 Y94.892 E94.42191
G1 X126.927 Y95.131 E94.43249
G1 X127.113 Y95.412 E94.4437
G1 X127.336 Y95.625 E94.45395
G1 X127.517 Y95.917 E94.46538
G1 X127.811 Y96.298 E94.48139
G1 X127.909 Y96.453 E94.48749
G1 X128.112 Y96.74 E94.49918
G1 X128.321 Y97.046 E94.5115
G1 X128.5 Y97.344 E94.52307
G1 X128.712 Y97.718 E94.53736
G1 X128.912 Y98.081 E94.55115
G1 X129.021 Y98.33 E94.56019
G1 X129.162 Y98.555 E94.56902
G1 X129.32 Y98.887 E94.58125
G1 X129.442 Y99.188 E94.59205
G1 X129.546 Y99.355 E94.5986
G1 X129.699 Y99.733 E94.61216
G1 X129.746 Y99.814 E94.61527
G1 X129.911 Y100.251 E94.63081
G1 X129.978 Y100.378 E94.63559
G1 X130.098 Y100.731 E94.64799
G1 X130.174 Y100.893 E94.65394
G1 X130.326 Y101.396 E94.67142
G1 X130.407 Y101.565 E94.67765
G1 X130.524 Y102.023 E94.69337
G1 X130.543 Y102.061 E94.69478
G1 X130.629 Y102.33 E94.70418
G1 X130.644 Y102.689 E94.71613
G1 X130.713 Y102.816 E94.72093
G1 X130.806 Y103.055 E94.72946
G1 X130.844 Y103.333 E94.7388
G1 X130.937 Y103.576 E94.74745
G1 X131.018 Y103.822 E94.75606
G1 X131.044 Y104.291 E94.77169
G1 X131.168 Y104.647 E94.78423
G1 X131.23 Y104.935 E94.79402
G1 X131.243 Y105.087 E94.7991
G1 X131.246 Y105.552 E94.81456
G1 X131.389 Y106.063 E94.83221
G1 X131.444 Y106.418 E94.84416
G1 X131.445 Y128.116 E95.56584
G1 X131.405 Y128.395 E95.57521
G1 X131.289 Y128.652 E95.58459
G1 X131.035 Y128.94 E95.59737
G1 X130.809 Y129.109 E95.60675
G1 X130.545 Y129.209 E95.61614
G1 X130.328 Y129.233 E95.6234
G1 X118.444 Y129.233 E96.01867
G1 X118.165 Y129.193 E96.02804
G1 X117.992 Y129.115 E96.03435
G1 X117.744 Y129.209 E96.04317
G1 X117.527 Y129.233 E96.05043
G1 X96.585 Y129.233 E96.74697
G1 X96.278 Y129.185 E96.7573
G1 X96.219 Y129.166 E96.75936
G1 X95.949 Y129.031 E96.7694
G1 X88.95 Y124.083 E97.05449
G1 X88.745 Y123.889 E97.06388
G1 X88.597 Y123.646 E97.07334
G1 X88.502 Y123.381 E97.0827
G1 X88.481 Y123.179 E97.08946
G1 X88.481 Y113.204 E97.42123
G1 X88.516 Y112.943 E97.42999
G1 X88.529 Y112.895 E97.43164
G1 X88.631 Y112.65 E97.44047
G1 X90.65 Y109.206 E97.57325
G1 X90.837 Y108.975 E97.58313
G1 X91.032 Y108.796 E97.59194
G0 F7500 X91.302 Y109.091
G1 F1500 X91.362 Y109.043 E97.59449
G1 X103.251 Y100.637 E98.07878
G1 X103.472 Y100.537 E98.08685
G1 X103.656 Y100.508 E98.09304
G1 X117.528 Y100.508 E98.55443
G1 X117.743 Y100.548 E98.5617
G1 X117.917 Y100.636 E98.56819
G1 X117.998 Y100.486 E98.57386
G1 X118.559 Y98.378 E98.64641
G1 X118.496 Y98.146 E98.6544
G1 X118.495 Y97.835 E98.66475
G1 X118.754 Y96.852 E98.69856
G1 X118.693 Y96.62 E98.70654
G1 X118.693 Y96.312 E98.71678
G1 X118.956 Y95.321 E98.75088
G1 X118.896 Y95.086 E98.75895
G1 X118.897 Y94.783 E98.76903
G1 X119.157 Y93.804 E98.80272
G1 X119.095 Y93.559 E98.81112
G1 X119.095 Y93.26 E98.82107
G1 X119.516 Y91.645 E98.87658
G1 X119.609 Y91.447 E98.88385
G1 X119.766 Y91.296 E98.8911
G1 X119.967 Y91.21 E98.89837
G1 X120.182 Y91.202 E98.90553
G1 X120.631 Y91.266 E98.92061
G1 X121.019 Y91.414 E98.93442
G1 X121.275 Y91.479 E98.94321
G1 X121.588 Y91.625 E98.9547
G1 X121.894 Y91.725 E98.9654
G1 X122.242 Y91.919 E98.97865
G1 X122.51 Y92.038 E98.98841
G1 X122.753 Y92.18 E98.99777
G1 X123.065 Y92.358 E99.00972
G1 X123.326 Y92.505 E99.01968
G1 X123.589 Y92.66 E99.02983
G1 X123.801 Y92.812 E99.03851
G1 X124.19 Y93.102 E99.05465
G1 X124.402 Y93.272 E99.06368
G1 X124.622 Y93.443 E99.07295
G1 X124.83 Y93.619 E99.08201
G1 X125.082 Y93.812 E99.09257
G1 X125.512 Y94.227 E99.11245
G1 X125.7 Y94.423 E99.12148
G1 X125.988 Y94.679 E99.1343
G1 X126.148 Y94.893 E99.14318
G1 X126.436 Y95.177 E99.15664
G1 X126.714 Y95.516 E99.17122
G1 X126.893 Y95.767 E99.18147
G1 X126.906 Y95.775 E99.18198
G1 X127.115 Y96.009 E99.19242
G1 X127.203 Y96.184 E99.19893
G1 X127.404 Y96.454 E99.21013
G1 X127.608 Y96.752 E99.22214
G1 X127.818 Y97.045 E99.23413
G1 X128.05 Y97.402 E99.24829
G1 X128.241 Y97.733 E99.261
G1 X128.444 Y98.098 E99.27489
G1 X128.545 Y98.241 E99.28071
G1 X128.673 Y98.534 E99.29135
G1 X128.877 Y98.912 E99.30563
G1 X128.949 Y99.036 E99.3104
G1 X129.07 Y99.335 E99.32113
G1 X129.175 Y99.505 E99.32778
G1 X129.323 Y99.871 E99.34091
G1 X129.372 Y99.955 E99.34414
G1 X129.532 Y100.381 E99.35928
G1 X129.599 Y100.507 E99.36402
G1 X129.717 Y100.851 E99.37612
G1 X129.791 Y101.009 E99.38192
G1 X129.937 Y101.493 E99.39874
G1 X130.019 Y101.664 E99.40504
G1 X130.147 Y102.163 E99.42218
G1 X130.183 Y102.237 E99.42492
G1 X130.244 Y102.5 E99.4339
G1 X130.244 Y102.788 E99.44347
G1 X130.417 Y103.15 E99.45682
G1 X130.444 Y103.471 E99.46753
G1 X130.576 Y103.748 E99.47774
G1 X130.644 Y104.049 E99.488
G1 X130.644 Y104.357 E99.49825
G1 X130.791 Y104.779 E99.51311
G1 X130.843 Y105.09 E99.5236
G1 X130.846 Y105.607 E99.54079
G1 X131.004 Y106.17 E99.56024
G1 X131.044 Y106.418 E99.5686
G1 X131.045 Y128.116 E100.29027
G1 X131.005 Y128.331 E100.29755
G1 X130.752 Y128.657 E100.31127
G1 X130.573 Y128.781 E100.31852
G1 X130.328 Y128.833 E100.32685
G1 X118.444 Y128.833 E100.72211
G1 X118.229 Y128.793 E100.72938
G1 X117.993 Y128.615 E100.73922
G1 X117.772 Y128.781 E100.74841
G1 X117.527 Y128.833 E100.75674
G1 X96.585 Y128.833 E101.45327
G1 X96.342 Y128.785 E101.46151
G1 X96.18 Y128.704 E101.46753
G1 X89.181 Y123.756 E101.75262
G1 X88.997 Y123.546 E101.76191
G1 X88.951 Y123.459 E101.76518
G1 X88.881 Y123.179 E101.77478
G1 X88.881 Y113.204 E102.10655
G1 X88.976 Y112.853 E102.11864
G1 X90.995 Y109.409 E102.25142
G1 X91.107 Y109.27 E102.25736
G1 X91.302 Y109.091 E102.26617
G0 F7500 X91.573 Y109.386
G1 F1500 X91.593 Y109.37 E102.26702
G1 X103.482 Y100.964 E102.7513
G1 X103.656 Y100.908 E102.75738
G1 X117.528 Y100.908 E103.21877
G1 X117.669 Y100.967 E103.22385
G1 X117.786 Y101.084 E103.22935
G1 X117.845 Y101.225 E103.23444
G1 X117.844 Y128.116 E104.12884
G1 X117.785 Y128.257 E104.13392
G1 X117.668 Y128.374 E104.13942
G1 X117.527 Y128.433 E104.14451
G1 X96.585 Y128.433 E104.84104
G1 X96.411 Y128.377 E104.84712
G1 X89.412 Y123.429 E105.13221
G1 X89.304 Y123.272 E105.13854
G1 X89.281 Y123.179 E105.14173
G1 X89.281 Y113.204 E105.4735
G1 X89.321 Y113.055 E105.47863
G1 X91.34 Y109.611 E105.61141
G1 X91.378 Y109.565 E105.6134
G1 X91.573 Y109.386 E105.6222
G1 F2400 E104.8222
G0 F7500 X91.303 Y109.006
G0 X103.297 Y100.526
G0 X103.552 Y100.444
G0 X117.802 Y100.447
G0 X118.245 Y100.921
G1 F2400 E105.6222
G1 F1500 X118.374 Y100.632 E105.63273
G1 X118.974 Y98.376 E105.71037
G1 X118.882 Y98.041 E105.72192
G1 X118.882 Y97.937 E105.72538
G1 X119.169 Y96.851 E105.76274
G1 X119.08 Y96.517 E105.77424
G1 X119.08 Y96.415 E105.77763
G1 X119.369 Y95.324 E105.81517
G1 X119.283 Y94.987 E105.82674
G1 X119.284 Y94.886 E105.8301
G1 X119.57 Y93.808 E105.86719
G1 X119.482 Y93.46 E105.87913
G1 X119.482 Y93.361 E105.88242
G1 X119.903 Y91.746 E105.93793
G1 X119.971 Y91.641 E105.9421
G1 X120.125 Y91.598 E105.94741
G1 X120.574 Y91.662 E105.9625
G1 X120.856 Y91.779 E105.97265
G1 X121.208 Y91.874 E105.98478
G1 X121.433 Y92.001 E105.99337
G1 X121.682 Y92.064 E106.00192
G1 X121.901 Y92.2 E106.01049
G1 X122.29 Y92.374 E106.02466
G1 X122.523 Y92.507 E106.03359
G1 X122.894 Y92.72 E106.04781
G1 X123.125 Y92.851 E106.05665
G1 X123.357 Y92.986 E106.06558
G1 X123.557 Y93.129 E106.07375
G1 X123.761 Y93.286 E106.08231
G1 X123.966 Y93.434 E106.09072
G1 X124.157 Y93.588 E106.09888
G1 X124.363 Y93.748 E106.10756
G1 X124.575 Y93.927 E106.11679
G1 X124.783 Y94.082 E106.12542
G1 X124.803 Y94.099 E106.12629
G1 X125.224 Y94.504 E106.14572
G1 X125.429 Y94.717 E106.15555
G1 X125.722 Y94.978 E106.1686
G1 X125.831 Y95.143 E106.17518
G1 X126.155 Y95.462 E106.1903
G1 X126.363 Y95.709 E106.20104
G1 X126.456 Y95.877 E106.20743
G1 X126.629 Y96.072 E106.2161
G1 X126.758 Y96.188 E106.22187
G1 X126.873 Y96.417 E106.23039
G1 X126.987 Y96.52 E106.2355
G1 X127.184 Y96.791 E106.24665
G1 X127.276 Y96.988 E106.25388
G1 X127.398 Y97.102 E106.25943
G1 X127.546 Y97.328 E106.26842
G1 X127.701 Y97.598 E106.27877
G1 X127.776 Y97.684 E106.28257
G1 X127.9 Y97.948 E106.29227
G1 X127.982 Y98.047 E106.29654
G1 X128.097 Y98.302 E106.30585
G1 X128.178 Y98.401 E106.3101
G1 X128.33 Y98.749 E106.32273
G1 X128.423 Y98.86 E106.32755
G1 X128.523 Y99.103 E106.33629
G1 X128.578 Y99.186 E106.3396
G1 X128.724 Y99.547 E106.35255
G1 X128.804 Y99.654 E106.357
G1 X128.954 Y100.027 E106.37037
G1 X128.997 Y100.096 E106.37307
G1 X129.167 Y100.549 E106.38916
G1 X129.22 Y100.636 E106.39255
G1 X129.352 Y101.024 E106.40618
G1 X129.408 Y101.124 E106.41
G1 X129.568 Y101.652 E106.42835
G1 X129.632 Y101.763 E106.43261
G1 X129.77 Y102.301 E106.45108
G1 X129.844 Y102.5 E106.45814
G1 X129.844 Y102.89 E106.47111
G1 X130.01 Y103.197 E106.48272
G1 X130.044 Y103.561 E106.49488
G1 X130.215 Y103.92 E106.50811
G1 X130.244 Y104.049 E106.5125
G1 X130.244 Y104.425 E106.52501
G1 X130.413 Y104.91 E106.54209
G1 X130.443 Y105.093 E106.54826
G1 X130.447 Y105.662 E106.56719
G1 X130.622 Y106.291 E106.5889
G1 X130.644 Y106.418 E106.59319
G1 X130.645 Y128.116 E107.31487
G1 X130.586 Y128.257 E107.31995
G1 X130.469 Y128.374 E107.32545
G1 X130.328 Y128.433 E107.33054
G1 X118.444 Y128.433 E107.7258
G1 X118.325 Y128.394 E107.72997
G1 X118.244 Y128.233 E107.73596
G1 X118.245 Y100.921 E108.64436
G0 F7500 X118.807 Y100.555
G1 F1500 X119.373 Y98.427 E108.7176
G1 X119.373 Y98.324 E108.72102
G1 X119.283 Y97.987 E108.73263
G1 X119.567 Y96.902 E108.76993
G1 X119.568 Y96.801 E108.77329
G1 X119.481 Y96.465 E108.78483
G1 X119.768 Y95.375 E108.82232
G1 X119.769 Y95.275 E108.82565
G1 X119.684 Y94.937 E108.83724
G1 X119.969 Y93.859 E108.87433
G1 X119.97 Y93.76 E108.87762
G1 X119.883 Y93.413 E108.88952
G1 X120.247 Y92.019 E108.93744
G1 X120.537 Y92.087 E108.94734
G1 X120.817 Y92.172 E108.95708
G1 X120.912 Y92.23 E108.96078
G1 X121.172 Y92.303 E108.96976
G1 X121.476 Y92.417 E108.98056
G1 X121.754 Y92.568 E108.99108
G1 X122.053 Y92.683 E109.00174
G1 X122.355 Y92.863 E109.01343
G1 X122.645 Y93.017 E109.02435
G1 X122.863 Y93.142 E109.03271
G1 X123.085 Y93.275 E109.04132
G1 X123.367 Y93.475 E109.05281
G1 X123.58 Y93.637 E109.06172
G1 X123.829 Y93.802 E109.07165
G1 X123.961 Y93.933 E109.07784
G1 X124.165 Y94.09 E109.0864
G1 X124.233 Y94.115 E109.08881
G1 X124.371 Y94.268 E109.09566
G1 X124.582 Y94.425 E109.10441
G1 X124.782 Y94.618 E109.11365
G1 X124.851 Y94.649 E109.11617
G1 X125 Y94.826 E109.12386
G1 X125.194 Y95.036 E109.13337
G1 X125.414 Y95.224 E109.143
G1 X125.576 Y95.441 E109.152
G1 X125.666 Y95.489 E109.1554
G1 X125.924 Y95.849 E109.17013
G1 X126.115 Y96.089 E109.18033
G1 X126.322 Y96.321 E109.19067
G1 X126.424 Y96.416 E109.19531
G1 X126.539 Y96.645 E109.20383
G1 X126.741 Y96.912 E109.21497
G1 X126.845 Y97.01 E109.21972
G1 X127.005 Y97.287 E109.23036
G1 X127.066 Y97.329 E109.23282
G1 X127.211 Y97.575 E109.24232
G1 X127.361 Y97.812 E109.25165
G1 X127.434 Y97.896 E109.25535
G1 X127.554 Y98.151 E109.26472
G1 X127.633 Y98.246 E109.26883
G1 X127.752 Y98.507 E109.27837
G1 X127.827 Y98.597 E109.28227
G1 X127.981 Y98.948 E109.29502
G1 X128.068 Y99.051 E109.2995
G1 X128.165 Y99.284 E109.3079
G1 X128.219 Y99.363 E109.31108
G1 X128.366 Y99.73 E109.32423
G1 X128.446 Y99.835 E109.32862
G1 X128.595 Y100.207 E109.34195
G1 X128.637 Y100.272 E109.34452
G1 X128.804 Y100.716 E109.3603
G1 X128.853 Y100.795 E109.36339
G1 X128.984 Y101.18 E109.37692
G1 X129.034 Y101.269 E109.38031
G1 X129.196 Y101.803 E109.39887
G1 X129.254 Y101.9 E109.40263
G1 X129.389 Y102.424 E109.42063
G1 X129.444 Y102.529 E109.42457
G1 X129.444 Y102.942 E109.43831
G1 X129.468 Y103.038 E109.4416
G1 X129.644 Y103.361 E109.45383
G1 X129.663 Y103.693 E109.46489
G1 X129.844 Y104.076 E109.47898
G1 X129.844 Y104.46 E109.49175
G1 X129.855 Y104.526 E109.49398
G1 X130.03 Y105.026 E109.5116
G1 X130.043 Y105.114 E109.51456
G1 X130.047 Y105.69 E109.53372
G1 X130.054 Y105.743 E109.53549
G1 X130.234 Y106.387 E109.55774
G1 X130.244 Y106.436 E109.5594
G1 X130.245 Y128.033 E110.27772
G1 X119.244 Y128.033 E110.64361
G1 X119.245 Y101.059 E111.54077
G1 X119.186 Y100.918 E111.54585
G1 X118.835 Y100.567 E111.56236
G1 X118.807 Y100.555 E111.56338
G0 F7500 X119.257 Y100.423
G1 F1500 X119.76 Y98.53 E111.62852
G1 X119.76 Y98.221 E111.6388
G1 X119.697 Y97.985 E111.64693
G1 X119.954 Y97.003 E111.68069
G1 X119.955 Y96.7 E111.69077
G1 X119.894 Y96.466 E111.69881
G1 X120.155 Y95.477 E111.73283
G1 X120.157 Y95.178 E111.74277
G1 X120.097 Y94.94 E111.75094
G1 X120.356 Y93.961 E111.78462
G1 X120.358 Y93.663 E111.79453
G1 X120.296 Y93.415 E111.80303
G1 X120.533 Y92.506 E111.83428
G1 X120.847 Y92.625 E111.84545
G1 X121.244 Y92.78 E111.85962
G1 X121.505 Y92.895 E111.86911
G1 X121.844 Y93.044 E111.88142
G1 X122.098 Y93.184 E111.89107
G1 X122.437 Y93.376 E111.90403
G1 X122.698 Y93.527 E111.91406
G1 X122.94 Y93.669 E111.92339
G1 X123.194 Y93.833 E111.93345
G1 X123.413 Y93.997 E111.94255
G1 X123.689 Y94.238 E111.95473
G1 X123.971 Y94.436 E111.96619
G1 X124.213 Y94.635 E111.97661
G1 X124.51 Y94.92 E111.9903
G1 X124.71 Y95.115 E111.99959
G1 X124.775 Y95.172 E112.00247
G1 X125.011 Y95.391 E112.01318
G1 X125.156 Y95.572 E112.02089
G1 X125.376 Y95.784 E112.03105
G1 X125.577 Y96.048 E112.04209
G1 X125.764 Y96.28 E112.052
G1 X125.949 Y96.472 E112.06087
G1 X126.182 Y96.824 E112.07491
G1 X126.388 Y97.099 E112.08634
G1 X126.574 Y97.376 E112.09743
G1 X126.741 Y97.573 E112.10602
G1 X126.936 Y97.854 E112.1174
G1 X127.083 Y98.091 E112.12668
G1 X127.192 Y98.322 E112.13517
G1 X127.388 Y98.674 E112.14857
G1 X127.478 Y98.797 E112.15364
G1 X127.614 Y99.109 E112.16496
G1 X127.796 Y99.437 E112.17744
G1 X127.865 Y99.554 E112.18195
G1 X127.995 Y99.879 E112.1936
G1 X128.098 Y100.042 E112.20001
G1 X128.224 Y100.356 E112.21126
G1 X128.267 Y100.426 E112.214
G1 X128.429 Y100.857 E112.22931
G1 X128.486 Y100.961 E112.23325
G1 X128.605 Y101.309 E112.24549
G1 X128.666 Y101.432 E112.25005
G1 X128.813 Y101.919 E112.26697
G1 X128.879 Y102.048 E112.27179
G1 X129.002 Y102.524 E112.28814
G1 X129.044 Y102.622 E112.29169
G1 X129.044 Y102.942 E112.30233
G1 X129.117 Y103.229 E112.31218
G1 X129.244 Y103.462 E112.32101
G1 X129.244 Y103.607 E112.32583
G1 X129.302 Y103.865 E112.33463
G1 X129.444 Y104.163 E112.34561
G1 X129.444 Y104.46 E112.35548
G1 X129.478 Y104.658 E112.36217
G1 X129.64 Y105.123 E112.37854
G1 X129.643 Y105.142 E112.37918
G1 X129.647 Y105.693 E112.39751
G1 X129.669 Y105.851 E112.40282
G1 X129.844 Y106.477 E112.42444
G1 X129.845 Y127.633 E113.12809
G1 X119.644 Y127.633 E113.46737
G1 X119.645 Y101.059 E114.35123
G1 X119.605 Y100.844 E114.3585
G1 X119.469 Y100.635 E114.3668
G1 X119.257 Y100.423 E114.37677
G0 F7500 X119.702 Y100.302
G1 F1500 X120.146 Y98.633 E114.43421
G1 X120.18 Y98.353 E114.44359
G1 X120.11 Y97.985 E114.45605
G1 X120.341 Y97.105 E114.48631
G1 X120.374 Y96.824 E114.49572
G1 X120.308 Y96.468 E114.50776
G1 X120.542 Y95.579 E114.53834
G1 X120.575 Y95.299 E114.54772
G1 X120.511 Y94.944 E114.55971
G1 X120.743 Y94.063 E114.59001
G1 X120.776 Y93.783 E114.59939
G1 X120.709 Y93.417 E114.61177
G1 X120.811 Y93.025 E114.62524
G1 X121.169 Y93.173 E114.63812
G1 X121.403 Y93.274 E114.6466
G1 X121.75 Y93.433 E114.6593
G1 X121.955 Y93.571 E114.66752
G1 X122.197 Y93.716 E114.6769
G1 X122.621 Y93.925 E114.69262
G1 X122.937 Y94.139 E114.70531
G1 X123.15 Y94.301 E114.71422
G1 X123.393 Y94.515 E114.72499
G1 X123.701 Y94.732 E114.73752
G1 X123.965 Y94.946 E114.74882
G1 X124.209 Y95.192 E114.76034
G1 X124.4 Y95.377 E114.76919
G1 X124.614 Y95.598 E114.77942
G1 X124.812 Y95.777 E114.7883
G1 X124.989 Y95.996 E114.79766
G1 X125.206 Y96.205 E114.80768
G1 X125.23 Y96.247 E114.80929
G1 X125.404 Y96.47 E114.8187
G1 X125.422 Y96.484 E114.81946
G1 X125.582 Y96.698 E114.82835
G1 X125.783 Y96.923 E114.83838
G1 X125.824 Y97.004 E114.8414
G1 X125.985 Y97.235 E114.85076
G1 X126.034 Y97.286 E114.85312
G1 X126.193 Y97.504 E114.86209
G1 X126.212 Y97.545 E114.86359
G1 X126.366 Y97.782 E114.873
G1 X126.442 Y97.869 E114.87684
G1 X126.604 Y98.1 E114.88622
G1 X126.749 Y98.321 E114.89501
G1 X126.93 Y98.633 E114.90701
G1 X127.114 Y98.964 E114.91961
G1 X127.248 Y99.269 E114.93069
G1 X127.427 Y99.591 E114.94294
G1 X127.495 Y99.707 E114.94741
G1 X127.624 Y100.028 E114.95892
G1 X127.728 Y100.193 E114.9654
G1 X127.853 Y100.504 E114.97655
G1 X127.895 Y100.573 E114.97924
G1 X128.055 Y100.998 E114.99434
G1 X128.11 Y101.098 E114.99814
G1 X128.226 Y101.438 E115.01009
G1 X128.286 Y101.559 E115.01458
G1 X128.43 Y102.035 E115.03112
G1 X128.497 Y102.166 E115.03601
G1 X128.615 Y102.624 E115.05175
G1 X128.644 Y102.942 E115.06237
G1 X128.684 Y103.221 E115.07174
G1 X128.844 Y103.563 E115.0843
G1 X128.844 Y103.607 E115.08576
G1 X128.884 Y103.886 E115.09514
G1 X129.044 Y104.253 E115.10845
G1 X129.044 Y104.46 E115.11534
G1 X129.1 Y104.79 E115.12647
G1 X129.244 Y105.201 E115.14095
G1 X129.247 Y105.696 E115.15742
G1 X129.284 Y105.958 E115.16622
G1 X129.444 Y106.53 E115.18597
G1 X129.445 Y127.233 E115.87456
G1 X120.044 Y127.233 E116.18724
G1 X120.045 Y101.059 E117.05779
G1 X120.005 Y100.78 E117.06716
G1 X119.889 Y100.523 E117.07654
G1 X119.702 Y100.302 E117.08617
G0 F7500 X120.14 Y100.213
G1 F1500 X120.533 Y98.736 E117.137
G1 X120.58 Y98.405 E117.14812
G1 X120.532 Y98.014 E117.16123
G1 X120.524 Y97.984 E117.16226
G1 X120.728 Y97.206 E117.18901
G1 X120.774 Y96.875 E117.20013
G1 X120.729 Y96.499 E117.21272
G1 X120.721 Y96.469 E117.21375
G1 X120.929 Y95.681 E117.24086
G1 X120.975 Y95.35 E117.25197
G1 X120.933 Y94.984 E117.26423
G1 X120.924 Y94.947 E117.26549
G1 X121.13 Y94.165 E117.29239
G1 X121.176 Y93.834 E117.30351
G1 X121.149 Y93.602 E117.31127
G1 X121.409 Y93.737 E117.32102
G1 X121.647 Y93.839 E117.32963
G1 X121.659 Y93.843 E117.33005
G1 X121.93 Y94.032 E117.34104
G1 X122.174 Y94.149 E117.35004
G1 X122.398 Y94.276 E117.3586
G1 X122.686 Y94.458 E117.36994
G1 X122.894 Y94.618 E117.37866
G1 X123.091 Y94.782 E117.38719
G1 X123.437 Y95.04 E117.40154
G1 X123.674 Y95.223 E117.4115
G1 X123.902 Y95.453 E117.42228
G1 X124.084 Y95.627 E117.43065
G1 X124.3 Y95.852 E117.44102
G1 X124.504 Y96.029 E117.45001
G1 X124.672 Y96.246 E117.45913
G1 X124.898 Y96.466 E117.46962
G1 X125.083 Y96.714 E117.47992
G1 X125.256 Y96.935 E117.48925
G1 X125.454 Y97.157 E117.49914
G1 X125.467 Y97.183 E117.50011
G1 X125.651 Y97.461 E117.5112
G1 X125.706 Y97.509 E117.51363
G1 X125.861 Y97.733 E117.52269
G1 X126.026 Y97.998 E117.53307
G1 X126.09 Y98.057 E117.53596
G1 X126.271 Y98.328 E117.5468
G1 X126.469 Y98.663 E117.55975
G1 X126.661 Y99.007 E117.57285
G1 X126.882 Y99.43 E117.58872
G1 X127.035 Y99.69 E117.59876
G1 X127.126 Y99.861 E117.6052
G1 X127.253 Y100.177 E117.61653
G1 X127.394 Y100.434 E117.62628
G1 X127.524 Y100.723 E117.63682
G1 X127.68 Y101.138 E117.65156
G1 X127.737 Y101.241 E117.65548
G1 X127.848 Y101.567 E117.66693
G1 X127.905 Y101.683 E117.67123
G1 X128.047 Y102.151 E117.6875
G1 X128.112 Y102.278 E117.69224
G1 X128.227 Y102.724 E117.70756
G1 X128.244 Y102.942 E117.71483
G1 X128.284 Y103.274 E117.72596
G1 X128.457 Y103.722 E117.74193
G1 X128.484 Y103.939 E117.7492
G1 X128.58 Y104.209 E117.75873
G1 X128.644 Y104.343 E117.76367
G1 X128.644 Y104.46 E117.76756
G1 X128.722 Y104.922 E117.78315
G1 X128.844 Y105.272 E117.79548
G1 X128.847 Y105.698 E117.80965
G1 X128.899 Y106.066 E117.82201
G1 X129.044 Y106.585 E117.83993
G1 X129.045 Y126.833 E118.51338
G1 X120.444 Y126.833 E118.79945
G1 X120.445 Y101.059 E119.6567
G1 X120.405 Y100.727 E119.66782
G1 X120.288 Y100.415 E119.6789
G1 X120.14 Y100.213 E119.68723
G0 F7500 X120.576 Y100.131
G1 F1500 X120.92 Y98.839 E119.7317
G1 X120.978 Y98.464 E119.74432
G1 X120.93 Y98.013 E119.75941
G1 X121.115 Y97.307 E119.78368
G1 X121.172 Y96.933 E119.79626
G1 X121.127 Y96.501 E119.81071
G1 X121.316 Y95.783 E119.8354
G1 X121.373 Y95.408 E119.84802
G1 X121.33 Y94.973 E119.86256
G1 X121.516 Y94.267 E119.88684
G1 X121.521 Y94.234 E119.88795
G1 X121.847 Y94.416 E119.90037
G1 X122.129 Y94.585 E119.9113
G1 X122.414 Y94.757 E119.92238
G1 X122.436 Y94.782 E119.92348
G1 X122.771 Y95.027 E119.93729
G1 X122.784 Y95.042 E119.93795
G1 X123.083 Y95.275 E119.95056
G1 X123.172 Y95.352 E119.95447
G1 X123.466 Y95.591 E119.96707
G1 X123.721 Y95.814 E119.97834
G1 X123.983 Y96.1 E119.99124
G1 X124.178 Y96.265 E119.99974
G1 X124.352 Y96.49 E120.0092
G1 X124.581 Y96.714 E120.01985
G1 X124.593 Y96.724 E120.02037
G1 X124.759 Y96.952 E120.02975
G1 X124.926 Y97.167 E120.0388
G1 X125.131 Y97.397 E120.04905
G1 X125.314 Y97.681 E120.06029
G1 X125.398 Y97.766 E120.06426
G1 X125.562 Y98.009 E120.07401
G1 X125.683 Y98.209 E120.08179
G1 X125.782 Y98.315 E120.08661
G1 X125.934 Y98.549 E120.09589
G1 X126.107 Y98.833 E120.10695
G1 X126.246 Y99.062 E120.11586
G1 X126.297 Y99.173 E120.11993
G1 X126.433 Y99.402 E120.12879
G1 X126.515 Y99.59 E120.13561
G1 X126.681 Y99.882 E120.14678
G1 X126.754 Y100.01 E120.15168
G1 X126.881 Y100.326 E120.16301
G1 X127.037 Y100.62 E120.17408
G1 X127.168 Y100.912 E120.18472
G1 X127.306 Y101.279 E120.19776
G1 X127.361 Y101.379 E120.20156
G1 X127.469 Y101.696 E120.2127
G1 X127.527 Y101.813 E120.21704
G1 X127.664 Y102.266 E120.23278
G1 X127.746 Y102.46 E120.23979
G1 X127.84 Y102.824 E120.25229
G1 X127.844 Y102.942 E120.25622
G1 X127.884 Y103.319 E120.26883
G1 X128.065 Y103.807 E120.28614
G1 X128.084 Y103.984 E120.29206
G1 X128.219 Y104.381 E120.30601
G1 X128.244 Y104.46 E120.30876
G1 X128.284 Y104.837 E120.32137
G1 X128.345 Y105.054 E120.32887
G1 X128.445 Y105.339 E120.33891
G1 X128.447 Y105.701 E120.35095
G1 X128.513 Y106.174 E120.36684
G1 X128.644 Y106.643 E120.38304
G1 X128.645 Y126.433 E121.04125
G1 X120.844 Y126.433 E121.30072
G1 X120.845 Y101.059 E122.14466
G1 X120.805 Y100.682 E122.15727
G1 X120.687 Y100.322 E122.16987
G1 X120.576 Y100.131 E122.17722
G0 F7500 X121.003 Y100.079
G1 F1500 X121.306 Y98.941 E122.21638
G1 X121.375 Y98.528 E122.23031
G1 X121.364 Y98.109 E122.24425
G1 X121.345 Y98.009 E122.24764
G1 X121.502 Y97.409 E122.26827
G1 X121.569 Y96.995 E122.28221
G1 X121.557 Y96.576 E122.29616
G1 X121.541 Y96.495 E122.2989
G1 X121.702 Y95.885 E122.31989
G1 X121.77 Y95.471 E122.33384
G1 X121.758 Y95.052 E122.34778
G1 X121.779 Y94.839 E122.3549
G1 X122.005 Y94.958 E122.3634
G1 X122.247 Y95.138 E122.37343
G1 X122.258 Y95.143 E122.37383
G1 X122.466 Y95.305 E122.3826
G1 X122.797 Y95.567 E122.39664
G1 X123.174 Y95.876 E122.41285
G1 X123.421 Y96.084 E122.42359
G1 X123.664 Y96.344 E122.43543
G1 X123.887 Y96.545 E122.44541
G1 X124.029 Y96.729 E122.45314
G1 X124.232 Y96.917 E122.46235
G1 X124.283 Y96.976 E122.46494
G1 X124.432 Y97.186 E122.4735
G1 X124.594 Y97.394 E122.48227
G1 X124.799 Y97.624 E122.49252
G1 X124.81 Y97.635 E122.49304
G1 X124.974 Y97.897 E122.50332
G1 X125.204 Y98.197 E122.51589
G1 X125.338 Y98.415 E122.5244
G1 X125.596 Y98.765 E122.53886
G1 X125.745 Y99.004 E122.54823
G1 X125.9 Y99.265 E122.55833
G1 X125.934 Y99.339 E122.56104
G1 X126.078 Y99.59 E122.57066
G1 X126.149 Y99.751 E122.57651
G1 X126.353 Y100.117 E122.59045
G1 X126.386 Y100.166 E122.59241
G1 X126.51 Y100.475 E122.60349
G1 X126.679 Y100.802 E122.61573
G1 X126.802 Y101.075 E122.62569
G1 X126.932 Y101.42 E122.63795
G1 X126.998 Y101.555 E122.64295
G1 X127.09 Y101.825 E122.65244
G1 X127.147 Y101.941 E122.65674
G1 X127.281 Y102.382 E122.67207
G1 X127.368 Y102.594 E122.67969
G1 X127.444 Y102.889 E122.68982
G1 X127.444 Y102.942 E122.69158
G1 X127.484 Y103.359 E122.70552
G1 X127.602 Y103.761 E122.71945
G1 X127.684 Y104.024 E122.72861
G1 X127.851 Y104.531 E122.74637
G1 X127.884 Y104.877 E122.75793
G1 X127.967 Y105.186 E122.76857
G1 X128.045 Y105.409 E122.77643
G1 X128.047 Y105.704 E122.78624
G1 X128.128 Y106.281 E122.80562
G1 X128.244 Y106.696 E122.81995
G1 X128.245 Y126.033 E123.4631
G1 X121.244 Y126.033 E123.69596
G1 X121.245 Y101.059 E124.52659
G1 X121.205 Y100.642 E124.54053
G1 X121.087 Y100.24 E124.55446
G1 X121.003 Y100.079 E124.5605
G0 F7500 X121.428 Y100.04
G1 F1500 X121.693 Y99.044 E124.59478
G1 X121.771 Y98.595 E124.60994
G1 X121.769 Y98.14 E124.62507
G1 X121.751 Y98.038 E124.62852
G1 X121.889 Y97.51 E124.64667
G1 X121.966 Y97.061 E124.66182
G1 X121.962 Y96.605 E124.67699
G1 X121.948 Y96.523 E124.67976
G1 X122.089 Y95.987 E124.69819
G1 X122.159 Y95.578 E124.71199
G1 X122.365 Y95.729 E124.72049
G1 X122.565 Y95.884 E124.7289
G1 X122.878 Y96.155 E124.74267
G1 X123.118 Y96.349 E124.75294
G1 X123.342 Y96.584 E124.76373
G1 X123.615 Y96.842 E124.77623
G1 X123.704 Y96.965 E124.78128
G1 X123.93 Y97.184 E124.79174
G1 X124.103 Y97.417 E124.8014
G1 X124.261 Y97.617 E124.80987
G1 X124.465 Y97.847 E124.8201
G1 X124.484 Y97.867 E124.82102
G1 X124.633 Y98.109 E124.83047
G1 X124.868 Y98.417 E124.84335
G1 X125.141 Y98.795 E124.85886
G1 X125.308 Y99.038 E124.86867
G1 X125.383 Y99.175 E124.87386
G1 X125.546 Y99.453 E124.88458
G1 X125.57 Y99.506 E124.88652
G1 X125.725 Y99.779 E124.89696
G1 X125.783 Y99.911 E124.90175
G1 X126.048 Y100.397 E124.92017
G1 X126.139 Y100.624 E124.9283
G1 X126.319 Y100.978 E124.94151
G1 X126.43 Y101.224 E124.95048
G1 X126.557 Y101.561 E124.96246
G1 X126.63 Y101.712 E124.96804
G1 X126.712 Y101.954 E124.97654
G1 X126.78 Y102.108 E124.98214
G1 X126.898 Y102.498 E124.99569
G1 X127.044 Y102.942 E125.01124
G1 X127.084 Y103.396 E125.0264
G1 X127.202 Y103.836 E125.04155
G1 X127.284 Y104.061 E125.04951
G1 X127.402 Y104.501 E125.06466
G1 X127.46 Y104.639 E125.06964
G1 X127.484 Y104.914 E125.07882
G1 X127.59 Y105.318 E125.09272
G1 X127.645 Y105.477 E125.09831
G1 X127.647 Y105.707 E125.10596
G1 X127.69 Y106.16 E125.1211
G1 X127.743 Y106.389 E125.12891
G1 X127.844 Y106.75 E125.14138
G1 X127.845 Y125.633 E125.76943
G1 X121.644 Y125.633 E125.97568
G1 X121.645 Y101.059 E126.79301
G1 X121.605 Y100.605 E126.80817
G1 X121.487 Y100.165 E126.82332
G1 X121.428 Y100.04 E126.82792
G0 F7500 X121.849 Y100.011
G1 F1500 X122.079 Y99.147 E126.85766
G1 X122.166 Y98.665 E126.87395
G1 X122.173 Y98.176 E126.89022
G1 X122.156 Y98.071 E126.89375
G1 X122.276 Y97.612 E126.90953
G1 X122.361 Y97.13 E126.92581
G1 X122.367 Y96.64 E126.94211
G1 X122.353 Y96.555 E126.94498
G1 X122.423 Y96.291 E126.95406
G1 X122.718 Y96.523 E126.96654
G1 X122.935 Y96.726 E126.97642
G1 X123.019 Y96.823 E126.98069
G1 X123.321 Y97.119 E126.99476
G1 X123.378 Y97.199 E126.99802
G1 X123.662 Y97.485 E127.01143
G1 X123.856 Y97.732 E127.02188
G1 X123.926 Y97.839 E127.02613
G1 X124.113 Y98.041 E127.03528
G1 X124.155 Y98.095 E127.03756
G1 X124.291 Y98.319 E127.04628
G1 X124.53 Y98.634 E127.05943
G1 X124.643 Y98.818 E127.06661
G1 X124.816 Y99.03 E127.07571
G1 X124.975 Y99.26 E127.08501
G1 X125.021 Y99.345 E127.08822
G1 X125.191 Y99.639 E127.09952
G1 X125.206 Y99.672 E127.10073
G1 X125.366 Y99.958 E127.11163
G1 X125.416 Y100.072 E127.11577
G1 X125.649 Y100.503 E127.13206
G1 X125.768 Y100.773 E127.14188
G1 X125.964 Y101.166 E127.15648
G1 X126.063 Y101.381 E127.16435
G1 X126.183 Y101.701 E127.17572
G1 X126.333 Y102.083 E127.18937
G1 X126.407 Y102.252 E127.19551
G1 X126.516 Y102.614 E127.20808
G1 X126.65 Y103.014 E127.22211
G1 X126.684 Y103.43 E127.23599
G1 X126.803 Y103.905 E127.25228
G1 X126.884 Y104.095 E127.25915
G1 X127.003 Y104.57 E127.27544
G1 X127.066 Y104.725 E127.281
G1 X127.084 Y104.948 E127.28844
G1 X127.212 Y105.45 E127.30567
G1 X127.247 Y105.709 E127.31437
G1 X127.29 Y106.197 E127.33066
G1 X127.358 Y106.497 E127.34089
G1 X127.444 Y106.805 E127.35153
G1 X127.445 Y125.233 E127.96445
G1 X122.044 Y125.233 E128.14408
G1 X122.045 Y101.059 E128.94811
G1 X122.005 Y100.571 E128.9644
G1 X121.886 Y100.096 E128.98069
G1 X121.849 Y100.011 E128.98377
G0 F7500 X122.269 Y99.99
G1 F1500 X122.466 Y99.25 E129.00924
G1 X122.561 Y98.737 E129.02659
G1 X122.576 Y98.217 E129.04389
G1 X122.559 Y98.109 E129.04753
G1 X122.663 Y97.713 E129.06115
G1 X122.756 Y97.2 E129.07849
G1 X122.758 Y97.123 E129.08105
G1 X123.018 Y97.385 E129.09333
G1 X123.05 Y97.431 E129.09519
G1 X123.361 Y97.753 E129.11008
G1 X123.532 Y97.968 E129.11922
G1 X123.59 Y98.058 E129.12278
G1 X123.825 Y98.322 E129.13453
G1 X123.948 Y98.526 E129.14246
G1 X124.112 Y98.723 E129.15098
G1 X124.294 Y99.016 E129.16246
G1 X124.49 Y99.264 E129.17297
G1 X124.64 Y99.48 E129.18172
G1 X124.842 Y99.839 E129.19542
G1 X125.012 Y100.146 E129.20709
G1 X125.05 Y100.232 E129.21022
G1 X125.295 Y100.692 E129.22755
G1 X125.396 Y100.921 E129.23587
G1 X125.596 Y101.327 E129.25093
G1 X125.693 Y101.537 E129.25862
G1 X125.808 Y101.842 E129.26946
G1 X125.954 Y102.212 E129.28269
G1 X126.028 Y102.383 E129.28889
G1 X126.133 Y102.73 E129.30095
G1 X126.225 Y102.965 E129.30934
G1 X126.255 Y103.083 E129.31339
G1 X126.284 Y103.462 E129.32603
G1 X126.403 Y103.969 E129.34335
G1 X126.501 Y104.199 E129.35167
G1 X126.603 Y104.634 E129.36653
G1 X126.671 Y104.806 E129.37268
G1 X126.684 Y104.98 E129.37849
G1 X126.834 Y105.582 E129.39912
G1 X126.847 Y105.712 E129.40347
G1 X126.891 Y106.231 E129.42079
G1 X126.973 Y106.604 E129.43349
G1 X127.044 Y106.858 E129.44226
G1 X127.045 Y124.833 E130.04011
G1 X122.444 Y124.833 E130.19314
G1 X122.445 Y101.059 E130.98387
G1 X122.405 Y100.54 E131.00118
G1 X122.286 Y100.032 E131.01854
G1 X122.269 Y99.99 E131.02004
G0 F7500 X122.687 Y99.975
G1 F1500 X122.852 Y99.353 E131.04145
G1 X122.955 Y98.811 E131.0598
G1 X122.978 Y98.261 E131.07811
G1 X122.965 Y98.137 E131.08225
G1 X123.01 Y97.967 E131.0881
G1 X123.208 Y98.205 E131.0984
G1 X123.253 Y98.276 E131.1012
G1 X123.502 Y98.561 E131.11378
G1 X123.604 Y98.733 E131.12043
G1 X123.785 Y98.955 E131.12996
G1 X123.944 Y99.212 E131.14001
G1 X124.158 Y99.49 E131.15168
G1 X124.307 Y99.703 E131.16033
G1 X124.541 Y100.118 E131.17617
G1 X124.683 Y100.393 E131.18647
G1 X124.941 Y100.88 E131.2048
G1 X125.025 Y101.07 E131.21171
G1 X125.237 Y101.504 E131.22777
G1 X125.324 Y101.69 E131.2346
G1 X125.434 Y101.983 E131.24501
G1 X125.576 Y102.341 E131.25782
G1 X125.65 Y102.515 E131.26411
G1 X125.75 Y102.846 E131.27561
G1 X125.842 Y103.085 E131.28413
G1 X125.859 Y103.154 E131.28649
G1 X125.884 Y103.492 E131.29776
G1 X126.003 Y104.03 E131.31609
G1 X126.116 Y104.301 E131.32586
G1 X126.203 Y104.695 E131.33928
G1 X126.284 Y105.01 E131.35009
G1 X126.447 Y105.671 E131.37274
G1 X126.447 Y105.715 E131.3742
G1 X126.491 Y106.264 E131.39252
G1 X126.587 Y106.712 E131.40776
G1 X126.644 Y106.916 E131.4148
G1 X126.645 Y124.433 E131.99742
G1 X122.844 Y124.433 E132.12384
G1 X122.845 Y101.059 E132.90126
G1 X122.805 Y100.51 E132.91957
G1 X122.687 Y99.975 E132.93779
G0 F7500 X123.245 Y99.431
;TYPE:SUPPORT
G1 F1500 X123.315 Y99.166 E132.94691
G1 X123.322 Y99.178 E132.94737
G1 X123.341 Y99.19 E132.94812
G1 X123.481 Y99.469 E132.9585
G1 X123.615 Y99.554 E132.96378
G1 X123.649 Y99.619 E132.96622
G1 X123.798 Y99.937 E132.9779
G1 X123.958 Y100.047 E132.98436
G1 X124.014 Y100.157 E132.98846
G1 X124.082 Y100.211 E132.99135
G1 X124.174 Y100.396 E132.99822
G1 X124.201 Y100.419 E132.9994
G1 X124.255 Y100.534 E133.00363
G1 X124.302 Y100.579 E133.00579
G1 X124.46 Y100.927 E133.01851
G1 X124.495 Y100.96 E133.02011
G1 X124.672 Y101.364 E133.03478
G1 X124.735 Y101.422 E133.03762
G1 X124.945 Y101.945 E133.05637
G1 X125.01 Y102.015 E133.05955
G1 X125.153 Y102.37 E133.07227
G1 X125.266 Y102.674 E133.08306
G1 X125.379 Y103.002 E133.0946
G1 X125.444 Y103.218 E133.1021
G1 X125.444 Y104.012 E133.12851
G1 X125.644 Y104.38 E133.14244
G1 X125.644 Y104.556 E133.1483
G1 X125.844 Y104.977 E133.1638
G1 X125.844 Y105.173 E133.17032
G1 X126.047 Y105.755 E133.19082
G1 X126.051 Y106.279 E133.20825
G1 X126.244 Y106.97 E133.23211
G1 X126.245 Y124.033 E133.79963
G1 X123.244 Y124.033 E133.89944
G1 X123.245 Y99.431 E134.71771
G0 F7500 X123.645 Y100.318
G1 F1500 X123.697 Y100.416 E134.7214
G1 X123.764 Y100.469 E134.72424
G1 X123.852 Y100.647 E134.73084
G1 X123.876 Y100.667 E134.73188
G1 X123.925 Y100.771 E134.7357
G1 X123.97 Y100.815 E134.7378
G1 X124.128 Y101.164 E134.75054
G1 X124.162 Y101.195 E134.75207
G1 X124.339 Y101.601 E134.7668
G1 X124.398 Y101.655 E134.76946
G1 X124.601 Y102.163 E134.78766
G1 X124.667 Y102.234 E134.79088
G1 X124.778 Y102.509 E134.80074
G1 X124.888 Y102.804 E134.81122
G1 X124.996 Y103.117 E134.82223
G1 X125.044 Y103.277 E134.82779
G1 X125.044 Y104.114 E134.85562
G1 X125.244 Y104.481 E134.86953
G1 X125.244 Y104.646 E134.87501
G1 X125.444 Y105.067 E134.89052
G1 X125.444 Y105.241 E134.8963
G1 X125.647 Y105.825 E134.91687
G1 X125.651 Y106.335 E134.93383
G1 X125.844 Y107.024 E134.95763
G1 X125.845 Y123.633 E135.51005
G1 X123.644 Y123.633 E135.58325
G1 X123.645 Y100.318 E136.35871
G0 F7500 X124 Y101.265
G1 F1500 X124 Y123.473 E137.09735
G0 F7500 X123.804 Y122
G1 F1500 X125.684 Y122 E137.15988
G0 F7500 X125.684 Y120
G1 F1500 X123.804 Y120 E137.22241
G0 F7500 X123.805 Y118
G1 F1500 X125.685 Y118 E137.28494
G0 F7500 X125.685 Y116
G1 F1500 X123.805 Y116 E137.34747
G0 F7500 X123.805 Y114
G1 F1500 X125.685 Y114 E137.41
G0 F7500 X125.685 Y112
G1 F1500 X123.805 Y112 E137.47253
G0 F7500 X123.805 Y110
G1 F1500 X125.685 Y110 E137.53506
G0 F7500 X125.685 Y108
G1 F1500 X123.805 Y108 E137.59758
G0 F7500 X123.805 Y106
G1 F1500 X125.489 Y106 E137.65359
G0 F7500 X124.884 Y104
G1 F1500 X123.805 Y104 E137.68948
G0 F7500 X123.805 Y102
G1 F1500 X124.364 Y102 E137.70807
G1 F2400 E136.90807
G0 F7500 X125.686 Y101.471
G0 X125.047 Y100.133
G0 X123.591 Y98.02
G0 X122.705 Y98.125
G0 X119.71 Y101.141
G0 X118.845 Y101.141
;TYPE:SUPPORT-INTERFACE
G1 F2400 E137.70807
G1 F1500 X118.844 Y128.033 E138.60251
G1 X118.644 Y128.033 E138.60916
G1 X118.645 Y101.02 E139.50761
G1 X118.689 Y100.985 E139.50948
G1 X118.845 Y101.141 E139.51682
;MESH:1x_1xm_pusher.stl
G0 F7500 X117.231 Y101.522
G0 X117.445 Y101.308
;TYPE:WALL-OUTER
G1 F1500 X117.445 Y101.508 E139.52347
G1 X117.444 Y128.033 E140.4057
G1 X96.616 Y128.033 E141.09844
G1 X89.681 Y123.13 E141.38092
G1 X89.681 Y113.234 E141.71007
G1 X91.679 Y109.825 E141.84149
G1 X91.835 Y109.688 E141.8484
G1 X103.687 Y101.308 E142.33118
G1 X117.245 Y101.308 E142.78212
G1 X117.445 Y101.308 E142.78642
G0 F7500 X117.045 Y101.708
;TYPE:WALL-INNER
G1 F1500 X117.045 Y101.907 E142.79304
G1 X117.044 Y127.633 E143.64869
G1 X96.744 Y127.633 E144.32387
G1 X90.081 Y122.922 E144.59528
G1 X90.081 Y113.342 E144.91392
G1 X91.99 Y110.084 E145.03951
G1 X92.083 Y110.003 E145.04361
G1 X103.815 Y101.708 E145.5215
G1 X116.846 Y101.708 E145.95491
G1 X117.045 Y101.708 E145.9592
G0 F7500 X116.655 Y102.098
;TYPE:SKIN
G1 F1500 X116.654 Y127.243 E146.79552
G1 X96.867 Y127.243 E147.45364
G1 X90.471 Y122.721 E147.71417
G1 X90.471 Y113.449 E148.02256
G1 X92.295 Y110.336 E148.14256
G1 X92.327 Y110.308 E148.14398
G1 X103.938 Y102.098 E148.61695
G1 X116.655 Y102.098 E149.03992
G0 F7500 X116.494 Y102.352
G1 F1500 X116.399 Y102.257 E149.04439
G0 F7500 X115.833 Y102.257
G1 F1500 X116.494 Y102.917 E149.07545
G0 F7500 X116.494 Y103.483
G1 F1500 X115.268 Y102.257 E149.13312
G0 F7500 X114.702 Y102.257
G1 F1500 X116.494 Y104.049 E149.21741
G0 F7500 X116.494 Y104.615
G1 F1500 X114.136 Y102.257 E149.32832
G0 F7500 X113.571 Y102.257
G1 F1500 X116.494 Y105.18 E149.46581
G0 F7500 X116.494 Y105.746
G1 F1500 X113.005 Y102.257 E149.62993
G0 F7500 X112.439 Y102.257
G1 F1500 X116.494 Y106.312 E149.82066
G0 F7500 X116.494 Y106.877
G1 F1500 X111.874 Y102.257 E150.03797
G0 F7500 X111.308 Y102.257
G1 F1500 X116.494 Y107.443 E150.2819
G0 F7500 X116.494 Y108.009
G1 F1500 X110.742 Y102.257 E150.55246
G0 F7500 X110.177 Y102.257
G1 F1500 X116.494 Y108.574 E150.84959
G0 F7500 X116.494 Y109.14
G1 F1500 X109.611 Y102.257 E151.17335
G0 F7500 X109.045 Y102.257
G1 F1500 X116.494 Y109.706 E151.52373
G0 F7500 X116.494 Y110.271
G1 F1500 X108.48 Y102.257 E151.90068
G0 F7500 X107.914 Y102.257
G1 F1500 X116.494 Y110.837 E152.30426
G0 F7500 X116.494 Y111.403
G1 F1500 X107.348 Y102.257 E152.73446
G0 F7500 X106.783 Y102.257
G1 F1500 X116.494 Y111.968 E153.19123
G0 F7500 X116.494 Y112.534
G1 F1500 X106.217 Y102.257 E153.67463
G0 F7500 X105.651 Y102.257
G1 F1500 X116.494 Y113.1 E154.18465
G0 F7500 X116.494 Y113.666
G1 F1500 X105.085 Y102.257 E154.7213
G0 F7500 X104.52 Y102.257
G1 F1500 X116.494 Y114.231 E155.28452
G0 F7500 X116.494 Y114.797
G1 F1500 X103.968 Y102.271 E155.8737
G0 F7500 X103.637 Y102.505
G1 F1500 X116.494 Y115.363 E156.47848
G0 F7500 X116.494 Y115.928
G1 F1500 X103.305 Y102.739 E157.09885
G0 F7500 X102.974 Y102.974
G1 F1500 X116.494 Y116.494 E157.73479
G0 F7500 X116.494 Y117.06
G1 F1500 X102.642 Y103.208 E158.38634
G0 F7500 X102.311 Y103.443
G1 F1500 X116.494 Y117.625 E159.05345
G0 F7500 X116.494 Y118.191
G1 F1500 X101.98 Y103.677 E159.73614
G0 F7500 X101.648 Y103.911
G1 F1500 X116.494 Y118.757 E160.43445
G0 F7500 X116.494 Y119.322
G1 F1500 X101.317 Y104.146 E161.14831
G0 F7500 X100.986 Y104.38
G1 F1500 X116.494 Y119.888 E161.87775
G0 F7500 X116.494 Y120.454
G1 F1500 X100.654 Y104.614 E162.62282
G0 F7500 X100.323 Y104.849
G1 F1500 X116.494 Y121.019 E163.38343
G0 F7500 X116.494 Y121.585
G1 F1500 X99.991 Y105.083 E164.15966
G0 F7500 X99.661 Y105.317
G1 F1500 X116.494 Y122.151 E164.95145
G0 F7500 X116.494 Y122.716
G1 F1500 X99.329 Y105.551 E165.75884
G0 F7500 X98.997 Y105.786
G1 F1500 X116.494 Y123.282 E166.58182
G0 F7500 X116.494 Y123.848
G1 F1500 X98.666 Y106.02 E167.4204
G0 F7500 X98.335 Y106.254
G1 F1500 X116.494 Y124.414 E168.27457
G0 F7500 X116.494 Y124.979
G1 F1500 X98.004 Y106.489 E169.14428
G0 F7500 X97.672 Y106.723
G1 F1500 X116.494 Y125.545 E170.02961
G0 F7500 X116.494 Y126.111
G1 F1500 X97.341 Y106.957 E170.93053
G0 F7500 X97.01 Y107.192
G1 F1500 X116.494 Y126.676 E171.847
G0 F7500 X116.333 Y127.081
G1 F1500 X96.678 Y107.426 E172.77151
G0 F7500 X96.347 Y107.661
G1 F1500 X115.768 Y127.081 E173.68499
G0 F7500 X115.202 Y127.081
G1 F1500 X96.015 Y107.895 E174.58746
G0 F7500 X95.684 Y108.129
G1 F1500 X114.636 Y127.081 E175.47891
G0 F7500 X114.071 Y127.081
G1 F1500 X95.353 Y108.364 E176.35932
G0 F7500 X95.021 Y108.598
G1 F1500 X113.505 Y127.081 E177.22873
G0 F7500 X112.939 Y127.081
G1 F1500 X94.69 Y108.832 E178.08711
G0 F7500 X94.359 Y109.066
G1 F1500 X112.374 Y127.081 E178.93448
G0 F7500 X111.808 Y127.081
G1 F1500 X94.027 Y109.301 E179.77082
G0 F7500 X93.696 Y109.535
G1 F1500 X111.242 Y127.081 E180.59613
G0 F7500 X110.677 Y127.081
G1 F1500 X93.364 Y109.769 E181.41045
G0 F7500 X93.034 Y110.004
G1 F1500 X110.111 Y127.081 E182.2137
G0 F7500 X109.545 Y127.081
G1 F1500 X92.702 Y110.238 E183.00595
G0 F7500 X92.389 Y110.491
G1 F1500 X108.98 Y127.081 E183.78631
G0 F7500 X108.414 Y127.081
G1 F1500 X92.179 Y110.847 E184.54993
G0 F7500 X91.971 Y111.204
G1 F1500 X107.848 Y127.081 E185.29674
G0 F7500 X107.282 Y127.081
G1 F1500 X91.761 Y111.56 E186.0268
G0 F7500 X91.553 Y111.918
G1 F1500 X106.717 Y127.081 E186.74004
G0 F7500 X106.151 Y127.081
G1 F1500 X91.344 Y112.274 E187.43652
G0 F7500 X91.134 Y112.63
G1 F1500 X105.585 Y127.081 E188.11625
G0 F7500 X105.02 Y127.081
G1 F1500 X90.926 Y112.987 E188.77919
G0 F7500 X90.716 Y113.344
G1 F1500 X104.454 Y127.081 E189.42536
G0 F7500 X103.888 Y127.081
G1 F1500 X90.63 Y113.823 E190.04897
G0 F7500 X90.63 Y114.389
G1 F1500 X103.323 Y127.081 E190.64599
G0 F7500 X102.757 Y127.081
G1 F1500 X90.63 Y114.955 E191.21638
G0 F7500 X90.63 Y115.52
G1 F1500 X102.191 Y127.081 E191.76018
G0 F7500 X101.626 Y127.081
G1 F1500 X90.63 Y116.086 E192.27737
G0 F7500 X90.63 Y116.652
G1 F1500 X101.06 Y127.081 E192.76794
G0 F7500 X100.494 Y127.081
G1 F1500 X90.63 Y117.217 E193.23192
G0 F7500 X90.63 Y117.783
G1 F1500 X99.929 Y127.081 E193.66929
G0 F7500 X99.363 Y127.081
G1 F1500 X90.63 Y118.349 E194.08004
G0 F7500 X90.63 Y118.914
G1 F1500 X98.797 Y127.081 E194.46419
G0 F7500 X98.231 Y127.081
G1 F1500 X90.63 Y119.48 E194.82172
G0 F7500 X90.63 Y120.046
G1 F1500 X97.666 Y127.081 E195.15265
G0 F7500 X97.1 Y127.081
G1 F1500 X90.63 Y120.611 E195.45698
G0 F7500 X90.63 Y121.177
G1 F1500 X95.613 Y126.16 E195.69136
G0 F7500 X95.359 Y126.518
G0 X93.429 Y125.154
G0 X93.683 Y124.796
G1 F1500 X90.63 Y121.743 E195.83496
G0 F7500 X90.63 Y122.308
G1 F1500 X91.754 Y123.432 E195.88783
G0 F7500 X91.551 Y123.719
G1 F2400 E195.08783
;MESH:NONMESH
G0 F300 X91.551 Y123.719 Z0.4
G0 F7500 X91.5 Y123.79
G0 X90.256 Y122.832
G0 X90.253 Y113.389
G0 X92.191 Y110.135
G0 X103.869 Y101.88
G0 X117.225 Y101.528
G0 X117.225 Y100.443
G0 X120.247 Y92.019
;TIME_ELAPSED:255.053821
;LAYER:1
M106 S85
;TYPE:SUPPORT
G1 F2400 E195.88783
G1 F1950 X120.436 Y92.047 E195.89419
G1 X120.459 Y92.075 E195.89539
G1 X120.629 Y92.103 E195.90112
G1 X120.681 Y92.161 E195.90371
G1 X120.75 Y92.161 E195.90601
G1 X120.796 Y92.169 E195.90756
G1 X120.832 Y92.217 E195.90956
G1 X121.063 Y92.255 E195.91734
G1 X121.094 Y92.291 E195.91892
G1 X121.193 Y92.306 E195.92225
G1 X121.225 Y92.371 E195.92466
G1 X121.244 Y92.375 E195.92531
G1 X121.256 Y92.391 E195.92598
G1 X121.33 Y92.391 E195.92844
G1 X121.464 Y92.416 E195.93297
G1 X121.499 Y92.463 E195.93492
G1 X121.641 Y92.493 E195.93975
G1 X121.69 Y92.552 E195.9423
G1 X121.83 Y92.587 E195.9471
G1 X121.872 Y92.639 E195.94932
G1 X122.053 Y92.683 E195.95552
G1 X122.095 Y92.734 E195.95771
G1 X122.232 Y92.77 E195.96242
G1 X122.291 Y92.845 E195.9656
G1 X122.397 Y92.874 E195.96925
G1 X122.464 Y92.97 E195.97315
G1 X122.645 Y93.017 E195.97937
G1 X122.675 Y93.058 E195.98106
G1 X122.693 Y93.067 E195.98173
G1 X122.706 Y93.08 E195.98234
G1 X122.85 Y93.123 E195.98734
G1 X122.901 Y93.194 E195.99024
G1 X123.062 Y93.247 E195.99588
G1 X123.122 Y93.321 E195.99905
G1 X123.242 Y93.36 E196.00325
G1 X123.309 Y93.453 E196.00706
G1 X123.437 Y93.501 E196.01161
G1 X123.52 Y93.616 E196.01632
G1 X123.645 Y93.66 E196.02073
G1 X123.711 Y93.754 E196.02455
G1 X123.829 Y93.802 E196.02879
G1 X123.903 Y93.912 E196.0332
G1 X124.034 Y93.963 E196.03787
G1 X124.078 Y94.028 E196.04048
G1 X124.124 Y94.074 E196.04265
G1 X124.232 Y94.115 E196.04649
G1 X124.28 Y94.189 E196.04942
G1 X124.306 Y94.241 E196.05136
G1 X124.316 Y94.245 E196.05171
G1 X124.341 Y94.284 E196.05326
G1 X124.407 Y94.284 E196.05545
G1 X124.467 Y94.31 E196.05763
G1 X124.529 Y94.401 E196.06129
G1 X124.63 Y94.447 E196.06498
G1 X124.727 Y94.596 E196.07089
G1 X124.852 Y94.652 E196.07545
G1 X124.941 Y94.801 E196.08122
G1 X125.044 Y94.845 E196.08495
G1 X125.145 Y95.01 E196.09138
G1 X125.27 Y95.075 E196.09607
G1 X125.338 Y95.18 E196.10023
G1 X125.414 Y95.224 E196.10315
G1 X125.527 Y95.416 E196.11056
G1 X125.667 Y95.491 E196.11584
G1 X125.738 Y95.61 E196.12045
G1 X125.774 Y95.646 E196.12214
G1 X125.825 Y95.676 E196.12411
G1 X125.95 Y95.894 E196.13247
G1 X126.038 Y95.948 E196.1359
G1 X126.141 Y96.136 E196.14303
G1 X126.26 Y96.207 E196.14764
G1 X126.348 Y96.369 E196.15377
G1 X126.427 Y96.419 E196.15688
G1 X126.566 Y96.697 E196.16722
G1 X126.658 Y96.756 E196.17086
G1 X126.764 Y96.955 E196.17836
G1 X126.845 Y97.01 E196.18161
G1 X126.96 Y97.256 E196.19064
G1 X127.065 Y97.328 E196.19488
G1 X127.176 Y97.548 E196.20307
G1 X127.264 Y97.615 E196.20675
G1 X127.38 Y97.852 E196.21553
G1 X127.434 Y97.897 E196.21787
G1 X127.57 Y98.186 E196.22849
G1 X127.634 Y98.25 E196.2315
G1 X127.767 Y98.54 E196.24211
G1 X127.828 Y98.598 E196.24491
G1 X127.997 Y98.986 E196.25899
G1 X128.067 Y99.051 E196.26216
G1 X128.176 Y99.312 E196.27157
G1 X128.219 Y99.366 E196.27387
G1 X128.381 Y99.766 E196.28822
G1 X128.446 Y99.836 E196.2914
G1 X128.607 Y100.237 E196.30577
G1 X128.635 Y100.27 E196.30721
G1 X128.814 Y100.743 E196.32403
G1 X128.851 Y100.793 E196.3261
G1 X128.991 Y101.203 E196.34051
G1 X129.033 Y101.266 E196.34303
G1 X129.206 Y101.837 E196.36287
G1 X129.244 Y101.887 E196.36496
G1 X129.244 Y102.207 E196.3756
G1 X129.444 Y102.529 E196.38821
G1 X129.444 Y102.993 E196.40364
G1 X129.644 Y103.361 E196.41757
G1 X129.644 Y103.652 E196.42725
G1 X129.844 Y104.076 E196.44285
G1 X129.844 Y104.494 E196.45675
G1 X130.03 Y105.026 E196.47549
G1 X130.043 Y105.114 E196.47845
G1 X130.047 Y105.717 E196.49851
G1 X130.234 Y106.387 E196.52164
G1 X130.244 Y106.436 E196.52331
G1 X130.245 Y128.033 E197.24163
G1 X119.444 Y128.033 E197.60087
G1 X119.445 Y100.976 E198.50079
G1 X118.977 Y100.508 E198.5228
G1 X118.82 Y100.508 E198.52802
G1 X119.387 Y98.376 E198.6014
G1 X119.283 Y97.988 E198.61476
G1 X119.574 Y96.877 E198.65296
G1 X119.574 Y96.824 E198.65472
G1 X119.481 Y96.464 E198.66709
G1 X119.782 Y95.325 E198.70627
G1 X119.684 Y94.937 E198.71958
G1 X119.982 Y93.812 E198.75829
G1 X119.884 Y93.412 E198.77199
G1 X120.247 Y92.019 E198.81987
G1 F2400 E198.01987
G0 F8250 X119.409 Y91.801
G0 X118.992 Y93.408
G0 X118.793 Y94.933
G0 X118.89 Y95.32
G0 X120 Y95.91
G1 F2400 E198.81987
G1 F1950 X119.854 Y96.464 E198.83892
G1 X119.934 Y96.779 E198.84973
G1 X119.934 Y96.924 E198.85455
G1 X119.656 Y97.987 E198.8911
G1 X119.76 Y98.376 E198.90449
G1 X119.255 Y100.277 E198.96991
G1 X119.805 Y100.827 E198.99578
G1 X119.804 Y127.673 E199.88868
G1 X120 Y127.673 E199.8952
G1 X120 Y95.91 E200.95164
G1 X120.154 Y95.327 E200.9717
G1 X120.055 Y94.939 E200.98502
G1 X120.353 Y93.816 E201.02366
G1 X120.255 Y93.417 E201.03733
G1 X120.496 Y92.493 E201.06909
G1 X120.521 Y92.521 E201.07034
G1 X120.611 Y92.521 E201.07333
G1 X120.631 Y92.548 E201.07445
G1 X120.875 Y92.588 E201.08267
G1 X120.909 Y92.628 E201.08442
G1 X120.953 Y92.634 E201.08589
G1 X120.979 Y92.686 E201.08783
G1 X121.037 Y92.699 E201.0898
G1 X121.077 Y92.751 E201.09199
G1 X121.265 Y92.751 E201.09824
G1 X121.292 Y92.787 E201.09974
G1 X121.444 Y92.819 E201.1049
G1 X121.488 Y92.872 E201.10719
G1 X121.626 Y92.907 E201.11193
G1 X121.67 Y92.96 E201.11422
G1 X121.851 Y93.004 E201.12042
G1 X121.891 Y93.053 E201.12252
G1 X122 Y93.082 E201.12627
G1 X122 Y127.673 E202.27677
G1 X124 Y127.673 E202.34329
G1 X124 Y94.434 E203.44883
G1 X124.044 Y94.522 E203.4521
G1 X124.075 Y94.535 E203.45322
G1 X124.145 Y94.644 E203.45753
G1 X124.259 Y94.644 E203.46132
G1 X124.288 Y94.687 E203.46304
G1 X124.386 Y94.732 E203.46663
G1 X124.484 Y94.88 E203.47253
G1 X124.6 Y94.933 E203.47677
G1 X124.692 Y95.085 E203.48268
G1 X124.796 Y95.131 E203.48647
G1 X124.89 Y95.284 E203.49244
G1 X125.019 Y95.35 E203.49726
G1 X125.083 Y95.448 E203.50115
G1 X125.152 Y95.489 E203.50382
G1 X125.268 Y95.686 E203.51142
G1 X125.408 Y95.761 E203.51671
G1 X125.452 Y95.834 E203.51954
G1 X125.553 Y95.933 E203.52425
G1 X125.559 Y95.937 E203.52449
G1 X125.684 Y96.153 E203.53279
G1 X125.769 Y96.205 E203.5361
G1 X125.872 Y96.395 E203.54329
G1 X125.991 Y96.466 E203.5479
G1 X126 Y96.483 E203.54854
G1 X126 Y127.673 E204.58592
G1 X128 Y127.673 E204.65244
G1 X128 Y99.784 E205.58003
G1 X128.072 Y99.962 E205.58642
G1 X128.136 Y100.031 E205.58955
G1 X128.294 Y100.426 E205.6037
G1 X128.319 Y100.455 E205.60497
G1 X128.495 Y100.917 E205.62142
G1 X128.529 Y100.963 E205.62332
G1 X128.665 Y101.364 E205.6374
G1 X128.705 Y101.423 E205.63977
G1 X128.88 Y102.003 E205.65992
G1 X128.884 Y102.008 E205.66014
G1 X128.884 Y102.31 E205.67018
G1 X129.084 Y102.632 E205.68279
G1 X129.084 Y103.085 E205.69785
G1 X129.284 Y103.454 E205.71181
G1 X129.284 Y103.733 E205.72109
G1 X129.484 Y104.157 E205.73669
G1 X129.484 Y104.555 E205.74992
G1 X129.679 Y105.114 E205.76962
G1 X129.683 Y105.139 E205.77046
G1 X129.687 Y105.767 E205.79134
G1 X129.884 Y106.477 E205.81585
G1 X129.885 Y127.673 E206.52083
G1 X128 Y127.673 E206.58353
G1 F2400 E205.78353
G0 F8250 X128 Y128.898
G0 X119.244 Y128.898
G0 X119.244 Y126.032
;TYPE:SUPPORT-INTERFACE
G1 F2400 E206.58353
G1 F1500 X118.644 Y125.432 E206.61175
G0 F8250 X118.644 Y125.732
G1 F1500 X119.243 Y125.132 E206.63995
G0 F8250 X119.244 Y122.638
G1 F1500 X118.644 Y122.038 E206.66817
G0 F8250 X118.644 Y122.337
G1 F1500 X119.243 Y121.738 E206.69635
G0 F8250 X119.244 Y119.244
G1 F1500 X118.644 Y118.644 E206.72457
G0 F8250 X118.644 Y118.943
G1 F1500 X119.243 Y118.344 E206.75274
G0 F8250 X119.244 Y115.85
G1 F1500 X118.644 Y115.249 E206.78099
G0 F8250 X118.644 Y115.549
G1 F1500 X119.243 Y114.95 E206.80917
G0 F8250 X119.244 Y112.456
G1 F1500 X118.644 Y111.855 E206.83741
G0 F8250 X118.644 Y112.155
G1 F1500 X119.243 Y111.555 E206.86561
G0 F8250 X119.244 Y109.062
G1 F1500 X118.644 Y108.461 E206.89386
G0 F8250 X118.644 Y108.761
G1 F1500 X119.243 Y108.161 E206.92205
G0 F8250 X119.244 Y105.667
G1 F1500 X118.644 Y105.067 E206.95028
G0 F8250 X118.644 Y105.367
G1 F1500 X119.243 Y104.767 E206.97847
G0 F8250 X119.244 Y102.273
G1 F1500 X118.644 Y101.673 E207.0067
G0 F8250 X118.644 Y101.973
G1 F1500 X119.243 Y101.373 E207.0349
G1 F2400 E206.2349
;MESH:1x_1xm_pusher.stl
G0 F8250 X117.431 Y101.522
G0 X117.245 Y101.708
;TYPE:WALL-INNER
G1 F2400 E207.0349
G1 F1950 X117.245 Y101.907 E207.04151
G1 X117.244 Y127.633 E207.89716
G1 X96.944 Y127.633 E208.57235
G1 X90.281 Y122.922 E208.84375
G1 X90.281 Y113.342 E209.16239
G1 X92.205 Y110.059 E209.28895
G1 X104.015 Y101.708 E209.77003
G1 X117.046 Y101.708 E210.20345
G1 X117.245 Y101.708 E210.20773
G0 F8250 X117.645 Y101.308
;TYPE:WALL-OUTER
G1 F1950 X117.645 Y101.508 E210.21438
G1 X117.644 Y128.033 E211.09661
G1 X96.816 Y128.033 E211.78935
G1 X89.881 Y123.13 E212.07183
G1 X89.881 Y113.234 E212.40097
G1 X91.904 Y109.781 E212.53408
G1 X103.887 Y101.308 E213.0222
G1 X117.445 Y101.308 E213.47315
G1 X117.645 Y101.308 E213.47745
G0 F8250 X117.375 Y101.578
G0 X117.134 Y102.099
G0 X116.855 Y102.098
;TYPE:SKIN
G1 F1500 X116.854 Y127.243 E214.31378
G1 X97.067 Y127.243 E214.9719
G1 X90.671 Y122.721 E215.23243
G1 X90.671 Y113.449 E215.54081
G1 X92.5 Y110.328 E215.66113
G1 X104.139 Y102.098 E216.13525
G1 X116.855 Y102.098 E216.55818
G0 F8250 X117.134 Y102.099
G0 X117.062 Y127.451
G0 X116.162 Y127.523
G0 X116.162 Y127.082
G1 F1500 X116.693 Y126.55 E216.58318
G0 F8250 X116.693 Y125.985
G1 F1500 X115.596 Y127.082 E216.63478
G0 F8250 X115.03 Y127.082
G1 F1500 X116.693 Y125.419 E216.71301
G0 F8250 X116.693 Y124.853
G1 F1500 X114.465 Y127.082 E216.81783
G0 F8250 X113.899 Y127.082
G1 F1500 X116.693 Y124.288 E216.94925
G0 F8250 X116.693 Y123.722
G1 F1500 X113.333 Y127.082 E217.10729
G0 F8250 X112.767 Y127.082
G1 F1500 X116.693 Y123.156 E217.29196
G0 F8250 X116.693 Y122.591
G1 F1500 X112.202 Y127.082 E217.5032
G0 F8250 X111.636 Y127.082
G1 F1500 X116.693 Y122.025 E217.74107
G0 F8250 X116.693 Y121.459
G1 F1500 X111.07 Y127.082 E218.00556
G0 F8250 X110.505 Y127.082
G1 F1500 X116.693 Y120.894 E218.29662
G0 F8250 X116.693 Y120.328
G1 F1500 X109.939 Y127.082 E218.61431
G0 F8250 X109.373 Y127.082
G1 F1500 X116.693 Y119.762 E218.95862
G0 F8250 X116.693 Y119.196
G1 F1500 X108.808 Y127.082 E219.32953
G0 F8250 X108.242 Y127.082
G1 F1500 X116.693 Y118.631 E219.72704
G0 F8250 X116.693 Y118.065
G1 F1500 X107.676 Y127.082 E220.15117
G0 F8250 X107.111 Y127.082
G1 F1500 X116.693 Y117.499 E220.6019
G0 F8250 X116.693 Y116.934
G1 F1500 X106.545 Y127.082 E221.07923
G0 F8250 X105.979 Y127.082
G1 F1500 X116.693 Y116.368 E221.58319
G0 F8250 X116.693 Y115.802
G1 F1500 X105.414 Y127.082 E222.11374
G0 F8250 X104.848 Y127.082
G1 F1500 X116.693 Y115.237 E222.67089
G0 F8250 X116.693 Y114.671
G1 F1500 X104.282 Y127.082 E223.25467
G0 F8250 X103.717 Y127.082
G1 F1500 X116.693 Y114.105 E223.86504
G0 F8250 X116.693 Y113.54
G1 F1500 X103.151 Y127.082 E224.50202
G0 F8250 X102.585 Y127.082
G1 F1500 X116.693 Y112.974 E225.16561
G0 F8250 X116.693 Y112.408
G1 F1500 X102.019 Y127.082 E225.85583
G0 F8250 X101.454 Y127.082
G1 F1500 X116.693 Y111.843 E226.57263
G0 F8250 X116.693 Y111.277
G1 F1500 X100.888 Y127.082 E227.31605
G0 F8250 X100.322 Y127.082
G1 F1500 X116.693 Y110.711 E228.08609
G0 F8250 X116.693 Y110.146
G1 F1500 X99.757 Y127.082 E228.88271
G0 F8250 X99.191 Y127.082
G1 F1500 X116.693 Y109.58 E229.70595
G0 F8250 X116.693 Y109.014
G1 F1500 X98.625 Y127.082 E230.55581
G0 F8250 X98.06 Y127.082
G1 F1500 X116.693 Y108.448 E231.43227
G0 F8250 X116.693 Y107.883
G1 F1500 X97.494 Y127.082 E232.33534
G0 F8250 X97.006 Y127.004
G1 F1500 X116.693 Y107.317 E233.26135
G0 F8250 X116.693 Y106.751
G1 F1500 X96.674 Y126.77 E234.20298
G0 F8250 X96.343 Y126.536
G1 F1500 X116.693 Y106.186 E235.16019
G0 F8250 X116.693 Y105.62
G1 F1500 X96.012 Y126.301 E236.13296
G0 F8250 X95.68 Y126.067
G1 F1500 X116.693 Y105.054 E237.12134
G0 F8250 X116.693 Y104.489
G1 F1500 X95.349 Y125.833 E238.1253
G0 F8250 X95.018 Y125.599
G1 F1500 X116.693 Y103.923 E239.14485
G0 F8250 X116.693 Y103.357
G1 F1500 X94.686 Y125.365 E240.18001
G0 F8250 X94.355 Y125.13
G1 F1500 X116.693 Y102.792 E241.23073
G0 F8250 X116.662 Y102.258
G1 F1500 X94.023 Y124.896 E242.29557
G0 F8250 X93.692 Y124.662
G1 F1500 X116.096 Y102.258 E243.34939
G0 F8250 X115.53 Y102.258
G1 F1500 X93.361 Y124.427 E244.39215
G0 F8250 X93.029 Y124.193
G1 F1500 X114.964 Y102.258 E245.4239
G0 F8250 X114.399 Y102.258
G1 F1500 X92.698 Y123.959 E246.44465
G0 F8250 X92.367 Y123.724
G1 F1500 X113.833 Y102.258 E247.45435
G0 F8250 X113.267 Y102.258
G1 F1500 X92.035 Y123.49 E248.45303
G0 F8250 X91.703 Y123.256
G1 F1500 X112.702 Y102.258 E249.44074
G0 F8250 X112.136 Y102.258
G1 F1500 X91.373 Y123.021 E250.41737
G0 F8250 X91.041 Y122.787
G1 F1500 X111.57 Y102.258 E251.38299
G0 F8250 X111.005 Y102.258
G1 F1500 X90.831 Y122.432 E252.33191
G0 F8250 X90.831 Y121.866
G1 F1500 X110.439 Y102.258 E253.25421
G0 F8250 X109.873 Y102.258
G1 F1500 X90.831 Y121.3 E254.14989
G0 F8250 X90.831 Y120.734
G1 F1500 X109.308 Y102.258 E255.01897
G0 F8250 X108.742 Y102.258
G1 F1500 X90.831 Y120.169 E255.86145
G0 F8250 X90.831 Y119.603
G1 F1500 X108.176 Y102.258 E256.6773
G0 F8250 X107.611 Y102.258
G1 F1500 X90.831 Y119.037 E257.46656
G0 F8250 X90.831 Y118.472
G1 F1500 X107.045 Y102.258 E258.22921
G0 F8250 X106.479 Y102.258
G1 F1500 X90.831 Y117.906 E258.96525
G0 F8250 X90.831 Y117.34
G1 F1500 X105.913 Y102.258 E259.67466
G0 F8250 X105.348 Y102.258
G1 F1500 X90.831 Y116.775 E260.35749
G0 F8250 X90.831 Y116.209
G1 F1500 X104.782 Y102.258 E261.01371
G0 F8250 X104.216 Y102.258
G1 F1500 X90.831 Y115.643 E261.6433
G0 F8250 X90.831 Y115.078
G1 F1500 X102.354 Y103.555 E262.1853
G0 F8250 X102.101 Y103.196
G0 X100.171 Y104.562
G0 X100.423 Y104.92
G1 F1500 X90.831 Y114.512 E262.63648
G0 F8250 X90.831 Y113.946
G1 F1500 X98.492 Y106.285 E262.99683
G0 F8250 X98.24 Y105.927
G0 X96.309 Y107.292
G0 X96.561 Y107.65
G1 F1500 X90.986 Y113.225 E263.25906
G0 F8250 X90.608 Y113.003
G0 X91.41 Y111.635
G0 X91.788 Y111.857
G1 F1500 X94.63 Y109.016 E263.39272
G0 F8250 X94.378 Y108.658
G0 X92.447 Y110.023
G0 X92.699 Y110.381
G1 F1500 X92.589 Y110.491 E263.39789
G0 F8250 X92.287 Y110.314
G1 F2400 E262.59789
;MESH:NONMESH
G0 F300 X92.287 Y110.314 Z0.6
G0 F8250 X92.21 Y110.269
G0 X104.069 Y101.88
G0 X117.431 Y101.522
G0 X117.431 Y100.443
G0 X118.315 Y96.456
G0 X119.409 Y91.801
G0 X120.248 Y92.019
;TIME_ELAPSED:343.868304
;LAYER:2
M106 S170
;TYPE:SUPPORT
G1 F2400 E263.39789
G1 X120.434 Y92.047 E263.40415
G1 X120.461 Y92.079 E263.40554
G1 X120.633 Y92.106 E263.41133
G1 X120.682 Y92.161 E263.41378
G1 X120.75 Y92.161 E263.41604
G1 X120.796 Y92.169 E263.4176
G1 X120.832 Y92.217 E263.41959
G1 X121.063 Y92.255 E263.42738
G1 X121.094 Y92.291 E263.42896
G1 X121.193 Y92.306 E263.43229
G1 X121.236 Y92.393 E263.43552
G1 X121.339 Y92.393 E263.43894
G1 X121.464 Y92.417 E263.44318
G1 X121.499 Y92.463 E263.4451
G1 X121.641 Y92.493 E263.44992
G1 X121.69 Y92.552 E263.45248
G1 X121.83 Y92.587 E263.45728
G1 X121.872 Y92.639 E263.4595
G1 X122.053 Y92.683 E263.46569
G1 X122.095 Y92.734 E263.46789
G1 X122.232 Y92.77 E263.4726
G1 X122.291 Y92.845 E263.47578
G1 X122.397 Y92.874 E263.47943
G1 X122.464 Y92.97 E263.48333
G1 X122.643 Y93.016 E263.48947
G1 X122.685 Y93.075 E263.49188
G1 X122.849 Y93.125 E263.49758
G1 X122.897 Y93.192 E263.50033
G1 X123.061 Y93.247 E263.50608
G1 X123.121 Y93.322 E263.50927
G1 X123.241 Y93.361 E263.51347
G1 X123.3 Y93.443 E263.51683
G1 X123.356 Y93.471 E263.51891
G1 X123.437 Y93.501 E263.52178
G1 X123.52 Y93.616 E263.5265
G1 X123.642 Y93.658 E263.53079
G1 X123.708 Y93.753 E263.53464
G1 X123.826 Y93.802 E263.53889
G1 X123.9 Y93.913 E263.54333
G1 X124.035 Y93.965 E263.54814
G1 X124.077 Y94.028 E263.55066
G1 X124.124 Y94.075 E263.55287
G1 X124.229 Y94.113 E263.55658
G1 X124.317 Y94.249 E263.56197
G1 X124.47 Y94.313 E263.56749
G1 X124.529 Y94.401 E263.57101
G1 X124.63 Y94.447 E263.5747
G1 X124.727 Y94.596 E263.58061
G1 X124.852 Y94.652 E263.58517
G1 X124.941 Y94.8 E263.59091
G1 X125.043 Y94.845 E263.59462
G1 X125.126 Y94.981 E263.59992
G1 X125.166 Y95.021 E263.6018
G1 X125.269 Y95.074 E263.60566
G1 X125.338 Y95.182 E263.60992
G1 X125.415 Y95.227 E263.61288
G1 X125.527 Y95.416 E263.62019
G1 X125.667 Y95.491 E263.62547
G1 X125.738 Y95.61 E263.63008
G1 X125.774 Y95.646 E263.63178
G1 X125.825 Y95.676 E263.63374
G1 X125.95 Y95.894 E263.6421
G1 X126.038 Y95.948 E263.64554
G1 X126.142 Y96.137 E263.65271
G1 X126.258 Y96.207 E263.65722
G1 X126.335 Y96.347 E263.66253
G1 X126.373 Y96.385 E263.66432
G1 X126.427 Y96.419 E263.66644
G1 X126.566 Y96.697 E263.67678
G1 X126.658 Y96.756 E263.68041
G1 X126.764 Y96.955 E263.68791
G1 X126.845 Y97.01 E263.69117
G1 X126.96 Y97.256 E263.7002
G1 X127.065 Y97.328 E263.70444
G1 X127.17 Y97.536 E263.71219
G1 X127.202 Y97.568 E263.71369
G1 X127.261 Y97.614 E263.71618
G1 X127.381 Y97.858 E263.72522
G1 X127.437 Y97.903 E263.72761
G1 X127.573 Y98.19 E263.73818
G1 X127.633 Y98.249 E263.74097
G1 X127.767 Y98.54 E263.75163
G1 X127.828 Y98.598 E263.75443
G1 X127.997 Y98.986 E263.76851
G1 X128.067 Y99.051 E263.77168
G1 X128.176 Y99.312 E263.78109
G1 X128.219 Y99.366 E263.78339
G1 X128.38 Y99.765 E263.7977
G1 X128.444 Y99.834 E263.80083
G1 X128.606 Y100.236 E263.81524
G1 X128.636 Y100.271 E263.81678
G1 X128.814 Y100.743 E263.83355
G1 X128.851 Y100.793 E263.83562
G1 X128.991 Y101.205 E263.8501
G1 X129.033 Y101.268 E263.85261
G1 X129.206 Y101.837 E263.87239
G1 X129.244 Y101.887 E263.87448
G1 X129.244 Y102.207 E263.88513
G1 X129.444 Y102.529 E263.89773
G1 X129.444 Y102.993 E263.91317
G1 X129.644 Y103.361 E263.9271
G1 X129.644 Y103.652 E263.93678
G1 X129.844 Y104.076 E263.95237
G1 X129.844 Y104.494 E263.96627
G1 X130.03 Y105.026 E263.98502
G1 X130.043 Y105.114 E263.98797
G1 X130.047 Y105.717 E264.00803
G1 X130.234 Y106.387 E264.03117
G1 X130.244 Y106.436 E264.03283
G1 X130.245 Y128.033 E264.75115
G1 X119.644 Y128.033 E265.10374
G1 X119.645 Y100.976 E266.00366
G1 X119.177 Y100.508 E266.02567
G1 X118.82 Y100.508 E266.03755
G1 X119.387 Y98.376 E266.11092
G1 X119.283 Y97.987 E266.12431
G1 X119.574 Y96.877 E266.16248
G1 X119.574 Y96.824 E266.16424
G1 X119.481 Y96.464 E266.17661
G1 X119.782 Y95.325 E266.21579
G1 X119.685 Y94.939 E266.22903
G1 X119.982 Y93.812 E266.2678
G1 X119.969 Y93.753 E266.2698
G1 X119.884 Y93.414 E266.28143
G1 X120.248 Y92.019 E266.32938
G0 F9000 X120.496 Y92.494
G1 F2400 X120.256 Y93.415 E266.36104
G1 X120.32 Y93.67 E266.36978
G1 X120.353 Y93.819 E266.37486
G1 X120.056 Y94.941 E266.41346
G1 X120.154 Y95.327 E266.42671
G1 X120 Y95.91 E266.44676
G1 X120 Y100.822 E266.61013
G1 X119.326 Y100.148 E266.64184
G1 X119.288 Y100.148 E266.6431
G1 X119.76 Y98.376 E266.70409
G1 X119.656 Y97.986 E266.71752
G1 X119.934 Y96.924 E266.75403
G1 X119.934 Y96.779 E266.75885
G1 X119.854 Y96.464 E266.76966
G1 X120 Y95.91 E266.78872
G1 F2400 E265.98872
G0 F9000 X118.89 Y95.32
G0 X118.793 Y94.933
G0 X118.954 Y93.7
G0 X119.31 Y92.185
G0 X120.496 Y92.494
G1 F2400 E266.78872
G1 X120.52 Y92.521 E266.78992
G1 X120.611 Y92.521 E266.79295
G1 X120.631 Y92.548 E266.79406
G1 X120.875 Y92.588 E266.80229
G1 X120.909 Y92.628 E266.80403
G1 X120.954 Y92.634 E266.80554
G1 X121.013 Y92.753 E266.80996
G1 X121.268 Y92.753 E266.81844
G1 X121.294 Y92.787 E266.81987
G1 X121.444 Y92.819 E266.82497
G1 X121.488 Y92.872 E266.82726
G1 X121.626 Y92.907 E266.83199
G1 X121.67 Y92.96 E266.83428
G1 X121.851 Y93.004 E266.84048
G1 X121.891 Y93.053 E266.84258
G1 X122 Y93.082 E266.84634
G1 X122 Y127.673 E267.99684
G1 X124 Y127.673 E268.06336
G1 X124 Y94.423 E269.16926
G1 X124.076 Y94.539 E269.17387
G1 X124.232 Y94.605 E269.1795
G1 X124.286 Y94.685 E269.18271
G1 X124.385 Y94.731 E269.18634
G1 X124.484 Y94.881 E269.19232
G1 X124.602 Y94.934 E269.19662
G1 X124.69 Y95.082 E269.20235
G1 X124.795 Y95.129 E269.20618
G1 X124.841 Y95.206 E269.20916
G1 X124.952 Y95.316 E269.21436
G1 X125.017 Y95.349 E269.21678
G1 X125.081 Y95.448 E269.2207
G1 X125.152 Y95.491 E269.22346
G1 X125.268 Y95.686 E269.23101
G1 X125.408 Y95.761 E269.23629
G1 X125.452 Y95.834 E269.23913
G1 X125.553 Y95.933 E269.24383
G1 X125.559 Y95.937 E269.24407
G1 X125.684 Y96.153 E269.25237
G1 X125.77 Y96.206 E269.25573
G1 X125.874 Y96.395 E269.26291
G1 X125.989 Y96.464 E269.26737
G1 X126 Y96.485 E269.26816
G1 X126 Y127.673 E270.30547
G1 X128 Y127.673 E270.37199
G1 X128 Y99.785 E271.29955
G1 X128.071 Y99.961 E271.30586
G1 X128.135 Y100.03 E271.30899
G1 X128.294 Y100.425 E271.32316
G1 X128.321 Y100.456 E271.32452
G1 X128.495 Y100.918 E271.34094
G1 X128.529 Y100.963 E271.34282
G1 X128.665 Y101.365 E271.35694
G1 X128.705 Y101.425 E271.35933
G1 X128.88 Y102.003 E271.37942
G1 X128.884 Y102.008 E271.37963
G1 X128.884 Y102.31 E271.38968
G1 X129.084 Y102.632 E271.40228
G1 X129.084 Y103.085 E271.41735
G1 X129.284 Y103.454 E271.43131
G1 X129.284 Y103.733 E271.44059
G1 X129.484 Y104.157 E271.45618
G1 X129.484 Y104.555 E271.46942
G1 X129.679 Y105.114 E271.48911
G1 X129.683 Y105.139 E271.48995
G1 X129.687 Y105.767 E271.51084
G1 X129.884 Y106.477 E271.53535
G1 X129.885 Y127.673 E272.24033
G1 X128 Y127.673 E272.30303
G1 F2400 E271.50303
G0 F9000 X128 Y128.898
G0 X119.444 Y128.898
G0 X119.444 Y126.232
;TYPE:SUPPORT-INTERFACE
G1 F2400 E272.30303
G1 F1500 X118.843 Y125.631 E272.3313
G0 F9000 X118.844 Y125.531
G1 F1500 X119.443 Y124.932 E272.35947
G0 F9000 X119.444 Y122.838
G1 F1500 X118.843 Y122.237 E272.38774
G0 F9000 X118.844 Y122.137
G1 F1500 X119.443 Y121.538 E272.41591
G0 F9000 X119.444 Y119.444
G1 F1500 X118.843 Y118.843 E272.44418
G0 F9000 X118.844 Y118.743
G1 F1500 X119.443 Y118.144 E272.47236
G0 F9000 X119.444 Y116.05
G1 F1500 X118.843 Y115.449 E272.50063
G0 F9000 X118.844 Y115.349
G1 F1500 X119.443 Y114.749 E272.52883
G0 F9000 X119.444 Y112.656
G1 F1500 X118.843 Y112.055 E272.5571
G0 F9000 X118.844 Y111.955
G1 F1500 X119.443 Y111.355 E272.58529
G0 F9000 X119.444 Y109.262
G1 F1500 X118.843 Y108.661 E272.61356
G0 F9000 X118.844 Y108.561
G1 F1500 X119.443 Y107.961 E272.64176
G0 F9000 X119.444 Y105.868
G1 F1500 X118.843 Y105.266 E272.67006
G0 F9000 X118.844 Y105.167
G1 F1500 X119.443 Y104.567 E272.69825
G0 F9000 X119.444 Y102.473
G1 F1500 X118.843 Y101.872 E272.72652
G0 F9000 X118.844 Y101.773
G1 F1500 X119.443 Y101.173 E272.75472
G1 F2400 E271.95472
;MESH:1x_1xm_pusher.stl
G0 F9000 X117.631 Y101.522
G0 X117.445 Y101.708
;TYPE:WALL-INNER
G1 F2400 E272.75472
G1 X117.445 Y101.907 E272.76134
G1 X117.444 Y127.633 E273.61699
G1 X97.144 Y127.633 E274.29217
G1 X90.481 Y122.922 E274.56358
G1 X90.481 Y113.342 E274.88221
G1 X92.405 Y110.059 E275.00878
G1 X104.215 Y101.708 E275.48986
G1 X117.246 Y101.708 E275.92327
G1 X117.445 Y101.708 E275.92756
G0 F9000 X117.845 Y101.308
;TYPE:WALL-OUTER
G1 F2400 X117.845 Y101.508 E275.93421
G1 X117.844 Y128.033 E276.81643
G1 X97.016 Y128.033 E277.50917
G1 X90.081 Y123.13 E277.79166
G1 X90.081 Y113.234 E278.1208
G1 X92.104 Y109.781 E278.25391
G1 X104.087 Y101.308 E278.74203
G1 X117.645 Y101.308 E279.19297
G1 X117.845 Y101.308 E279.19728
G0 F9000 X117.575 Y101.578
G0 X117.334 Y102.099
G0 X117.055 Y102.098
;TYPE:SKIN
G1 F1500 X117.054 Y127.243 E280.0336
G1 X97.267 Y127.243 E280.69172
G1 X90.871 Y122.721 E280.95225
G1 X90.871 Y113.449 E281.26064
G1 X92.7 Y110.328 E281.38096
G1 X104.339 Y102.098 E281.85507
G1 X117.055 Y102.098 E282.27801
G0 F9000 X116.893 Y102.751
G1 F1500 X116.4 Y102.258 E282.3012
G0 F9000 X115.834 Y102.258
G1 F1500 X116.893 Y103.317 E282.35101
G0 F9000 X116.893 Y103.883
G1 F1500 X115.269 Y102.258 E282.42742
G0 F9000 X114.703 Y102.258
G1 F1500 X116.893 Y104.448 E282.53043
G0 F9000 X116.893 Y105.014
G1 F1500 X114.137 Y102.258 E282.66007
G0 F9000 X113.571 Y102.258
G1 F1500 X116.893 Y105.58 E282.81632
G0 F9000 X116.893 Y106.145
G1 F1500 X113.006 Y102.258 E282.99916
G0 F9000 X112.44 Y102.258
G1 F1500 X116.893 Y106.711 E283.20861
G0 F9000 X116.893 Y107.277
G1 F1500 X111.874 Y102.258 E283.44469
G0 F9000 X111.309 Y102.258
G1 F1500 X116.893 Y107.842 E283.70734
G0 F9000 X116.893 Y108.408
G1 F1500 X110.743 Y102.258 E283.99662
G0 F9000 X110.177 Y102.258
G1 F1500 X116.893 Y108.974 E284.31252
G0 F9000 X116.893 Y109.54
G1 F1500 X109.612 Y102.258 E284.65502
G0 F9000 X109.046 Y102.258
G1 F1500 X116.893 Y110.105 E285.02412
G0 F9000 X116.893 Y110.671
G1 F1500 X108.48 Y102.258 E285.41984
G0 F9000 X107.915 Y102.258
G1 F1500 X116.893 Y111.237 E285.84216
G0 F9000 X116.893 Y111.802
G1 F1500 X107.349 Y102.258 E286.29108
G0 F9000 X106.783 Y102.258
G1 F1500 X116.893 Y112.368 E286.76663
G0 F9000 X116.893 Y112.934
G1 F1500 X106.218 Y102.258 E287.26877
G0 F9000 X105.652 Y102.258
G1 F1500 X116.893 Y113.499 E287.79751
G0 F9000 X116.893 Y114.065
G1 F1500 X105.086 Y102.258 E288.35288
G0 F9000 X104.52 Y102.258
G1 F1500 X116.893 Y114.631 E288.93486
G0 F9000 X116.893 Y115.196
G1 F1500 X104.134 Y102.437 E289.53501
G0 F9000 X103.803 Y102.671
G1 F1500 X116.893 Y115.762 E290.15075
G0 F9000 X116.893 Y116.328
G1 F1500 X103.472 Y102.906 E290.78205
G0 F9000 X103.14 Y103.14
G1 F1500 X116.893 Y116.893 E291.42895
G0 F9000 X116.893 Y117.459
G1 F1500 X102.809 Y103.374 E292.09144
G0 F9000 X102.478 Y103.609
G1 F1500 X116.893 Y118.025 E292.7695
G0 F9000 X116.893 Y118.59
G1 F1500 X102.146 Y103.843 E293.46316
G0 F9000 X101.814 Y104.077
G1 F1500 X116.893 Y119.156 E294.17243
G0 F9000 X116.893 Y119.722
G1 F1500 X101.483 Y104.312 E294.89727
G0 F9000 X101.152 Y104.546
G1 F1500 X116.893 Y120.288 E295.6377
G0 F9000 X116.893 Y120.853
G1 F1500 X100.821 Y104.781 E296.39368
G0 F9000 X100.489 Y105.015
G1 F1500 X116.893 Y121.419 E297.16527
G0 F9000 X116.893 Y121.985
G1 F1500 X100.158 Y105.249 E297.95246
G0 F9000 X99.827 Y105.484
G1 F1500 X116.893 Y122.55 E298.75519
G0 F9000 X116.893 Y123.116
G1 F1500 X99.495 Y105.718 E299.57354
G0 F9000 X99.163 Y105.952
G1 F1500 X116.893 Y123.682 E300.4075
G0 F9000 X116.893 Y124.247
G1 F1500 X98.833 Y106.186 E301.25701
G0 F9000 X98.501 Y106.42
G1 F1500 X116.893 Y124.813 E302.12214
G0 F9000 X116.893 Y125.379
G1 F1500 X98.169 Y106.655 E303.00286
G0 F9000 X97.838 Y106.889
G1 F1500 X116.893 Y125.944 E303.89915
G0 F9000 X116.893 Y126.51
G1 F1500 X97.507 Y107.123 E304.81103
G0 F9000 X97.175 Y107.357
G1 F1500 X116.893 Y127.076 E305.73853
G0 F9000 X116.333 Y127.081
G1 F1500 X96.844 Y107.592 E306.65523
G0 F9000 X96.513 Y107.826
G1 F1500 X115.768 Y127.081 E307.56093
G0 F9000 X115.202 Y127.081
G1 F1500 X96.181 Y108.06 E308.45562
G0 F9000 X95.85 Y108.295
G1 F1500 X114.636 Y127.081 E309.33925
G0 F9000 X114.071 Y127.081
G1 F1500 X95.518 Y108.529 E310.2119
G0 F9000 X95.187 Y108.763
G1 F1500 X113.505 Y127.081 E311.07353
G0 F9000 X112.939 Y127.081
G1 F1500 X94.856 Y108.998 E311.9241
G0 F9000 X94.524 Y109.232
G1 F1500 X112.374 Y127.081 E312.76368
G0 F9000 X111.808 Y127.081
G1 F1500 X94.193 Y109.467 E313.59221
G0 F9000 X93.862 Y109.701
G1 F1500 X111.242 Y127.081 E314.40972
G0 F9000 X110.677 Y127.081
G1 F1500 X93.53 Y109.935 E315.21623
G0 F9000 X93.199 Y110.17
G1 F1500 X110.111 Y127.081 E316.0117
G0 F9000 X109.545 Y127.081
G1 F1500 X92.867 Y110.404 E316.79616
G0 F9000 X92.641 Y110.743
G1 F1500 X108.98 Y127.081 E317.56467
G0 F9000 X108.414 Y127.081
G1 F1500 X92.432 Y111.099 E318.31642
G0 F9000 X92.222 Y111.456
G1 F1500 X107.848 Y127.081 E319.05139
G0 F9000 X107.282 Y127.081
G1 F1500 X92.014 Y111.813 E319.76955
G0 F9000 X91.805 Y112.169
G1 F1500 X106.717 Y127.081 E320.47097
G0 F9000 X106.151 Y127.081
G1 F1500 X91.596 Y112.526 E321.15559
G0 F9000 X91.387 Y112.883
G1 F1500 X105.585 Y127.081 E321.82342
G0 F9000 X105.02 Y127.081
G1 F1500 X91.178 Y113.24 E322.47448
G0 F9000 X91.03 Y113.658
G1 F1500 X104.454 Y127.081 E323.10588
G0 F9000 X103.888 Y127.081
G1 F1500 X91.03 Y114.223 E323.71068
G0 F9000 X91.03 Y114.789
G1 F1500 X103.323 Y127.081 E324.28888
G0 F9000 X102.757 Y127.081
G1 F1500 X91.03 Y115.355 E324.84046
G0 F9000 X91.03 Y115.92
G1 F1500 X102.191 Y127.081 E325.36544
G0 F9000 X101.626 Y127.081
G1 F1500 X91.03 Y116.486 E325.86382
G0 F9000 X91.03 Y117.052
G1 F1500 X101.06 Y127.081 E326.33558
G0 F9000 X100.494 Y127.081
G1 F1500 X91.03 Y117.618 E326.78071
G0 F9000 X91.03 Y118.183
G1 F1500 X99.929 Y127.081 E327.19927
G0 F9000 X99.363 Y127.081
G1 F1500 X91.03 Y118.749 E327.5912
G0 F9000 X91.03 Y119.315
G1 F1500 X98.797 Y127.081 E327.95652
G0 F9000 X98.231 Y127.081
G1 F1500 X91.03 Y119.88 E328.29523
G0 F9000 X91.03 Y120.446
G1 F1500 X97.666 Y127.081 E328.60734
G0 F9000 X97.666 Y127.523
G0 X97.288 Y127.474
G0 X96.324 Y126.918
G0 X96.578 Y126.56
G1 F1500 X91.03 Y121.012 E328.8683
G0 F9000 X91.03 Y121.577
G1 F1500 X94.649 Y125.196 E329.03853
G0 F9000 X94.395 Y125.554
G0 X92.464 Y124.189
G0 X92.718 Y123.831
G1 F1500 X91.03 Y122.143 E329.11793
G0 F9000 X90.681 Y122.143
G1 F2400 E328.31793
;MESH:NONMESH
G0 F300 X90.681 Y122.143 Z0.8
G0 F9000 X90.591 Y122.143
G0 X90.653 Y113.389
G0 X92.534 Y110.177
G0 X104.269 Y101.88
G0 X117.625 Y101.528
G0 X117.625 Y100.443
G0 X118.855 Y94.113
G0 X119.411 Y91.801
G0 X120.248 Y92.019
;TIME_ELAPSED:428.924032
;LAYER:3
M106 S255
;TYPE:SUPPORT
G1 F2400 E329.11793
G1 X120.434 Y92.047 E329.12419
G1 X120.461 Y92.079 E329.12558
G1 X120.629 Y92.106 E329.13124
G1 X120.666 Y92.148 E329.1331
G1 X120.798 Y92.17 E329.13755
G1 X120.832 Y92.217 E329.13948
G1 X121.063 Y92.255 E329.14727
G1 X121.094 Y92.291 E329.14885
G1 X121.193 Y92.306 E329.15218
G1 X121.236 Y92.393 E329.1554
G1 X121.334 Y92.393 E329.15866
G1 X121.465 Y92.417 E329.16309
G1 X121.498 Y92.463 E329.16498
G1 X121.641 Y92.493 E329.16984
G1 X121.689 Y92.552 E329.17237
G1 X121.832 Y92.588 E329.17727
G1 X121.872 Y92.639 E329.17943
G1 X122.053 Y92.683 E329.18562
G1 X122.085 Y92.731 E329.18754
G1 X122.094 Y92.733 E329.18785
G1 X122.111 Y92.754 E329.18875
G1 X122.172 Y92.754 E329.19077
G1 X122.232 Y92.77 E329.19284
G1 X122.291 Y92.845 E329.19601
G1 X122.397 Y92.874 E329.19967
G1 X122.464 Y92.97 E329.20356
G1 X122.643 Y93.016 E329.20971
G1 X122.685 Y93.075 E329.21212
G1 X122.849 Y93.125 E329.21782
G1 X122.897 Y93.192 E329.22056
G1 X123.057 Y93.245 E329.22617
G1 X123.118 Y93.322 E329.22944
G1 X123.242 Y93.363 E329.23378
G1 X123.3 Y93.443 E329.23707
G1 X123.356 Y93.471 E329.23915
G1 X123.435 Y93.5 E329.24195
G1 X123.52 Y93.617 E329.24676
G1 X123.642 Y93.66 E329.25106
G1 X123.708 Y93.756 E329.25493
G1 X123.827 Y93.804 E329.2592
G1 X123.9 Y93.913 E329.26357
G1 X124.035 Y93.965 E329.26838
G1 X124.077 Y94.028 E329.2709
G1 X124.124 Y94.075 E329.27311
G1 X124.227 Y94.113 E329.27676
G1 X124.315 Y94.25 E329.28217
G1 X124.472 Y94.316 E329.28784
G1 X124.529 Y94.401 E329.29124
G1 X124.629 Y94.446 E329.29489
G1 X124.706 Y94.563 E329.29955
G1 X124.748 Y94.606 E329.30155
G1 X124.852 Y94.652 E329.30533
G1 X124.943 Y94.802 E329.31116
G1 X125.042 Y94.845 E329.31475
G1 X125.142 Y95.01 E329.32117
G1 X125.27 Y95.076 E329.32596
G1 X125.338 Y95.182 E329.33015
G1 X125.415 Y95.227 E329.33312
G1 X125.527 Y95.416 E329.34042
G1 X125.667 Y95.491 E329.34571
G1 X125.738 Y95.61 E329.35031
G1 X125.774 Y95.646 E329.35201
G1 X125.825 Y95.676 E329.35398
G1 X125.95 Y95.894 E329.36233
G1 X126.038 Y95.948 E329.36577
G1 X126.142 Y96.137 E329.37294
G1 X126.256 Y96.205 E329.37736
G1 X126.345 Y96.367 E329.38351
G1 X126.428 Y96.421 E329.3868
G1 X126.566 Y96.697 E329.39706
G1 X126.658 Y96.756 E329.4007
G1 X126.764 Y96.955 E329.4082
G1 X126.845 Y97.01 E329.41145
G1 X126.96 Y97.256 E329.42049
G1 X127.065 Y97.328 E329.42472
G1 X127.17 Y97.536 E329.43247
G1 X127.202 Y97.568 E329.43397
G1 X127.26 Y97.613 E329.43642
G1 X127.379 Y97.855 E329.44539
G1 X127.436 Y97.902 E329.44784
G1 X127.57 Y98.188 E329.45835
G1 X127.633 Y98.25 E329.46129
G1 X127.77 Y98.547 E329.47217
G1 X127.829 Y98.601 E329.47483
G1 X127.997 Y98.986 E329.4888
G1 X128.067 Y99.051 E329.49197
G1 X128.177 Y99.314 E329.50146
G1 X128.22 Y99.368 E329.50375
G1 X128.38 Y99.765 E329.51799
G1 X128.444 Y99.834 E329.52112
G1 X128.606 Y100.238 E329.5356
G1 X128.637 Y100.273 E329.53715
G1 X128.804 Y100.72 E329.55302
G1 X128.82 Y100.752 E329.55421
G1 X128.852 Y100.794 E329.55597
G1 X128.992 Y101.209 E329.57054
G1 X129.035 Y101.273 E329.5731
G1 X129.207 Y101.84 E329.59281
G1 X129.244 Y101.889 E329.59485
G1 X129.244 Y102.207 E329.60543
G1 X129.444 Y102.529 E329.61803
G1 X129.444 Y102.993 E329.63347
G1 X129.644 Y103.361 E329.6474
G1 X129.644 Y103.652 E329.65708
G1 X129.844 Y104.076 E329.67267
G1 X129.844 Y104.494 E329.68657
G1 X130.03 Y105.026 E329.70531
G1 X130.043 Y105.114 E329.70827
G1 X130.047 Y105.717 E329.72833
G1 X130.234 Y106.387 E329.75147
G1 X130.244 Y106.436 E329.75313
G1 X130.245 Y128.033 E330.47145
G1 X119.844 Y128.033 E330.81739
G1 X119.844 Y100.494 E331.73334
G1 X118.859 Y100.366 E331.76637
G1 X119.387 Y98.376 E331.83485
G1 X119.283 Y97.987 E331.84825
G1 X119.574 Y96.877 E331.88641
G1 X119.574 Y96.824 E331.88817
G1 X119.481 Y96.465 E331.90051
G1 X119.781 Y95.325 E331.93972
G1 X119.685 Y94.939 E331.95295
G1 X119.982 Y93.812 E331.99171
G1 X119.969 Y93.753 E331.99372
G1 X119.884 Y93.414 E332.00534
G1 X120.248 Y92.019 E332.05329
G0 F9000 X120.498 Y92.486
G1 F2400 X120.256 Y93.415 E332.08522
G1 X120.32 Y93.67 E332.09397
G1 X120.353 Y93.819 E332.09904
G1 X120.056 Y94.941 E332.13765
G1 X120.152 Y95.327 E332.15088
G1 X120 Y95.907 E332.17082
G1 X120 Y100.15 E332.31194
G1 X119.312 Y100.061 E332.33502
G1 X119.76 Y98.376 E332.39301
G1 X119.656 Y97.986 E332.40643
G1 X119.934 Y96.924 E332.44294
G1 X119.934 Y96.779 E332.44777
G1 X119.854 Y96.465 E332.45854
G1 X120 Y95.907 E332.47773
G1 F2400 E331.67773
G0 F9000 X118.89 Y95.32
G0 X118.793 Y94.933
G0 X118.954 Y93.7
G0 X119.313 Y92.177
G0 X120.498 Y92.486
G1 F2400 E332.47773
G1 X120.593 Y92.501 E332.48093
G1 X120.627 Y92.548 E332.48286
G1 X120.875 Y92.589 E332.49122
G1 X120.909 Y92.628 E332.49294
G1 X120.954 Y92.634 E332.49445
G1 X121.013 Y92.753 E332.49886
G1 X121.263 Y92.753 E332.50718
G1 X121.288 Y92.787 E332.50858
G1 X121.443 Y92.819 E332.51385
G1 X121.486 Y92.872 E332.51612
G1 X121.624 Y92.906 E332.52084
G1 X121.665 Y92.959 E332.52307
G1 X121.83 Y92.999 E332.52872
G1 X121.866 Y93.053 E332.53088
G1 X121.895 Y93.059 E332.53186
G1 X121.939 Y93.114 E332.53421
G1 X122 Y93.114 E332.53624
G1 X122 Y127.673 E333.68567
G1 X124 Y127.673 E333.75219
G1 X124 Y94.426 E334.85799
G1 X124.072 Y94.538 E334.86242
G1 X124.234 Y94.607 E334.86828
G1 X124.287 Y94.687 E334.87147
G1 X124.385 Y94.731 E334.87504
G1 X124.424 Y94.79 E334.87739
G1 X124.539 Y94.907 E334.88285
G1 X124.602 Y94.935 E334.88514
G1 X124.695 Y95.086 E334.89104
G1 X124.792 Y95.129 E334.89457
G1 X124.887 Y95.284 E334.90062
G1 X125.02 Y95.352 E334.90559
G1 X125.082 Y95.448 E334.90939
G1 X125.152 Y95.49 E334.9121
G1 X125.268 Y95.686 E334.91968
G1 X125.408 Y95.761 E334.92496
G1 X125.452 Y95.834 E334.92779
G1 X125.553 Y95.933 E334.9325
G1 X125.559 Y95.937 E334.93274
G1 X125.684 Y96.153 E334.94104
G1 X125.77 Y96.206 E334.9444
G1 X125.874 Y96.396 E334.9516
G1 X125.988 Y96.464 E334.95602
G1 X126 Y96.486 E334.95685
G1 X126 Y127.673 E335.99414
G1 X128 Y127.673 E336.06066
G1 X128 Y99.786 E336.98818
G1 X128.071 Y99.961 E336.99446
G1 X128.134 Y100.029 E336.99755
G1 X128.295 Y100.43 E337.01192
G1 X128.324 Y100.463 E337.01338
G1 X128.473 Y100.865 E337.02764
G1 X128.514 Y100.944 E337.0306
G1 X128.528 Y100.962 E337.03136
G1 X128.666 Y101.369 E337.04565
G1 X128.707 Y101.431 E337.04812
G1 X128.881 Y102.005 E337.06807
G1 X128.884 Y102.009 E337.06824
G1 X128.884 Y102.31 E337.07825
G1 X129.084 Y102.632 E337.09086
G1 X129.084 Y103.085 E337.10592
G1 X129.284 Y103.454 E337.11988
G1 X129.284 Y103.733 E337.12916
G1 X129.484 Y104.157 E337.14476
G1 X129.484 Y104.555 E337.15799
G1 X129.679 Y105.114 E337.17768
G1 X129.683 Y105.139 E337.17853
G1 X129.687 Y105.767 E337.19941
G1 X129.884 Y106.477 E337.22392
G1 X129.885 Y127.673 E337.9289
G1 X128 Y127.673 E337.9916
G1 F2400 E337.1916
G0 F9000 X128 Y128.898
G0 X119.643 Y128.898
G0 X119.643 Y128.127
;TYPE:SUPPORT-INTERFACE
G1 F2400 E337.9916
G1 F1500 X119.537 Y128.232 E337.99656
G0 F9000 X119.643 Y126.432
G1 F1500 X119.044 Y125.832 E338.02476
G0 F9000 X119.044 Y125.331
G1 F1500 X119.643 Y124.732 E338.05293
G0 F9000 X119.643 Y123.037
G1 F1500 X119.044 Y122.438 E338.08111
G0 F9000 X119.044 Y121.937
G1 F1500 X119.643 Y121.338 E338.10929
G0 F9000 X119.643 Y119.643
G1 F1500 X119.044 Y119.044 E338.13746
G0 F9000 X119.044 Y118.543
G1 F1500 X119.643 Y117.944 E338.16564
G0 F9000 X119.643 Y116.249
G1 F1500 X119.044 Y115.65 E338.19381
G0 F9000 X119.044 Y115.149
G1 F1500 X119.643 Y114.55 E338.22199
G0 F9000 X119.643 Y112.855
G1 F1500 X119.044 Y112.256 E338.25016
G0 F9000 X119.044 Y111.755
G1 F1500 X119.643 Y111.156 E338.27834
G0 F9000 X119.643 Y109.461
G1 F1500 X119.044 Y108.861 E338.30653
G0 F9000 X119.044 Y108.361
G1 F1500 X119.643 Y107.762 E338.33471
G0 F9000 X119.643 Y106.067
G1 F1500 X119.044 Y105.467 E338.36291
G0 F9000 X119.044 Y104.967
G1 F1500 X119.643 Y104.368 E338.39108
G0 F9000 X119.643 Y102.673
G1 F1500 X119.044 Y102.073 E338.41928
G0 F9000 X119.044 Y101.573
G1 F1500 X119.643 Y100.974 E338.44746
G1 F2400 E337.64746
;MESH:1x_1xm_pusher.stl
G0 F9000 X117.831 Y101.522
G0 X117.645 Y101.708
;TYPE:WALL-INNER
G1 F2400 E338.44746
G1 X117.645 Y101.907 E338.45408
G1 X117.644 Y127.633 E339.30973
G1 X97.344 Y127.633 E339.98491
G1 X90.681 Y122.922 E340.25632
G1 X90.681 Y113.342 E340.57495
G1 X92.605 Y110.059 E340.70151
G1 X104.415 Y101.708 E341.1826
G1 X117.446 Y101.708 E341.61601
G1 X117.645 Y101.708 E341.62029
G0 F9000 X118.045 Y101.308
;TYPE:WALL-OUTER
G1 F2400 X118.045 Y101.508 E341.62694
G1 X118.044 Y128.033 E342.50917
G1 X97.216 Y128.033 E343.20191
G1 X90.281 Y123.13 E343.48439
G1 X90.281 Y113.234 E343.81354
G1 X92.304 Y109.781 E343.94664
G1 X104.287 Y101.308 E344.43477
G1 X117.845 Y101.308 E344.88571
G1 X118.045 Y101.308 E344.89001
G0 F9000 X117.775 Y101.578
G0 X117.534 Y102.099
G0 X117.255 Y102.098
;TYPE:SKIN
G1 F1500 X117.254 Y127.243 E345.72634
G1 X97.467 Y127.243 E346.38446
G1 X91.071 Y122.721 E346.64499
G1 X91.071 Y113.449 E346.95338
G1 X92.9 Y110.328 E347.07369
G1 X104.539 Y102.098 E347.54781
G1 X117.255 Y102.098 E347.97075
G0 F9000 X117.534 Y102.099
G0 X117.462 Y127.451
G0 X116.727 Y127.523
G0 X116.727 Y127.082
G1 F1500 X117.094 Y126.716 E347.98798
G0 F9000 X117.094 Y126.15
G1 F1500 X116.162 Y127.082 E348.03182
G0 F9000 X115.596 Y127.082
G1 F1500 X117.094 Y125.584 E348.10228
G0 F9000 X117.094 Y125.019
G1 F1500 X115.03 Y127.082 E348.19934
G0 F9000 X114.465 Y127.082
G1 F1500 X117.094 Y124.453 E348.323
G0 F9000 X117.094 Y123.887
G1 F1500 X113.899 Y127.082 E348.47329
G0 F9000 X113.333 Y127.082
G1 F1500 X117.094 Y123.322 E348.65017
G0 F9000 X117.094 Y122.756
G1 F1500 X112.767 Y127.082 E348.85368
G0 F9000 X112.202 Y127.082
G1 F1500 X117.094 Y122.19 E349.08378
G0 F9000 X117.094 Y121.625
G1 F1500 X111.636 Y127.082 E349.34048
G0 F9000 X111.07 Y127.082
G1 F1500 X117.094 Y121.059 E349.62381
G0 F9000 X117.094 Y120.493
G1 F1500 X110.505 Y127.082 E349.93374
G0 F9000 X109.939 Y127.082
G1 F1500 X117.094 Y119.928 E350.27026
G0 F9000 X117.094 Y119.362
G1 F1500 X109.373 Y127.082 E350.63341
G0 F9000 X108.808 Y127.082
G1 F1500 X117.094 Y118.796 E351.02316
G0 F9000 X117.094 Y118.231
G1 F1500 X108.242 Y127.082 E351.43951
G0 F9000 X107.676 Y127.082
G1 F1500 X117.094 Y117.665 E351.88248
G0 F9000 X117.094 Y117.099
G1 F1500 X107.111 Y127.082 E352.35205
G0 F9000 X106.545 Y127.082
G1 F1500 X117.094 Y116.534 E352.84822
G0 F9000 X117.094 Y115.968
G1 F1500 X105.979 Y127.082 E353.37101
G0 F9000 X105.414 Y127.082
G1 F1500 X117.094 Y115.402 E353.9204
G0 F9000 X117.094 Y114.836
G1 F1500 X104.848 Y127.082 E354.49641
G0 F9000 X104.282 Y127.082
G1 F1500 X117.094 Y114.271 E355.09903
G0 F9000 X117.094 Y113.705
G1 F1500 X103.717 Y127.082 E355.72824
G0 F9000 X103.151 Y127.082
G1 F1500 X117.094 Y113.139 E356.38408
G0 F9000 X117.094 Y112.574
G1 F1500 X102.585 Y127.082 E357.06651
G0 F9000 X102.019 Y127.082
G1 F1500 X117.094 Y112.008 E357.77557
G0 F9000 X117.094 Y111.442
G1 F1500 X101.454 Y127.082 E358.51123
G0 F9000 X100.888 Y127.082
G1 F1500 X117.094 Y110.877 E359.27349
G0 F9000 X117.094 Y110.311
G1 F1500 X100.322 Y127.082 E360.06237
G0 F9000 X99.757 Y127.082
G1 F1500 X117.094 Y109.745 E360.87784
G0 F9000 X117.094 Y109.18
G1 F1500 X99.191 Y127.082 E361.71992
G0 F9000 X98.625 Y127.082
G1 F1500 X117.094 Y108.614 E362.58862
G0 F9000 X117.094 Y108.048
G1 F1500 X98.06 Y127.082 E363.48393
G0 F9000 X97.503 Y127.073
G1 F1500 X117.094 Y107.483 E364.4054
G0 F9000 X117.094 Y106.917
G1 F1500 X97.172 Y126.839 E365.34247
G0 F9000 X96.84 Y126.605
G1 F1500 X117.094 Y106.351 E366.29516
G0 F9000 X117.094 Y105.786
G1 F1500 X96.509 Y126.37 E367.26339
G0 F9000 X96.177 Y126.136
G1 F1500 X117.094 Y105.22 E368.24724
G0 F9000 X117.094 Y104.654
G1 F1500 X95.846 Y125.901 E369.24666
G0 F9000 X95.515 Y125.667
G1 F1500 X117.094 Y104.088 E370.26167
G0 F9000 X117.094 Y103.523
G1 F1500 X95.183 Y125.433 E371.29227
G0 F9000 X94.852 Y125.198
G1 F1500 X117.094 Y102.957 E372.33844
G0 F9000 X117.094 Y102.391
G1 F1500 X94.521 Y124.964 E373.40021
G0 F9000 X94.189 Y124.73
G1 F1500 X116.662 Y102.257 E374.45727
G0 F9000 X116.097 Y102.257
G1 F1500 X93.858 Y124.496 E375.50332
G0 F9000 X93.526 Y124.261
G1 F1500 X115.531 Y102.257 E376.53834
G0 F9000 X114.965 Y102.257
G1 F1500 X93.195 Y124.027 E377.56234
G0 F9000 X92.864 Y123.793
G1 F1500 X114.399 Y102.257 E378.5753
G0 F9000 X113.834 Y102.257
G1 F1500 X92.532 Y123.559 E379.57728
G0 F9000 X92.201 Y123.324
G1 F1500 X113.268 Y102.257 E380.56821
G0 F9000 X112.702 Y102.257
G1 F1500 X91.87 Y123.09 E381.54811
G0 F9000 X91.538 Y122.856
G1 F1500 X112.137 Y102.257 E382.51702
G0 F9000 X111.571 Y102.257
G1 F1500 X91.23 Y122.598 E383.4738
G0 F9000 X91.23 Y122.032
G1 F1500 X111.005 Y102.257 E384.40396
G0 F9000 X110.44 Y102.257
G1 F1500 X91.23 Y121.466 E385.30751
G0 F9000 X91.23 Y120.901
G1 F1500 X109.874 Y102.257 E386.18447
G0 F9000 X109.308 Y102.257
G1 F1500 X91.23 Y120.335 E387.0348
G0 F9000 X91.23 Y119.769
G1 F1500 X108.743 Y102.257 E387.85854
G0 F9000 X108.177 Y102.257
G1 F1500 X91.23 Y119.204 E388.65567
G0 F9000 X91.23 Y118.638
G1 F1500 X107.611 Y102.257 E389.42618
G0 F9000 X107.046 Y102.257
G1 F1500 X91.23 Y118.072 E390.1701
G0 F9000 X91.23 Y117.507
G1 F1500 X106.48 Y102.257 E390.88741
G0 F9000 X105.914 Y102.257
G1 F1500 X91.23 Y116.941 E391.5781
G0 F9000 X91.23 Y116.375
G1 F1500 X105.349 Y102.257 E392.24219
G0 F9000 X104.783 Y102.257
G1 F1500 X91.23 Y115.809 E392.87966
G0 F9000 X91.23 Y115.244
G1 F1500 X103.323 Y103.152 E393.44845
G0 F9000 X103.071 Y102.794
G0 X101.139 Y104.16
G0 X101.391 Y104.518
G1 F1500 X91.23 Y114.678 E393.92637
G0 F9000 X91.23 Y114.112
G1 F1500 X99.459 Y105.884 E394.31341
G0 F9000 X99.207 Y105.526
G0 X97.276 Y106.891
G0 X97.528 Y107.249
G1 F1500 X91.23 Y113.547 E394.60965
G0 F9000 X90.791 Y113.547
G0 X91.575 Y112.035
G0 X91.954 Y112.258
G1 F1500 X95.596 Y108.615 E394.78098
G0 F9000 X95.344 Y108.257
G0 X93.412 Y109.623
G0 X93.664 Y109.981
G1 F1500 X92.756 Y110.89 E394.82372
G0 F9000 X92.453 Y110.713
G1 F2400 E394.02372
;MESH:NONMESH
G0 F300 X92.453 Y110.713 Z1
G0 F9000 X92.376 Y110.668
G0 X92.734 Y110.177
G0 X104.469 Y101.88
G0 X117.831 Y101.522
G0 X117.831 Y100.443
G0 X118.992 Y93.41
G0 X119.411 Y91.801
G0 X120.249 Y92.019
;TIME_ELAPSED:514.012637
;LAYER:4
;TYPE:SUPPORT
G1 F2400 E394.82372
G1 X120.434 Y92.047 E394.82994
G1 X120.461 Y92.079 E394.83133
G1 X120.629 Y92.106 E394.83699
G1 X120.666 Y92.148 E394.83885
G1 X120.798 Y92.17 E394.84331
G1 X120.832 Y92.217 E394.84523
G1 X121.063 Y92.255 E394.85302
G1 X121.094 Y92.291 E394.8546
G1 X121.193 Y92.306 E394.85793
G1 X121.236 Y92.393 E394.86116
G1 X121.333 Y92.393 E394.86439
G1 X121.462 Y92.417 E394.86875
G1 X121.487 Y92.46 E394.8704
G1 X121.498 Y92.462 E394.87078
G1 X121.51 Y92.478 E394.87144
G1 X121.571 Y92.478 E394.87347
G1 X121.641 Y92.493 E394.87585
G1 X121.689 Y92.552 E394.87838
G1 X121.832 Y92.588 E394.88329
G1 X121.872 Y92.639 E394.88544
G1 X122.05 Y92.683 E394.89154
G1 X122.065 Y92.701 E394.89232
G1 X122.085 Y92.731 E394.89352
G1 X122.106 Y92.736 E394.89424
G1 X122.123 Y92.754 E394.89506
G1 X122.172 Y92.754 E394.89669
G1 X122.232 Y92.77 E394.89875
G1 X122.291 Y92.845 E394.90193
G1 X122.397 Y92.874 E394.90558
G1 X122.464 Y92.97 E394.90948
G1 X122.644 Y93.016 E394.91566
G1 X122.687 Y93.076 E394.91811
G1 X122.849 Y93.125 E394.92374
G1 X122.897 Y93.192 E394.92648
G1 X123.054 Y93.244 E394.93198
G1 X123.117 Y93.324 E394.93537
G1 X123.244 Y93.365 E394.93981
G1 X123.308 Y93.455 E394.94348
G1 X123.434 Y93.501 E394.94794
G1 X123.518 Y93.617 E394.95271
G1 X123.643 Y93.66 E394.9571
G1 X123.709 Y93.757 E394.96101
G1 X123.828 Y93.805 E394.96527
G1 X123.9 Y93.913 E394.96959
G1 X124.036 Y93.965 E394.97443
G1 X124.103 Y94.066 E394.97846
G1 X124.226 Y94.112 E394.98283
G1 X124.318 Y94.254 E394.98846
G1 X124.472 Y94.318 E394.99401
G1 X124.526 Y94.399 E394.99724
G1 X124.63 Y94.446 E395.00104
G1 X124.706 Y94.564 E395.00571
G1 X124.748 Y94.606 E395.00768
G1 X124.851 Y94.652 E395.01144
G1 X124.944 Y94.804 E395.01736
G1 X125.042 Y94.846 E395.02091
G1 X125.141 Y95.011 E395.02731
G1 X125.27 Y95.078 E395.03214
G1 X125.338 Y95.182 E395.03628
G1 X125.415 Y95.227 E395.03924
G1 X125.527 Y95.416 E395.04655
G1 X125.667 Y95.491 E395.05183
G1 X125.738 Y95.61 E395.05644
G1 X125.774 Y95.646 E395.05813
G1 X125.825 Y95.676 E395.0601
G1 X125.95 Y95.894 E395.06846
G1 X126.038 Y95.948 E395.07189
G1 X126.142 Y96.137 E395.07907
G1 X126.256 Y96.205 E395.08348
G1 X126.345 Y96.367 E395.08963
G1 X126.428 Y96.421 E395.09293
G1 X126.566 Y96.697 E395.10319
G1 X126.658 Y96.756 E395.10682
G1 X126.764 Y96.955 E395.11432
G1 X126.845 Y97.011 E395.1176
G1 X126.962 Y97.262 E395.12681
G1 X127.068 Y97.334 E395.13107
G1 X127.177 Y97.549 E395.13909
G1 X127.261 Y97.615 E395.14264
G1 X127.38 Y97.86 E395.1517
G1 X127.44 Y97.908 E395.15426
G1 X127.57 Y98.188 E395.16452
G1 X127.633 Y98.25 E395.16746
G1 X127.77 Y98.547 E395.17834
G1 X127.829 Y98.601 E395.181
G1 X127.997 Y98.986 E395.19497
G1 X128.067 Y99.051 E395.19815
G1 X128.177 Y99.314 E395.20763
G1 X128.22 Y99.368 E395.20993
G1 X128.38 Y99.765 E395.22417
G1 X128.444 Y99.834 E395.2273
G1 X128.607 Y100.239 E395.24182
G1 X128.636 Y100.271 E395.24325
G1 X128.804 Y100.72 E395.2592
G1 X128.82 Y100.752 E395.26039
G1 X128.852 Y100.794 E395.26214
G1 X128.993 Y101.213 E395.27685
G1 X129.036 Y101.277 E395.27941
G1 X129.208 Y101.845 E395.29915
G1 X129.244 Y101.893 E395.30115
G1 X129.244 Y102.207 E395.31159
G1 X129.444 Y102.529 E395.3242
G1 X129.444 Y102.993 E395.33963
G1 X129.644 Y103.361 E395.35356
G1 X129.644 Y103.652 E395.36324
G1 X129.844 Y104.076 E395.37883
G1 X129.844 Y104.494 E395.39273
G1 X130.03 Y105.026 E395.41148
G1 X130.043 Y105.114 E395.41444
G1 X130.047 Y105.717 E395.43449
G1 X130.234 Y106.387 E395.45763
G1 X130.244 Y106.436 E395.45929
G1 X130.245 Y128.033 E396.17761
G1 X120.044 Y128.033 E396.5169
G1 X120.044 Y98.968 E397.48361
G1 X119.256 Y98.866 E397.51003
G1 X119.387 Y98.376 E397.5269
G1 X119.283 Y97.987 E397.5403
G1 X119.574 Y96.877 E397.57846
G1 X119.574 Y96.824 E397.58022
G1 X119.481 Y96.465 E397.59256
G1 X119.781 Y95.325 E397.63177
G1 X119.685 Y94.939 E397.645
G1 X119.982 Y93.812 E397.68376
G1 X119.885 Y93.416 E397.69732
G1 X120.249 Y92.019 E397.74534
G0 F9000 X120.5 Y92.486
G1 F2400 X120.256 Y93.421 E397.77748
G1 X120.353 Y93.815 E397.79097
G1 X120.056 Y94.941 E397.8297
G1 X120.152 Y95.327 E397.84293
G1 X120 Y95.907 E397.86288
G1 X120 Y98.599 E397.95241
G1 X119.71 Y98.562 E397.96213
G1 X119.76 Y98.376 E397.96854
G1 X119.656 Y97.986 E397.98197
G1 X119.934 Y96.924 E398.01848
G1 X119.934 Y96.779 E398.0233
G1 X119.854 Y96.465 E398.03408
G1 X120 Y95.907 E398.05326
G1 F2400 E397.25326
G0 F9000 X118.89 Y95.32
G0 X118.793 Y94.933
G0 X118.955 Y93.702
G0 X119.314 Y92.177
G0 X120.5 Y92.486
G1 F2400 E398.05326
G1 X120.593 Y92.501 E398.0564
G1 X120.627 Y92.548 E398.05832
G1 X120.875 Y92.589 E398.06669
G1 X120.909 Y92.628 E398.06841
G1 X120.954 Y92.634 E398.06992
G1 X121.013 Y92.753 E398.07433
G1 X121.241 Y92.753 E398.08192
G1 X121.258 Y92.783 E398.08306
G1 X121.294 Y92.79 E398.08428
G1 X121.33 Y92.838 E398.08628
G1 X121.458 Y92.838 E398.09054
G1 X121.485 Y92.872 E398.09198
G1 X121.624 Y92.907 E398.09675
G1 X121.665 Y92.959 E398.09895
G1 X121.831 Y92.999 E398.10463
G1 X121.863 Y93.047 E398.10655
G1 X121.918 Y93.061 E398.10844
G1 X121.968 Y93.114 E398.11086
G1 X122 Y93.114 E398.11192
G1 X122 Y127.673 E399.26136
G1 X124 Y127.673 E399.32788
G1 X124 Y94.425 E400.43371
G1 X124.077 Y94.544 E400.43843
G1 X124.233 Y94.609 E400.44405
G1 X124.283 Y94.685 E400.44708
G1 X124.385 Y94.73 E400.45078
G1 X124.424 Y94.791 E400.45319
G1 X124.541 Y94.908 E400.45869
G1 X124.603 Y94.936 E400.46096
G1 X124.697 Y95.09 E400.46696
G1 X124.795 Y95.132 E400.4705
G1 X124.885 Y95.283 E400.47635
G1 X125.02 Y95.354 E400.48142
G1 X125.083 Y95.45 E400.48524
G1 X125.153 Y95.491 E400.48794
G1 X125.268 Y95.686 E400.49547
G1 X125.408 Y95.761 E400.50075
G1 X125.452 Y95.834 E400.50359
G1 X125.553 Y95.933 E400.50829
G1 X125.559 Y95.937 E400.50853
G1 X125.684 Y96.153 E400.51683
G1 X125.77 Y96.206 E400.52019
G1 X125.874 Y96.396 E400.5274
G1 X125.988 Y96.464 E400.53181
G1 X126 Y96.486 E400.53265
G1 X126 Y127.673 E401.56993
G1 X128 Y127.673 E401.63645
G1 X128 Y99.786 E402.56397
G1 X128.071 Y99.961 E402.57026
G1 X128.135 Y100.03 E402.57339
G1 X128.297 Y100.433 E402.58783
G1 X128.323 Y100.461 E402.5891
G1 X128.473 Y100.865 E402.60344
G1 X128.514 Y100.944 E402.6064
G1 X128.528 Y100.962 E402.60716
G1 X128.667 Y101.373 E402.62159
G1 X128.708 Y101.435 E402.62406
G1 X128.882 Y102.01 E402.64404
G0 F9000 X128.884 Y102.013
G1 F2400 X128.884 Y102.31 E402.65392
G1 X129.084 Y102.632 E402.66653
G1 X129.084 Y103.085 E402.68159
G1 X129.284 Y103.454 E402.69555
G1 X129.284 Y103.733 E402.70483
G1 X129.484 Y104.157 E402.72042
G1 X129.484 Y104.555 E402.73366
G1 X129.679 Y105.114 E402.75335
G1 X129.683 Y105.139 E402.75419
G1 X129.687 Y105.767 E402.77508
G1 X129.884 Y106.477 E402.79959
G1 X129.885 Y127.673 E403.50457
G1 X128 Y127.673 E403.56727
G1 F2400 E402.76727
G0 F9000 X128 Y128.898
G0 X119.843 Y128.898
G0 X119.843 Y127.926
;TYPE:SUPPORT-INTERFACE
G1 F2400 E403.56727
G1 F1500 X119.537 Y128.232 E403.58166
G0 F9000 X119.843 Y126.632
G1 F1500 X119.243 Y126.031 E403.60991
G0 F9000 X119.244 Y125.131
G1 F1500 X119.843 Y124.532 E403.63808
G0 F9000 X119.843 Y123.238
G1 F1500 X119.243 Y122.637 E403.66633
G0 F9000 X119.244 Y121.737
G1 F1500 X119.843 Y121.138 E403.6945
G0 F9000 X119.843 Y119.843
G1 F1500 X119.243 Y119.243 E403.72272
G0 F9000 X119.244 Y118.343
G1 F1500 X119.843 Y117.744 E403.7509
G0 F9000 X119.843 Y116.449
G1 F1500 X119.243 Y115.849 E403.77912
G0 F9000 X119.244 Y114.949
G1 F1500 X119.843 Y114.35 E403.8073
G0 F9000 X119.843 Y113.055
G1 F1500 X119.243 Y112.455 E403.83552
G0 F9000 X119.244 Y111.555
G1 F1500 X119.843 Y110.956 E403.86369
G0 F9000 X119.843 Y109.661
G1 F1500 X119.243 Y109.061 E403.89192
G0 F9000 X119.244 Y108.161
G1 F1500 X119.843 Y107.562 E403.92009
G0 F9000 X119.843 Y106.267
G1 F1500 X119.243 Y105.667 E403.94831
G0 F9000 X119.244 Y104.767
G1 F1500 X119.843 Y104.168 E403.97649
G0 F9000 X119.843 Y102.873
G1 F1500 X119.243 Y102.273 E404.00471
G0 F9000 X119.244 Y101.372
G1 F1500 X119.843 Y100.774 E404.03286
G0 F9000 X119.843 Y99.479
G1 F1500 X119.459 Y99.094 E404.05095
G1 F2400 E403.25095
;MESH:1x_1xm_pusher.stl
G0 F9000 X118.031 Y101.522
G0 X117.845 Y101.708
;TYPE:WALL-INNER
G1 F2400 E404.05095
G1 X117.845 Y101.907 E404.05757
G1 X117.844 Y127.633 E404.91322
G1 X97.544 Y127.633 E405.5884
G1 X90.881 Y122.922 E405.85981
G1 X90.881 Y113.342 E406.17844
G1 X92.805 Y110.059 E406.305
G1 X104.615 Y101.708 E406.78609
G1 X117.646 Y101.708 E407.2195
G1 X117.845 Y101.708 E407.22378
G0 F9000 X118.245 Y101.308
;TYPE:WALL-OUTER
G1 F2400 X118.245 Y101.508 E407.23043
G1 X118.244 Y128.033 E408.11266
G1 X97.416 Y128.033 E408.8054
G1 X90.481 Y123.13 E409.08788
G1 X90.481 Y113.234 E409.41703
G1 X92.504 Y109.781 E409.55013
G1 X104.487 Y101.308 E410.03826
G1 X118.045 Y101.308 E410.4892
G1 X118.245 Y101.308 E410.4935
G0 F9000 X117.975 Y101.578
G0 X111.446 Y101.866
;TYPE:FILL
G1 F4800 X104.585 Y127.473 E411.37524
G0 F9000 X111.501 Y127.472
G1 F4800 X93.671 Y109.642 E412.21391
G0 F9000 X97.703 Y106.79
G1 F4800 X93.027 Y124.242 E412.81484
G0 F9000 X96.574 Y126.751
G1 F4800 X117.682 Y121.095 E413.54166
G0 F9000 X117.683 Y124.953
G1 F4800 X117.008 Y127.472 E413.6284
G0 F9000 X117.684 Y116.684
G1 F4800 X103.612 Y102.612 E414.2903
G0 F9000 X117.683 Y108.672
G1 F4800 X91.04 Y115.811 E415.20771
G0 F9000 X91.081 Y115.811
G1 F2400 E414.40771
;MESH:NONMESH
G0 F300 X91.081 Y115.811 Z1.2
G0 F9000 X118.031 Y101.522
G0 X117.951 Y100.452
G0 X118.993 Y93.412
G0 X119.412 Y91.802
G0 X120.248 Y92.019
;TIME_ELAPSED:536.291353
;LAYER:5
;TYPE:SUPPORT
G1 F2400 E415.20771
G1 X120.434 Y92.047 E415.21397
G1 X120.461 Y92.079 E415.21536
G1 X120.629 Y92.106 E415.22102
G1 X120.666 Y92.148 E415.22288
G1 X120.798 Y92.17 E415.22733
G1 X120.832 Y92.217 E415.22926
G1 X120.998 Y92.244 E415.23485
G1 X120.998 Y92.277 E415.23595
G1 X121.084 Y92.29 E415.23884
G1 X121.149 Y92.3 E415.24103
G1 X121.193 Y92.307 E415.24251
G1 X121.236 Y92.393 E415.24571
G1 X121.333 Y92.393 E415.24894
G1 X121.457 Y92.417 E415.25314
G1 X121.478 Y92.458 E415.25467
G1 X121.641 Y92.493 E415.26022
G1 X121.689 Y92.552 E415.26275
G1 X121.832 Y92.588 E415.26765
G1 X121.872 Y92.639 E415.26981
G1 X122.044 Y92.681 E415.27569
G1 X122.08 Y92.727 E415.27764
G1 X122.232 Y92.77 E415.28289
G1 X122.292 Y92.845 E415.28609
G1 X122.397 Y92.874 E415.28971
G1 X122.464 Y92.97 E415.2936
G1 X122.644 Y93.016 E415.29978
G1 X122.687 Y93.076 E415.30224
G1 X122.849 Y93.125 E415.30787
G1 X122.897 Y93.192 E415.31061
G1 X123.054 Y93.244 E415.31611
G1 X123.107 Y93.311 E415.31895
G1 X123.162 Y93.338 E415.32099
G1 X123.243 Y93.365 E415.32383
G1 X123.332 Y93.488 E415.32888
G1 X123.393 Y93.488 E415.33091
G1 X123.436 Y93.504 E415.33243
G1 X123.518 Y93.617 E415.33708
G1 X123.643 Y93.66 E415.34147
G1 X123.709 Y93.757 E415.34537
G1 X123.828 Y93.805 E415.34964
G1 X123.9 Y93.913 E415.35396
G1 X124.037 Y93.966 E415.35884
G1 X124.103 Y94.067 E415.36286
G1 X124.227 Y94.114 E415.36727
G1 X124.318 Y94.254 E415.37282
G1 X124.472 Y94.318 E415.37837
G1 X124.527 Y94.4 E415.38165
G1 X124.628 Y94.446 E415.38534
G1 X124.726 Y94.596 E415.3913
G1 X124.851 Y94.653 E415.39587
G1 X124.944 Y94.804 E415.40177
G1 X125.04 Y94.845 E415.40524
G1 X125.14 Y95.012 E415.41172
G1 X125.271 Y95.079 E415.41661
G1 X125.339 Y95.182 E415.42072
G1 X125.415 Y95.226 E415.42364
G1 X125.527 Y95.416 E415.43097
G1 X125.667 Y95.491 E415.43626
G1 X125.738 Y95.61 E415.44086
G1 X125.774 Y95.646 E415.44256
G1 X125.825 Y95.676 E415.44453
G1 X125.95 Y95.894 E415.45288
G1 X126.038 Y95.948 E415.45632
G1 X126.142 Y96.137 E415.46349
G1 X126.256 Y96.205 E415.46791
G1 X126.345 Y96.367 E415.47406
G1 X126.428 Y96.421 E415.47735
G1 X126.566 Y96.697 E415.48761
G1 X126.658 Y96.756 E415.49125
G1 X126.765 Y96.956 E415.49879
G1 X126.844 Y97.009 E415.50196
G1 X126.961 Y97.261 E415.5112
G1 X127.067 Y97.333 E415.51546
G1 X127.177 Y97.55 E415.52355
G1 X127.261 Y97.616 E415.5271
G1 X127.38 Y97.861 E415.53616
G1 X127.439 Y97.909 E415.53869
G1 X127.57 Y98.188 E415.54894
G1 X127.633 Y98.25 E415.55188
G1 X127.772 Y98.551 E415.56291
G1 X127.83 Y98.604 E415.56552
G1 X127.997 Y98.986 E415.57939
G1 X128.067 Y99.051 E415.58257
G1 X128.177 Y99.314 E415.59205
G1 X128.221 Y99.368 E415.59437
G1 X128.378 Y99.763 E415.6085
G1 X128.445 Y99.833 E415.61173
G1 X128.607 Y100.24 E415.6263
G1 X128.635 Y100.27 E415.62766
G1 X128.804 Y100.72 E415.64365
G1 X128.82 Y100.752 E415.64484
G1 X128.852 Y100.794 E415.64659
G1 X128.995 Y101.215 E415.66138
G1 X129.036 Y101.276 E415.66383
G1 X129.208 Y101.845 E415.6836
G1 X129.244 Y101.892 E415.68557
G1 X129.244 Y102.207 E415.69604
G1 X129.444 Y102.529 E415.70865
G1 X129.444 Y102.993 E415.72408
G1 X129.644 Y103.361 E415.73802
G1 X129.644 Y103.652 E415.74769
G1 X129.844 Y104.076 E415.76329
G1 X129.844 Y104.494 E415.77719
G1 X130.03 Y105.026 E415.79593
G1 X130.043 Y105.114 E415.79889
G1 X130.047 Y105.717 E415.81895
G1 X130.234 Y106.387 E415.84208
G1 X130.244 Y106.436 E415.84375
G1 X130.245 Y128.033 E416.56207
G1 X120.244 Y128.033 E416.8947
G1 X120.244 Y97.441 E417.9122
G1 X119.453 Y97.339 E417.93872
G1 X119.574 Y96.877 E417.95461
G1 X119.574 Y96.824 E417.95637
G1 X119.481 Y96.465 E417.9687
G1 X119.781 Y95.325 E418.00791
G1 X119.685 Y94.939 E418.02114
G1 X119.976 Y93.834 E418.05915
G1 X119.976 Y93.78 E418.06094
G1 X119.884 Y93.414 E418.07349
G1 X120.248 Y92.019 E418.12145
G0 F9000 X120.498 Y92.486
G1 F2400 X120.256 Y93.415 E418.15338
G1 X120.336 Y93.735 E418.16435
G1 X120.336 Y93.881 E418.1692
G1 X120.056 Y94.941 E418.20567
G1 X120.152 Y95.327 E418.2189
G1 X120 Y95.907 E418.23884
G1 X120 Y97.046 E418.27672
G1 X119.905 Y97.034 E418.27991
G1 X119.934 Y96.924 E418.28369
G1 X119.934 Y96.779 E418.28851
G1 X119.854 Y96.465 E418.29929
G1 X120 Y95.907 E418.31848
G1 F2400 E417.51848
G0 F9000 X118.89 Y95.32
G0 X118.793 Y94.933
G0 X118.955 Y93.7
G0 X119.314 Y92.178
G0 X120.498 Y92.486
G1 F2400 E418.31848
G1 X120.593 Y92.501 E418.32167
G1 X120.627 Y92.548 E418.3236
G1 X120.638 Y92.55 E418.32398
G1 X120.638 Y92.586 E418.32517
G1 X120.954 Y92.634 E418.3358
G1 X121.013 Y92.753 E418.34022
G1 X121.224 Y92.754 E418.34724
G1 X121.234 Y92.774 E418.34798
G1 X121.441 Y92.818 E418.35502
G1 X121.485 Y92.872 E418.35734
G1 X121.623 Y92.906 E418.36207
G1 X121.664 Y92.959 E418.36429
G1 X121.837 Y93.001 E418.37022
G1 X121.87 Y93.042 E418.37197
G1 X122 Y93.078 E418.37645
G1 X122 Y127.673 E419.52709
G1 X124 Y127.673 E419.59361
G1 X124 Y94.426 E420.69941
G1 X124.077 Y94.544 E420.70409
G1 X124.234 Y94.609 E420.70974
G1 X124.284 Y94.685 E420.71277
G1 X124.385 Y94.731 E420.71646
G1 X124.481 Y94.88 E420.72236
G1 X124.602 Y94.936 E420.72679
G1 X124.697 Y95.09 E420.73281
G1 X124.79 Y95.13 E420.73618
G1 X124.885 Y95.286 E420.74225
G1 X125.023 Y95.356 E420.7474
G1 X125.085 Y95.451 E420.75117
G1 X125.153 Y95.49 E420.75378
G1 X125.268 Y95.686 E420.76134
G1 X125.408 Y95.761 E420.76662
G1 X125.452 Y95.834 E420.76945
G1 X125.553 Y95.933 E420.77416
G1 X125.559 Y95.937 E420.7744
G1 X125.684 Y96.153 E420.7827
G1 X125.77 Y96.206 E420.78606
G1 X125.874 Y96.396 E420.79326
G1 X125.988 Y96.464 E420.79768
G1 X126 Y96.486 E420.79851
G1 X126 Y127.673 E421.8358
G1 X128 Y127.673 E421.90232
G1 X128 Y99.786 E422.82984
G1 X128.07 Y99.961 E422.83611
G1 X128.136 Y100.031 E422.83931
G1 X128.297 Y100.436 E422.85381
G1 X128.323 Y100.464 E422.85508
G1 X128.474 Y100.865 E422.86933
G1 X128.515 Y100.944 E422.87229
G1 X128.53 Y100.965 E422.87315
G1 X128.669 Y101.375 E422.88755
G1 X128.708 Y101.434 E422.8899
G1 X128.882 Y102.012 E422.90997
G0 F9000 X128.884 Y102.015
G1 F2400 X128.884 Y102.31 E422.91979
G1 X129.084 Y102.632 E422.93239
G1 X129.084 Y103.085 E422.94746
G1 X129.284 Y103.454 E422.96142
G1 X129.284 Y103.733 E422.9707
G1 X129.484 Y104.157 E422.98629
G1 X129.484 Y104.555 E422.99953
G1 X129.679 Y105.114 E423.01922
G1 X129.683 Y105.139 E423.02006
G1 X129.687 Y105.767 E423.04095
G1 X129.884 Y106.477 E423.06546
G1 X129.885 Y127.673 E423.77044
G1 X128 Y127.673 E423.83313
G1 F2400 E423.03313
G0 F9000 X128 Y128.898
G0 X120.043 Y128.898
G0 X120.043 Y127.726
;TYPE:SUPPORT-INTERFACE
G1 F2400 E423.83313
G1 F1500 X119.537 Y128.232 E423.85694
G0 F9000 X120.044 Y126.832
G1 F1500 X119.444 Y126.232 E423.88516
G0 F9000 X119.444 Y124.931
G1 F1500 X120.043 Y124.332 E423.91333
G0 F9000 X120.044 Y123.438
G1 F1500 X119.444 Y122.838 E423.94156
G0 F9000 X119.444 Y121.537
G1 F1500 X120.043 Y120.938 E423.96973
G0 F9000 X120.044 Y120.044
G1 F1500 X119.444 Y119.444 E423.99795
G0 F9000 X119.444 Y118.143
G1 F1500 X120.043 Y117.544 E424.02613
G0 F9000 X120.044 Y116.649
G1 F1500 X119.444 Y116.05 E424.05433
G0 F9000 X119.444 Y114.749
G1 F1500 X120.043 Y114.15 E424.0825
G0 F9000 X120.044 Y113.255
G1 F1500 X119.444 Y112.656 E424.1107
G0 F9000 X119.444 Y111.355
G1 F1500 X120.043 Y110.756 E424.13888
G0 F9000 X120.044 Y109.861
G1 F1500 X119.444 Y109.262 E424.16707
G0 F9000 X119.444 Y107.961
G1 F1500 X120.043 Y107.362 E424.19525
G0 F9000 X120.044 Y106.467
G1 F1500 X119.444 Y105.868 E424.22345
G0 F9000 X119.444 Y104.566
G1 F1500 X120.043 Y103.968 E424.2516
G0 F9000 X120.044 Y103.073
G1 F1500 X119.444 Y102.473 E424.27982
G0 F9000 X119.444 Y101.172
G1 F1500 X120.043 Y100.573 E424.308
G0 F9000 X120.044 Y99.679
G1 F1500 X119.086 Y98.722 E424.35303
G0 F9000 X119.109 Y98.113
G1 F1500 X119.656 Y97.566 E424.37876
G1 F2400 E423.57876
;MESH:1x_1xm_pusher.stl
G0 F9000 X118.559 Y97.339
G0 X118.389 Y97.99
G0 X118.277 Y98.853
G0 X118.155 Y100.452
G0 X118.231 Y101.522
G0 X118.045 Y101.708
;TYPE:WALL-INNER
G1 F2400 E424.37876
G1 X118.045 Y101.907 E424.38538
G1 X118.044 Y127.633 E425.24103
G1 X97.744 Y127.633 E425.91621
G1 X91.081 Y122.922 E426.18762
G1 X91.081 Y113.342 E426.50626
G1 X93.005 Y110.059 E426.63282
G1 X104.815 Y101.708 E427.1139
G1 X117.846 Y101.708 E427.54731
G1 X118.045 Y101.708 E427.5516
G0 F9000 X118.445 Y101.308
;TYPE:WALL-OUTER
G1 F2400 X118.445 Y101.508 E427.55825
G1 X118.444 Y128.033 E428.44047
G1 X97.616 Y128.033 E429.13322
G1 X90.681 Y123.13 E429.4157
G1 X90.681 Y113.234 E429.74484
G1 X92.704 Y109.781 E429.87795
G1 X104.687 Y101.308 E430.36607
G1 X118.245 Y101.308 E430.81701
G1 X118.445 Y101.308 E430.82132
G0 F9000 X118.175 Y101.578
G0 X111.3 Y101.866
;TYPE:FILL
G1 F4800 X104.439 Y127.473 E431.70305
G0 F9000 X111.7 Y127.472
G1 F4800 X93.871 Y109.642 E432.5417
G0 F9000 X97.477 Y107.091
G1 F4800 X92.936 Y124.037 E433.12521
G0 F9000 X96.868 Y126.818
G1 F4800 X117.882 Y121.188 E433.84879
G0 F9000 X117.883 Y123.662
G1 F4800 X116.862 Y127.472 E433.97998
G0 F9000 X117.883 Y116.684
G1 F4800 X103.812 Y102.613 E434.64184
G0 F9000 X117.883 Y108.764
G1 F4800 X91.24 Y115.903 E435.55925
G0 F9000 X91.281 Y115.903
G1 F2400 E434.75925
;MESH:NONMESH
G0 F300 X91.281 Y115.903 Z1.4
G0 F9000 X118.231 Y101.522
G0 X118.155 Y100.452
G0 X118.191 Y99.515
G0 X118.993 Y93.41
G0 X119.412 Y91.802
G0 X120.249 Y92.02
;TIME_ELAPSED:558.703149
;LAYER:6
;TYPE:SUPPORT
G1 F2400 E435.55925
G1 X120.435 Y92.047 E435.5655
G1 X120.461 Y92.079 E435.56687
G1 X120.629 Y92.106 E435.57253
G1 X120.666 Y92.148 E435.57439
G1 X120.798 Y92.17 E435.57884
G1 X120.832 Y92.217 E435.58077
G1 X121.054 Y92.254 E435.58826
G1 X121.08 Y92.285 E435.5896
G1 X121.193 Y92.307 E435.59343
G1 X121.236 Y92.393 E435.59663
G1 X121.333 Y92.393 E435.59986
G1 X121.457 Y92.417 E435.60406
G1 X121.491 Y92.46 E435.60588
G1 X121.641 Y92.493 E435.61099
G1 X121.689 Y92.552 E435.61352
G1 X121.832 Y92.589 E435.61843
G1 X121.856 Y92.636 E435.62019
G1 X121.873 Y92.64 E435.62077
G1 X121.878 Y92.646 E435.62103
G1 X121.933 Y92.655 E435.62288
G1 X122.045 Y92.682 E435.62671
G1 X122.08 Y92.727 E435.62861
G1 X122.232 Y92.77 E435.63386
G1 X122.292 Y92.845 E435.63706
G1 X122.397 Y92.874 E435.64068
G1 X122.464 Y92.97 E435.64457
G1 X122.644 Y93.016 E435.65075
G1 X122.687 Y93.076 E435.65321
G1 X122.849 Y93.125 E435.65884
G1 X122.897 Y93.192 E435.66158
G1 X123.054 Y93.244 E435.66708
G1 X123.107 Y93.311 E435.66992
G1 X123.162 Y93.338 E435.67196
G1 X123.243 Y93.365 E435.6748
G1 X123.332 Y93.488 E435.67985
G1 X123.393 Y93.488 E435.68188
G1 X123.436 Y93.504 E435.6834
G1 X123.518 Y93.617 E435.68805
G1 X123.643 Y93.66 E435.69244
G1 X123.709 Y93.757 E435.69635
G1 X123.828 Y93.805 E435.70061
G1 X123.9 Y93.913 E435.70493
G1 X124.037 Y93.966 E435.70982
G1 X124.103 Y94.067 E435.71383
G1 X124.227 Y94.114 E435.71824
G1 X124.318 Y94.254 E435.72379
G1 X124.472 Y94.318 E435.72934
G1 X124.524 Y94.396 E435.73246
G1 X124.544 Y94.406 E435.7332
G1 X124.548 Y94.41 E435.73339
G1 X124.627 Y94.446 E435.73628
G1 X124.726 Y94.598 E435.74231
G1 X124.853 Y94.656 E435.74695
G1 X124.944 Y94.804 E435.75273
G1 X125.04 Y94.845 E435.75621
G1 X125.14 Y95.012 E435.76268
G1 X125.271 Y95.079 E435.76757
G1 X125.339 Y95.182 E435.77168
G1 X125.415 Y95.226 E435.7746
G1 X125.527 Y95.416 E435.78193
G1 X125.667 Y95.491 E435.78722
G1 X125.738 Y95.61 E435.79183
G1 X125.774 Y95.646 E435.79352
G1 X125.825 Y95.676 E435.79549
G1 X125.95 Y95.894 E435.80385
G1 X126.038 Y95.948 E435.80728
G1 X126.142 Y96.137 E435.81445
G1 X126.256 Y96.205 E435.81887
G1 X126.345 Y96.367 E435.82502
G1 X126.428 Y96.421 E435.82831
G1 X126.566 Y96.697 E435.83857
G1 X126.658 Y96.756 E435.84221
G1 X126.765 Y96.956 E435.84975
G1 X126.844 Y97.009 E435.85292
G1 X126.961 Y97.261 E435.86216
G1 X127.067 Y97.333 E435.86642
G1 X127.177 Y97.55 E435.87451
G1 X127.261 Y97.616 E435.87807
G1 X127.38 Y97.861 E435.88712
G1 X127.439 Y97.909 E435.88965
G1 X127.57 Y98.188 E435.89991
G1 X127.633 Y98.251 E435.90287
G1 X127.772 Y98.554 E435.91396
G1 X127.831 Y98.607 E435.91659
G1 X127.997 Y98.987 E435.93039
G1 X128.068 Y99.053 E435.93361
G1 X128.151 Y99.253 E435.94081
G1 X128.151 Y99.282 E435.94178
G1 X128.175 Y99.312 E435.94306
G1 X128.179 Y99.321 E435.94338
G1 X128.195 Y99.336 E435.94411
G1 X128.221 Y99.369 E435.94551
G1 X128.378 Y99.763 E435.95962
G1 X128.445 Y99.833 E435.96284
G1 X128.607 Y100.24 E435.97741
G1 X128.633 Y100.268 E435.97868
G1 X128.809 Y100.735 E435.99528
G1 X128.852 Y100.794 E435.99771
G1 X128.995 Y101.215 E436.01249
G1 X129.036 Y101.276 E436.01494
G1 X129.208 Y101.846 E436.03474
G1 X129.244 Y101.892 E436.03668
G1 X129.244 Y102.207 E436.04716
G1 X129.444 Y102.529 E436.05977
G1 X129.444 Y102.993 E436.0752
G1 X129.644 Y103.361 E436.08913
G1 X129.644 Y103.652 E436.09881
G1 X129.844 Y104.076 E436.1144
G1 X129.844 Y104.494 E436.12831
G1 X130.03 Y105.026 E436.14705
G1 X130.043 Y105.114 E436.15001
G1 X130.047 Y105.717 E436.17007
G1 X130.234 Y106.387 E436.1932
G1 X130.244 Y106.436 E436.19487
G1 X130.245 Y128.033 E436.91318
G1 X120.444 Y128.033 E437.23917
G1 X120.443 Y127.351 E437.26185
G1 X120.445 Y127.069 E437.27123
G1 X120.444 Y95.914 E438.30745
G1 X119.653 Y95.812 E438.33398
G1 X119.781 Y95.325 E438.35072
G1 X119.685 Y94.939 E438.36395
G1 X119.976 Y93.834 E438.40196
G1 X119.976 Y93.781 E438.40372
G1 X119.884 Y93.414 E438.41631
G1 X120.249 Y92.02 E438.46423
G0 F9000 X120.499 Y92.486
G1 F2400 X120.255 Y93.415 E438.49618
G1 X120.336 Y93.736 E438.50719
G1 X120.336 Y93.881 E438.51201
G1 X120.056 Y94.941 E438.54848
G1 X120.152 Y95.327 E438.56171
G1 X120.105 Y95.507 E438.5679
G1 X120.804 Y95.597 E438.59134
G1 X120.805 Y127.071 E439.63817
G1 X120.803 Y127.353 E439.64755
G1 X120.804 Y127.673 E439.65819
G1 X122 Y127.673 E439.69797
G1 X122 Y93.079 E440.84857
G1 X121.867 Y93.042 E440.85316
G1 X121.838 Y93.004 E440.85475
G1 X121.687 Y92.979 E440.85984
G1 X121.674 Y92.963 E440.86053
G1 X121.611 Y92.948 E440.86268
G1 X121.585 Y92.897 E440.86459
G1 X121.484 Y92.871 E440.86805
G1 X121.441 Y92.817 E440.87035
G1 X121.287 Y92.784 E440.87559
G1 X121.263 Y92.753 E440.87689
G1 X121.013 Y92.753 E440.88521
G1 X120.951 Y92.627 E440.88988
G1 X120.886 Y92.615 E440.89208
G1 X120.863 Y92.587 E440.89328
G1 X120.627 Y92.548 E440.90124
G1 X120.593 Y92.501 E440.90317
G1 X120.499 Y92.486 E440.90633
G1 F2400 E440.10633
G0 F9000 X121.343 Y91.458
G0 X121.908 Y91.624
G0 X123.372 Y92.382
G0 X124.797 Y93.407
G0 X125.844 Y94.403
G0 X126.899 Y95.584
G0 X128.136 Y97.361
G0 X129.186 Y99.362
G0 X129.547 Y100.232
G0 X129.999 Y101.476
G0 X128.882 Y102.014
G1 F2400 E440.90633
G1 X128.708 Y101.434 E440.92647
G1 X128.669 Y101.375 E440.92883
G1 X128.529 Y100.963 E440.9433
G1 X128.489 Y100.908 E440.94556
G1 X128.321 Y100.462 E440.96141
G1 X128.297 Y100.436 E440.96259
G1 X128.136 Y100.031 E440.97708
G1 X128.07 Y99.961 E440.98028
G1 X128 Y99.787 E440.98652
G1 X128 Y127.673 E441.91401
G1 X126 Y127.673 E441.98053
G1 X126 Y96.486 E443.01782
G1 X125.988 Y96.464 E443.01865
G1 X125.874 Y96.396 E443.02307
G1 X125.77 Y96.206 E443.03027
G1 X125.684 Y96.153 E443.03363
G1 X125.559 Y95.937 E443.04193
G1 X125.553 Y95.933 E443.04217
G1 X125.452 Y95.834 E443.04688
G1 X125.408 Y95.761 E443.04971
G1 X125.268 Y95.686 E443.05499
G1 X125.153 Y95.49 E443.06255
G1 X125.085 Y95.451 E443.06516
G1 X125.023 Y95.356 E443.06893
G1 X124.885 Y95.286 E443.07408
G1 X124.79 Y95.13 E443.08015
G1 X124.697 Y95.09 E443.08352
G1 X124.604 Y94.939 E443.08942
G1 X124.481 Y94.882 E443.09393
G1 X124.383 Y94.731 E443.09991
G1 X124.339 Y94.711 E443.10152
G1 X124.33 Y94.701 E443.10197
G1 X124.277 Y94.675 E443.10393
G1 X124.234 Y94.61 E443.10653
G1 X124.077 Y94.544 E443.11219
G1 X124 Y94.426 E443.11688
G1 X124 Y127.673 E444.22268
G1 X122 Y127.673 E444.2892
G1 F2400 E443.4892
G0 F9000 X122 Y128.898
G0 X128 Y128.898
G0 X128 Y127.673
G1 F2400 E444.2892
G1 X129.885 Y127.673 E444.35189
G1 X129.884 Y106.477 E445.05687
G1 X129.687 Y105.767 E445.08138
G1 X129.683 Y105.139 E445.10227
G1 X129.679 Y105.114 E445.10311
G1 X129.484 Y104.555 E445.1228
G1 X129.484 Y104.157 E445.13604
G1 X129.284 Y103.733 E445.15163
G1 X129.284 Y103.454 E445.16091
G1 X129.084 Y103.085 E445.17487
G1 X129.084 Y102.632 E445.18994
G1 X128.884 Y102.31 E445.20254
G1 X128.884 Y102.017 E445.21229
G1 F2400 E444.41229
G0 F9000 X130.107 Y101.962
G0 X130.107 Y101.654
G0 X129.186 Y99.362
G0 X128.136 Y97.361
G0 X126.899 Y95.584
G0 X125.634 Y94.16
G0 X124.191 Y92.938
G0 X122.731 Y92.011
G0 X121.285 Y91.38
G0 X120.728 Y91.216
G0 X119.615 Y91.062
G0 X118.993 Y93.41
G0 X118.272 Y98.904
G0 X118.154 Y100.452
G0 X120.244 Y103.273
;TYPE:SUPPORT-INTERFACE
G1 F2400 E445.21229
G1 F1500 X119.643 Y102.673 E445.24054
G0 F9000 X120.243 Y103.767
G1 F1500 X119.643 Y104.367 E445.26876
G0 F9000 X119.643 Y106.067
G1 F1500 X120.244 Y106.667 E445.297
G0 F9000 X120.243 Y107.162
G1 F1500 X119.643 Y107.761 E445.3252
G0 F9000 X119.643 Y109.461
G1 F1500 X120.244 Y110.061 E445.35345
G0 F9000 X120.243 Y110.556
G1 F1500 X119.643 Y111.155 E445.38165
G0 F9000 X119.643 Y112.855
G1 F1500 X120.244 Y113.456 E445.40992
G0 F9000 X120.244 Y113.949
G1 F1500 X119.643 Y114.549 E445.43816
G0 F9000 X119.643 Y116.249
G1 F1500 X120.244 Y116.85 E445.46643
G0 F9000 X120.244 Y117.343
G1 F1500 X119.643 Y117.943 E445.49468
G0 F9000 X119.643 Y119.643
G1 F1500 X120.244 Y120.244 E445.52295
G0 F9000 X120.244 Y120.737
G1 F1500 X119.643 Y121.338 E445.55121
G0 F9000 X119.643 Y123.037
G1 F1500 X120.244 Y123.639 E445.57951
G0 F9000 X120.244 Y124.131
G1 F1500 X119.643 Y124.732 E445.60778
G0 F9000 X119.643 Y126.432
G1 F1500 X120.244 Y127.033 E445.63605
G0 F9000 X120.242 Y127.527
G1 F1500 X119.643 Y128.126 E445.66422
G1 F2400 E444.86422
G0 F9000 X119.643 Y128.898
G0 X130.602 Y128.894
G0 X131.106 Y128.39
G0 X131.073 Y106.177
G0 X130.663 Y103.783
G0 X130.107 Y101.654
G0 X129.186 Y99.362
G0 X128.136 Y97.361
G0 X126.899 Y95.584
G0 X125.634 Y94.16
G0 X124.191 Y92.938
G0 X122.731 Y92.011
G0 X121.285 Y91.38
G0 X120.728 Y91.216
G0 X119.615 Y91.062
G0 X118.993 Y93.41
G0 X118.272 Y98.904
G0 X118.154 Y100.452
G0 X119.643 Y100.973
G1 F2400 E445.66422
G1 F1500 X120.243 Y100.373 E445.69244
G0 F9000 X120.244 Y99.879
G1 F1500 X119.086 Y98.722 E445.74689
G0 F9000 X119.109 Y98.113
G1 F1500 X120.243 Y96.979 E445.80023
G0 F9000 X120.244 Y96.485
G1 F1500 X119.79 Y96.031 E445.82158
G1 F2400 E445.02158
;MESH:1x_1xm_pusher.stl
G0 F9000 X118.76 Y95.812
G0 X118.588 Y96.466
G0 X118.267 Y98.935
G0 X118.154 Y100.452
G0 X118.431 Y101.522
G0 X118.245 Y101.708
;TYPE:WALL-INNER
G1 F2400 E445.82158
G1 X118.245 Y101.907 E445.8282
G1 X118.244 Y127.633 E446.68385
G1 X97.944 Y127.633 E447.35903
G1 X91.281 Y122.922 E447.63044
G1 X91.281 Y113.342 E447.94907
G1 X93.205 Y110.059 E448.07564
G1 X105.015 Y101.708 E448.55672
G1 X118.046 Y101.708 E448.99013
G1 X118.245 Y101.708 E448.99442
G0 F9000 X118.645 Y101.308
;TYPE:WALL-OUTER
G1 F2400 X118.645 Y101.508 E449.00107
G1 X118.644 Y128.033 E449.88329
G1 X97.816 Y128.033 E450.57604
G1 X90.881 Y123.13 E450.85852
G1 X90.881 Y113.234 E451.18766
G1 X92.904 Y109.781 E451.32077
G1 X104.887 Y101.308 E451.80889
G1 X118.445 Y101.308 E452.25983
G1 X118.645 Y101.308 E452.26414
G0 F9000 X118.375 Y101.578
G0 X111.154 Y101.866
;TYPE:FILL
G1 F4800 X104.293 Y127.472 E453.14584
G0 F9000 X97.163 Y126.885
G1 F4800 X118.082 Y121.28 E453.86615
G0 F9000 X118.083 Y122.371
G1 F4800 X116.716 Y127.473 E454.04183
G0 F9000 X111.9 Y127.472
G1 F4800 X94.071 Y109.643 E454.88045
G0 F9000 X97.25 Y107.393
G1 F4800 X92.845 Y123.83 E455.44644
G0 F9000 X91.441 Y115.995
G1 F4800 X118.082 Y108.857 E456.36378
G0 F9000 X118.084 Y116.686
G1 F4800 X104.011 Y102.613 E457.02573
G0 F9000 X104.032 Y102.646
G1 F2400 E456.22573
;MESH:NONMESH
G0 F300 X104.032 Y102.646 Z1.6
G0 F9000 X118.431 Y101.522
G0 X118.154 Y100.452
G0 X118.191 Y99.515
G0 X118.993 Y93.41
G0 X119.412 Y91.802
G0 X120.249 Y92.02
;TIME_ELAPSED:584.125129
;LAYER:7
;TYPE:SUPPORT
G1 F2400 E457.02573
G1 X120.435 Y92.047 E457.03198
G1 X120.461 Y92.079 E457.03335
G1 X120.629 Y92.106 E457.03901
G1 X120.666 Y92.148 E457.04087
G1 X120.798 Y92.17 E457.04532
G1 X120.832 Y92.217 E457.04725
G1 X121.054 Y92.254 E457.05474
G1 X121.08 Y92.285 E457.05608
G1 X121.193 Y92.307 E457.05991
G1 X121.236 Y92.393 E457.06311
G1 X121.333 Y92.393 E457.06634
G1 X121.457 Y92.417 E457.07054
G1 X121.491 Y92.46 E457.07236
G1 X121.641 Y92.493 E457.07747
G1 X121.689 Y92.552 E457.08
G1 X121.832 Y92.589 E457.08491
G1 X121.856 Y92.636 E457.08667
G1 X121.873 Y92.64 E457.08725
G1 X121.878 Y92.646 E457.08751
G1 X121.933 Y92.655 E457.08936
G1 X122.045 Y92.682 E457.09319
G1 X122.08 Y92.727 E457.09509
G1 X122.232 Y92.77 E457.10034
G1 X122.292 Y92.845 E457.10354
G1 X122.397 Y92.874 E457.10716
G1 X122.464 Y92.97 E457.11105
G1 X122.644 Y93.016 E457.11723
G1 X122.687 Y93.076 E457.11969
G1 X122.848 Y93.125 E457.12529
G1 X122.898 Y93.192 E457.12807
G1 X123.053 Y93.244 E457.1335
G1 X123.116 Y93.324 E457.13689
G1 X123.245 Y93.366 E457.1414
G1 X123.332 Y93.488 E457.14639
G1 X123.393 Y93.488 E457.14842
G1 X123.436 Y93.504 E457.14994
G1 X123.518 Y93.617 E457.15459
G1 X123.643 Y93.66 E457.15898
G1 X123.709 Y93.757 E457.16289
G1 X123.828 Y93.805 E457.16715
G1 X123.9 Y93.913 E457.17147
G1 X124.037 Y93.966 E457.17636
G1 X124.103 Y94.067 E457.18037
G1 X124.227 Y94.114 E457.18478
G1 X124.318 Y94.254 E457.19033
G1 X124.472 Y94.318 E457.19588
G1 X124.53 Y94.403 E457.1993
G1 X124.629 Y94.448 E457.20292
G1 X124.726 Y94.598 E457.20886
G1 X124.854 Y94.656 E457.21353
G1 X124.943 Y94.804 E457.21928
G1 X125.04 Y94.845 E457.22278
G1 X125.14 Y95.012 E457.22926
G1 X125.271 Y95.079 E457.23415
G1 X125.337 Y95.183 E457.23825
G1 X125.415 Y95.227 E457.24122
G1 X125.527 Y95.416 E457.24853
G1 X125.667 Y95.491 E457.25381
G1 X125.738 Y95.61 E457.25842
G1 X125.774 Y95.646 E457.26012
G1 X125.825 Y95.676 E457.26208
G1 X125.95 Y95.894 E457.27044
G1 X126.038 Y95.948 E457.27388
G1 X126.142 Y96.137 E457.28105
G1 X126.256 Y96.205 E457.28547
G1 X126.345 Y96.367 E457.29161
G1 X126.428 Y96.421 E457.29491
G1 X126.566 Y96.697 E457.30517
G1 X126.658 Y96.755 E457.30879
G1 X126.753 Y96.936 E457.31559
G1 X126.79 Y96.973 E457.31733
G1 X126.844 Y97.009 E457.31949
G1 X126.961 Y97.261 E457.32873
G1 X127.067 Y97.333 E457.33299
G1 X127.177 Y97.55 E457.34108
G1 X127.26 Y97.615 E457.34459
G1 X127.379 Y97.863 E457.35374
G1 X127.44 Y97.911 E457.35632
G1 X127.571 Y98.192 E457.36663
G1 X127.635 Y98.254 E457.36959
G1 X127.774 Y98.558 E457.38071
G1 X127.832 Y98.609 E457.38328
G1 X127.997 Y98.987 E457.397
G1 X128.067 Y99.052 E457.40017
G1 X128.176 Y99.315 E457.40964
G1 X128.222 Y99.371 E457.41205
G1 X128.378 Y99.763 E457.42609
G1 X128.445 Y99.833 E457.42931
G1 X128.607 Y100.24 E457.44388
G1 X128.633 Y100.268 E457.44515
G1 X128.809 Y100.735 E457.46175
G1 X128.852 Y100.794 E457.46418
G1 X128.995 Y101.215 E457.47897
G1 X129.036 Y101.276 E457.48141
G1 X129.208 Y101.846 E457.50121
G1 X129.244 Y101.892 E457.50316
G1 X129.244 Y102.207 E457.51363
G1 X129.444 Y102.529 E457.52624
G1 X129.444 Y102.993 E457.54167
G1 X129.644 Y103.361 E457.5556
G1 X129.644 Y103.652 E457.56528
G1 X129.844 Y104.076 E457.58087
G1 X129.844 Y104.494 E457.59478
G1 X130.03 Y105.026 E457.61352
G1 X130.043 Y105.114 E457.61648
G1 X130.047 Y105.719 E457.6366
G1 X130.231 Y106.373 E457.6592
G1 X130.244 Y106.436 E457.66134
G1 X130.245 Y128.033 E458.37966
G1 X120.644 Y128.033 E458.69899
G1 X120.644 Y94.386 E459.81809
G1 X119.858 Y94.285 E459.84445
G1 X119.966 Y93.872 E459.85865
G1 X119.989 Y93.826 E459.86036
G1 X119.884 Y93.413 E459.87453
G1 X120.249 Y92.02 E459.92243
G0 F9000 X120.499 Y92.486
G1 F2400 X120.255 Y93.415 E459.95437
G1 X120.371 Y93.867 E459.9699
G1 X120.314 Y93.981 E459.97413
G1 X121.004 Y94.069 E459.99727
G1 X121.004 Y127.673 E461.11494
G1 X122 Y127.673 E461.14807
G1 X122 Y93.079 E462.29867
G1 X121.867 Y93.042 E462.30326
G1 X121.838 Y93.004 E462.30485
G1 X121.687 Y92.979 E462.30994
G1 X121.674 Y92.963 E462.31063
G1 X121.611 Y92.948 E462.31278
G1 X121.585 Y92.897 E462.31469
G1 X121.484 Y92.871 E462.31816
G1 X121.441 Y92.817 E462.32045
G1 X121.287 Y92.784 E462.32569
G1 X121.263 Y92.753 E462.32699
G1 X121.013 Y92.753 E462.33531
G1 X120.951 Y92.627 E462.33998
G1 X120.886 Y92.615 E462.34218
G1 X120.863 Y92.587 E462.34338
G1 X120.627 Y92.548 E462.35134
G1 X120.593 Y92.501 E462.35327
G1 X120.499 Y92.486 E462.35644
G1 F2400 E461.55644
G0 F9000 X121.343 Y91.458
G0 X121.908 Y91.624
G0 X123.368 Y92.381
G0 X124.797 Y93.407
G0 X125.634 Y94.16
G0 X127.092 Y95.823
G0 X128.136 Y97.363
G0 X129.186 Y99.362
G0 X129.547 Y100.232
G0 X129.999 Y101.476
G0 X128.882 Y102.014
G1 F2400 E462.35644
G1 X128.708 Y101.434 E462.37658
G1 X128.669 Y101.375 E462.37893
G1 X128.529 Y100.963 E462.3934
G1 X128.489 Y100.908 E462.39566
G1 X128.321 Y100.462 E462.41151
G1 X128.297 Y100.436 E462.41269
G1 X128.136 Y100.031 E462.42719
G1 X128.07 Y99.961 E462.43039
G1 X128 Y99.786 E462.43666
G1 X128 Y127.673 E463.36418
G1 X126 Y127.673 E463.4307
G1 X126 Y96.486 E464.46798
G1 X125.988 Y96.464 E464.46882
G1 X125.874 Y96.396 E464.47323
G1 X125.77 Y96.206 E464.48044
G1 X125.684 Y96.153 E464.4838
G1 X125.559 Y95.937 E464.4921
G1 X125.553 Y95.933 E464.49234
G1 X125.452 Y95.834 E464.49704
G1 X125.408 Y95.761 E464.49988
G1 X125.268 Y95.686 E464.50516
G1 X125.154 Y95.494 E464.51259
G1 X125.082 Y95.453 E464.51534
G1 X125.019 Y95.354 E464.51924
G1 X124.885 Y95.286 E464.52424
G1 X124.791 Y95.131 E464.53027
G1 X124.694 Y95.09 E464.53377
G1 X124.604 Y94.938 E464.53965
G1 X124.481 Y94.882 E464.54414
G1 X124.385 Y94.733 E464.55004
G1 X124.289 Y94.689 E464.55355
G1 X124.235 Y94.61 E464.55673
G1 X124.077 Y94.544 E464.56243
G1 X124 Y94.426 E464.56712
G1 X124 Y127.673 E465.67292
G1 X122 Y127.673 E465.73944
G1 F2400 E464.93944
G0 F9000 X122 Y128.898
G0 X128 Y128.898
G0 X128 Y127.673
G1 F2400 E465.73944
G1 X129.885 Y127.673 E465.80213
G1 X129.884 Y106.473 E466.50725
G1 X129.881 Y106.458 E466.50776
G1 X129.687 Y105.77 E466.53153
G1 X129.683 Y105.139 E466.55252
G1 X129.679 Y105.114 E466.55336
G1 X129.484 Y104.555 E466.57305
G1 X129.484 Y104.157 E466.58629
G1 X129.284 Y103.733 E466.60188
G1 X129.284 Y103.454 E466.61116
G1 X129.084 Y103.085 E466.62512
G1 X129.084 Y102.632 E466.64019
G1 X128.884 Y102.31 E466.6528
G1 X128.884 Y102.017 E466.66254
G1 F2400 E465.86254
G0 F9000 X130.107 Y101.962
G0 X130.107 Y101.654
G0 X129.186 Y99.362
G0 X128.136 Y97.363
G0 X126.899 Y95.584
G0 X125.634 Y94.16
G0 X124.191 Y92.938
G0 X122.731 Y92.011
G0 X121.285 Y91.38
G0 X120.728 Y91.216
G0 X119.615 Y91.062
G0 X118.993 Y93.411
G0 X118.272 Y98.904
G0 X118.154 Y100.452
G0 X120.444 Y103.473
;TYPE:SUPPORT-INTERFACE
G1 F2400 E466.66254
G1 F1500 X119.843 Y102.873 E466.69079
G0 F9000 X120.443 Y103.567
G1 F1500 X119.844 Y104.166 E466.71896
G0 F9000 X119.843 Y106.267
G1 F1500 X120.444 Y106.867 E466.74721
G0 F9000 X120.443 Y106.961
G1 F1500 X119.844 Y107.56 E466.77538
G0 F9000 X119.843 Y109.661
G1 F1500 X120.444 Y110.261 E466.80363
G0 F9000 X120.443 Y110.356
G1 F1500 X119.844 Y110.954 E466.83178
G0 F9000 X119.843 Y113.055
G1 F1500 X120.444 Y113.656 E466.86005
G0 F9000 X120.443 Y113.75
G1 F1500 X119.844 Y114.349 E466.88822
G0 F9000 X119.843 Y116.449
G1 F1500 X120.444 Y117.05 E466.91649
G0 F9000 X120.443 Y117.144
G1 F1500 X119.844 Y117.743 E466.94467
G0 F9000 X119.843 Y119.843
G1 F1500 X120.444 Y120.444 E466.97294
G0 F9000 X120.443 Y120.538
G1 F1500 X119.844 Y121.137 E467.00111
G0 F9000 X119.843 Y123.238
G1 F1500 X120.444 Y123.838 E467.02936
G0 F9000 X120.443 Y123.932
G1 F1500 X119.844 Y124.531 E467.05753
G0 F9000 X119.843 Y126.632
G1 F1500 X120.444 Y127.232 E467.08578
G0 F9000 X120.443 Y127.326
G1 F1500 X119.844 Y127.925 E467.11395
G1 F2400 E466.31395
G0 F9000 X119.844 Y128.898
G0 X130.602 Y128.894
G0 X131.106 Y128.39
G0 X131.073 Y106.177
G0 X130.663 Y103.783
G0 X130.107 Y101.654
G0 X129.186 Y99.362
G0 X128.136 Y97.363
G0 X126.899 Y95.584
G0 X125.634 Y94.16
G0 X124.191 Y92.938
G0 X122.731 Y92.011
G0 X121.285 Y91.38
G0 X120.728 Y91.216
G0 X119.615 Y91.062
G0 X118.993 Y93.411
G0 X118.272 Y98.904
G0 X118.154 Y100.452
G0 X119.783 Y100.833
G1 F2400 E467.11395
G1 F1500 X120.443 Y100.173 E467.145
G0 F9000 X120.444 Y100.079
G1 F1500 X119.086 Y98.722 E467.20885
G0 F9000 X119.109 Y98.113
G1 F1500 X120.443 Y96.779 E467.2716
G0 F9000 X120.444 Y96.685
G1 F1500 X119.471 Y95.712 E467.31737
G1 F2400 E466.51737
;MESH:1x_1xm_pusher.stl
G0 F9000 X118.83 Y95.544
G0 X118.588 Y96.466
G0 X118.267 Y98.935
G0 X118.154 Y100.452
G0 X118.631 Y101.522
G0 X118.445 Y101.708
;TYPE:WALL-INNER
G1 F2400 E467.31737
G1 X118.445 Y101.907 E467.32398
G1 X118.444 Y127.633 E468.17963
G1 X98.144 Y127.633 E468.85481
G1 X91.481 Y122.922 E469.12622
G1 X91.481 Y113.342 E469.44486
G1 X93.405 Y110.059 E469.57142
G1 X105.215 Y101.708 E470.0525
G1 X118.246 Y101.708 E470.48592
G1 X118.445 Y101.708 E470.4902
G0 F9000 X118.845 Y101.308
;TYPE:WALL-OUTER
G1 F2400 X118.845 Y101.508 E470.49685
G1 X118.844 Y128.033 E471.37908
G1 X98.016 Y128.033 E472.07182
G1 X91.081 Y123.13 E472.3543
G1 X91.081 Y113.234 E472.68344
G1 X93.104 Y109.781 E472.81655
G1 X105.087 Y101.308 E473.30467
G1 X118.645 Y101.308 E473.75561
G1 X118.845 Y101.308 E473.75992
G0 F9000 X118.575 Y101.578
G0 X118.283 Y108.95
;TYPE:FILL
G1 F4800 X91.64 Y116.089 E474.67733
G0 F9000 X94.271 Y109.642
G1 F4800 X112.101 Y127.472 E475.516
G0 F9000 X116.569 Y127.472
G1 F4800 X118.283 Y121.074 E475.7363
G0 F9000 X118.283 Y121.373
G1 F4800 X97.458 Y126.953 E476.45338
G0 F9000 X92.754 Y123.624
G1 F4800 X97.021 Y107.696 E477.00183
G0 F9000 X104.211 Y102.612
G1 F4800 X118.284 Y116.684 E477.66375
G0 F9000 X111.007 Y101.866
G1 F4800 X104.146 Y127.472 E478.54546
G0 F9000 X104.146 Y127.433
G1 F2400 E477.74546
;MESH:NONMESH
G0 F300 X104.146 Y127.433 Z1.8
G0 F9000 X118.631 Y101.522
G0 X118.154 Y100.452
G0 X118.191 Y99.515
G0 X118.993 Y93.411
G0 X119.412 Y91.801
G0 X120.249 Y92.019
;TIME_ELAPSED:609.667870
;LAYER:8
;TYPE:SUPPORT
G1 F2400 E478.54546
G1 X120.435 Y92.047 E478.55171
G1 X120.46 Y92.079 E478.55306
G1 X120.629 Y92.106 E478.55875
G1 X120.666 Y92.148 E478.56062
G1 X120.798 Y92.17 E478.56507
G1 X120.832 Y92.217 E478.567
G1 X121.054 Y92.254 E478.57448
G1 X121.08 Y92.285 E478.57583
G1 X121.193 Y92.307 E478.57966
G1 X121.236 Y92.393 E478.58285
G1 X121.333 Y92.393 E478.58608
G1 X121.457 Y92.417 E478.59028
G1 X121.491 Y92.46 E478.5921
G1 X121.641 Y92.493 E478.59721
G1 X121.689 Y92.552 E478.59974
G1 X121.831 Y92.588 E478.60461
G1 X121.855 Y92.636 E478.6064
G1 X121.874 Y92.641 E478.60705
G1 X121.878 Y92.646 E478.60727
G1 X121.919 Y92.653 E478.60865
G1 X122.047 Y92.683 E478.61302
G1 X122.08 Y92.727 E478.61485
G1 X122.103 Y92.734 E478.61565
G1 X122.233 Y92.771 E478.62015
G1 X122.292 Y92.845 E478.62329
G1 X122.399 Y92.876 E478.627
G1 X122.464 Y92.97 E478.6308
G1 X122.644 Y93.016 E478.63698
G1 X122.687 Y93.076 E478.63944
G1 X122.848 Y93.125 E478.64503
G1 X122.898 Y93.192 E478.64781
G1 X123.052 Y93.244 E478.65322
G1 X123.115 Y93.324 E478.65661
G1 X123.246 Y93.367 E478.66119
G1 X123.269 Y93.399 E478.6625
G1 X123.297 Y93.454 E478.66456
G1 X123.309 Y93.458 E478.66498
G1 X123.331 Y93.491 E478.6663
G1 X123.4 Y93.491 E478.66859
G1 X123.435 Y93.504 E478.66983
G1 X123.537 Y93.646 E478.67565
G1 X123.601 Y93.646 E478.67778
G1 X123.643 Y93.66 E478.67925
G1 X123.709 Y93.757 E478.68315
G1 X123.828 Y93.805 E478.68742
G1 X123.9 Y93.913 E478.69174
G1 X124.037 Y93.966 E478.69662
G1 X124.103 Y94.067 E478.70063
G1 X124.227 Y94.114 E478.70504
G1 X124.318 Y94.254 E478.7106
G1 X124.472 Y94.318 E478.71615
G1 X124.529 Y94.404 E478.71958
G1 X124.63 Y94.45 E478.72327
G1 X124.727 Y94.598 E478.72915
G1 X124.854 Y94.657 E478.73381
G1 X124.944 Y94.804 E478.73954
G1 X125.037 Y94.844 E478.74291
G1 X125.141 Y95.014 E478.74954
G1 X125.271 Y95.08 E478.75439
G1 X125.337 Y95.183 E478.75846
G1 X125.415 Y95.227 E478.76144
G1 X125.527 Y95.416 E478.76874
G1 X125.667 Y95.491 E478.77403
G1 X125.738 Y95.61 E478.77863
G1 X125.774 Y95.646 E478.78033
G1 X125.825 Y95.676 E478.7823
G1 X125.95 Y95.894 E478.79065
G1 X126.038 Y95.948 E478.79409
G1 X126.142 Y96.137 E478.80126
G1 X126.256 Y96.205 E478.80568
G1 X126.345 Y96.367 E478.81183
G1 X126.428 Y96.421 E478.81512
G1 X126.566 Y96.697 E478.82538
G1 X126.657 Y96.755 E478.82897
G1 X126.763 Y96.956 E478.83653
G1 X126.844 Y97.01 E478.83977
G1 X126.952 Y97.243 E478.84831
G1 X126.956 Y97.247 E478.8485
G1 X126.967 Y97.269 E478.84932
G1 X127.069 Y97.337 E478.85339
G1 X127.177 Y97.55 E478.86134
G1 X127.258 Y97.613 E478.86475
G1 X127.38 Y97.868 E478.87415
G1 X127.442 Y97.919 E478.87682
G1 X127.572 Y98.194 E478.88694
G1 X127.635 Y98.254 E478.88983
G1 X127.774 Y98.559 E478.90098
G1 X127.833 Y98.611 E478.9036
G1 X127.997 Y98.987 E478.91724
G1 X128.067 Y99.052 E478.92042
G1 X128.176 Y99.315 E478.92989
G1 X128.222 Y99.371 E478.9323
G1 X128.378 Y99.763 E478.94633
G1 X128.445 Y99.833 E478.94955
G1 X128.607 Y100.24 E478.96412
G1 X128.633 Y100.268 E478.96539
G1 X128.809 Y100.737 E478.98205
G1 X128.851 Y100.794 E478.98441
G1 X128.994 Y101.216 E478.99923
G1 X129.037 Y101.278 E479.00174
G1 X129.208 Y101.846 E479.02147
G1 X129.244 Y101.892 E479.02341
G1 X129.244 Y102.207 E479.03389
G1 X129.444 Y102.529 E479.04649
G1 X129.444 Y102.993 E479.06193
G1 X129.644 Y103.361 E479.07586
G1 X129.644 Y103.652 E479.08554
G1 X129.844 Y104.076 E479.10113
G1 X129.844 Y104.494 E479.11503
G1 X130.03 Y105.026 E479.13378
G1 X130.043 Y105.114 E479.13673
G1 X130.047 Y105.719 E479.15686
G1 X130.231 Y106.373 E479.17945
G1 X130.244 Y106.436 E479.18159
G1 X130.245 Y128.033 E479.89991
G1 X120.844 Y128.033 E480.21259
G1 X120.844 Y92.859 E481.38248
G1 X120.057 Y92.758 E481.40887
G1 X120.249 Y92.019 E481.43427
G0 F9000 X121.263 Y92.753
G1 F2400 X121.204 Y92.753 E481.43623
G1 X121.204 Y127.673 E482.59767
G1 X122 Y127.673 E482.62415
G1 X122 Y93.079 E483.77475
G1 X121.863 Y93.037 E483.77952
G1 X121.838 Y93.005 E483.78087
G0 F9000 X121.835 Y93.004
G1 F2400 X121.68 Y92.977 E483.7861
G1 X121.665 Y92.958 E483.78691
G1 X121.606 Y92.942 E483.78894
G1 X121.583 Y92.897 E483.79062
G1 X121.485 Y92.872 E483.79398
G1 X121.441 Y92.817 E483.79633
G1 X121.287 Y92.784 E483.80156
G1 X121.263 Y92.753 E483.80287
G1 F2400 E483.00287
G0 F9000 X121.96 Y91.68
G0 X123.155 Y92.257
G0 X124.191 Y92.938
G0 X125.631 Y94.159
G0 X126.899 Y95.584
G0 X128.138 Y97.371
G0 X129.186 Y99.362
G0 X129.545 Y100.23
G0 X129.999 Y101.475
G0 X128.882 Y102.014
G1 F2400 E483.80287
G1 X128.707 Y101.434 E483.82302
G1 X128.67 Y101.379 E483.82522
G1 X128.529 Y100.964 E483.8398
G1 X128.49 Y100.909 E483.84204
G1 X128.321 Y100.462 E483.85794
G1 X128.297 Y100.436 E483.85911
G1 X128.136 Y100.031 E483.87361
G1 X128.07 Y99.961 E483.87681
G1 X128 Y99.786 E483.88308
G1 X128 Y127.673 E484.8106
G1 X126 Y127.673 E484.87712
G1 X126 Y96.486 E485.91441
G1 X125.988 Y96.464 E485.91524
G1 X125.874 Y96.396 E485.91966
G1 X125.77 Y96.206 E485.92686
G1 X125.684 Y96.153 E485.93022
G1 X125.559 Y95.937 E485.93852
G1 X125.553 Y95.933 E485.93876
G1 X125.452 Y95.834 E485.94347
G1 X125.408 Y95.761 E485.9463
G1 X125.268 Y95.686 E485.95158
G1 X125.154 Y95.494 E485.95901
G1 X125.082 Y95.453 E485.96177
G1 X125.021 Y95.357 E485.96555
G1 X124.887 Y95.289 E485.97055
G1 X124.79 Y95.13 E485.97674
G1 X124.697 Y95.09 E485.98011
G1 X124.603 Y94.937 E485.98608
G1 X124.482 Y94.881 E485.99052
G1 X124.385 Y94.734 E485.99637
G1 X124.286 Y94.689 E485.99999
G1 X124.233 Y94.609 E486.00318
G1 X124.077 Y94.543 E486.00882
G1 X124 Y94.426 E486.01347
G1 X124 Y127.673 E487.11927
G1 X122 Y127.673 E487.18579
G1 F2400 E486.38579
G0 F9000 X122 Y128.898
G0 X128 Y128.898
G0 X128 Y127.673
G1 F2400 E487.18579
G1 X129.885 Y127.673 E487.24849
G1 X129.884 Y106.473 E487.9536
G1 X129.881 Y106.458 E487.95411
G1 X129.687 Y105.77 E487.97789
G1 X129.683 Y105.139 E487.99888
G1 X129.679 Y105.114 E487.99972
G1 X129.484 Y104.555 E488.01941
G1 X129.484 Y104.157 E488.03265
G1 X129.284 Y103.733 E488.04824
G1 X129.284 Y103.454 E488.05752
G1 X129.084 Y103.085 E488.07148
G1 X129.084 Y102.632 E488.08655
G1 X128.884 Y102.31 E488.09915
G1 X128.884 Y102.017 E488.1089
G1 F2400 E487.3089
G0 F9000 X130.107 Y101.962
G0 X130.107 Y101.654
G0 X129.186 Y99.362
G0 X128.138 Y97.371
G0 X126.899 Y95.584
G0 X125.631 Y94.159
G0 X124.191 Y92.938
G0 X122.932 Y92.129
G0 X121.285 Y91.38
G0 X120.729 Y91.217
G0 X119.614 Y91.061
G0 X118.992 Y93.41
G0 X118.062 Y100.05
G0 X118.355 Y100.452
G0 X120.643 Y103.368
;TYPE:SUPPORT-INTERFACE
G1 F2400 E488.1089
G1 F1500 X120.044 Y103.967 E488.13707
G0 F9000 X120.643 Y103.673
G1 F1500 X120.043 Y103.072 E488.16532
G0 F9000 X120.044 Y100.573
G1 F1500 X120.643 Y99.974 E488.19349
G0 F9000 X120.643 Y100.279
G1 F1500 X119.086 Y98.722 E488.26673
G0 F9000 X119.109 Y98.113
G1 F1500 X120.643 Y96.58 E488.33886
G0 F9000 X120.643 Y96.884
G1 F1500 X119.471 Y95.712 E488.39399
G0 F9000 X119.687 Y94.141
G1 F1500 X120.643 Y93.186 E488.43893
G0 F9000 X120.643 Y93.49
G1 F1500 X120.12 Y92.967 E488.46353
G1 F2400 E487.66353
G0 F9000 X119.164 Y92.758
G0 X118.992 Y93.41
G0 X118.062 Y100.05
G0 X118.355 Y100.452
G0 X120.043 Y106.466
G1 F2400 E488.46353
G1 F1500 X120.643 Y107.067 E488.49178
G0 F9000 X120.643 Y106.762
G1 F1500 X120.044 Y107.361 E488.51995
G0 F9000 X120.043 Y109.861
G1 F1500 X120.643 Y110.461 E488.54818
G0 F9000 X120.643 Y110.156
G1 F1500 X120.044 Y110.755 E488.57635
G0 F9000 X120.043 Y113.255
G1 F1500 X120.643 Y113.855 E488.60457
G0 F9000 X120.643 Y113.55
G1 F1500 X120.044 Y114.149 E488.63275
G0 F9000 X120.043 Y116.649
G1 F1500 X120.643 Y117.249 E488.66097
G0 F9000 X120.643 Y116.944
G1 F1500 X120.044 Y117.543 E488.68915
G0 F9000 X120.043 Y120.043
G1 F1500 X120.643 Y120.643 E488.71737
G0 F9000 X120.643 Y120.338
G1 F1500 X120.044 Y120.937 E488.74554
G0 F9000 X120.043 Y123.437
G1 F1500 X120.643 Y124.037 E488.77376
G0 F9000 X120.643 Y123.733
G1 F1500 X120.044 Y124.331 E488.80192
G0 F9000 X120.043 Y126.831
G1 F1500 X120.643 Y127.431 E488.83014
G0 F9000 X120.643 Y127.127
G1 F1500 X120.044 Y127.726 E488.85831
G1 F2400 E488.05831
;MESH:1x_1xm_pusher.stl
G0 F9000 X118.824 Y127.726
G0 X118.644 Y101.708
;TYPE:WALL-INNER
G1 F2400 E488.85831
G1 X118.644 Y127.633 E489.72058
G1 X98.344 Y127.633 E490.39576
G1 X91.681 Y122.922 E490.66717
G1 X91.681 Y113.342 E490.98581
G1 X93.605 Y110.059 E491.11237
G1 X105.415 Y101.708 E491.59345
G1 X118.644 Y101.708 E492.03345
G0 F9000 X119.044 Y101.197
;TYPE:WALL-OUTER
G1 F2400 X119.044 Y101.308 E492.03714
G1 X119.044 Y128.033 E492.92602
G1 X98.216 Y128.033 E493.61876
G1 X91.281 Y123.13 E493.90124
G1 X91.281 Y113.234 E494.23039
G1 X92.803 Y110.639 E494.33045
G1 X93.304 Y109.781 E494.36349
G1 X105.287 Y101.308 E494.85162
G1 X119.015 Y101.308 E495.30821
G1 X119.044 Y101.197 E495.30843
G0 F9000 X118.774 Y101.578
G0 X118.482 Y109.042
;TYPE:FILL
G1 F4800 X91.84 Y116.181 E496.22581
G0 F9000 X94.471 Y109.643
G1 F4800 X112.3 Y127.472 E497.06443
G0 F9000 X116.423 Y127.473
G1 F4800 X118.483 Y119.784 E497.32919
G0 F9000 X118.482 Y121.466
G1 F4800 X97.754 Y127.02 E498.04292
G0 F9000 X92.663 Y123.419
G1 F4800 X96.795 Y107.998 E498.57392
G0 F9000 X104.412 Y102.613
G1 F4800 X118.483 Y116.684 E499.23578
G0 F9000 X110.861 Y101.867
G1 F4800 X104 Y127.472 E500.11745
G0 F9000 X104 Y127.433
G1 F2400 E499.31745
;MESH:NONMESH
G0 F300 X104 Y127.433 Z2
G0 F9000 X118.83 Y101.522
G0 X118.793 Y100.306
G0 X118.062 Y100.05
G0 X118.992 Y93.41
G0 X119.614 Y91.061
G0 X120.729 Y91.217
G0 X121.179 Y91.348
G0 X121.044 Y92.252
;TIME_ELAPSED:635.232234
;LAYER:9
;TYPE:SUPPORT
G1 F2400 E500.11745
G1 X121.049 Y92.253 E500.11762
G1 X121.078 Y92.288 E500.11913
G1 X121.194 Y92.309 E500.12305
G1 X121.236 Y92.393 E500.12617
G1 X121.333 Y92.393 E500.1294
G1 X121.457 Y92.417 E500.1336
G1 X121.491 Y92.46 E500.13542
G1 X121.641 Y92.493 E500.14053
G1 X121.689 Y92.552 E500.14306
G1 X121.831 Y92.588 E500.14793
G1 X121.855 Y92.636 E500.14972
G1 X121.874 Y92.641 E500.15037
G1 X121.878 Y92.646 E500.15058
G1 X121.919 Y92.653 E500.15197
G1 X122.047 Y92.683 E500.15634
G1 X122.08 Y92.727 E500.15817
G1 X122.103 Y92.734 E500.15897
G1 X122.233 Y92.771 E500.16347
G1 X122.292 Y92.845 E500.16661
G1 X122.398 Y92.875 E500.17028
G1 X122.464 Y92.97 E500.17412
G1 X122.644 Y93.016 E500.1803
G1 X122.687 Y93.076 E500.18276
G1 X122.848 Y93.125 E500.18836
G1 X122.88 Y93.187 E500.19068
G1 X122.899 Y93.193 E500.19134
G1 X122.919 Y93.221 E500.19248
G1 X122.982 Y93.221 E500.19458
G1 X123.052 Y93.244 E500.19703
G1 X123.115 Y93.324 E500.20042
G1 X123.246 Y93.367 E500.205
G1 X123.269 Y93.399 E500.20631
G1 X123.297 Y93.454 E500.20837
G1 X123.309 Y93.459 E500.2088
G1 X123.331 Y93.491 E500.21009
G1 X123.399 Y93.491 E500.21235
G1 X123.435 Y93.504 E500.21362
G1 X123.506 Y93.604 E500.2177
G1 X123.524 Y93.613 E500.21837
G1 X123.534 Y93.623 E500.21884
G1 X123.643 Y93.661 E500.22268
G1 X123.709 Y93.757 E500.22656
G1 X123.828 Y93.805 E500.23083
G1 X123.9 Y93.913 E500.23514
G1 X124.037 Y93.966 E500.24003
G1 X124.103 Y94.067 E500.24404
G1 X124.227 Y94.114 E500.24845
G1 X124.318 Y94.254 E500.25401
G1 X124.467 Y94.316 E500.25937
G1 X124.529 Y94.409 E500.26309
G1 X124.632 Y94.455 E500.26684
G1 X124.727 Y94.6 E500.27261
G1 X124.855 Y94.658 E500.27728
G1 X124.944 Y94.804 E500.28297
G1 X125.037 Y94.844 E500.28634
G1 X125.141 Y95.014 E500.29296
G1 X125.271 Y95.08 E500.29781
G1 X125.337 Y95.183 E500.30188
G1 X125.415 Y95.227 E500.30486
G1 X125.527 Y95.416 E500.31217
G1 X125.667 Y95.491 E500.31745
G1 X125.738 Y95.61 E500.32206
G1 X125.774 Y95.646 E500.32375
G1 X125.825 Y95.676 E500.32572
G1 X125.95 Y95.894 E500.33408
G1 X126.038 Y95.948 E500.33751
G1 X126.142 Y96.137 E500.34469
G1 X126.256 Y96.205 E500.3491
G1 X126.345 Y96.367 E500.35525
G1 X126.428 Y96.421 E500.35854
G1 X126.566 Y96.697 E500.36881
G1 X126.657 Y96.755 E500.3724
G1 X126.763 Y96.956 E500.37995
G1 X126.844 Y97.01 E500.38319
G1 X126.952 Y97.243 E500.39173
G1 X126.956 Y97.247 E500.39192
G1 X126.967 Y97.269 E500.39274
G1 X127.069 Y97.337 E500.39682
G1 X127.177 Y97.55 E500.40476
G1 X127.258 Y97.613 E500.40817
G1 X127.38 Y97.869 E500.41761
G1 X127.441 Y97.918 E500.42021
G1 X127.573 Y98.199 E500.43053
G1 X127.638 Y98.259 E500.43348
G1 X127.774 Y98.559 E500.44443
G1 X127.833 Y98.611 E500.44705
G1 X127.997 Y98.987 E500.46069
G1 X128.067 Y99.052 E500.46387
G1 X128.177 Y99.317 E500.47341
G1 X128.222 Y99.371 E500.47575
G1 X128.378 Y99.763 E500.48978
G1 X128.445 Y99.833 E500.493
G1 X128.607 Y100.24 E500.50757
G1 X128.633 Y100.268 E500.50885
G1 X128.809 Y100.737 E500.52551
G1 X128.851 Y100.794 E500.52786
G1 X128.994 Y101.216 E500.54268
G1 X129.037 Y101.278 E500.54519
G1 X129.208 Y101.846 E500.56492
G1 X129.244 Y101.892 E500.56686
G1 X129.244 Y102.207 E500.57734
G1 X129.444 Y102.529 E500.58995
G1 X129.444 Y102.993 E500.60538
G1 X129.644 Y103.361 E500.61931
G1 X129.644 Y103.652 E500.62899
G1 X129.844 Y104.076 E500.64458
G1 X129.844 Y104.494 E500.65848
G1 X130.03 Y105.026 E500.67723
G1 X130.043 Y105.114 E500.68019
G1 X130.047 Y105.721 E500.70038
G1 X130.234 Y106.386 E500.72335
G1 X130.244 Y106.436 E500.72505
G1 X130.245 Y128.033 E501.44337
G1 X121.044 Y128.033 E501.74939
G1 X121.043 Y127.283 E501.77434
G1 X121.045 Y126.766 E501.79154
G1 X121.044 Y92.252 E502.93948
G0 F9000 X121.404 Y92.809
G1 F2400 X121.405 Y126.767 E504.06892
G1 X121.403 Y127.284 E504.08612
G1 X121.404 Y127.673 E504.09906
G1 X122 Y127.673 E504.11888
G1 X122 Y93.079 E505.26948
G1 X121.863 Y93.037 E505.27425
G1 X121.838 Y93.005 E505.2756
G0 F9000 X121.835 Y93.004
G1 F2400 X121.68 Y92.977 E505.28083
G1 X121.665 Y92.958 E505.28164
G1 X121.606 Y92.942 E505.28367
G1 X121.583 Y92.897 E505.28535
G1 X121.485 Y92.872 E505.28871
G1 X121.441 Y92.817 E505.29106
G1 X121.404 Y92.809 E505.29232
G1 F2400 E504.49232
G0 F9000 X122.171 Y91.784
G0 X123.155 Y92.257
G0 X124.191 Y92.938
G0 X125.631 Y94.159
G0 X126.899 Y95.584
G0 X128.137 Y97.37
G0 X129.186 Y99.362
G0 X129.545 Y100.23
G0 X129.999 Y101.475
G0 X128.882 Y102.014
G1 F2400 E505.29232
G1 X128.707 Y101.434 E505.31247
G1 X128.67 Y101.379 E505.31467
G1 X128.529 Y100.964 E505.32925
G1 X128.49 Y100.909 E505.33149
G1 X128.321 Y100.462 E505.34739
G1 X128.297 Y100.436 E505.34856
G1 X128.136 Y100.031 E505.36306
G1 X128.07 Y99.961 E505.36626
G1 X128 Y99.787 E505.3725
G1 X128 Y127.673 E506.29999
G1 X126 Y127.673 E506.36651
G1 X126 Y96.486 E507.40379
G1 X125.988 Y96.464 E507.40463
G1 X125.874 Y96.396 E507.40904
G1 X125.77 Y96.206 E507.41624
G1 X125.684 Y96.153 E507.4196
G1 X125.559 Y95.937 E507.4279
G1 X125.553 Y95.933 E507.42814
G1 X125.452 Y95.834 E507.43285
G1 X125.408 Y95.761 E507.43568
G1 X125.268 Y95.686 E507.44097
G1 X125.154 Y95.494 E507.44839
G1 X125.082 Y95.453 E507.45115
G1 X125.021 Y95.357 E507.45493
G1 X124.887 Y95.289 E507.45993
G1 X124.79 Y95.13 E507.46612
G1 X124.696 Y95.09 E507.46952
G1 X124.605 Y94.94 E507.47536
G1 X124.484 Y94.885 E507.47978
G1 X124.389 Y94.741 E507.48552
G1 X124.287 Y94.695 E507.48924
G1 X124.229 Y94.608 E507.49272
G1 X124.077 Y94.544 E507.4982
G1 X124 Y94.426 E507.50289
G1 X124 Y127.673 E508.60869
G1 X122 Y127.673 E508.67521
G1 F2400 E507.87521
G0 F9000 X122 Y128.898
G0 X128 Y128.898
G0 X128 Y127.673
G1 F2400 E508.67521
G1 X129.885 Y127.673 E508.7379
G1 X129.884 Y106.477 E509.44288
G1 X129.687 Y105.771 E509.46726
G1 X129.683 Y105.139 E509.48828
G1 X129.679 Y105.114 E509.48913
G1 X129.484 Y104.555 E509.50882
G1 X129.484 Y104.157 E509.52205
G1 X129.284 Y103.733 E509.53765
G1 X129.284 Y103.454 E509.54693
G1 X129.084 Y103.085 E509.56089
G1 X129.084 Y102.632 E509.57595
G1 X128.884 Y102.31 E509.58856
G1 X128.884 Y102.017 E509.59831
G1 F2400 E508.79831
G0 F9000 X130.107 Y101.962
G0 X130.107 Y101.654
G0 X129.186 Y99.362
G0 X128.137 Y97.37
G0 X126.899 Y95.584
G0 X125.631 Y94.159
G0 X124.191 Y92.938
G0 X122.932 Y92.133
G0 X121.283 Y91.377
G0 X120.729 Y91.217
G0 X119.615 Y91.061
G0 X118.993 Y93.411
G0 X118.265 Y98.519
G0 X118.154 Y100.452
G0 X120.843 Y103.168
;TYPE:SUPPORT-INTERFACE
G1 F2400 E509.59831
G1 F1500 X120.243 Y103.767 E509.6265
G0 F9000 X120.243 Y103.272
G1 F1500 X120.844 Y103.873 E509.65477
G0 F9000 X120.843 Y106.561
G1 F1500 X120.243 Y107.162 E509.68302
G0 F9000 X120.243 Y106.667
G1 F1500 X120.844 Y107.268 E509.71129
G0 F9000 X120.843 Y109.955
G1 F1500 X120.243 Y110.556 E509.73953
G0 F9000 X120.243 Y110.061
G1 F1500 X120.844 Y110.662 E509.7678
G0 F9000 X120.843 Y113.349
G1 F1500 X120.243 Y113.95 E509.79605
G0 F9000 X120.243 Y113.455
G1 F1500 X120.844 Y114.056 E509.82432
G0 F9000 X120.844 Y116.743
G1 F1500 X120.243 Y117.344 E509.85259
G0 F9000 X120.243 Y116.849
G1 F1500 X120.845 Y117.451 E509.8809
G0 F9000 X120.844 Y120.137
G1 F1500 X120.243 Y120.738 E509.90917
G0 F9000 X120.243 Y120.243
G1 F1500 X120.845 Y120.845 E509.93749
G0 F9000 X120.844 Y123.531
G1 F1500 X120.243 Y124.132 E509.96576
G0 F9000 X120.243 Y123.637
G1 F1500 X120.845 Y124.239 E509.99407
G0 F9000 X120.844 Y126.925
G1 F1500 X120.243 Y127.526 E510.02234
G0 F9000 X120.243 Y127.031
G1 F1500 X120.843 Y127.632 E510.05059
G1 F2400 E509.25059
G0 F9000 X120.843 Y128.898
G0 X130.602 Y128.894
G0 X131.106 Y128.39
G0 X131.073 Y106.176
G0 X130.663 Y103.783
G0 X130.107 Y101.654
G0 X129.186 Y99.362
G0 X128.137 Y97.37
G0 X126.899 Y95.584
G0 X125.631 Y94.159
G0 X124.191 Y92.938
G0 X122.932 Y92.133
G0 X121.283 Y91.377
G0 X120.729 Y91.217
G0 X119.615 Y91.061
G0 X118.993 Y93.411
G0 X118.265 Y98.519
G0 X118.312 Y99.815
G0 X120.843 Y100.479
G1 F2400 E510.05059
G1 F1500 X120.243 Y99.878 E510.07884
G0 F9000 X120.243 Y100.373
G1 F1500 X120.843 Y99.774 E510.10703
G0 F9000 X119.209 Y98.013
G1 F1500 X119.292 Y97.93 E510.11094
G0 F9000 X119.298 Y97.925
G1 F1500 X120.843 Y96.38 E510.18361
G0 F9000 X120.843 Y97.085
G1 F1500 X119.472 Y95.713 E510.24812
G0 F9000 X119.687 Y94.141
G1 F1500 X120.843 Y92.985 E510.3025
G0 F9000 X120.843 Y93.69
G1 F1500 X119.861 Y92.708 E510.34869
G1 F2400 E509.54869
;MESH:1x_1xm_pusher.stl
G0 F9000 X119.219 Y92.541
G0 X118.993 Y93.411
G0 X118.265 Y98.519
G0 X118.154 Y100.452
G0 X119.042 Y101.241
G0 X118.844 Y101.708
;TYPE:WALL-INNER
G1 F2400 E510.34869
G1 X118.844 Y127.633 E511.21096
G1 X98.544 Y127.633 E511.88614
G1 X91.881 Y122.922 E512.15755
G1 X91.881 Y113.342 E512.47618
G1 X93.805 Y110.059 E512.60274
G1 X105.615 Y101.708 E513.08382
G1 X118.844 Y101.708 E513.52382
G0 F9000 X119.033 Y101.321
G0 X119.244 Y99.672
;TYPE:WALL-OUTER
G1 F2400 X119.244 Y101.222 E513.57538
G1 X119.244 Y101.223 E513.57541
G1 X119.244 Y128.033 E514.46711
G1 X98.416 Y128.033 E515.15986
G1 X91.481 Y123.13 E515.44234
G1 X91.481 Y113.234 E515.77148
G1 X93.504 Y109.781 E515.90459
G1 X105.487 Y101.308 E516.39271
G1 X118.815 Y101.308 E516.836
G1 X118.851 Y101.172 E516.84068
G1 X119.244 Y99.672 E516.86668
G0 F9000 X119.033 Y101.321
G0 X110.714 Y101.867
;TYPE:FILL
G1 F4800 X103.853 Y127.472 E517.74835
G0 F9000 X98.05 Y127.088
G1 F4800 X118.682 Y121.559 E518.45878
G0 F9000 X118.683 Y118.49
G1 F4800 X116.276 Y127.473 E518.7681
G0 F9000 X112.501 Y127.472
G1 F4800 X94.671 Y109.642 E519.60677
G0 F9000 X96.567 Y108.3
G1 F4800 X92.571 Y123.213 E520.12027
G0 F9000 X92.04 Y116.275
G1 F4800 X118.682 Y109.136 E521.03765
G0 F9000 X118.684 Y116.684
G1 F4800 X104.612 Y102.612 E521.69955
G0 F9000 X104.633 Y102.645
G1 F2400 E520.89955
;MESH:NONMESH
G0 F300 X104.633 Y102.645 Z2.2
G0 F9000 X118.981 Y101.523
G0 X118.154 Y100.452
G0 X118.265 Y98.519
G0 X118.993 Y93.411
G0 X119.615 Y91.061
G0 X120.729 Y91.217
G0 X121.263 Y91.392
G0 X121.605 Y91.565
G0 X121.244 Y92.393
;TIME_ELAPSED:661.505268
;LAYER:10
;TYPE:SUPPORT
G1 F2400 E521.69955
G1 X121.333 Y92.393 E521.70251
G1 X121.457 Y92.417 E521.70672
G1 X121.491 Y92.46 E521.70854
G1 X121.641 Y92.493 E521.71365
G1 X121.689 Y92.552 E521.71618
G1 X121.831 Y92.588 E521.72105
G1 X121.855 Y92.636 E521.72283
G1 X121.874 Y92.641 E521.72349
G1 X121.878 Y92.646 E521.7237
G1 X121.919 Y92.653 E521.72508
G1 X122.047 Y92.683 E521.72946
G1 X122.08 Y92.727 E521.73129
G1 X122.103 Y92.734 E521.73209
G1 X122.233 Y92.771 E521.73658
G1 X122.292 Y92.845 E521.73973
G1 X122.398 Y92.875 E521.74339
G1 X122.464 Y92.97 E521.74724
G1 X122.644 Y93.016 E521.75342
G1 X122.687 Y93.076 E521.75587
G1 X122.848 Y93.125 E521.76147
G1 X122.88 Y93.187 E521.76379
G1 X122.899 Y93.193 E521.76446
G1 X122.919 Y93.221 E521.7656
G1 X122.982 Y93.221 E521.7677
G1 X123.052 Y93.244 E521.77015
G1 X123.115 Y93.324 E521.77353
G1 X123.245 Y93.367 E521.77809
G1 X123.311 Y93.46 E521.78188
G1 X123.435 Y93.505 E521.78627
G1 X123.506 Y93.604 E521.79032
G1 X123.524 Y93.613 E521.79099
G1 X123.534 Y93.623 E521.79146
G1 X123.643 Y93.661 E521.7953
G1 X123.709 Y93.757 E521.79917
G1 X123.828 Y93.805 E521.80344
G1 X123.9 Y93.913 E521.80776
G1 X124.037 Y93.966 E521.81264
G1 X124.103 Y94.067 E521.81666
G1 X124.227 Y94.114 E521.82107
G1 X124.318 Y94.254 E521.82662
G1 X124.466 Y94.315 E521.83195
G1 X124.528 Y94.408 E521.83566
G1 X124.634 Y94.456 E521.83953
G1 X124.727 Y94.6 E521.84523
G1 X124.855 Y94.658 E521.84991
G1 X124.944 Y94.804 E521.8556
G1 X125.037 Y94.844 E521.85896
G1 X125.141 Y95.014 E521.86559
G1 X125.271 Y95.08 E521.87044
G1 X125.337 Y95.183 E521.87451
G1 X125.415 Y95.227 E521.87749
G1 X125.527 Y95.416 E521.88479
G1 X125.667 Y95.491 E521.89008
G1 X125.738 Y95.61 E521.89469
G1 X125.774 Y95.646 E521.89638
G1 X125.825 Y95.676 E521.89835
G1 X125.95 Y95.894 E521.90671
G1 X126.038 Y95.948 E521.91014
G1 X126.142 Y96.137 E521.91731
G1 X126.256 Y96.205 E521.92173
G1 X126.345 Y96.367 E521.92788
G1 X126.428 Y96.421 E521.93117
G1 X126.566 Y96.697 E521.94143
G1 X126.657 Y96.755 E521.94502
G1 X126.763 Y96.956 E521.95258
G1 X126.844 Y97.01 E521.95582
G1 X126.952 Y97.243 E521.96436
G1 X126.956 Y97.247 E521.96455
G1 X126.967 Y97.269 E521.96537
G1 X127.067 Y97.335 E521.96935
G1 X127.179 Y97.555 E521.97756
G1 X127.258 Y97.614 E521.98084
G1 X127.382 Y97.871 E521.99033
G1 X127.441 Y97.918 E521.99284
G1 X127.573 Y98.199 E522.00317
G1 X127.638 Y98.259 E522.00611
G1 X127.774 Y98.559 E522.01707
G1 X127.833 Y98.611 E522.01968
G1 X127.997 Y98.987 E522.03332
G1 X128.066 Y99.051 E522.03645
G1 X128.177 Y99.321 E522.04616
G1 X128.226 Y99.381 E522.04874
G1 X128.378 Y99.764 E522.06245
G1 X128.445 Y99.834 E522.06567
G1 X128.608 Y100.242 E522.08028
G1 X128.633 Y100.268 E522.08148
G1 X128.808 Y100.738 E522.09816
G1 X128.851 Y100.796 E522.10056
G1 X128.993 Y101.217 E522.11534
G1 X129.038 Y101.283 E522.118
G1 X129.208 Y101.846 E522.13756
G1 X129.244 Y101.892 E522.1395
G1 X129.244 Y102.207 E522.14998
G1 X129.444 Y102.529 E522.16259
G1 X129.444 Y102.993 E522.17802
G1 X129.644 Y103.361 E522.19195
G1 X129.644 Y103.652 E522.20163
G1 X129.844 Y104.076 E522.21722
G1 X129.844 Y104.494 E522.23112
G1 X130.03 Y105.026 E522.24987
G1 X130.043 Y105.114 E522.25283
G1 X130.047 Y105.722 E522.27305
G1 X130.227 Y106.357 E522.295
G1 X130.244 Y106.438 E522.29775
G1 X130.245 Y128.033 E523.01601
G1 X121.244 Y128.033 E523.31538
G1 X121.243 Y126.938 E523.3518
G1 X121.245 Y126.665 E523.36088
G1 X121.244 Y92.393 E524.50077
G0 F9000 X121.604 Y92.938
G1 F2400 X121.605 Y126.667 E525.6226
G1 X121.603 Y126.94 E525.63168
G1 X121.604 Y127.673 E525.65606
G1 X122 Y127.673 E525.66923
G1 X122 Y93.079 E526.81984
G1 X121.863 Y93.037 E526.8246
G1 X121.838 Y93.005 E526.82595
G0 F9000 X121.835 Y93.004
G1 F2400 X121.68 Y92.977 E526.83119
G1 X121.665 Y92.958 E526.83199
G1 X121.606 Y92.942 E526.83402
G1 F2400 E526.03402
G0 F9000 X122.344 Y91.868
G0 X123.155 Y92.257
G0 X124.191 Y92.938
G0 X125.631 Y94.159
G0 X126.899 Y95.584
G0 X128.137 Y97.37
G0 X129.186 Y99.362
G0 X129.548 Y100.234
G0 X129.999 Y101.476
G0 X128.882 Y102.014
G1 F2400 E526.83402
G1 X128.71 Y101.442 E526.85389
G1 X128.668 Y101.379 E526.85641
G1 X128.527 Y100.963 E526.87102
G1 X128.488 Y100.911 E526.87318
G1 X128.321 Y100.463 E526.88908
G1 X128.299 Y100.439 E526.89016
G1 X128.135 Y100.031 E526.90479
G1 X128.07 Y99.962 E526.90794
G1 X128 Y99.787 E526.91421
G1 X128 Y127.673 E527.8417
G1 X126 Y127.673 E527.90822
G1 X126 Y96.486 E528.94551
G1 X125.988 Y96.464 E528.94634
G1 X125.874 Y96.396 E528.95076
G1 X125.77 Y96.206 E528.95796
G1 X125.684 Y96.153 E528.96132
G1 X125.559 Y95.937 E528.96962
G1 X125.553 Y95.933 E528.96986
G1 X125.452 Y95.834 E528.97456
G1 X125.408 Y95.761 E528.9774
G1 X125.268 Y95.686 E528.98268
G1 X125.154 Y95.494 E528.99011
G1 X125.082 Y95.453 E528.99286
G1 X125.021 Y95.357 E528.99665
G1 X124.887 Y95.289 E529.00165
G1 X124.79 Y95.13 E529.00784
G1 X124.696 Y95.09 E529.01124
G1 X124.605 Y94.94 E529.01707
G1 X124.482 Y94.884 E529.02157
G1 X124.39 Y94.741 E529.02722
G1 X124.285 Y94.694 E529.03105
G1 X124.227 Y94.606 E529.03456
G1 X124.077 Y94.544 E529.03995
G1 X124 Y94.426 E529.04464
G1 X124 Y127.673 E530.15044
G1 X122 Y127.673 E530.21696
G1 F2400 E529.41696
G0 F9000 X122 Y128.898
G0 X128 Y128.898
G0 X128 Y127.673
G1 F2400 E530.21696
G1 X129.885 Y127.673 E530.27966
G1 X129.884 Y106.479 E530.98457
G1 X129.874 Y106.431 E530.9862
G1 X129.687 Y105.773 E531.00895
G1 X129.683 Y105.139 E531.03004
G1 X129.679 Y105.114 E531.03088
G1 X129.484 Y104.555 E531.05057
G1 X129.484 Y104.157 E531.06381
G1 X129.284 Y103.733 E531.0794
G1 X129.284 Y103.454 E531.08868
G1 X129.084 Y103.085 E531.10264
G1 X129.084 Y102.632 E531.11771
G1 X128.884 Y102.31 E531.13032
G1 X128.884 Y102.017 E531.14006
G1 F2400 E530.34006
G0 F9000 X130.107 Y101.962
G0 X130.107 Y101.654
G0 X129.186 Y99.362
G0 X128.137 Y97.37
G0 X126.899 Y95.584
G0 X125.631 Y94.159
G0 X124.191 Y92.938
G0 X122.932 Y92.133
G0 X121.908 Y91.624
G0 X120.729 Y91.217
G0 X119.615 Y91.061
G0 X119.056 Y93.176
G0 X117.954 Y100.452
G0 X121.043 Y102.968
;TYPE:SUPPORT-INTERFACE
G1 F2400 E531.14006
G1 F1500 X120.444 Y103.567 E531.16824
G0 F9000 X120.443 Y103.473
G1 F1500 X121.044 Y104.074 E531.19651
G0 F9000 X121.043 Y106.361
G1 F1500 X120.444 Y106.961 E531.22471
G0 F9000 X120.443 Y106.867
G1 F1500 X121.044 Y107.468 E531.25298
G0 F9000 X121.043 Y109.755
G1 F1500 X120.444 Y110.355 E531.28117
G0 F9000 X120.443 Y110.261
G1 F1500 X121.044 Y110.862 E531.30944
G0 F9000 X121.043 Y113.149
G1 F1500 X120.444 Y113.749 E531.33764
G0 F9000 X120.443 Y113.655
G1 F1500 X121.044 Y114.256 E531.36591
G0 F9000 X121.044 Y116.543
G1 F1500 X120.444 Y117.143 E531.39413
G0 F9000 X120.443 Y117.049
G1 F1500 X121.045 Y117.651 E531.42245
G0 F9000 X121.044 Y119.937
G1 F1500 X120.444 Y120.537 E531.45067
G0 F9000 X120.443 Y120.443
G1 F1500 X121.045 Y121.045 E531.47899
G0 F9000 X121.044 Y123.331
G1 F1500 X120.444 Y123.931 E531.50721
G0 F9000 X120.443 Y123.837
G1 F1500 X121.045 Y124.439 E531.53553
G0 F9000 X121.043 Y126.726
G1 F1500 X120.444 Y127.325 E531.5637
G0 F9000 X120.443 Y127.231
G1 F1500 X121.043 Y127.832 E531.59195
G1 F2400 E530.79195
G0 F9000 X121.043 Y128.898
G0 X130.602 Y128.894
G0 X131.106 Y128.39
G0 X131.108 Y106.345
G0 X130.663 Y103.783
G0 X130.107 Y101.654
G0 X129.186 Y99.362
G0 X128.137 Y97.37
G0 X126.899 Y95.584
G0 X125.631 Y94.159
G0 X124.191 Y92.938
G0 X122.932 Y92.133
G0 X121.908 Y91.624
G0 X120.729 Y91.217
G0 X119.615 Y91.061
G0 X118.993 Y93.411
G0 X118.842 Y94.431
G0 X118.089 Y99.905
G0 X121.043 Y100.679
G1 F2400 E531.59195
G1 F1500 X120.443 Y100.078 E531.62019
G0 F9000 X120.444 Y100.172
G1 F1500 X121.043 Y99.574 E531.64834
G0 F9000 X121.043 Y97.285
G1 F1500 X119.472 Y95.713 E531.72226
G0 F9000 X119.687 Y94.141
G1 F1500 X121.043 Y92.785 E531.78605
G0 F9000 X121.043 Y93.891
G1 F1500 X119.861 Y92.708 E531.84167
G1 F2400 E531.04167
G0 F9000 X119.219 Y92.541
G0 X118.993 Y93.411
G0 X118.458 Y97.01
G0 X119.189 Y97.115
G0 X121.043 Y96.179
G1 F2400 E531.84167
G1 F1500 X120.012 Y97.21 E531.89016
G1 F2400 E531.09016
;MESH:1x_1xm_pusher.stl
G0 F9000 X119.242 Y99.715
G0 X119.044 Y101.25
;TYPE:WALL-INNER
G1 F2400 E531.89016
G1 X119.044 Y101.708 E531.90539
G1 X119.044 Y127.633 E532.76766
G1 X98.744 Y127.633 E533.44284
G1 X92.081 Y122.922 E533.71425
G1 X92.081 Y113.342 E534.03289
G1 X94.005 Y110.059 E534.15945
G1 X105.815 Y101.708 E534.64053
G1 X118.924 Y101.708 E535.07654
G1 X119.044 Y101.25 E535.07923
G0 F9000 X119.232 Y99.795
G0 X119.444 Y98.145
;TYPE:WALL-OUTER
G1 F2400 X119.444 Y99.695 E535.13079
G1 X119.444 Y99.696 E535.13082
G1 X119.444 Y128.033 E536.07331
G1 X98.616 Y128.033 E536.76605
G1 X91.681 Y123.13 E537.04854
G1 X91.681 Y113.234 E537.37768
G1 X93.08 Y110.849 E537.46965
G1 X93.704 Y109.781 E537.51079
G1 X105.687 Y101.308 E537.99891
G1 X118.615 Y101.308 E538.4289
G1 X119.051 Y99.645 E538.48608
G1 X119.444 Y98.145 E538.51207
G0 F9000 X119.232 Y99.795
G0 X118.793 Y101.539
G0 X110.568 Y101.867
;TYPE:FILL
G1 F4800 X103.707 Y127.472 E539.39374
G0 F9000 X98.345 Y127.155
G1 F4800 X118.882 Y121.652 E540.1009
G0 F9000 X118.883 Y117.199
G1 F4800 X116.13 Y127.473 E540.45467
G0 F9000 X112.7 Y127.472
G1 F4800 X94.871 Y109.643 E541.29329
G0 F9000 X96.34 Y108.603
G1 F4800 X92.48 Y123.007 E541.78928
G0 F9000 X92.241 Y116.367
G1 F4800 X118.882 Y109.228 E542.70662
G0 F9000 X118.883 Y116.684
G1 F4800 X104.812 Y102.613 E543.36848
G0 F9000 X104.832 Y102.646
G1 F2400 E542.56848
;MESH:NONMESH
G0 F300 X104.832 Y102.646 Z2.4
G0 F9000 X118.781 Y101.523
G0 X117.954 Y100.452
G0 X118.993 Y93.411
G0 X119.615 Y91.061
G0 X120.729 Y91.217
G0 X121.102 Y91.339
G0 X121.605 Y91.565
G0 X121.444 Y92.414
;TIME_ELAPSED:687.759660
;LAYER:11
;TYPE:SUPPORT
G1 F2400 E543.36848
G1 X121.457 Y92.417 E543.36892
G1 X121.491 Y92.46 E543.37075
G1 X121.641 Y92.493 E543.37586
G1 X121.689 Y92.552 E543.37839
G1 X121.831 Y92.588 E543.38326
G1 X121.855 Y92.636 E543.38504
G1 X121.874 Y92.641 E543.3857
G1 X121.878 Y92.646 E543.38591
G1 X121.919 Y92.653 E543.38729
G1 X122.047 Y92.683 E543.39166
G1 X122.08 Y92.727 E543.39349
G1 X122.103 Y92.734 E543.39429
G1 X122.231 Y92.771 E543.39873
G1 X122.29 Y92.846 E543.4019
G1 X122.4 Y92.878 E543.40571
G1 X122.464 Y92.97 E543.40944
G1 X122.644 Y93.016 E543.41562
G1 X122.687 Y93.076 E543.41807
G1 X122.848 Y93.125 E543.42367
G1 X122.88 Y93.187 E543.42599
G1 X122.899 Y93.193 E543.42665
G1 X122.919 Y93.221 E543.4278
G1 X122.982 Y93.221 E543.42989
G1 X123.052 Y93.244 E543.43234
G1 X123.115 Y93.324 E543.43573
G1 X123.245 Y93.367 E543.44028
G1 X123.27 Y93.402 E543.44171
G1 X123.297 Y93.456 E543.44372
G1 X123.312 Y93.462 E543.44426
G1 X123.335 Y93.493 E543.44554
G1 X123.401 Y93.493 E543.44774
G1 X123.436 Y93.506 E543.44898
G1 X123.506 Y93.604 E543.45299
G1 X123.524 Y93.613 E543.45366
G1 X123.534 Y93.623 E543.45413
G1 X123.643 Y93.661 E543.45797
G1 X123.709 Y93.757 E543.46184
G1 X123.828 Y93.805 E543.46611
G1 X123.9 Y93.913 E543.47042
G1 X124.037 Y93.966 E543.47531
G1 X124.103 Y94.067 E543.47932
G1 X124.227 Y94.114 E543.48373
G1 X124.318 Y94.254 E543.48929
G1 X124.463 Y94.315 E543.49452
G1 X124.527 Y94.41 E543.49833
G1 X124.635 Y94.46 E543.50229
G1 X124.725 Y94.597 E543.50774
G1 X124.75 Y94.611 E543.50869
G1 X124.855 Y94.659 E543.51253
G1 X124.944 Y94.804 E543.51819
G1 X125.037 Y94.844 E543.52156
G1 X125.141 Y95.014 E543.52819
G1 X125.269 Y95.079 E543.53296
G1 X125.333 Y95.181 E543.53697
G1 X125.417 Y95.229 E543.54018
G1 X125.527 Y95.416 E543.5474
G1 X125.667 Y95.491 E543.55268
G1 X125.738 Y95.61 E543.55729
G1 X125.774 Y95.646 E543.55899
G1 X125.825 Y95.676 E543.56095
G1 X125.95 Y95.894 E543.56931
G1 X126.038 Y95.948 E543.57275
G1 X126.142 Y96.137 E543.57992
G1 X126.256 Y96.205 E543.58434
G1 X126.345 Y96.367 E543.59048
G1 X126.428 Y96.421 E543.59378
G1 X126.566 Y96.697 E543.60404
G1 X126.657 Y96.755 E543.60763
G1 X126.763 Y96.956 E543.61519
G1 X126.844 Y97.01 E543.61842
G1 X126.924 Y97.182 E543.62473
G1 X126.924 Y97.24 E543.62666
G1 X126.967 Y97.269 E543.62839
G1 X126.973 Y97.281 E543.62883
G1 X127.016 Y97.303 E543.63044
G1 X127.069 Y97.338 E543.63255
G1 X127.18 Y97.558 E543.64075
G1 X127.259 Y97.617 E543.64403
G1 X127.382 Y97.871 E543.65342
G1 X127.441 Y97.918 E543.65592
G1 X127.573 Y98.199 E543.66625
G1 X127.638 Y98.259 E543.66919
G1 X127.774 Y98.559 E543.68015
G1 X127.833 Y98.611 E543.68276
G1 X127.997 Y98.987 E543.69641
G1 X128.066 Y99.051 E543.69954
G1 X128.177 Y99.321 E543.70925
G1 X128.226 Y99.381 E543.71182
G1 X128.378 Y99.764 E543.72553
G1 X128.445 Y99.834 E543.72875
G1 X128.608 Y100.242 E543.74336
G1 X128.633 Y100.268 E543.74456
G1 X128.809 Y100.738 E543.76126
G1 X128.849 Y100.792 E543.76349
G1 X128.993 Y101.221 E543.77854
G1 X129.04 Y101.289 E543.78129
G1 X129.208 Y101.846 E543.80064
G1 X129.244 Y101.893 E543.80261
G1 X129.244 Y102.207 E543.81305
G1 X129.444 Y102.529 E543.82566
G1 X129.444 Y102.993 E543.8411
G1 X129.644 Y103.361 E543.85503
G1 X129.644 Y103.652 E543.8647
G1 X129.844 Y104.076 E543.8803
G1 X129.844 Y104.494 E543.8942
G1 X130.03 Y105.026 E543.91294
G1 X130.043 Y105.114 E543.9159
G1 X130.047 Y105.722 E543.93613
G1 X130.227 Y106.357 E543.95808
G1 X130.244 Y106.438 E543.96083
G1 X130.245 Y128.033 E544.67908
G1 X121.444 Y128.033 E544.97181
G1 X121.443 Y126.854 E545.01102
G1 X121.445 Y126.564 E545.02066
G1 X121.444 Y92.414 E546.1565
G0 F9000 X121.804 Y92.999
G1 F2400 X121.805 Y126.566 E547.27294
G1 X121.803 Y126.856 E547.28259
G1 X121.804 Y127.673 E547.30976
G1 X122 Y127.673 E547.31628
G1 X122 Y93.078 E548.46691
G1 X121.863 Y93.037 E548.47167
G1 X121.838 Y93.005 E548.47302
G0 F9000 X121.835 Y93.004
G1 F2400 X121.804 Y92.999 E548.47407
G1 F2400 E547.67407
G0 F9000 X122.567 Y91.967
G0 X123.57 Y92.507
G0 X125.217 Y93.778
G0 X126.462 Y95.053
G0 X127.522 Y96.426
G0 X128.586 Y98.176
G0 X129.378 Y99.797
G0 X129.999 Y101.476
G0 X128.882 Y102.013
G1 F2400 E548.47407
G1 X128.714 Y101.45 E548.49361
G1 X128.668 Y101.383 E548.49631
G1 X128.523 Y100.956 E548.51131
G1 X128.49 Y100.91 E548.51319
G1 X128.322 Y100.463 E548.52907
G1 X128.3 Y100.44 E548.53013
G1 X128.135 Y100.031 E548.5448
G1 X128.07 Y99.962 E548.54795
G1 X128 Y99.787 E548.55422
G1 X128 Y127.673 E549.48172
G1 X126 Y127.673 E549.54824
G1 X126 Y96.486 E550.58552
G1 X125.988 Y96.464 E550.58635
G1 X125.874 Y96.396 E550.59077
G1 X125.77 Y96.206 E550.59797
G1 X125.684 Y96.153 E550.60133
G1 X125.559 Y95.937 E550.60963
G1 X125.553 Y95.933 E550.60987
G1 X125.452 Y95.834 E550.61458
G1 X125.408 Y95.761 E550.61741
G1 X125.268 Y95.686 E550.62269
G1 X125.157 Y95.495 E550.63004
G1 X125.076 Y95.449 E550.63314
G1 X125.017 Y95.355 E550.63683
G1 X124.887 Y95.289 E550.64168
G1 X124.79 Y95.13 E550.64787
G1 X124.697 Y95.09 E550.65124
G1 X124.606 Y94.94 E550.65708
G1 X124.587 Y94.932 E550.65776
G1 X124.473 Y94.869 E550.66209
G1 X124.39 Y94.743 E550.66711
G1 X124.284 Y94.695 E550.67098
G1 X124.224 Y94.606 E550.67455
G1 X124.077 Y94.544 E550.67986
G1 X124 Y94.426 E550.68455
G1 X124 Y127.673 E551.79035
G1 X122 Y127.673 E551.85687
G1 F2400 E551.05687
G0 F9000 X122 Y128.898
G0 X128 Y128.898
G0 X128 Y127.673
G1 F2400 E551.85687
G1 X129.885 Y127.673 E551.91956
G1 X129.884 Y106.479 E552.62448
G1 X129.874 Y106.431 E552.62611
G1 X129.687 Y105.773 E552.64886
G1 X129.683 Y105.139 E552.66995
G1 X129.679 Y105.114 E552.67079
G1 X129.484 Y104.555 E552.69048
G1 X129.484 Y104.157 E552.70372
G1 X129.284 Y103.733 E552.71931
G1 X129.284 Y103.454 E552.72859
G1 X129.084 Y103.085 E552.74255
G1 X129.084 Y102.632 E552.75762
G1 X128.884 Y102.31 E552.77022
G1 X128.884 Y102.016 E552.78
G1 F2400 E551.98
G0 F9000 X129.999 Y101.476
G0 X129.378 Y99.797
G0 X128.586 Y98.176
G0 X127.522 Y96.426
G0 X126.284 Y94.844
G0 X125.038 Y93.621
G0 X123.57 Y92.507
G0 X122.107 Y91.712
G0 X120.729 Y91.218
G0 X119.616 Y91.061
G0 X119.112 Y92.964
G0 X117.754 Y100.452
G0 X121.243 Y102.768
;TYPE:SUPPORT-INTERFACE
G1 F2400 E552.78
G1 F1500 X120.643 Y103.367 E552.8082
G0 F9000 X120.643 Y103.672
G1 F1500 X121.244 Y104.273 E552.83647
G0 F9000 X121.243 Y106.162
G1 F1500 X120.644 Y106.761 E552.86464
G0 F9000 X120.643 Y107.067
G1 F1500 X121.244 Y107.667 E552.89289
G0 F9000 X121.244 Y109.555
G1 F1500 X120.644 Y110.155 E552.92111
G0 F9000 X120.643 Y110.461
G1 F1500 X121.244 Y111.062 E552.94938
G0 F9000 X121.244 Y112.949
G1 F1500 X120.644 Y113.549 E552.9776
G0 F9000 X120.643 Y113.855
G1 F1500 X121.244 Y114.456 E553.00587
G0 F9000 X121.244 Y116.343
G1 F1500 X120.645 Y116.942 E553.03405
G0 F9000 X120.644 Y117.25
G1 F1500 X121.244 Y117.85 E553.06227
G0 F9000 X121.244 Y119.737
G1 F1500 X120.645 Y120.336 E553.09045
G0 F9000 X120.644 Y120.644
G1 F1500 X121.244 Y121.244 E553.11867
G0 F9000 X121.244 Y123.132
G1 F1500 X120.645 Y123.73 E553.14682
G0 F9000 X120.644 Y124.038
G1 F1500 X121.244 Y124.638 E553.17504
G0 F9000 X121.244 Y126.526
G1 F1500 X120.645 Y127.125 E553.20322
G0 F9000 X120.643 Y127.431
G1 F1500 X121.244 Y128.032 E553.23149
G1 F2400 E552.43149
G0 F9000 X121.244 Y128.898
G0 X130.602 Y128.894
G0 X131.106 Y128.39
G0 X131.108 Y106.345
G0 X130.663 Y103.783
G0 X130.107 Y101.654
G0 X129.186 Y99.362
G0 X128.137 Y97.37
G0 X126.899 Y95.584
G0 X125.631 Y94.159
G0 X124.191 Y92.938
G0 X122.734 Y92.013
G0 X121.285 Y91.38
G0 X120.729 Y91.218
G0 X119.616 Y91.061
G0 X119.112 Y92.964
G0 X117.754 Y100.452
G0 X121.244 Y100.879
G1 F2400 E553.23149
G1 F1500 X120.643 Y100.278 E553.25976
G0 F9000 X120.643 Y99.973
G1 F1500 X121.243 Y99.373 E553.28798
G0 F9000 X121.244 Y97.485
G1 F1500 X120.643 Y96.884 E553.31625
G0 F9000 X120.643 Y96.579
G1 F1500 X121.243 Y95.979 E553.34447
G0 F9000 X121.244 Y94.091
G1 F1500 X119.861 Y92.708 E553.40952
G0 F9000 X121.243 Y92.585
G1 F1500 X119.687 Y94.141 E553.48271
G1 F2400 E552.68271
;MESH:1x_1xm_pusher.stl
G0 F9000 X119.044 Y93.973
G0 X118.715 Y95.272
G0 X118.409 Y97.918
G0 X119.442 Y98.188
G0 X119.244 Y99.723
;TYPE:WALL-INNER
G1 F2400 E553.48271
G1 X119.244 Y101.271 E553.5342
G1 X119.245 Y127.066 E554.39214
G1 X119.243 Y127.633 E554.411
G1 X98.944 Y127.633 E555.08615
G1 X92.281 Y122.922 E555.35756
G1 X92.281 Y113.342 E555.67619
G1 X94.205 Y110.059 E555.80275
G1 X106.015 Y101.708 E556.28384
G1 X118.724 Y101.708 E556.70654
G1 X118.852 Y101.221 E556.72329
G1 X119.244 Y99.723 E556.74925
G0 F9000 X119.432 Y98.268
G0 X119.644 Y96.618
;TYPE:WALL-OUTER
G1 F2400 X119.644 Y98.169 E556.80083
G1 X119.644 Y98.17 E556.80087
G1 X119.645 Y127.069 E557.76205
G1 X119.643 Y127.346 E557.77126
G1 X119.644 Y127.833 E557.78746
G1 X119.644 Y128.033 E557.79411
G1 X119.444 Y128.033 E557.79842
G1 X98.816 Y128.033 E558.48451
G1 X91.881 Y123.13 E558.76699
G1 X91.881 Y113.234 E559.09614
G1 X93.904 Y109.781 E559.22924
G1 X105.887 Y101.308 E559.71737
G1 X118.415 Y101.308 E560.13405
G1 X119.251 Y98.119 E560.2437
G1 X119.644 Y96.618 E560.26971
G0 F9000 X119.432 Y98.268
G0 X118.593 Y101.539
G0 X110.421 Y101.867
;TYPE:FILL
G1 F4800 X103.56 Y127.472 E561.15138
G0 F9000 X98.64 Y127.222
G1 F4800 X119.083 Y121.745 E561.8553
G0 F9000 X119.084 Y116.684
G1 F4800 X105.012 Y102.612 E562.5172
G0 F9000 X96.112 Y108.905
G1 F4800 X92.441 Y122.606 E562.98897
G0 F9000 X92.44 Y116.461
G1 F4800 X119.083 Y109.322 E563.90638
G0 F9000 X119.084 Y115.901
G1 F4800 X115.983 Y127.472 E564.30482
G0 F9000 X112.901 Y127.472
G1 F4800 X95.071 Y109.642 E565.14348
G0 F9000 X118.951 Y101.948
G0 X119.009 Y101.889
;TYPE:SKIN
G1 F1500 X118.985 Y101.631 E565.15012
G0 F9000 X119.044 Y101.663
G1 F2400 E564.35012
;MESH:NONMESH
G0 F300 X119.044 Y101.663 Z2.6
G0 F9000 X119.442 Y98.188
G0 X118.409 Y97.918
G0 X118.678 Y95.417
G0 X118.992 Y93.411
G0 X119.616 Y91.061
G0 X120.729 Y91.218
G0 X121.683 Y91.546
G0 X121.96 Y91.68
G0 X121.644 Y92.497
;TIME_ELAPSED:714.258244
;LAYER:12
;TYPE:SUPPORT
G1 F2400 E565.15012
G1 X121.689 Y92.552 E565.15249
G1 X121.831 Y92.588 E565.15736
G1 X121.855 Y92.636 E565.15914
G1 X121.874 Y92.641 E565.1598
G1 X121.878 Y92.646 E565.16001
G1 X121.919 Y92.653 E565.16139
G1 X122.047 Y92.683 E565.16577
G1 X122.08 Y92.727 E565.1676
G1 X122.103 Y92.734 E565.1684
G1 X122.231 Y92.771 E565.17283
G1 X122.292 Y92.849 E565.17612
G1 X122.402 Y92.88 E565.17992
G1 X122.464 Y92.97 E565.18356
G1 X122.644 Y93.016 E565.18974
G1 X122.687 Y93.076 E565.19219
G1 X122.847 Y93.124 E565.19775
G1 X122.886 Y93.179 E565.19999
G1 X122.945 Y93.208 E565.20218
G1 X123.052 Y93.244 E565.20593
G1 X123.115 Y93.324 E565.20932
G1 X123.244 Y93.368 E565.21385
G1 X123.276 Y93.411 E565.21563
G1 X123.312 Y93.465 E565.21779
G1 X123.436 Y93.509 E565.22217
G1 X123.502 Y93.601 E565.22593
G1 X123.522 Y93.611 E565.22668
G1 X123.534 Y93.623 E565.22724
G1 X123.643 Y93.661 E565.23108
G1 X123.709 Y93.757 E565.23496
G1 X123.828 Y93.805 E565.23922
G1 X123.9 Y93.913 E565.24354
G1 X124.037 Y93.966 E565.24843
G1 X124.103 Y94.067 E565.25244
G1 X124.227 Y94.114 E565.25685
G1 X124.318 Y94.254 E565.2624
G1 X124.463 Y94.315 E565.26764
G1 X124.527 Y94.41 E565.27145
G1 X124.635 Y94.46 E565.2754
G1 X124.725 Y94.597 E565.28086
G1 X124.749 Y94.609 E565.28175
G1 X124.753 Y94.613 E565.28194
G1 X124.855 Y94.659 E565.28566
G1 X124.943 Y94.804 E565.2913
G1 X125.037 Y94.844 E565.2947
G1 X125.141 Y95.014 E565.30133
G1 X125.265 Y95.077 E565.30595
G1 X125.332 Y95.184 E565.31015
G1 X125.42 Y95.234 E565.31352
G1 X125.527 Y95.415 E565.32051
G1 X125.667 Y95.491 E565.32581
G1 X125.738 Y95.61 E565.33042
G1 X125.774 Y95.646 E565.33211
G1 X125.825 Y95.676 E565.33408
G1 X125.95 Y95.894 E565.34244
G1 X126.038 Y95.948 E565.34587
G1 X126.142 Y96.137 E565.35305
G1 X126.256 Y96.205 E565.35746
G1 X126.345 Y96.367 E565.36361
G1 X126.428 Y96.421 E565.3669
G1 X126.566 Y96.697 E565.37717
G1 X126.657 Y96.755 E565.38076
G1 X126.763 Y96.956 E565.38831
G1 X126.844 Y97.01 E565.39155
G1 X126.924 Y97.182 E565.39786
G1 X126.924 Y97.24 E565.39979
G1 X126.967 Y97.269 E565.40151
G1 X126.973 Y97.281 E565.40196
G1 X127.016 Y97.303 E565.40357
G1 X127.069 Y97.338 E565.40568
G1 X127.18 Y97.558 E565.41388
G1 X127.259 Y97.617 E565.41716
G1 X127.382 Y97.871 E565.42654
G1 X127.441 Y97.918 E565.42905
G1 X127.573 Y98.199 E565.43938
G1 X127.638 Y98.259 E565.44232
G1 X127.774 Y98.559 E565.45327
G1 X127.833 Y98.611 E565.45589
G1 X127.997 Y98.987 E565.46953
G1 X128.066 Y99.051 E565.47266
G1 X128.177 Y99.321 E565.48237
G1 X128.226 Y99.381 E565.48495
G1 X128.378 Y99.764 E565.49865
G1 X128.445 Y99.834 E565.50188
G1 X128.608 Y100.242 E565.51649
G1 X128.633 Y100.268 E565.51769
G1 X128.809 Y100.738 E565.53438
G1 X128.849 Y100.792 E565.53662
G1 X128.995 Y101.224 E565.55178
G1 X129.041 Y101.29 E565.55446
G1 X129.208 Y101.845 E565.57374
G1 X129.244 Y101.892 E565.57571
G1 X129.244 Y102.207 E565.58618
G1 X129.444 Y102.529 E565.59879
G1 X129.444 Y102.993 E565.61422
G1 X129.644 Y103.361 E565.62815
G1 X129.644 Y103.652 E565.63783
G1 X129.844 Y104.076 E565.65343
G1 X129.844 Y104.494 E565.66733
G1 X130.03 Y105.026 E565.68607
G1 X130.043 Y105.114 E565.68903
G1 X130.047 Y105.722 E565.70925
G1 X130.227 Y106.357 E565.73121
G1 X130.244 Y106.438 E565.73396
G1 X130.245 Y128.033 E566.45221
G1 X121.644 Y128.033 E566.73828
G1 X121.643 Y126.77 E566.78029
G1 X121.645 Y126.463 E566.7905
G1 X121.644 Y97.879 E567.74121
G1 X121.618 Y97.591 E567.75083
G1 X121.601 Y97.329 E567.75956
G1 X121.636 Y97.133 E567.76618
G1 X121.644 Y97.062 E567.76856
G1 X121.644 Y92.497 E567.92039
G0 F9000 X121.978 Y97.567
G1 F2400 X121.963 Y97.344 E567.92782
G1 X121.992 Y97.185 E567.9332
G1 X122 Y97.116 E567.93551
G1 X122 Y97.819 E567.95889
G1 X121.977 Y97.567 E567.96731
G0 F9000 X122 Y97.819
G1 F2400 X122.004 Y97.863 E567.96878
G1 X122.005 Y126.465 E568.92008
G1 X122.003 Y126.772 E568.93029
G1 X122.004 Y127.673 E568.96026
G1 X124 Y127.673 E569.02665
G1 X124 Y94.426 E570.13245
G1 X124.077 Y94.544 E570.13714
G1 X124.224 Y94.606 E570.14244
G1 X124.284 Y94.695 E570.14601
G1 X124.391 Y94.743 E570.14991
G1 X124.477 Y94.876 E570.15518
G1 X124.537 Y94.906 E570.15741
G1 X124.545 Y94.914 E570.15779
G1 X124.605 Y94.941 E570.15998
G1 X124.695 Y95.09 E570.16577
G1 X124.79 Y95.13 E570.16919
G1 X124.887 Y95.289 E570.17539
G1 X125.013 Y95.353 E570.18009
G1 X125.075 Y95.452 E570.18397
G1 X125.158 Y95.499 E570.18715
G1 X125.268 Y95.684 E570.19431
G1 X125.408 Y95.76 E570.1996
G1 X125.452 Y95.834 E570.20247
G1 X125.553 Y95.933 E570.20717
G1 X125.559 Y95.937 E570.20741
G1 X125.684 Y96.153 E570.21571
G1 X125.77 Y96.206 E570.21907
G1 X125.874 Y96.396 E570.22628
G1 X125.988 Y96.464 E570.23069
G1 X126 Y96.486 E570.23152
G1 X126 Y127.673 E571.26881
G1 X128 Y127.673 E571.33533
G1 X128 Y99.787 E572.26282
G1 X128.07 Y99.962 E572.26909
G1 X128.135 Y100.031 E572.27224
G1 X128.3 Y100.44 E572.28691
G1 X128.322 Y100.463 E572.28797
G1 X128.49 Y100.91 E572.30385
G1 X128.525 Y100.959 E572.30585
G1 X128.671 Y101.387 E572.3209
G1 X128.712 Y101.447 E572.32331
G1 X128.882 Y102.013 E572.34297
G0 F9000 X128.884 Y102.016
G1 F2400 X128.884 Y102.31 E572.35275
G1 X129.084 Y102.632 E572.36535
G1 X129.084 Y103.085 E572.38042
G1 X129.284 Y103.454 E572.39438
G1 X129.284 Y103.733 E572.40366
G1 X129.484 Y104.157 E572.41925
G1 X129.484 Y104.555 E572.43249
G1 X129.679 Y105.114 E572.45218
G1 X129.683 Y105.139 E572.45302
G1 X129.687 Y105.773 E572.47411
G1 X129.874 Y106.431 E572.49686
G1 X129.884 Y106.479 E572.49849
G1 X129.885 Y127.673 E573.20341
G1 X128 Y127.673 E573.2661
G1 F2400 E572.4661
G0 F9000 X128 Y128.898
G0 X121.444 Y128.898
G0 X121.444 Y128.232
;TYPE:SUPPORT-INTERFACE
G1 F2400 E573.2661
G1 F1500 X120.843 Y127.632 E573.29435
G0 F9000 X120.844 Y126.925
G1 F1500 X121.444 Y126.326 E573.32255
G0 F9000 X121.444 Y124.838
G1 F1500 X120.843 Y124.237 E573.35082
G0 F9000 X120.844 Y123.531
G1 F1500 X121.444 Y122.931 E573.37904
G0 F9000 X121.444 Y121.444
G1 F1500 X120.843 Y120.843 E573.40731
G0 F9000 X120.844 Y120.137
G1 F1500 X121.444 Y119.537 E573.43553
G0 F9000 X121.444 Y118.05
G1 F1500 X120.843 Y117.449 E573.4638
G0 F9000 X120.844 Y116.743
G1 F1500 X121.444 Y116.143 E573.49202
G0 F9000 X121.444 Y114.656
G1 F1500 X120.843 Y114.055 E573.52029
G0 F9000 X120.844 Y113.349
G1 F1500 X121.444 Y112.749 E573.54851
G0 F9000 X121.444 Y111.261
G1 F1500 X120.843 Y110.66 E573.57678
G0 F9000 X120.843 Y109.955
G1 F1500 X121.443 Y109.356 E573.60498
G0 F9000 X121.444 Y107.867
G1 F1500 X120.843 Y107.266 E573.63325
G0 F9000 X120.843 Y106.561
G1 F1500 X121.443 Y105.962 E573.66145
G0 F9000 X121.444 Y104.473
G1 F1500 X120.843 Y103.872 E573.68972
G0 F9000 X120.843 Y103.167
G1 F1500 X121.443 Y102.567 E573.71794
G0 F9000 X121.444 Y101.079
G1 F1500 X120.843 Y100.478 E573.74621
G0 F9000 X120.843 Y99.773
G1 F1500 X121.443 Y99.173 E573.77443
G0 F9000 X121.422 Y97.664
G1 F1500 X120.843 Y97.084 E573.80169
G0 F9000 X120.843 Y96.379
G1 F1500 X121.443 Y95.779 E573.82991
G0 F9000 X121.443 Y94.29
G1 F1500 X119.861 Y92.708 E573.90433
G0 F9000 X120.243 Y93.585
G1 F1500 X121.443 Y92.385 E573.96077
G1 F2400 E573.16077
;MESH:1x_1xm_pusher.stl
G0 F9000 X121.656 Y91.575
G0 X121.284 Y91.379
G0 X120.729 Y91.218
G0 X119.616 Y91.061
G0 X118.862 Y93.96
G0 X118.61 Y96.39
G0 X119.642 Y96.66
G0 X119.444 Y98.196
;TYPE:WALL-INNER
G1 F2400 E573.96077
G1 X119.444 Y99.743 E574.01222
G1 X119.444 Y99.744 E574.01226
G1 X119.444 Y127.633 E574.93985
G1 X99.144 Y127.633 E575.61503
G1 X92.481 Y122.922 E575.88644
G1 X92.481 Y113.342 E576.20507
G1 X94.405 Y110.059 E576.33163
G1 X106.215 Y101.708 E576.81272
G1 X118.524 Y101.708 E577.22212
G1 X119.052 Y99.693 E577.2914
G1 X119.444 Y98.196 E577.31734
G0 F9000 X119.632 Y96.74
G0 X119.844 Y95.09
;TYPE:WALL-OUTER
G1 F2400 X119.844 Y96.641 E577.36893
G1 X119.844 Y96.642 E577.36896
G1 X119.844 Y128.033 E578.41303
G1 X99.016 Y128.033 E579.10577
G1 X92.081 Y123.13 E579.38825
G1 X92.081 Y113.234 E579.7174
G1 X93.357 Y111.059 E579.80127
G1 X94.104 Y109.781 E579.8505
G1 X106.087 Y101.308 E580.33863
G1 X118.215 Y101.308 E580.74201
G1 X119.451 Y96.591 E580.90419
G1 X119.844 Y95.09 E580.9302
G0 F9000 X119.632 Y96.74
G0 X118.393 Y101.539
G0 X110.275 Y101.867
;TYPE:FILL
G1 F4800 X103.414 Y127.472 E581.81187
G0 F9000 X98.935 Y127.289
G1 F4800 X119.283 Y121.837 E582.51252
G0 F9000 X119.283 Y116.684
G1 F4800 X105.211 Y102.612 E583.17442
G0 F9000 X95.885 Y109.208
G1 F4800 X92.64 Y121.315 E583.59132
G0 F9000 X92.64 Y116.553
G1 F4800 X119.283 Y109.414 E584.50873
G0 F9000 X119.283 Y114.614
G1 F4800 X115.837 Y127.472 E584.95148
G0 F9000 X113.101 Y127.472
G1 F4800 X95.271 Y109.642 E585.79015
G0 F9000 X118.393 Y101.539
G0 X118.875 Y101.056
G0 X118.91 Y101.091
;TYPE:SKIN
G1 F1500 X119.1 Y100.999 E585.79489
G1 X119.217 Y99.984 E585.81787
G0 F9000 X119.135 Y100.156
G1 F2400 E585.01787
;MESH:NONMESH
G0 F300 X119.135 Y100.156 Z2.8
G0 F9000 X119.642 Y96.66
G0 X118.61 Y96.39
G0 X119.208 Y94.146
G0 X118.862 Y93.96
G0 X119.616 Y91.061
G0 X120.516 Y91.187
G0 X120.963 Y91.322
G0 X120.644 Y92.123
;TIME_ELAPSED:737.442052
;LAYER:13
;TYPE:SUPPORT
G1 F2400 E585.81787
G1 X120.666 Y92.148 E585.81897
G1 X120.798 Y92.17 E585.82342
G1 X120.832 Y92.217 E585.82535
G1 X121.048 Y92.253 E585.83264
G1 X121.078 Y92.289 E585.8342
G1 X121.195 Y92.31 E585.83815
G1 X121.236 Y92.393 E585.84123
G1 X121.333 Y92.393 E585.84445
G1 X121.457 Y92.417 E585.84866
G1 X121.491 Y92.46 E585.85048
G1 X121.641 Y92.493 E585.85559
G1 X121.689 Y92.552 E585.85812
G1 X121.831 Y92.588 E585.86299
G1 X121.855 Y92.636 E585.86477
G1 X121.874 Y92.641 E585.86543
G1 X121.878 Y92.646 E585.86564
G1 X121.919 Y92.653 E585.86702
G1 X122.047 Y92.683 E585.8714
G1 X122.08 Y92.727 E585.87323
G1 X122.229 Y92.771 E585.87839
G1 X122.291 Y92.849 E585.88171
G1 X122.402 Y92.881 E585.88555
G1 X122.464 Y92.97 E585.88916
G1 X122.644 Y93.016 E585.89534
G1 X122.687 Y93.076 E585.89779
G1 X122.847 Y93.124 E585.90335
G1 X122.886 Y93.179 E585.90559
G1 X122.945 Y93.208 E585.90778
G1 X123.052 Y93.244 E585.91153
G1 X123.115 Y93.323 E585.91489
G1 X123.242 Y93.366 E585.91935
G1 X123.314 Y93.466 E585.92345
G1 X123.437 Y93.51 E585.92779
G1 X123.502 Y93.601 E585.93151
G1 X123.522 Y93.611 E585.93226
G1 X123.534 Y93.623 E585.93282
G1 X123.643 Y93.661 E585.93666
G1 X123.709 Y93.757 E585.94054
G1 X123.828 Y93.805 E585.9448
G1 X123.9 Y93.913 E585.94912
G1 X124.037 Y93.966 E585.95401
G1 X124.103 Y94.067 E585.95802
G1 X124.227 Y94.114 E585.96243
G1 X124.318 Y94.254 E585.96798
G1 X124.463 Y94.315 E585.97322
G1 X124.529 Y94.413 E585.97715
G1 X124.637 Y94.462 E585.98109
G1 X124.703 Y94.563 E585.9851
G1 X124.722 Y94.6 E585.98649
G1 X124.857 Y94.661 E585.99141
G1 X124.943 Y94.804 E585.99696
G1 X125.037 Y94.844 E586.00036
G1 X125.141 Y95.014 E586.00699
G1 X125.264 Y95.076 E586.01157
G1 X125.331 Y95.184 E586.0158
G1 X125.422 Y95.236 E586.01928
G1 X125.527 Y95.415 E586.02619
G1 X125.667 Y95.491 E586.03149
G1 X125.738 Y95.61 E586.03609
G1 X125.774 Y95.646 E586.03779
G1 X125.825 Y95.676 E586.03976
G1 X125.95 Y95.894 E586.04811
G1 X126.038 Y95.948 E586.05155
G1 X126.142 Y96.137 E586.05872
G1 X126.256 Y96.205 E586.06314
G1 X126.345 Y96.367 E586.06929
G1 X126.428 Y96.421 E586.07258
G1 X126.566 Y96.697 E586.08284
G1 X126.657 Y96.755 E586.08643
G1 X126.763 Y96.956 E586.09399
G1 X126.844 Y97.01 E586.09723
G1 X126.924 Y97.182 E586.10354
G1 X126.924 Y97.24 E586.10547
G1 X126.967 Y97.269 E586.10719
G1 X126.973 Y97.281 E586.10764
G1 X127.016 Y97.303 E586.10924
G1 X127.069 Y97.338 E586.11136
G1 X127.18 Y97.558 E586.11955
G1 X127.259 Y97.617 E586.12283
G1 X127.382 Y97.871 E586.13222
G1 X127.439 Y97.917 E586.13465
G1 X127.574 Y98.199 E586.14505
G1 X127.637 Y98.259 E586.14795
G1 X127.774 Y98.559 E586.15892
G1 X127.833 Y98.611 E586.16153
G1 X127.997 Y98.987 E586.17517
G1 X128.066 Y99.051 E586.1783
G1 X128.177 Y99.321 E586.18801
G1 X128.226 Y99.381 E586.19059
G1 X128.378 Y99.764 E586.2043
G1 X128.445 Y99.834 E586.20752
G1 X128.608 Y100.242 E586.22213
G1 X128.633 Y100.268 E586.22333
G1 X128.809 Y100.738 E586.24002
G1 X128.849 Y100.792 E586.24226
G1 X128.995 Y101.224 E586.25743
G1 X129.041 Y101.29 E586.2601
G1 X129.208 Y101.845 E586.27938
G1 X129.244 Y101.892 E586.28135
G1 X129.244 Y102.207 E586.29182
G1 X129.444 Y102.529 E586.30443
G1 X129.444 Y102.993 E586.31986
G1 X129.644 Y103.361 E586.3338
G1 X129.644 Y103.652 E586.34347
G1 X129.844 Y104.076 E586.35907
G1 X129.844 Y104.494 E586.37297
G1 X130.03 Y105.026 E586.39171
G1 X130.043 Y105.114 E586.39467
G1 X130.047 Y105.722 E586.4149
G1 X130.227 Y106.357 E586.43685
G1 X130.244 Y106.438 E586.4396
G1 X130.245 Y128.033 E587.15785
G1 X121.844 Y128.033 E587.43727
G1 X121.844 Y98.263 E588.42743
G1 X121.722 Y97.966 E588.4381
G1 X121.614 Y97.859 E588.44316
G1 X121.271 Y97.392 E588.46243
G1 X121.244 Y97.401 E588.46338
G1 X121.244 Y92.508 E588.62612
G1 X120.644 Y92.431 E588.64624
G1 X120.644 Y92.123 E588.65649
G0 F9000 X121.604 Y92.938
G1 F2400 X121.604 Y97.237 E588.79947
G1 X121.887 Y97.623 E588.81539
G1 X122 Y97.733 E588.82063
G1 X122 Y93.079 E588.97543
G1 X121.864 Y93.039 E588.98014
G1 X121.838 Y93.005 E588.98157
G0 F9000 X121.835 Y93.004
G1 F2400 X121.68 Y92.977 E588.9868
G1 X121.665 Y92.958 E588.9876
G1 X121.606 Y92.942 E588.98964
G0 F9000 X122 Y97.733
G1 F2400 X122.028 Y97.761 E588.99095
G1 X122.204 Y98.193 E589.00647
G1 X122.204 Y127.673 E589.98698
G1 X124 Y127.673 E590.04671
G1 X124 Y94.426 E591.15251
G1 X124.077 Y94.544 E591.1572
G1 X124.225 Y94.606 E591.16254
G1 X124.288 Y94.699 E591.16627
G1 X124.393 Y94.747 E591.17011
G1 X124.459 Y94.876 E591.17493
G1 X124.607 Y94.943 E591.18034
G1 X124.694 Y95.09 E591.18602
G1 X124.79 Y95.13 E591.18948
G1 X124.887 Y95.289 E591.19567
G1 X125.012 Y95.353 E591.20034
G1 X125.074 Y95.452 E591.20423
G1 X125.16 Y95.501 E591.20752
G1 X125.268 Y95.684 E591.21459
G1 X125.408 Y95.76 E591.21988
G1 X125.452 Y95.834 E591.22275
G1 X125.553 Y95.933 E591.22745
G1 X125.559 Y95.937 E591.22769
G1 X125.684 Y96.153 E591.23599
G1 X125.77 Y96.206 E591.23935
G1 X125.874 Y96.396 E591.24656
G1 X125.988 Y96.464 E591.25097
G1 X126 Y96.486 E591.2518
G1 X126 Y127.673 E592.28909
G1 X128 Y127.673 E592.35561
G1 X128 Y99.787 E593.2831
G1 X128.07 Y99.962 E593.28937
G1 X128.135 Y100.031 E593.29252
G1 X128.3 Y100.44 E593.30719
G1 X128.322 Y100.463 E593.30825
G1 X128.49 Y100.91 E593.32413
G1 X128.525 Y100.959 E593.32614
G1 X128.671 Y101.387 E593.34118
G1 X128.712 Y101.447 E593.34359
G1 X128.882 Y102.013 E593.36325
G0 F9000 X128.884 Y102.016
G1 F2400 X128.884 Y102.31 E593.37303
G1 X129.084 Y102.632 E593.38564
G1 X129.084 Y103.085 E593.4007
G1 X129.284 Y103.454 E593.41466
G1 X129.284 Y103.733 E593.42394
G1 X129.484 Y104.157 E593.43953
G1 X129.484 Y104.555 E593.45277
G1 X129.679 Y105.114 E593.47246
G1 X129.683 Y105.139 E593.4733
G1 X129.687 Y105.773 E593.49439
G1 X129.874 Y106.431 E593.51714
G1 X129.884 Y106.479 E593.51877
G1 X129.885 Y127.673 E594.22369
G1 X128 Y127.673 E594.28639
G1 F2400 E593.48639
G0 F9000 X128 Y128.898
G0 X121.643 Y128.898
G0 X121.643 Y126.126
;TYPE:SUPPORT-INTERFACE
G1 F2400 E594.28639
G1 F1500 X121.043 Y126.726 E594.31461
G0 F9000 X121.043 Y127.831
G1 F1500 X121.444 Y128.232 E594.33347
G0 F9000 X121.643 Y125.037
G1 F1500 X121.043 Y124.437 E594.36169
G0 F9000 X121.043 Y123.332
G1 F1500 X121.643 Y122.732 E594.38991
G0 F9000 X121.643 Y121.643
G1 F1500 X121.043 Y121.043 E594.41814
G0 F9000 X121.043 Y119.938
G1 F1500 X121.643 Y119.338 E594.44636
G0 F9000 X121.643 Y118.249
G1 F1500 X121.043 Y117.649 E594.47458
G0 F9000 X121.043 Y116.543
G1 F1500 X121.643 Y115.944 E594.50278
G0 F9000 X121.643 Y114.855
G1 F1500 X121.043 Y114.255 E594.531
G0 F9000 X121.043 Y113.149
G1 F1500 X121.643 Y112.55 E594.5592
G0 F9000 X121.643 Y111.461
G1 F1500 X121.043 Y110.86 E594.58745
G0 F9000 X121.043 Y109.755
G1 F1500 X121.643 Y109.156 E594.61564
G0 F9000 X121.643 Y108.067
G1 F1500 X121.043 Y107.466 E594.64389
G0 F9000 X121.043 Y106.361
G1 F1500 X121.643 Y105.761 E594.67211
G0 F9000 X121.643 Y104.673
G1 F1500 X121.043 Y104.072 E594.70036
G0 F9000 X121.043 Y102.967
G1 F1500 X121.643 Y102.367 E594.72858
G0 F9000 X121.643 Y101.278
G1 F1500 X121.043 Y100.678 E594.7568
G0 F9000 X121.043 Y99.573
G1 F1500 X121.643 Y98.973 E594.78502
G1 F2400 E593.98502
;MESH:1x_1xm_pusher.stl
G0 F9000 X119.824 Y98.973
G0 X119.644 Y96.669
;TYPE:WALL-INNER
G1 F2400 E594.78502
G1 X119.644 Y98.216 E594.83648
G1 X119.644 Y98.217 E594.83651
G1 X119.644 Y127.633 E595.81489
G1 X99.344 Y127.633 E596.49007
G1 X92.681 Y122.922 E596.76148
G1 X92.681 Y113.342 E597.08011
G1 X94.605 Y110.059 E597.20668
G1 X106.415 Y101.708 E597.68776
G1 X118.324 Y101.708 E598.08386
G1 X119.252 Y98.166 E598.20564
G1 X119.644 Y96.669 E598.23158
G0 F9000 X119.832 Y95.213
G0 X120.044 Y93.563
;TYPE:WALL-OUTER
G1 F2400 X120.044 Y95.114 E598.28317
G1 X120.044 Y95.115 E598.2832
G1 X120.044 Y128.033 E599.37806
G1 X99.216 Y128.033 E600.0708
G1 X92.281 Y123.13 E600.35328
G1 X92.281 Y113.234 E600.68243
G1 X94.304 Y109.781 E600.81553
G1 X106.287 Y101.308 E601.30366
G1 X118.015 Y101.308 E601.69373
G1 X119.651 Y95.064 E601.90842
G1 X120.044 Y93.563 E601.93443
G0 F9000 X119.832 Y95.213
G0 X119.311 Y99.542
;TYPE:FILL
G1 F4800 X119.483 Y99.714 E601.94252
G0 F9000 X118.193 Y101.539
G0 X110.129 Y101.866
G1 F4800 X103.268 Y127.473 E602.82425
G0 F9000 X99.229 Y127.357
G1 F4800 X119.483 Y121.93 E603.52167
G0 F9000 X119.483 Y116.684
G1 F4800 X105.411 Y102.613 E604.18355
G0 F9000 X95.658 Y109.509
G1 F4800 X92.84 Y120.025 E604.54565
G0 F9000 X92.84 Y116.645
G1 F4800 X119.482 Y109.506 E605.46303
G0 F9000 X119.483 Y113.32
G1 F4800 X115.691 Y127.472 E605.95033
G0 F9000 X113.3 Y127.472
G1 F4800 X95.471 Y109.643 E606.78895
G0 F9000 X118.193 Y101.539
G0 X119.063 Y99.574
G0 X119.265 Y99.371
;TYPE:SKIN
G1 F1500 X119.315 Y99.038 E606.79867
G1 X119.415 Y98.372 E606.8181
G0 F9000 X119.534 Y98.321
G0 X119.467 Y99.452
G1 F1500 X119.299 Y99.62 E606.82205
G1 F2400 E606.02205
;MESH:NONMESH
G0 F300 X119.299 Y99.62 Z3
G0 F9000 X119.842 Y95.133
G0 X118.81 Y94.863
G0 X119.871 Y91.053
G0 X121.237 Y91.395
G0 X121.605 Y91.565
G0 X121.444 Y92.414
;TIME_ELAPSED:760.649676
;LAYER:14
;TYPE:SUPPORT
G1 F2400 E606.82205
G1 X121.457 Y92.417 E606.8225
G1 X121.491 Y92.46 E606.82432
G1 X121.641 Y92.493 E606.82943
G1 X121.689 Y92.552 E606.83196
G1 X121.831 Y92.588 E606.83683
G1 X121.855 Y92.636 E606.83862
G1 X121.874 Y92.641 E606.83927
G1 X121.878 Y92.646 E606.83948
G1 X121.919 Y92.653 E606.84087
G1 X122.047 Y92.683 E606.84524
G1 X122.08 Y92.727 E606.84707
G1 X122.089 Y92.735 E606.84747
G1 X122.11 Y92.74 E606.84819
G1 X122.127 Y92.758 E606.84901
G1 X122.176 Y92.758 E606.85064
G1 X122.229 Y92.772 E606.85246
G1 X122.291 Y92.85 E606.85578
G1 X122.403 Y92.882 E606.85965
G1 X122.464 Y92.97 E606.86321
G1 X122.644 Y93.016 E606.86939
G1 X122.687 Y93.076 E606.87185
G1 X122.846 Y93.124 E606.87737
G1 X122.885 Y93.178 E606.87959
G1 X122.945 Y93.208 E606.88182
G1 X123.052 Y93.244 E606.88557
G1 X123.114 Y93.323 E606.88891
G1 X123.242 Y93.367 E606.89341
G1 X123.315 Y93.469 E606.89759
G1 X123.441 Y93.513 E606.90203
G1 X123.502 Y93.6 E606.90556
G1 X123.521 Y93.61 E606.90627
G1 X123.534 Y93.623 E606.90688
G1 X123.643 Y93.661 E606.91072
G1 X123.709 Y93.757 E606.9146
G1 X123.828 Y93.805 E606.91887
G1 X123.9 Y93.913 E606.92318
G1 X124.037 Y93.966 E606.92807
G1 X124.103 Y94.067 E606.93208
G1 X124.227 Y94.114 E606.93649
G1 X124.318 Y94.254 E606.94205
G1 X124.462 Y94.314 E606.94724
G1 X124.526 Y94.414 E606.95118
G1 X124.638 Y94.463 E606.95525
G1 X124.73 Y94.601 E606.96077
G1 X124.856 Y94.661 E606.96541
G1 X124.943 Y94.804 E606.97098
G1 X125.037 Y94.844 E606.97437
G1 X125.141 Y95.014 E606.981
G1 X125.261 Y95.075 E606.98548
G1 X125.331 Y95.188 E606.9899
G1 X125.424 Y95.24 E606.99344
G1 X125.527 Y95.415 E607.0002
G1 X125.667 Y95.491 E607.0055
G1 X125.738 Y95.61 E607.01011
G1 X125.774 Y95.646 E607.0118
G1 X125.825 Y95.676 E607.01377
G1 X125.95 Y95.894 E607.02212
G1 X126.038 Y95.948 E607.02556
G1 X126.142 Y96.137 E607.03273
G1 X126.256 Y96.205 E607.03715
G1 X126.345 Y96.368 E607.04333
G1 X126.426 Y96.42 E607.04653
G1 X126.566 Y96.697 E607.05685
G1 X126.657 Y96.755 E607.06044
G1 X126.763 Y96.956 E607.068
G1 X126.844 Y97.01 E607.07123
G1 X126.924 Y97.182 E607.07754
G1 X126.924 Y97.24 E607.07947
G1 X126.967 Y97.269 E607.0812
G1 X126.973 Y97.281 E607.08164
G1 X127.016 Y97.303 E607.08325
G1 X127.069 Y97.338 E607.08536
G1 X127.18 Y97.558 E607.09356
G1 X127.259 Y97.617 E607.09684
G1 X127.382 Y97.871 E607.10623
G1 X127.438 Y97.916 E607.10861
G1 X127.574 Y98.201 E607.11912
G1 X127.638 Y98.26 E607.12201
G1 X127.774 Y98.559 E607.13294
G1 X127.833 Y98.611 E607.13555
G1 X127.997 Y98.987 E607.1492
G1 X128.066 Y99.051 E607.15233
G1 X128.18 Y99.33 E607.16235
G1 X128.196 Y99.345 E607.16308
G1 X128.226 Y99.381 E607.16464
G1 X128.378 Y99.764 E607.17835
G1 X128.445 Y99.834 E607.18157
G1 X128.608 Y100.242 E607.19618
G1 X128.633 Y100.268 E607.19738
G1 X128.809 Y100.738 E607.21407
G1 X128.849 Y100.792 E607.21631
G1 X128.995 Y101.224 E607.23147
G1 X129.041 Y101.29 E607.23415
G1 X129.208 Y101.845 E607.25343
G1 X129.244 Y101.892 E607.2554
G1 X129.244 Y102.207 E607.26587
G1 X129.444 Y102.529 E607.27848
G1 X129.444 Y102.993 E607.29391
G1 X129.644 Y103.361 E607.30784
G1 X129.644 Y103.652 E607.31752
G1 X129.844 Y104.076 E607.33312
G1 X129.844 Y104.494 E607.34702
G1 X130.03 Y105.026 E607.36576
G1 X130.043 Y105.114 E607.36872
G1 X130.047 Y105.722 E607.38894
G1 X130.227 Y106.357 E607.4109
G1 X130.244 Y106.438 E607.41365
G1 X130.245 Y128.033 E608.1319
G1 X122.044 Y128.033 E608.40467
G1 X122.043 Y98.921 E609.37294
G1 X122.025 Y98.514 E609.38649
G1 X121.838 Y98.183 E609.39913
G1 X121.444 Y97.918 E609.41492
G1 X121.444 Y92.414 E609.59799
G0 F9000 X121.804 Y92.999
G1 F2400 X121.804 Y97.726 E609.75521
G1 X122 Y97.857 E609.76305
G1 X122 Y93.118 E609.92067
G1 X121.972 Y93.118 E609.9216
G1 X121.922 Y93.065 E609.92402
G1 X121.917 Y93.064 E609.92419
G1 X121.854 Y93.008 E609.927
G1 X121.846 Y93.006 E609.92727
G1 X121.804 Y92.999 E609.92869
G0 F9000 X122 Y97.857
G1 F2400 X122.11 Y97.931 E609.9331
G1 X122.381 Y98.412 E609.95146
G1 X122.403 Y98.914 E609.96817
G1 X122.404 Y127.673 E610.9247
G1 X124 Y127.673 E610.97778
G1 X124 Y94.426 E612.08358
G1 X124.077 Y94.544 E612.08827
G1 X124.22 Y94.604 E612.09343
G1 X124.281 Y94.7 E612.09721
G1 X124.397 Y94.751 E612.10143
G1 X124.485 Y94.884 E612.10673
G1 X124.605 Y94.941 E612.11115
G1 X124.696 Y95.09 E612.11696
G1 X124.79 Y95.13 E612.12035
G1 X124.888 Y95.289 E612.12657
G1 X125.008 Y95.35 E612.13104
G1 X125.073 Y95.456 E612.13518
G1 X125.164 Y95.507 E612.13865
G1 X125.268 Y95.683 E612.14545
G1 X125.408 Y95.76 E612.15076
G1 X125.452 Y95.834 E612.15363
G1 X125.553 Y95.933 E612.15833
G1 X125.559 Y95.937 E612.15857
G1 X125.684 Y96.153 E612.16687
G1 X125.77 Y96.206 E612.17023
G1 X125.874 Y96.396 E612.17743
G1 X125.987 Y96.464 E612.18182
G1 X126 Y96.488 E612.18273
G1 X126 Y127.673 E613.21995
G1 X128 Y127.673 E613.28647
G1 X128 Y99.787 E614.21396
G1 X128.07 Y99.962 E614.22023
G1 X128.135 Y100.031 E614.22338
G1 X128.3 Y100.44 E614.23805
G1 X128.322 Y100.463 E614.23911
G1 X128.49 Y100.91 E614.25499
G1 X128.525 Y100.959 E614.25699
G1 X128.671 Y101.387 E614.27203
G1 X128.712 Y101.447 E614.27445
G1 X128.882 Y102.013 E614.29411
G0 F9000 X128.884 Y102.016
G1 F2400 X128.884 Y102.31 E614.30388
G1 X129.084 Y102.632 E614.31649
G1 X129.084 Y103.085 E614.33156
G1 X129.284 Y103.454 E614.34552
G1 X129.284 Y103.733 E614.3548
G1 X129.484 Y104.157 E614.37039
G1 X129.484 Y104.555 E614.38363
G1 X129.679 Y105.114 E614.40332
G1 X129.683 Y105.139 E614.40416
G1 X129.687 Y105.773 E614.42525
G1 X129.874 Y106.431 E614.448
G1 X129.884 Y106.479 E614.44963
G1 X129.885 Y127.673 E615.15455
G1 X128 Y127.673 E615.21724
G1 F2400 E614.41724
G0 F9000 X128 Y128.898
G0 X121.843 Y128.898
G0 X121.843 Y125.926
;TYPE:SUPPORT-INTERFACE
G1 F2400 E615.21724
G1 F1500 X121.244 Y126.525 E615.24542
G0 F9000 X121.844 Y125.238
G1 F1500 X121.244 Y124.638 E615.27364
G0 F9000 X121.244 Y123.131
G1 F1500 X121.843 Y122.532 E615.30181
G0 F9000 X121.844 Y121.844
G1 F1500 X121.244 Y121.244 E615.33004
G0 F9000 X121.244 Y119.737
G1 F1500 X121.843 Y119.138 E615.35821
G0 F9000 X121.843 Y118.449
G1 F1500 X121.244 Y117.849 E615.38641
G0 F9000 X121.244 Y116.343
G1 F1500 X121.842 Y115.744 E615.41456
G0 F9000 X121.843 Y115.055
G1 F1500 X121.244 Y114.455 E615.44276
G0 F9000 X121.244 Y112.948
G1 F1500 X121.842 Y112.35 E615.47089
G0 F9000 X121.843 Y111.661
G1 F1500 X121.243 Y111.061 E615.49911
G0 F9000 X121.244 Y109.555
G1 F1500 X121.842 Y108.956 E615.52726
G0 F9000 X121.842 Y108.266
G1 F1500 X121.243 Y107.666 E615.55546
G0 F9000 X121.244 Y106.161
G1 F1500 X121.842 Y105.563 E615.58359
G0 F9000 X121.842 Y104.872
G1 F1500 X121.243 Y104.272 E615.61179
G0 F9000 X121.244 Y102.767
G1 F1500 X121.842 Y102.169 E615.63992
G0 F9000 X121.842 Y101.478
G1 F1500 X121.243 Y100.878 E615.66811
G0 F9000 X121.244 Y99.373
G1 F1500 X121.835 Y98.782 E615.69591
G1 F2400 E614.89591
G0 F9000 X117.856 Y97.74
G0 X119.608 Y91.092
G0 X121.099 Y91.284
G0 X122.935 Y92.138
G0 X124.191 Y92.938
G0 X125.631 Y94.159
G0 X126.687 Y95.334
G0 X127.945 Y97.054
G0 X128.979 Y98.937
G0 X129.826 Y100.906
G0 X130.308 Y102.409
G0 X130.872 Y104.818
G0 X131.108 Y106.345
G0 X131.106 Y128.39
G0 X130.602 Y128.894
G0 X121.243 Y128.898
G0 X121.243 Y128.031
G1 F2400 E615.69591
G1 F1500 X121.443 Y128.231 E615.70532
G1 F2400 E614.90532
;MESH:1x_1xm_pusher.stl
G0 F9000 X120.025 Y126.765
G0 X119.844 Y95.141
;TYPE:WALL-INNER
G1 F2400 E615.70532
G1 X119.844 Y96.688 E615.75677
G1 X119.844 Y96.689 E615.75681
G1 X119.845 Y126.763 E616.75707
G1 X119.843 Y127.633 E616.78601
G1 X99.544 Y127.633 E617.46116
G1 X92.881 Y122.922 E617.73257
G1 X92.881 Y113.342 E618.0512
G1 X94.805 Y110.059 E618.17776
G1 X106.615 Y101.708 E618.65884
G1 X118.124 Y101.708 E619.04164
G1 X119.452 Y96.638 E619.21595
G1 X119.844 Y95.141 E619.2419
G0 F9000 X120.032 Y93.686
G0 X120.244 Y92.036
;TYPE:WALL-OUTER
G1 F2400 X120.244 Y93.587 E619.29348
G1 X120.244 Y93.588 E619.29352
G1 X120.245 Y126.765 E620.39699
G1 X120.243 Y127.281 E620.41415
G1 X120.244 Y127.833 E620.43251
G1 X120.244 Y128.033 E620.43916
G1 X120.044 Y128.033 E620.44347
G1 X99.416 Y128.033 E621.12956
G1 X92.481 Y123.13 E621.41204
G1 X92.481 Y113.234 E621.74118
G1 X94.504 Y109.781 E621.87429
G1 X106.487 Y101.308 E622.36241
G1 X117.815 Y101.308 E622.73919
G1 X119.851 Y93.537 E623.00637
G1 X120.244 Y92.036 E623.03239
G0 F9000 X120.032 Y93.686
G0 X118.991 Y99.021
;TYPE:FILL
G1 F4800 X119.684 Y99.714 E623.06498
G0 F9000 X119.683 Y109.6
G1 F4800 X93.04 Y116.739 E623.98239
G0 F9000 X93.04 Y118.73
G1 F4800 X95.43 Y109.811 E624.2895
G0 F9000 X95.671 Y109.642
G1 F4800 X113.501 Y127.472 E625.12817
G0 F9000 X115.544 Y127.472
G1 F4800 X119.684 Y112.024 E625.66011
G0 F9000 X119.684 Y116.685
G1 F4800 X105.612 Y102.612 E626.32203
G0 F9000 X109.982 Y101.866
G1 F4800 X103.121 Y127.473 E627.20377
G0 F9000 X99.525 Y127.424
G1 F4800 X119.684 Y122.023 E627.89791
G0 F9000 X119.6 Y98.104
G0 X119.46 Y97.964
;TYPE:SKIN
G1 F1500 X119.523 Y97.744 E627.9047
G1 X119.611 Y96.984 E627.92742
G0 F9000 X119.536 Y97.101
G1 F2400 E627.12742
;MESH:NONMESH
G0 F300 X119.536 Y97.101 Z3.2
G0 F9000 X120.042 Y93.606
G0 X121.644 Y92.497
;TIME_ELAPSED:784.642551
;LAYER:15
;TYPE:SUPPORT
G1 F2400 E627.92742
G1 X121.689 Y92.552 E627.92978
G1 X121.831 Y92.588 E627.93466
G1 X121.855 Y92.636 E627.93644
G1 X121.874 Y92.641 E627.93709
G1 X121.878 Y92.646 E627.93731
G1 X121.919 Y92.653 E627.93869
G1 X122.047 Y92.683 E627.94306
G1 X122.08 Y92.727 E627.94489
G1 X122.089 Y92.735 E627.94529
G1 X122.11 Y92.74 E627.94601
G1 X122.127 Y92.758 E627.94683
G1 X122.176 Y92.758 E627.94846
G1 X122.229 Y92.772 E627.95029
G1 X122.291 Y92.85 E627.9536
G1 X122.403 Y92.882 E627.95747
G1 X122.464 Y92.97 E627.96104
G1 X122.644 Y93.016 E627.96722
G1 X122.687 Y93.076 E627.96967
G1 X122.844 Y93.123 E627.97512
G1 X122.893 Y93.192 E627.97794
G1 X123.052 Y93.244 E627.9835
G1 X123.115 Y93.323 E627.98686
G1 X123.239 Y93.365 E627.99122
G1 X123.313 Y93.469 E627.99546
G1 X123.44 Y93.514 E627.99994
G1 X123.501 Y93.6 E628.00345
G1 X123.522 Y93.61 E628.00422
G1 X123.534 Y93.623 E628.00481
G1 X123.643 Y93.661 E628.00865
G1 X123.709 Y93.757 E628.01253
G1 X123.828 Y93.805 E628.01679
G1 X123.9 Y93.913 E628.02111
G1 X124.037 Y93.966 E628.026
G1 X124.103 Y94.067 E628.03001
G1 X124.227 Y94.114 E628.03442
G1 X124.314 Y94.248 E628.03973
G1 X124.336 Y94.259 E628.04055
G1 X124.342 Y94.265 E628.04083
G1 X124.461 Y94.313 E628.0451
G1 X124.528 Y94.415 E628.04916
G1 X124.637 Y94.463 E628.05312
G1 X124.712 Y94.574 E628.05758
G1 X124.738 Y94.608 E628.059
G1 X124.857 Y94.662 E628.06335
G1 X124.944 Y94.804 E628.06889
G1 X125.037 Y94.844 E628.07225
G1 X125.141 Y95.014 E628.07888
G1 X125.261 Y95.075 E628.08336
G1 X125.305 Y95.146 E628.08614
G1 X125.326 Y95.188 E628.0877
G1 X125.333 Y95.192 E628.08797
G1 X125.362 Y95.239 E628.0898
G1 X125.418 Y95.239 E628.09167
G1 X125.426 Y95.244 E628.09198
G1 X125.526 Y95.415 E628.09857
G1 X125.667 Y95.491 E628.1039
G1 X125.738 Y95.61 E628.10851
G1 X125.774 Y95.646 E628.1102
G1 X125.825 Y95.676 E628.11217
G1 X125.95 Y95.894 E628.12052
G1 X126.038 Y95.948 E628.12396
G1 X126.142 Y96.137 E628.13113
G1 X126.256 Y96.205 E628.13555
G1 X126.345 Y96.368 E628.14173
G1 X126.426 Y96.42 E628.14493
G1 X126.566 Y96.697 E628.15525
G1 X126.657 Y96.755 E628.15884
G1 X126.748 Y96.93 E628.1654
G1 X126.766 Y96.958 E628.16651
G1 X126.844 Y97.01 E628.16962
G1 X126.924 Y97.182 E628.17593
G1 X126.924 Y97.24 E628.17786
G1 X126.967 Y97.269 E628.17959
G1 X126.973 Y97.281 E628.18003
G1 X127.016 Y97.303 E628.18164
G1 X127.069 Y97.338 E628.18375
G1 X127.18 Y97.558 E628.19195
G1 X127.259 Y97.617 E628.19523
G1 X127.382 Y97.871 E628.20461
G1 X127.438 Y97.916 E628.207
G1 X127.572 Y98.197 E628.21736
G1 X127.579 Y98.206 E628.21774
G1 X127.637 Y98.26 E628.22037
G1 X127.773 Y98.559 E628.2313
G1 X127.833 Y98.611 E628.23394
G1 X127.997 Y98.987 E628.24758
G1 X128.066 Y99.051 E628.25071
G1 X128.18 Y99.33 E628.26074
G1 X128.196 Y99.345 E628.26147
G1 X128.226 Y99.381 E628.26303
G1 X128.378 Y99.764 E628.27673
G1 X128.445 Y99.834 E628.27995
G1 X128.608 Y100.242 E628.29457
G1 X128.633 Y100.268 E628.29577
G1 X128.809 Y100.738 E628.31246
G1 X128.849 Y100.792 E628.31469
G1 X128.995 Y101.224 E628.32986
G1 X129.041 Y101.29 E628.33254
G1 X129.208 Y101.846 E628.35185
G1 X129.244 Y101.892 E628.35379
G1 X129.244 Y102.207 E628.36427
G1 X129.444 Y102.529 E628.37687
G1 X129.444 Y102.993 E628.39231
G1 X129.644 Y103.361 E628.40624
G1 X129.644 Y103.652 E628.41591
G1 X129.844 Y104.076 E628.43151
G1 X129.844 Y104.494 E628.44541
G1 X130.03 Y105.026 E628.46415
G1 X130.043 Y105.114 E628.46711
G1 X130.047 Y105.722 E628.48734
G1 X130.227 Y106.357 E628.50929
G1 X130.244 Y106.438 E628.51204
G1 X130.245 Y128.033 E629.23029
G1 X122.244 Y128.033 E629.49641
G1 X122.245 Y98.725 E630.4712
G1 X121.984 Y98.329 E630.48697
G1 X121.744 Y98.223 E630.4957
G1 X121.644 Y98.17 E630.49946
G1 X121.644 Y92.497 E630.68815
G0 F9000 X122.044 Y93.118
G1 F2400 X122.004 Y93.118 E630.68948
G1 X122.004 Y97.944 E630.84999
G1 X122.227 Y98.043 E630.8581
G1 X122.605 Y98.617 E630.88096
G1 X122.604 Y127.673 E631.84737
G1 X124 Y127.673 E631.8938
G1 X124 Y94.426 E632.9996
G1 X123.99 Y94.41 E633.00023
G1 X123.865 Y94.362 E633.00468
G1 X123.799 Y94.26 E633.00872
G1 X123.664 Y94.208 E633.01353
G1 X123.591 Y94.098 E633.01793
G1 X123.474 Y94.051 E633.02212
G1 X123.413 Y93.961 E633.02574
G1 X123.33 Y93.932 E633.02866
G1 X123.306 Y93.906 E633.02984
G1 X123.262 Y93.885 E633.03146
G1 X123.212 Y93.815 E633.03432
G1 X123.086 Y93.77 E633.03877
G1 X123.014 Y93.669 E633.04289
G1 X122.899 Y93.63 E633.04693
G1 X122.837 Y93.552 E633.05025
G1 X122.668 Y93.498 E633.05615
G1 X122.622 Y93.432 E633.05882
G1 X122.467 Y93.386 E633.0642
G1 X122.428 Y93.333 E633.06639
G1 X122.244 Y93.285 E633.07271
G1 X122.181 Y93.193 E633.07642
G1 X122.081 Y93.165 E633.07988
G1 X122.044 Y93.118 E633.08187
G0 F9000 X124 Y94.426
G1 F2400 X124.066 Y94.527 E633.08588
G1 X124.123 Y94.555 E633.08799
G1 X124.139 Y94.571 E633.08874
G1 X124.221 Y94.604 E633.09168
G1 X124.285 Y94.701 E633.09555
G1 X124.396 Y94.75 E633.09959
G1 X124.42 Y94.785 E633.101
G1 X124.507 Y94.898 E633.10574
G1 X124.607 Y94.944 E633.1094
G1 X124.697 Y95.09 E633.11511
G1 X124.79 Y95.13 E633.11847
G1 X124.887 Y95.289 E633.12467
G1 X125.001 Y95.347 E633.12892
G1 X125.053 Y95.448 E633.1327
G1 X125.075 Y95.46 E633.13353
G1 X125.16 Y95.599 E633.13895
G1 X125.217 Y95.599 E633.14085
G1 X125.267 Y95.683 E633.1441
G1 X125.408 Y95.76 E633.14944
G1 X125.452 Y95.834 E633.15231
G1 X125.553 Y95.933 E633.15701
G1 X125.559 Y95.937 E633.15725
G1 X125.684 Y96.153 E633.16555
G1 X125.77 Y96.206 E633.16891
G1 X125.874 Y96.396 E633.17612
G1 X125.987 Y96.464 E633.1805
G1 X126 Y96.488 E633.18141
G1 X126 Y127.673 E634.21863
G1 X128 Y127.673 E634.28515
G1 X128 Y99.787 E635.21264
G1 X128.07 Y99.962 E635.21891
G1 X128.135 Y100.031 E635.22206
G1 X128.3 Y100.44 E635.23673
G1 X128.322 Y100.463 E635.23779
G1 X128.49 Y100.91 E635.25367
G1 X128.525 Y100.959 E635.25567
G1 X128.671 Y101.387 E635.27071
G1 X128.712 Y101.447 E635.27313
G1 X128.882 Y102.014 E635.29282
G0 F9000 X128.884 Y102.017
G1 F2400 X128.884 Y102.31 E635.30256
G1 X129.084 Y102.632 E635.31517
G1 X129.084 Y103.085 E635.33024
G1 X129.284 Y103.454 E635.3442
G1 X129.284 Y103.733 E635.35348
G1 X129.484 Y104.157 E635.36907
G1 X129.484 Y104.555 E635.38231
G1 X129.679 Y105.114 E635.402
G1 X129.683 Y105.139 E635.40284
G1 X129.687 Y105.773 E635.42393
G1 X129.874 Y106.431 E635.44668
G1 X129.884 Y106.479 E635.44831
G1 X129.885 Y127.673 E636.15323
G1 X128 Y127.673 E636.21592
G1 F2400 E635.41592
G0 F9000 X128 Y128.898
G0 X122.043 Y128.898
G0 X122.043 Y125.726
;TYPE:SUPPORT-INTERFACE
G1 F2400 E636.21592
G1 F1500 X121.445 Y126.324 E636.24405
G0 F9000 X122.044 Y125.438
G1 F1500 X121.444 Y124.838 E636.27227
G0 F9000 X121.445 Y122.93
G1 F1500 X122.043 Y122.332 E636.3004
G0 F9000 X122.044 Y122.044
G1 F1500 X121.444 Y121.444 E636.32862
G0 F9000 X121.445 Y119.536
G1 F1500 X122.043 Y118.938 E636.35675
G0 F9000 X122.044 Y118.65
G1 F1500 X121.444 Y118.05 E636.38497
G0 F9000 X121.444 Y116.142
G1 F1500 X122.043 Y115.544 E636.41312
G0 F9000 X122.044 Y115.256
G1 F1500 X121.444 Y114.655 E636.44137
G0 F9000 X121.444 Y112.748
G1 F1500 X122.043 Y112.149 E636.46955
G0 F9000 X122.044 Y111.862
G1 F1500 X121.444 Y111.261 E636.49779
G0 F9000 X121.444 Y109.354
G1 F1500 X122.043 Y108.755 E636.52597
G0 F9000 X122.044 Y108.468
G1 F1500 X121.444 Y107.867 E636.55421
G0 F9000 X121.444 Y105.961
G1 F1500 X122.043 Y105.361 E636.58241
G0 F9000 X122.044 Y105.073
G1 F1500 X121.443 Y104.472 E636.61068
G0 F9000 X121.444 Y102.567
G1 F1500 X122.043 Y101.967 E636.63888
G0 F9000 X122.044 Y101.679
G1 F1500 X121.443 Y101.078 E636.66715
G0 F9000 X121.444 Y99.173
G1 F1500 X121.959 Y98.657 E636.69139
G1 F2400 E635.89139
;MESH:1x_1xm_pusher.stl
G0 F9000 X120.244 Y98.657
G0 X120.044 Y127.633
;TYPE:WALL-INNER
G1 F2400 E636.69139
G1 X119.845 Y127.633 E636.69801
G1 X99.744 Y127.633 E637.36658
G1 X93.081 Y122.922 E637.63799
G1 X93.081 Y113.342 E637.95662
G1 X95.005 Y110.059 E638.08318
G1 X106.815 Y101.708 E638.56426
G1 X117.924 Y101.708 E638.93375
G1 X119.652 Y95.112 E639.16054
G1 X120.044 Y93.615 E639.21201
G1 X120.044 Y95.162 E639.23794
G1 X120.044 Y95.163 E639.23798
G1 X120.045 Y126.662 E640.28564
G1 X120.043 Y126.932 E640.29462
G1 X120.044 Y127.434 E640.31131
G1 X120.044 Y127.633 E640.3156
G0 F9000 X120.444 Y128.033
;TYPE:WALL-OUTER
G1 F2400 X120.244 Y128.033 E640.32225
G1 X99.616 Y128.033 E641.00834
G1 X92.681 Y123.13 E641.29082
G1 X92.681 Y113.234 E641.61996
G1 X94.704 Y109.781 E641.75307
G1 X106.687 Y101.308 E642.24119
G1 X117.615 Y101.308 E642.60466
G1 X120.049 Y92.02 E642.92401
G1 X120.056 Y91.991 E642.925
G1 X120.444 Y92.048 E642.93805
G1 X120.444 Y92.079 E642.93908
G1 X120.445 Y126.665 E644.08941
G1 X120.443 Y126.933 E644.09833
G1 X120.444 Y127.833 E644.12826
G1 X120.444 Y128.033 E644.13257
G0 F9000 X120.174 Y127.763
G0 X115.398 Y127.472
;TYPE:FILL
G1 F4800 X119.884 Y110.732 E644.70899
G0 F9000 X119.882 Y109.692
G1 F4800 X93.24 Y116.831 E645.62637
G0 F9000 X93.24 Y117.438
G1 F4800 X95.203 Y110.114 E645.87856
G0 F9000 X95.871 Y109.643
G1 F4800 X113.7 Y127.472 E646.71718
G0 F9000 X119.882 Y122.116
G1 F4800 X99.891 Y127.472 E647.40554
G0 F9000 X102.975 Y127.472
G1 F4800 X109.836 Y101.866 E648.28724
G0 F9000 X105.812 Y102.613
G1 F4800 X119.885 Y116.686 E648.94919
G0 F9000 X119.883 Y99.714
G1 F4800 X118.874 Y98.705 E648.99665
G0 F9000 X119.204 Y97.451
G1 F4800 X119.883 Y97.269 E649.02003
G0 F9000 X119.831 Y96.542
;TYPE:SKIN
G1 F1500 X119.706 Y96.384 E649.02472
G1 X119.796 Y95.446 E649.04663
G0 F9000 X119.844 Y95.555
G1 F2400 E648.24663
;MESH:NONMESH
G0 F300 X119.844 Y95.555 Z3.4
G0 F9000 X120.244 Y92.604
G0 X121.844 Y92.604
;TIME_ELAPSED:806.768073
;LAYER:16
;TYPE:SUPPORT
G1 F2400 E649.04663
G1 X121.872 Y92.639 E649.04812
G1 X121.888 Y92.643 E649.04867
G1 X121.893 Y92.648 E649.0489
G1 X122.047 Y92.683 E649.05415
G1 X122.08 Y92.727 E649.05598
G1 X122.103 Y92.734 E649.05678
G1 X122.11 Y92.741 E649.05711
G1 X122.229 Y92.772 E649.0612
G1 X122.291 Y92.85 E649.06452
G1 X122.403 Y92.882 E649.06839
G1 X122.464 Y92.97 E649.07195
G1 X122.644 Y93.016 E649.07813
G1 X122.687 Y93.076 E649.08059
G1 X122.843 Y93.123 E649.08601
G1 X122.883 Y93.179 E649.08829
G1 X122.901 Y93.188 E649.08896
G1 X122.913 Y93.2 E649.08953
G1 X123.052 Y93.244 E649.09438
G1 X123.114 Y93.323 E649.09772
G1 X123.235 Y93.364 E649.10197
G1 X123.312 Y93.472 E649.10638
G1 X123.443 Y93.518 E649.111
G1 X123.502 Y93.601 E649.11438
G1 X123.522 Y93.611 E649.11513
G1 X123.534 Y93.623 E649.11569
G1 X123.643 Y93.661 E649.11953
G1 X123.709 Y93.757 E649.12341
G1 X123.828 Y93.805 E649.12767
G1 X123.9 Y93.913 E649.13199
G1 X124.037 Y93.966 E649.13688
G1 X124.103 Y94.067 E649.14089
G1 X124.227 Y94.114 E649.1453
G1 X124.314 Y94.248 E649.15061
G1 X124.336 Y94.259 E649.15143
G1 X124.342 Y94.265 E649.15171
G1 X124.461 Y94.313 E649.15598
G1 X124.49 Y94.357 E649.15773
G1 X124.516 Y94.41 E649.1597
G1 X124.528 Y94.415 E649.16013
G1 X124.553 Y94.454 E649.16167
G1 X124.616 Y94.454 E649.16377
G1 X124.638 Y94.463 E649.16456
G1 X124.712 Y94.574 E649.16899
G1 X124.738 Y94.608 E649.17042
G1 X124.857 Y94.662 E649.17476
G1 X124.944 Y94.804 E649.1803
G1 X125.037 Y94.844 E649.18367
G1 X125.141 Y95.014 E649.1903
G1 X125.261 Y95.075 E649.19478
G1 X125.305 Y95.146 E649.19755
G1 X125.326 Y95.188 E649.19912
G1 X125.333 Y95.192 E649.19938
G1 X125.362 Y95.239 E649.20122
G1 X125.418 Y95.239 E649.20308
G1 X125.426 Y95.244 E649.2034
G1 X125.526 Y95.415 E649.20999
G1 X125.667 Y95.491 E649.21531
G1 X125.738 Y95.61 E649.21992
G1 X125.774 Y95.646 E649.22162
G1 X125.825 Y95.676 E649.22358
G1 X125.95 Y95.894 E649.23194
G1 X126.038 Y95.948 E649.23538
G1 X126.142 Y96.137 E649.24255
G1 X126.256 Y96.205 E649.24697
G1 X126.345 Y96.368 E649.25314
G1 X126.426 Y96.42 E649.25634
G1 X126.566 Y96.697 E649.26667
G1 X126.657 Y96.755 E649.27026
G1 X126.748 Y96.93 E649.27682
G1 X126.766 Y96.958 E649.27792
G1 X126.843 Y97.01 E649.28101
G1 X126.952 Y97.243 E649.28957
G1 X126.996 Y97.288 E649.29166
G1 X127.068 Y97.338 E649.29458
G1 X127.18 Y97.558 E649.30279
G1 X127.259 Y97.617 E649.30607
G1 X127.382 Y97.871 E649.31546
G1 X127.438 Y97.916 E649.31785
G1 X127.572 Y98.197 E649.3282
G1 X127.581 Y98.21 E649.32873
G1 X127.639 Y98.263 E649.33134
G1 X127.774 Y98.559 E649.34216
G1 X127.833 Y98.611 E649.34477
G1 X127.997 Y98.987 E649.35842
G1 X128.066 Y99.051 E649.36155
G1 X128.18 Y99.33 E649.37157
G1 X128.196 Y99.345 E649.3723
G1 X128.226 Y99.381 E649.37386
G1 X128.378 Y99.764 E649.38757
G1 X128.445 Y99.834 E649.39079
G1 X128.608 Y100.242 E649.4054
G1 X128.633 Y100.268 E649.4066
G1 X128.809 Y100.738 E649.42329
G1 X128.849 Y100.792 E649.42553
G1 X128.995 Y101.224 E649.4407
G1 X129.041 Y101.29 E649.44337
G1 X129.208 Y101.846 E649.46268
G1 X129.244 Y101.893 E649.46465
G1 X129.244 Y102.207 E649.47509
G1 X129.444 Y102.529 E649.4877
G1 X129.444 Y102.993 E649.50313
G1 X129.644 Y103.361 E649.51706
G1 X129.644 Y103.652 E649.52674
G1 X129.844 Y104.076 E649.54234
G1 X129.844 Y104.494 E649.55624
G1 X130.03 Y105.026 E649.57498
G1 X130.043 Y105.114 E649.57794
G1 X130.047 Y105.722 E649.59816
G1 X130.227 Y106.357 E649.62012
G1 X130.244 Y106.438 E649.62287
G1 X130.245 Y128.033 E650.34112
G1 X122.444 Y128.033 E650.60058
G1 X122.444 Y98.838 E651.57161
G1 X122.132 Y98.415 E651.5891
G1 X121.844 Y98.325 E651.59913
G1 X121.844 Y92.604 E651.78941
G0 F9000 X122.204 Y93.227
G1 F2400 X122.204 Y98.06 E651.95016
G1 X122.352 Y98.107 E651.95532
G1 X122.804 Y98.719 E651.98063
G1 X122.804 Y127.673 E652.94364
G1 X124 Y127.673 E652.98342
G1 X124 Y94.426 E654.08922
G1 X123.99 Y94.41 E654.08985
G1 X123.865 Y94.362 E654.0943
G1 X123.799 Y94.26 E654.09834
G1 X123.664 Y94.208 E654.10315
G1 X123.591 Y94.098 E654.10755
G1 X123.474 Y94.051 E654.11174
G1 X123.413 Y93.962 E654.11533
G1 X123.338 Y93.936 E654.11797
G1 X123.31 Y93.908 E654.11929
G1 X123.261 Y93.883 E654.12111
G1 X123.216 Y93.82 E654.12369
G1 X123.085 Y93.774 E654.12831
G1 X123.009 Y93.667 E654.13267
G1 X122.896 Y93.629 E654.13664
G1 X122.838 Y93.554 E654.13979
G1 X122.721 Y93.517 E654.14387
G1 X122.689 Y93.485 E654.14538
G1 X122.642 Y93.461 E654.14713
G1 X122.621 Y93.432 E654.14832
G1 X122.467 Y93.386 E654.15367
G1 X122.428 Y93.333 E654.15586
G1 X122.244 Y93.285 E654.16218
G1 X122.204 Y93.227 E654.16453
G0 F9000 X124 Y94.426
G1 F2400 X124.066 Y94.527 E654.16854
G1 X124.123 Y94.555 E654.17065
G1 X124.139 Y94.571 E654.1714
G1 X124.208 Y94.599 E654.17388
G1 X124.253 Y94.691 E654.17729
G1 X124.287 Y94.705 E654.17851
G1 X124.357 Y94.814 E654.18282
G1 X124.443 Y94.814 E654.18568
G1 X124.507 Y94.898 E654.18919
G1 X124.607 Y94.944 E654.19285
G1 X124.697 Y95.09 E654.19856
G1 X124.79 Y95.13 E654.20192
G1 X124.887 Y95.289 E654.20812
G1 X125.001 Y95.347 E654.21237
G1 X125.053 Y95.448 E654.21615
G1 X125.075 Y95.46 E654.21699
G1 X125.16 Y95.599 E654.2224
G1 X125.217 Y95.599 E654.2243
G1 X125.267 Y95.683 E654.22755
G1 X125.408 Y95.76 E654.23289
G1 X125.452 Y95.834 E654.23576
G1 X125.553 Y95.933 E654.24046
G1 X125.559 Y95.937 E654.2407
G1 X125.684 Y96.153 E654.249
G1 X125.77 Y96.206 E654.25236
G1 X125.874 Y96.396 E654.25957
G1 X125.987 Y96.464 E654.26395
G1 X126 Y96.488 E654.26486
G1 X126 Y127.673 E655.30208
G1 X128 Y127.673 E655.3686
G1 X128 Y99.787 E656.29609
G1 X128.07 Y99.962 E656.30236
G1 X128.135 Y100.031 E656.30551
G1 X128.3 Y100.44 E656.32018
G1 X128.322 Y100.463 E656.32124
G1 X128.49 Y100.91 E656.33712
G1 X128.525 Y100.959 E656.33913
G1 X128.671 Y101.387 E656.35417
G1 X128.712 Y101.447 E656.35658
G1 X128.882 Y102.013 E656.37624
G0 F9000 X128.884 Y102.016
G1 F2400 X128.884 Y102.31 E656.38602
G1 X129.084 Y102.632 E656.39862
G1 X129.084 Y103.085 E656.41369
G1 X129.284 Y103.454 E656.42765
G1 X129.284 Y103.733 E656.43693
G1 X129.484 Y104.157 E656.45252
G1 X129.484 Y104.555 E656.46576
G1 X129.679 Y105.114 E656.48545
G1 X129.683 Y105.139 E656.48629
G1 X129.687 Y105.773 E656.50738
G1 X129.874 Y106.431 E656.53013
G1 X129.884 Y106.479 E656.53176
G1 X129.885 Y127.673 E657.23668
G1 X128 Y127.673 E657.29937
G1 F2400 E656.49937
G0 F9000 X128 Y128.898
G0 X122.243 Y128.898
G0 X122.243 Y125.638
;TYPE:SUPPORT-INTERFACE
G1 F2400 E657.29937
G1 F1500 X121.644 Y125.038 E657.32757
G0 F9000 X122.243 Y125.527
G1 F1500 X121.644 Y126.125 E657.35573
G0 F9000 X121.644 Y122.731
G1 F1500 X122.243 Y122.132 E657.3839
G0 F9000 X122.243 Y122.243
G1 F1500 X121.644 Y121.644 E657.41208
G0 F9000 X121.644 Y119.336
G1 F1500 X122.243 Y118.738 E657.44023
G0 F9000 X122.243 Y118.849
G1 F1500 X121.644 Y118.25 E657.4684
G0 F9000 X121.644 Y115.942
G1 F1500 X122.243 Y115.344 E657.49655
G0 F9000 X122.243 Y115.455
G1 F1500 X121.644 Y114.856 E657.52473
G0 F9000 X121.644 Y112.548
G1 F1500 X122.243 Y111.95 E657.55288
G0 F9000 X122.243 Y112.061
G1 F1500 X121.643 Y111.461 E657.5811
G0 F9000 X121.644 Y109.155
G1 F1500 X122.243 Y108.556 E657.60928
G0 F9000 X122.243 Y108.667
G1 F1500 X121.643 Y108.067 E657.6375
G0 F9000 X121.644 Y105.761
G1 F1500 X122.243 Y105.162 E657.66568
G0 F9000 X122.243 Y105.273
G1 F1500 X121.643 Y104.673 E657.6939
G0 F9000 X121.644 Y102.367
G1 F1500 X122.243 Y101.768 E657.72207
G0 F9000 X122.243 Y101.879
G1 F1500 X121.643 Y101.278 E657.75032
G0 F9000 X121.644 Y98.973
G1 F1500 X122.018 Y98.598 E657.76793
G1 F2400 E656.96793
;MESH:1x_1xm_pusher.stl
G0 F9000 X120.444 Y98.598
G0 X120.244 Y127.633
;TYPE:WALL-INNER
G1 F2400 E657.76793
G1 X120.045 Y127.633 E657.77455
G1 X100.435 Y127.633 E658.42678
G1 X99.821 Y127.548 E658.4474
G1 X93.282 Y122.923 E658.71379
G1 X93.281 Y113.342 E659.03246
G1 X95.205 Y110.059 E659.15902
G1 X107.015 Y101.708 E659.6401
G1 X117.724 Y101.708 E659.99629
G1 X119.852 Y93.587 E660.27551
G1 X120.152 Y92.439 E660.31498
G1 X120.244 Y92.453 E660.31807
G1 X120.244 Y93.64 E660.34254
G1 X120.245 Y126.561 E661.4375
G1 X120.243 Y126.848 E661.44704
G1 X120.244 Y127.434 E661.46653
G1 X120.244 Y127.633 E661.47081
G0 F9000 X120.644 Y128.033
;TYPE:WALL-OUTER
G1 F2400 X120.444 Y128.033 E661.47747
G1 X100.409 Y128.033 E662.14383
G1 X99.689 Y127.933 E662.16801
G1 X99.64 Y127.91 E662.16981
G1 X92.882 Y123.13 E662.44513
G1 X92.881 Y113.234 E662.77427
G1 X94.904 Y109.781 E662.90737
G1 X106.887 Y101.308 E663.3955
G1 X117.415 Y101.308 E663.74566
G1 X119.856 Y91.991 E664.066
G1 X120.644 Y92.107 E664.0925
G1 X120.645 Y126.564 E665.23854
G1 X120.643 Y126.849 E665.24802
G1 X120.644 Y127.833 E665.28075
G1 X120.644 Y128.033 E665.28506
G0 F9000 X120.374 Y127.763
G0 X115.251 Y127.472
;TYPE:FILL
G1 F4800 X120.084 Y109.438 E665.90603
G0 F9000 X120.083 Y109.785
G1 F4800 X93.441 Y116.924 E666.82341
G0 F9000 X93.441 Y116.141
G1 F4800 X94.802 Y111.061 E666.99833
G0 F9000 X96.071 Y109.642
G1 F4800 X113.901 Y127.472 E667.837
G0 F9000 X120.083 Y122.209
G1 F4800 X100.44 Y127.472 E668.51337
G0 F9000 X102.828 Y127.472
G1 F4800 X109.689 Y101.866 E669.39508
G0 F9000 X106.012 Y102.612
G1 F4800 X120.085 Y116.685 E670.05703
G0 F9000 X120.083 Y99.713
G1 F4800 X118.757 Y98.387 E670.1194
G0 F9000 X118.948 Y97.666
G1 F4800 X120.083 Y97.362 E670.15848
G0 F9000 X119.932 Y95.042
G0 X119.82 Y94.93
;TYPE:SKIN
G1 F1500 X119.917 Y94.744 E670.16354
G1 X120.044 Y93.739 E670.18799
G0 F9000 X120.023 Y93.714
G1 F2400 E669.38799
;MESH:NONMESH
G0 F300 X120.023 Y93.714 Z3.6
G0 F9000 X120.046 Y93.618
G0 X120.444 Y92.683
G0 X122.044 Y92.683
;TIME_ELAPSED:828.886374
;LAYER:17
;TYPE:SUPPORT
G1 F2400 E670.18799
G1 X122.078 Y92.724 E670.18976
G1 X122.085 Y92.726 E670.19
G1 X122.093 Y92.737 E670.19045
G1 X122.23 Y92.773 E670.19516
G1 X122.291 Y92.85 E670.19843
G1 X122.403 Y92.882 E670.20231
G1 X122.464 Y92.97 E670.20587
G1 X122.644 Y93.016 E670.21205
G1 X122.687 Y93.076 E670.2145
G1 X122.84 Y93.122 E670.21982
G1 X122.894 Y93.198 E670.22292
G1 X123.056 Y93.248 E670.22855
G1 X123.114 Y93.323 E670.23171
G1 X123.235 Y93.364 E670.23596
G1 X123.312 Y93.472 E670.24037
G1 X123.441 Y93.517 E670.24491
G1 X123.499 Y93.599 E670.24825
G1 X123.522 Y93.61 E670.2491
G1 X123.534 Y93.623 E670.24969
G1 X123.643 Y93.661 E670.25353
G1 X123.709 Y93.757 E670.2574
G1 X123.828 Y93.805 E670.26167
G1 X123.9 Y93.913 E670.26599
G1 X124.037 Y93.966 E670.27088
G1 X124.103 Y94.067 E670.27489
G1 X124.226 Y94.114 E670.27927
G1 X124.255 Y94.158 E670.28102
G1 X124.255 Y94.229 E670.28338
G1 X124.318 Y94.255 E670.28565
G1 X124.322 Y94.261 E670.28589
G1 X124.378 Y94.279 E670.28784
G1 X124.461 Y94.314 E670.29084
G1 X124.505 Y94.381 E670.29351
G1 X124.548 Y94.424 E670.29553
G1 X124.638 Y94.463 E670.29879
G1 X124.712 Y94.574 E670.30323
G1 X124.738 Y94.608 E670.30465
G1 X124.857 Y94.662 E670.309
G1 X124.944 Y94.804 E670.31454
G1 X125.037 Y94.844 E670.3179
G1 X125.141 Y95.014 E670.32453
G1 X125.262 Y95.075 E670.32904
G1 X125.334 Y95.194 E670.33367
G1 X125.429 Y95.247 E670.33728
G1 X125.526 Y95.415 E670.34374
G1 X125.667 Y95.491 E670.34906
G1 X125.738 Y95.61 E670.35367
G1 X125.774 Y95.646 E670.35537
G1 X125.825 Y95.676 E670.35733
G1 X125.95 Y95.894 E670.36569
G1 X126.038 Y95.948 E670.36913
G1 X126.142 Y96.137 E670.3763
G1 X126.256 Y96.205 E670.38072
G1 X126.345 Y96.368 E670.38689
G1 X126.426 Y96.42 E670.39009
G1 X126.566 Y96.697 E670.40042
G1 X126.657 Y96.755 E670.40401
G1 X126.748 Y96.93 E670.41057
G1 X126.766 Y96.958 E670.41167
G1 X126.843 Y97.01 E670.41476
G1 X126.956 Y97.247 E670.4235
G1 X126.969 Y97.273 E670.42446
G1 X127.07 Y97.341 E670.42851
G1 X127.18 Y97.558 E670.43661
G1 X127.259 Y97.617 E670.43989
G1 X127.382 Y97.871 E670.44927
G1 X127.438 Y97.916 E670.45166
G1 X127.572 Y98.197 E670.46202
G1 X127.581 Y98.21 E670.46254
G1 X127.639 Y98.263 E670.46515
G1 X127.774 Y98.559 E670.47598
G1 X127.833 Y98.611 E670.47859
G1 X127.997 Y98.987 E670.49223
G1 X128.066 Y99.051 E670.49536
G1 X128.18 Y99.33 E670.50539
G1 X128.196 Y99.345 E670.50612
G1 X128.226 Y99.381 E670.50768
G1 X128.378 Y99.764 E670.52138
G1 X128.445 Y99.834 E670.52461
G1 X128.608 Y100.242 E670.53922
G1 X128.633 Y100.268 E670.54042
G1 X128.808 Y100.738 E670.5571
G1 X128.85 Y100.795 E670.55945
G1 X128.995 Y101.224 E670.57452
G1 X129.041 Y101.29 E670.57719
G1 X129.208 Y101.846 E670.5965
G1 X129.244 Y101.893 E670.59847
G1 X129.244 Y102.207 E670.60891
G1 X129.444 Y102.529 E670.62152
G1 X129.444 Y102.993 E670.63695
G1 X129.644 Y103.361 E670.65088
G1 X129.644 Y103.652 E670.66056
G1 X129.844 Y104.076 E670.67615
G1 X129.844 Y104.494 E670.69006
G1 X130.03 Y105.026 E670.7088
G1 X130.043 Y105.114 E670.71176
G1 X130.047 Y105.722 E670.73198
G1 X130.227 Y106.357 E670.75394
G1 X130.244 Y106.438 E670.75669
G1 X130.245 Y128.033 E671.47494
G1 X122.644 Y128.033 E671.72775
G1 X122.645 Y98.882 E672.69732
G1 X122.254 Y98.432 E672.71714
G1 X122.044 Y98.401 E672.72421
G1 X122.044 Y97.871 E672.74183
G1 X122.014 Y97.525 E672.75338
G1 X122.003 Y97.347 E672.75932
G1 X122.044 Y97.115 E672.76715
G1 X122.044 Y92.683 E672.91456
G0 F9000 X122.404 Y93.327
G1 F2400 X122.404 Y97.147 E673.04161
G1 X122.365 Y97.367 E673.04905
G1 X122.374 Y97.503 E673.05358
G0 F9000 X122.373 Y97.503
G1 F2400 X122.404 Y97.855 E673.06533
G1 X122.404 Y98.091 E673.07318
G1 X122.438 Y98.096 E673.07432
G1 X123.005 Y98.747 E673.10304
G1 X123.004 Y127.673 E674.06512
G1 X124 Y127.673 E674.09825
G1 X124 Y94.514 E675.20112
G1 X123.895 Y94.47 E675.20491
G1 X123.895 Y94.374 E675.2081
G1 X123.865 Y94.362 E675.20917
G1 X123.799 Y94.26 E675.21322
G1 X123.664 Y94.208 E675.21803
G1 X123.591 Y94.098 E675.22242
G1 X123.474 Y94.051 E675.22661
G1 X123.413 Y93.962 E675.2302
G1 X123.33 Y93.933 E675.23312
G1 X123.306 Y93.906 E675.23433
G1 X123.26 Y93.885 E675.23601
G1 X123.214 Y93.819 E675.23868
G1 X123.085 Y93.774 E675.24323
G1 X123.009 Y93.667 E675.24759
G1 X122.896 Y93.629 E675.25156
G1 X122.842 Y93.558 E675.25453
G1 X122.671 Y93.506 E675.26047
G1 X122.618 Y93.431 E675.26352
G1 X122.467 Y93.386 E675.26876
G1 X122.428 Y93.333 E675.27095
G1 X122.404 Y93.327 E675.27178
G0 F9000 X124 Y94.514
G1 F2400 X124.081 Y94.547 E675.27469
G1 X124.094 Y94.566 E675.27545
G1 X124.222 Y94.607 E675.27992
G0 F9000 X124.224 Y94.61
G1 F2400 X124.343 Y94.727 E675.28547
G1 X124.398 Y94.751 E675.28747
G1 X124.419 Y94.783 E675.28874
G1 X124.507 Y94.898 E675.29356
G1 X124.607 Y94.944 E675.29722
G1 X124.697 Y95.09 E675.30292
G1 X124.79 Y95.13 E675.30629
G1 X124.887 Y95.289 E675.31248
G1 X125.008 Y95.35 E675.31699
G1 X125.075 Y95.462 E675.32133
G1 X125.167 Y95.513 E675.32483
G1 X125.265 Y95.683 E675.33136
G1 X125.409 Y95.761 E675.3368
G1 X125.452 Y95.833 E675.33959
G1 X125.553 Y95.933 E675.34432
G1 X125.559 Y95.937 E675.34456
G1 X125.684 Y96.153 E675.35286
G1 X125.77 Y96.206 E675.35622
G1 X125.874 Y96.396 E675.36343
G1 X125.987 Y96.464 E675.36781
G1 X126 Y96.488 E675.36872
G1 X126 Y127.673 E676.40594
G1 X128 Y127.673 E676.47246
G1 X128 Y99.787 E677.39995
G1 X128.07 Y99.962 E677.40622
G1 X128.135 Y100.031 E677.40937
G1 X128.299 Y100.439 E677.424
G1 X128.321 Y100.463 E677.42508
G1 X128.488 Y100.911 E677.44098
G1 X128.528 Y100.965 E677.44322
G1 X128.671 Y101.387 E677.45804
G1 X128.712 Y101.447 E677.46045
G1 X128.882 Y102.013 E677.48011
G0 F9000 X128.884 Y102.016
G1 F2400 X128.884 Y102.31 E677.48989
G1 X129.084 Y102.632 E677.5025
G1 X129.084 Y103.085 E677.51756
G1 X129.284 Y103.454 E677.53152
G1 X129.284 Y103.733 E677.5408
G1 X129.484 Y104.157 E677.55639
G1 X129.484 Y104.555 E677.56963
G1 X129.679 Y105.114 E677.58932
G1 X129.683 Y105.139 E677.59016
G1 X129.687 Y105.773 E677.61125
G1 X129.874 Y106.431 E677.634
G1 X129.884 Y106.479 E677.63563
G1 X129.885 Y127.673 E678.34055
G1 X128 Y127.673 E678.40325
G1 F2400 E677.60325
G0 F9000 X128 Y128.898
G0 X122.444 Y128.898
G0 X122.444 Y125.838
;TYPE:SUPPORT-INTERFACE
G1 F2400 E678.40325
G1 F1500 X121.844 Y125.238 E678.43147
G0 F9000 X122.444 Y125.326
G1 F1500 X121.845 Y125.925 E678.45964
G0 F9000 X121.845 Y122.53
G1 F1500 X122.444 Y121.932 E678.48779
G0 F9000 X122.444 Y122.444
G1 F1500 X121.844 Y121.844 E678.51602
G0 F9000 X121.845 Y119.136
G1 F1500 X122.444 Y118.537 E678.54419
G0 F9000 X122.444 Y119.049
G1 F1500 X121.844 Y118.45 E678.57239
G0 F9000 X121.845 Y115.742
G1 F1500 X122.444 Y115.143 E678.60057
G0 F9000 X122.444 Y115.655
G1 F1500 X121.844 Y115.056 E678.62876
G0 F9000 X121.844 Y112.349
G1 F1500 X122.444 Y111.749 E678.65699
G0 F9000 X122.444 Y112.261
G1 F1500 X121.843 Y111.661 E678.68523
G0 F9000 X121.844 Y108.955
G1 F1500 X122.444 Y108.355 E678.71345
G0 F9000 X122.444 Y108.867
G1 F1500 X121.843 Y108.267 E678.7417
G0 F9000 X121.844 Y105.561
G1 F1500 X122.444 Y104.961 E678.76992
G0 F9000 X122.444 Y105.473
G1 F1500 X121.843 Y104.873 E678.79817
G0 F9000 X121.844 Y102.167
G1 F1500 X122.444 Y101.567 E678.82639
G0 F9000 X122.444 Y102.079
G1 F1500 X121.843 Y101.479 E678.85464
G0 F9000 X121.844 Y98.772
G1 F1500 X122.018 Y98.598 E678.86282
G1 F2400 E678.06282
;MESH:1x_1xm_pusher.stl
G0 F9000 X120.644 Y98.598
G0 X120.444 Y127.633
;TYPE:WALL-INNER
G1 F2400 E678.86282
G1 X120.245 Y127.633 E678.86944
G1 X101.857 Y127.633 E679.48103
G1 X99.778 Y127.343 E679.55084
G1 X99.645 Y127.281 E679.55572
G1 X93.482 Y122.922 E679.8068
G1 X93.481 Y113.342 E680.12543
G1 X95.405 Y110.059 E680.25199
G1 X107.215 Y101.708 E680.73307
G1 X117.524 Y101.708 E681.07595
G1 X119.952 Y92.439 E681.39464
G1 X120.444 Y92.511 E681.41118
G1 X120.444 Y96.982 E681.55989
G1 X120.394 Y97.261 E681.56931
G1 X120.417 Y97.628 E681.58155
G1 X120.444 Y97.932 E681.5917
G1 X120.445 Y126.46 E682.54054
G1 X120.443 Y126.764 E682.55065
G1 X120.444 Y127.434 E682.57294
G1 X120.444 Y127.633 E682.57722
G0 F9000 X120.844 Y128.033
;TYPE:WALL-OUTER
G1 F2400 X120.644 Y128.033 E682.58387
G1 X101.831 Y128.033 E683.20959
G1 X99.662 Y127.731 E683.28243
G1 X99.441 Y127.627 E683.29056
G1 X93.082 Y123.13 E683.5496
G1 X93.081 Y113.234 E683.87874
G1 X95.104 Y109.781 E684.01185
G1 X107.087 Y101.308 E684.49997
G1 X117.215 Y101.308 E684.83683
G1 X119.656 Y91.991 E685.15717
G1 X120.553 Y92.123 E685.18733
G1 X120.844 Y92.175 E685.19716
G1 X120.844 Y97.02 E685.35831
G1 X120.796 Y97.284 E685.36723
G1 X120.816 Y97.598 E685.3777
G1 X120.844 Y97.919 E685.38841
G1 X120.845 Y126.463 E686.33779
G1 X120.843 Y126.765 E686.34784
G1 X120.844 Y127.833 E686.38336
G1 X120.844 Y128.033 E686.38767
G0 F9000 X120.574 Y127.763
G0 X120.283 Y122.301
;TYPE:FILL
G1 F4800 X101.285 Y127.392 E687.04184
G0 F9000 X102.682 Y127.472
G1 F4800 X109.543 Y101.866 E687.92354
G0 F9000 X106.212 Y102.613
G1 F4800 X120.284 Y116.685 E688.58544
G0 F9000 X120.283 Y109.878
G1 F4800 X93.641 Y117.017 E689.50282
G0 F9000 X93.64 Y114.851
G1 F4800 X94.365 Y112.147 E689.59593
G0 F9000 X96.271 Y109.643
G1 F4800 X114.1 Y127.472 E690.43455
G0 F9000 X115.105 Y127.473
G1 F4800 X120.283 Y108.147 E691.10001
G0 F9000 X120.283 Y99.714
G1 F4800 X118.641 Y98.071 E691.17727
G0 F9000 X118.69 Y97.881
G1 F4800 X120.245 Y97.465 E691.23081
G0 F9000 X120.041 Y93.504
G0 X120.154 Y93.39
;TYPE:SKIN
G1 F1500 X120.077 Y93.185 E691.24004
G1 X120.127 Y92.853 E691.25421
G0 F9000 X120.244 Y92.712
G1 F2400 E690.45421
;MESH:NONMESH
G0 F300 X120.244 Y92.712 Z3.8
G0 F9000 X120.624 Y92.79
G0 X122.244 Y92.79
;TIME_ELAPSED:851.085164
;LAYER:18
;TYPE:SUPPORT
G1 F2400 E691.25421
G1 X122.292 Y92.85 E691.25676
G1 X122.403 Y92.882 E691.2606
G1 X122.464 Y92.97 E691.26417
G1 X122.644 Y93.016 E691.27034
G1 X122.687 Y93.076 E691.2728
G1 X122.84 Y93.123 E691.27812
G1 X122.895 Y93.199 E691.28124
G1 X123.056 Y93.249 E691.28685
G1 X123.114 Y93.323 E691.28998
G1 X123.235 Y93.364 E691.29423
G1 X123.312 Y93.472 E691.29864
G1 X123.441 Y93.517 E691.30318
G1 X123.499 Y93.599 E691.30652
G1 X123.522 Y93.61 E691.30737
G1 X123.534 Y93.623 E691.30796
G1 X123.643 Y93.661 E691.3118
G1 X123.686 Y93.723 E691.31431
G1 X123.729 Y93.766 E691.31633
G1 X123.828 Y93.805 E691.31987
G1 X123.9 Y93.913 E691.32419
G1 X124.037 Y93.966 E691.32907
G1 X124.103 Y94.067 E691.33309
G1 X124.226 Y94.114 E691.33747
G1 X124.255 Y94.158 E691.33922
G1 X124.255 Y94.229 E691.34158
G1 X124.318 Y94.255 E691.34385
G1 X124.322 Y94.261 E691.34409
G1 X124.378 Y94.279 E691.34604
G1 X124.461 Y94.314 E691.34904
G1 X124.505 Y94.381 E691.35171
G1 X124.548 Y94.424 E691.35373
G1 X124.638 Y94.463 E691.35699
G1 X124.712 Y94.574 E691.36143
G1 X124.738 Y94.608 E691.36285
G1 X124.857 Y94.662 E691.3672
G1 X124.944 Y94.804 E691.37274
G1 X125.037 Y94.844 E691.3761
G1 X125.141 Y95.014 E691.38273
G1 X125.261 Y95.074 E691.38719
G1 X125.319 Y95.169 E691.3909
G1 X125.356 Y95.206 E691.39264
G1 X125.428 Y95.246 E691.39538
G1 X125.526 Y95.415 E691.40187
G1 X125.667 Y95.491 E691.4072
G1 X125.738 Y95.61 E691.41181
G1 X125.774 Y95.646 E691.4135
G1 X125.825 Y95.676 E691.41547
G1 X125.95 Y95.894 E691.42383
G1 X126.038 Y95.948 E691.42726
G1 X126.142 Y96.137 E691.43444
G1 X126.256 Y96.205 E691.43885
G1 X126.345 Y96.368 E691.44503
G1 X126.426 Y96.42 E691.44823
G1 X126.566 Y96.697 E691.45855
G1 X126.657 Y96.755 E691.46214
G1 X126.748 Y96.93 E691.4687
G1 X126.765 Y96.958 E691.46979
G1 X126.842 Y97.01 E691.47288
G1 X126.968 Y97.274 E691.48261
G1 X127.071 Y97.344 E691.48676
G1 X127.18 Y97.558 E691.49474
G1 X127.259 Y97.617 E691.49802
G1 X127.382 Y97.871 E691.50741
G1 X127.438 Y97.916 E691.5098
G1 X127.575 Y98.2 E691.52029
G1 X127.581 Y98.212 E691.52073
G1 X127.641 Y98.266 E691.52342
G1 X127.773 Y98.558 E691.53408
G1 X127.833 Y98.611 E691.53674
G1 X127.997 Y98.987 E691.55038
G1 X128.066 Y99.051 E691.55351
G1 X128.18 Y99.33 E691.56354
G1 X128.225 Y99.379 E691.56575
G1 X128.378 Y99.764 E691.57953
G1 X128.445 Y99.834 E691.58275
G1 X128.608 Y100.242 E691.59736
G1 X128.633 Y100.268 E691.59856
G1 X128.808 Y100.738 E691.61524
G1 X128.85 Y100.795 E691.6176
G1 X128.995 Y101.224 E691.63266
G1 X129.041 Y101.29 E691.63534
G1 X129.208 Y101.846 E691.65465
G1 X129.244 Y101.893 E691.65661
G1 X129.244 Y102.207 E691.66706
G1 X129.444 Y102.529 E691.67967
G1 X129.444 Y102.993 E691.6951
G1 X129.644 Y103.361 E691.70903
G1 X129.644 Y103.652 E691.71871
G1 X129.844 Y104.076 E691.7343
G1 X129.844 Y104.494 E691.7482
G1 X130.03 Y105.026 E691.76695
G1 X130.043 Y105.114 E691.76991
G1 X130.047 Y105.722 E691.79013
G1 X130.227 Y106.357 E691.81208
G1 X130.244 Y106.438 E691.81483
G1 X130.245 Y128.033 E692.53309
G1 X122.844 Y128.033 E692.77924
G1 X122.845 Y98.886 E693.74868
G1 X122.385 Y98.418 E693.7705
G1 X122.244 Y98.416 E693.77519
G1 X122.244 Y98.078 E693.78644
G1 X122.035 Y97.765 E693.79895
G1 X122.014 Y97.525 E693.80697
G1 X122.003 Y97.347 E693.8129
G1 X122.044 Y97.115 E693.82073
G1 X122.044 Y96.957 E693.82599
G1 X122.244 Y96.689 E693.83711
G1 X122.244 Y92.79 E693.96679
G0 F9000 X122.604 Y93.427
G1 F2400 X122.604 Y96.808 E694.07925
G1 X122.404 Y97.076 E694.09037
G1 X122.404 Y97.147 E694.09273
G1 X122.365 Y97.367 E694.10016
G1 X122.374 Y97.503 E694.10469
G0 F9000 X122.373 Y97.503
G1 F2400 X122.385 Y97.641 E694.1093
G1 X122.604 Y97.968 E694.12239
G1 X122.604 Y98.127 E694.12768
G1 X123.205 Y98.739 E694.15621
G1 X123.204 Y127.673 E695.11856
G1 X124 Y127.673 E695.14503
G1 X124 Y94.514 E696.2479
G1 X123.895 Y94.47 E696.25169
G1 X123.895 Y94.374 E696.25488
G1 X123.865 Y94.362 E696.25596
G1 X123.799 Y94.26 E696.26
G1 X123.664 Y94.208 E696.26481
G1 X123.591 Y94.098 E696.2692
G1 X123.528 Y94.074 E696.27144
G1 X123.417 Y93.963 E696.27667
G1 X123.33 Y93.933 E696.27973
G1 X123.306 Y93.906 E696.28093
G1 X123.26 Y93.885 E696.28261
G1 X123.214 Y93.819 E696.28529
G1 X123.085 Y93.774 E696.28983
G1 X123.009 Y93.667 E696.2942
G1 X122.896 Y93.629 E696.29816
G1 X122.842 Y93.559 E696.3011
G1 X122.674 Y93.507 E696.30695
G1 X122.619 Y93.431 E696.31007
G1 X122.604 Y93.427 E696.31059
G0 F9000 X124 Y94.514
G1 F2400 X124.081 Y94.547 E696.3135
G1 X124.094 Y94.566 E696.31426
G1 X124.222 Y94.607 E696.31873
G0 F9000 X124.224 Y94.61
G1 F2400 X124.343 Y94.727 E696.32428
G1 X124.398 Y94.751 E696.32628
G1 X124.419 Y94.783 E696.32755
G1 X124.507 Y94.898 E696.33237
G1 X124.607 Y94.944 E696.33603
G1 X124.697 Y95.09 E696.34173
G1 X124.79 Y95.13 E696.3451
G1 X124.887 Y95.29 E696.35132
G1 X125.007 Y95.35 E696.35579
G1 X125.034 Y95.394 E696.3575
G1 X125.137 Y95.496 E696.36232
G1 X125.166 Y95.512 E696.36343
G1 X125.265 Y95.683 E696.37
G1 X125.409 Y95.761 E696.37544
G1 X125.452 Y95.833 E696.37823
G1 X125.553 Y95.933 E696.38296
G1 X125.559 Y95.937 E696.3832
G1 X125.684 Y96.153 E696.3915
G1 X125.77 Y96.206 E696.39486
G1 X125.874 Y96.396 E696.40207
G1 X125.987 Y96.464 E696.40645
G1 X126 Y96.488 E696.40736
G1 X126 Y127.673 E697.44458
G1 X128 Y127.673 E697.5111
G1 X128 Y99.788 E698.43856
G1 X128.07 Y99.962 E698.44479
G1 X128.135 Y100.031 E698.44795
G1 X128.299 Y100.439 E698.46257
G1 X128.321 Y100.463 E698.46366
G1 X128.488 Y100.911 E698.47956
G1 X128.528 Y100.965 E698.48179
G1 X128.671 Y101.387 E698.49661
G1 X128.712 Y101.447 E698.49903
G1 X128.882 Y102.013 E698.51869
G0 F9000 X128.884 Y102.016
G1 F2400 X128.884 Y102.31 E698.52846
G1 X129.084 Y102.632 E698.54107
G1 X129.084 Y103.085 E698.55614
G1 X129.284 Y103.454 E698.5701
G1 X129.284 Y103.733 E698.57938
G1 X129.484 Y104.157 E698.59497
G1 X129.484 Y104.555 E698.60821
G1 X129.679 Y105.114 E698.6279
G1 X129.683 Y105.139 E698.62874
G1 X129.687 Y105.773 E698.64983
G1 X129.874 Y106.431 E698.67258
G1 X129.884 Y106.479 E698.67421
G1 X129.885 Y127.673 E699.37913
G1 X128 Y127.673 E699.44182
G1 F2400 E698.64182
G0 F9000 X128 Y128.898
G0 X122.644 Y128.898
G0 X122.644 Y126.038
;TYPE:SUPPORT-INTERFACE
G1 F2400 E699.44182
G1 F1500 X122.043 Y125.437 E699.47009
G0 F9000 X122.043 Y125.726
G1 F1500 X122.643 Y125.126 E699.49831
G0 F9000 X122.644 Y122.644
G1 F1500 X122.043 Y122.043 E699.52658
G0 F9000 X122.043 Y122.332
G1 F1500 X122.643 Y121.732 E699.5548
G0 F9000 X122.644 Y119.25
G1 F1500 X122.043 Y118.648 E699.5831
G0 F9000 X122.043 Y118.938
G1 F1500 X122.643 Y118.338 E699.61132
G0 F9000 X122.644 Y115.855
G1 F1500 X122.043 Y115.254 E699.63959
G0 F9000 X122.043 Y115.544
G1 F1500 X122.643 Y114.944 E699.66781
G0 F9000 X122.644 Y112.462
G1 F1500 X122.043 Y111.86 E699.6961
G0 F9000 X122.043 Y112.149
G1 F1500 X122.644 Y111.549 E699.72435
G0 F9000 X122.644 Y109.068
G1 F1500 X122.043 Y108.466 E699.75264
G0 F9000 X122.043 Y108.755
G1 F1500 X122.644 Y108.155 E699.78089
G0 F9000 X122.644 Y105.674
G1 F1500 X122.043 Y105.072 E699.80918
G0 F9000 X122.043 Y105.361
G1 F1500 X122.644 Y104.761 E699.83743
G0 F9000 X122.644 Y102.28
G1 F1500 X122.043 Y101.678 E699.86572
G0 F9000 X122.043 Y101.967
G1 F1500 X122.644 Y101.367 E699.89396
G1 F2400 E699.09396
;MESH:1x_1xm_pusher.stl
G0 F9000 X120.824 Y101.367
G0 X120.644 Y127.633
;TYPE:WALL-INNER
G1 F2400 E699.89396
G1 X103.28 Y127.633 E700.47149
G1 X99.75 Y127.141 E700.59004
G1 X99.445 Y126.998 E700.60124
G1 X93.682 Y122.922 E700.83602
G1 X93.681 Y113.342 E701.15465
G1 X95.605 Y110.059 E701.28121
G1 X107.415 Y101.708 E701.76229
G1 X117.324 Y101.708 E702.09187
G1 X119.752 Y92.439 E702.41056
G1 X120.285 Y92.517 E702.42847
G1 X120.644 Y92.582 E702.44061
G1 X120.644 Y96.17 E702.55995
G1 X120.571 Y96.252 E702.5636
G1 X120.351 Y96.627 E702.57806
G1 X120.221 Y97.043 E702.59255
G1 X120.194 Y97.478 E702.60705
G1 X120.275 Y97.905 E702.62151
G1 X120.451 Y98.302 E702.63595
G1 X120.644 Y98.564 E702.64677
G1 X120.644 Y127.633 E703.61361
G0 F9000 X121.044 Y128.033
;TYPE:WALL-OUTER
G1 F2400 X103.254 Y128.033 E704.20531
G1 X99.634 Y127.529 E704.32687
G1 X99.241 Y127.344 E704.34132
G1 X93.282 Y123.13 E704.58407
G1 X93.281 Y113.234 E704.91321
G1 X95.304 Y109.781 E705.04632
G1 X107.287 Y101.308 E705.53444
G1 X117.015 Y101.308 E705.85799
G1 X119.456 Y91.991 E706.17834
G1 X120.353 Y92.123 E706.20849
G1 X121.044 Y92.247 E706.23184
G1 X121.044 Y96.321 E706.36735
G1 X120.896 Y96.488 E706.37477
G1 X120.719 Y96.79 E706.38641
G1 X120.617 Y97.116 E706.39777
G1 X120.596 Y97.453 E706.409
G1 X120.659 Y97.785 E706.42024
G1 X120.799 Y98.1 E706.43171
G1 X121.008 Y98.385 E706.44346
G1 X121.044 Y98.421 E706.44515
G1 X121.044 Y128.033 E707.43005
G0 F9000 X120.774 Y127.763
G0 X120.483 Y122.395
;TYPE:FILL
G1 F4800 X102.134 Y127.311 E708.06187
G0 F9000 X102.562 Y127.371
G1 F4800 X109.396 Y101.866 E708.94009
G0 F9000 X106.412 Y102.612
G1 F4800 X120.484 Y116.684 E709.602
G0 F9000 X120.483 Y109.971
G1 F4800 X93.841 Y117.11 E710.51937
G0 F9000 X93.84 Y113.557
G1 F4800 X93.926 Y113.237 E710.53039
G0 F9000 X96.471 Y109.642
G1 F4800 X114.301 Y127.472 E711.36906
G0 F9000 X114.958 Y127.473
G1 F4800 X120.483 Y106.853 E712.07908
G0 F9000 X120.484 Y99.714
G1 F4800 X118.523 Y97.753 E712.17132
G0 F9000 X118.435 Y98.097
G1 F4800 X120.063 Y97.66 E712.22738
G0 F9000 X120.025 Y97.665
G1 F2400 E711.42738
;MESH:NONMESH
G0 F300 X120.025 Y97.665 Z4
G0 F9000 X120.824 Y92.941
G0 X122.444 Y92.941
;TIME_ELAPSED:872.953158
;LAYER:19
;TYPE:SUPPORT
G1 F2400 E712.22738
G1 X122.464 Y92.97 E712.22855
G1 X122.644 Y93.016 E712.23473
G1 X122.687 Y93.076 E712.23719
G1 X122.84 Y93.122 E712.2425
G1 X122.893 Y93.197 E712.24556
G1 X123.058 Y93.25 E712.25132
G1 X123.114 Y93.323 E712.25438
G1 X123.235 Y93.364 E712.25863
G1 X123.312 Y93.472 E712.26304
G1 X123.441 Y93.517 E712.26759
G1 X123.499 Y93.599 E712.27093
G1 X123.522 Y93.61 E712.27177
G1 X123.534 Y93.623 E712.27236
G1 X123.641 Y93.66 E712.27613
G1 X123.71 Y93.76 E712.28017
G1 X123.829 Y93.806 E712.28441
G1 X123.9 Y93.913 E712.28868
G1 X124.037 Y93.966 E712.29357
G1 X124.103 Y94.067 E712.29758
G1 X124.226 Y94.114 E712.30196
G1 X124.255 Y94.158 E712.30371
G1 X124.255 Y94.229 E712.30608
G1 X124.318 Y94.255 E712.30834
G1 X124.322 Y94.261 E712.30858
G1 X124.378 Y94.279 E712.31054
G1 X124.459 Y94.313 E712.31346
G1 X124.526 Y94.414 E712.31749
G1 X124.638 Y94.464 E712.32157
G1 X124.712 Y94.574 E712.32598
G1 X124.738 Y94.608 E712.3274
G1 X124.857 Y94.662 E712.33175
G1 X124.944 Y94.804 E712.33729
G1 X125.037 Y94.844 E712.34066
G1 X125.141 Y95.014 E712.34729
G1 X125.261 Y95.075 E712.35176
G1 X125.318 Y95.168 E712.35539
G1 X125.356 Y95.206 E712.35718
G1 X125.428 Y95.246 E712.35992
G1 X125.526 Y95.415 E712.36642
G1 X125.665 Y95.49 E712.37167
G1 X125.736 Y95.608 E712.37625
G1 X125.774 Y95.646 E712.37804
G1 X125.825 Y95.676 E712.38
G1 X125.95 Y95.894 E712.38836
G1 X126.038 Y95.948 E712.3918
G1 X126.142 Y96.137 E712.39897
G1 X126.256 Y96.205 E712.40339
G1 X126.345 Y96.368 E712.40956
G1 X126.426 Y96.42 E712.41276
G1 X126.566 Y96.697 E712.42309
G1 X126.657 Y96.755 E712.42668
G1 X126.748 Y96.93 E712.43324
G1 X126.765 Y96.958 E712.43433
G1 X126.842 Y97.01 E712.43742
G1 X126.968 Y97.274 E712.44715
G1 X127.071 Y97.344 E712.45129
G1 X127.18 Y97.558 E712.45928
G1 X127.259 Y97.617 E712.46256
G1 X127.382 Y97.871 E712.47194
G1 X127.438 Y97.916 E712.47433
G1 X127.575 Y98.2 E712.48482
G1 X127.582 Y98.214 E712.48534
G1 X127.642 Y98.268 E712.48802
G1 X127.774 Y98.559 E712.49865
G1 X127.833 Y98.611 E712.50127
G1 X127.997 Y98.987 E712.51491
G1 X128.067 Y99.051 E712.51807
G1 X128.18 Y99.331 E712.52811
G1 X128.228 Y99.386 E712.53054
G1 X128.378 Y99.763 E712.54403
G1 X128.445 Y99.833 E712.54726
G1 X128.608 Y100.242 E712.5619
G1 X128.633 Y100.268 E712.5631
G1 X128.808 Y100.738 E712.57978
G1 X128.848 Y100.791 E712.58199
G1 X128.996 Y101.227 E712.5973
G1 X129.042 Y101.292 E712.59995
G1 X129.208 Y101.846 E712.61919
G1 X129.244 Y101.893 E712.62116
G1 X129.244 Y102.207 E712.6316
G1 X129.444 Y102.529 E712.64421
G1 X129.444 Y102.993 E712.65964
G1 X129.644 Y103.361 E712.67357
G1 X129.644 Y103.652 E712.68325
G1 X129.844 Y104.076 E712.69884
G1 X129.844 Y104.494 E712.71274
G1 X130.031 Y105.031 E712.73166
G1 X130.043 Y105.112 E712.73438
G1 X130.047 Y105.722 E712.75467
G1 X130.227 Y106.357 E712.77662
G1 X130.244 Y106.438 E712.77937
G1 X130.245 Y128.033 E713.49763
G1 X123.044 Y128.033 E713.73713
G1 X123.045 Y99.248 E714.69453
G1 X123.026 Y98.817 E714.70887
G1 X122.497 Y98.368 E714.73195
G1 X122.408 Y98.378 E714.73493
G1 X122.244 Y98.089 E714.74598
G1 X122.244 Y98.077 E714.74638
G1 X122.205 Y98.02 E714.74868
G1 X122.158 Y97.938 E714.75182
G1 X122.141 Y97.925 E714.75254
G1 X122.035 Y97.765 E714.75892
G1 X122.014 Y97.525 E714.76693
G1 X122.003 Y97.347 E714.77286
G1 X122.044 Y97.115 E714.7807
G1 X122.044 Y96.957 E714.78595
G1 X122.135 Y96.835 E714.79102
G1 X122.163 Y96.816 E714.79214
G1 X122.197 Y96.753 E714.79452
G1 X122.244 Y96.69 E714.79714
G1 X122.244 Y96.663 E714.79804
G1 X122.445 Y96.288 E714.81219
G1 X122.444 Y92.941 E714.92351
G0 F9000 X122.804 Y93.546
G1 F2400 X122.805 Y96.378 E715.0177
G1 X122.604 Y96.753 E715.03185
G1 X122.604 Y96.809 E715.03371
G1 X122.504 Y96.943 E715.03928
G1 X122.438 Y97.065 E715.04389
G1 X122.404 Y97.088 E715.04525
G1 X122.404 Y97.147 E715.04722
G1 X122.365 Y97.367 E715.05465
G1 X122.374 Y97.503 E715.05918
G0 F9000 X122.373 Y97.503
G1 F2400 X122.385 Y97.642 E715.06382
G1 X122.408 Y97.677 E715.06521
G1 X122.433 Y97.696 E715.06626
G1 X122.513 Y97.833 E715.07154
G1 X122.604 Y97.966 E715.0769
G1 X122.604 Y97.994 E715.07783
G1 X122.612 Y97.993 E715.0781
G1 X123.379 Y98.644 E715.11156
G1 X123.405 Y99.24 E715.1314
G1 X123.404 Y127.673 E716.07708
G1 X124 Y127.673 E716.09691
G1 X124 Y94.514 E717.19978
G1 X123.895 Y94.47 E717.20357
G1 X123.895 Y94.374 E717.20676
G1 X123.865 Y94.362 E717.20783
G1 X123.799 Y94.26 E717.21187
G1 X123.664 Y94.208 E717.21669
G1 X123.592 Y94.101 E717.22098
G1 X123.476 Y94.055 E717.22513
G1 X123.411 Y93.962 E717.2289
G1 X123.331 Y93.934 E717.23172
G1 X123.304 Y93.905 E717.23304
G1 X123.26 Y93.884 E717.23466
G1 X123.214 Y93.819 E717.23731
G1 X123.085 Y93.774 E717.24185
G1 X123.009 Y93.668 E717.24619
G1 X122.895 Y93.629 E717.2502
G1 X122.84 Y93.558 E717.25318
G1 X122.804 Y93.546 E717.25445
G0 F9000 X124 Y94.514
G1 F2400 X124.08 Y94.547 E717.25732
G1 X124.093 Y94.565 E717.25806
G1 X124.222 Y94.608 E717.26258
G1 X124.284 Y94.7 E717.26627
G1 X124.396 Y94.751 E717.27037
G1 X124.419 Y94.785 E717.27173
G1 X124.508 Y94.898 E717.27652
G1 X124.607 Y94.944 E717.28015
G1 X124.697 Y95.09 E717.28585
G1 X124.79 Y95.13 E717.28922
G1 X124.887 Y95.289 E717.29541
G1 X125.007 Y95.35 E717.29989
G1 X125.034 Y95.393 E717.30158
G1 X125.137 Y95.496 E717.30643
G1 X125.166 Y95.512 E717.30753
G1 X125.265 Y95.683 E717.3141
G1 X125.408 Y95.76 E717.3195
G1 X125.45 Y95.832 E717.32227
G1 X125.553 Y95.933 E717.32707
G1 X125.559 Y95.937 E717.32731
G1 X125.684 Y96.153 E717.33561
G1 X125.77 Y96.206 E717.33897
G1 X125.874 Y96.396 E717.34618
G1 X125.987 Y96.464 E717.35056
G1 X126 Y96.488 E717.35147
G1 X126 Y127.673 E718.38869
G1 X128 Y127.673 E718.45521
G1 X128 Y99.786 E719.38273
G1 X128.07 Y99.961 E719.389
G1 X128.136 Y100.031 E719.3922
G1 X128.299 Y100.439 E719.40681
G1 X128.321 Y100.463 E719.4079
G1 X128.489 Y100.913 E719.42387
G1 X128.526 Y100.962 E719.42592
G1 X128.672 Y101.392 E719.44102
G1 X128.714 Y101.451 E719.44343
G1 X128.882 Y102.013 E719.46294
G0 F9000 X128.884 Y102.016
G1 F2400 X128.884 Y102.31 E719.47272
G1 X129.084 Y102.632 E719.48532
G1 X129.084 Y103.085 E719.50039
G1 X129.284 Y103.454 E719.51435
G1 X129.284 Y103.733 E719.52363
G1 X129.484 Y104.157 E719.53922
G1 X129.484 Y104.555 E719.55246
G1 X129.68 Y105.119 E719.57232
G1 X129.683 Y105.137 E719.57293
G1 X129.687 Y105.773 E719.59408
G1 X129.874 Y106.431 E719.61683
G1 X129.884 Y106.479 E719.61846
G1 X129.885 Y127.673 E720.32338
G1 X128 Y127.673 E720.38607
G1 F2400 E719.58607
G0 F9000 X128 Y128.898
G0 X122.844 Y128.898
G0 X122.844 Y126.238
;TYPE:SUPPORT-INTERFACE
G1 F2400 E720.38607
G1 F1500 X122.243 Y125.637 E720.41434
G0 F9000 X122.243 Y125.526
G1 F1500 X122.844 Y124.925 E720.44261
G0 F9000 X122.844 Y122.844
G1 F1500 X122.243 Y122.243 E720.47088
G0 F9000 X122.243 Y122.132
G1 F1500 X122.844 Y121.531 E720.49915
G0 F9000 X122.844 Y119.45
G1 F1500 X122.243 Y118.849 E720.52742
G0 F9000 X122.243 Y118.738
G1 F1500 X122.844 Y118.137 E720.55569
G0 F9000 X122.844 Y116.056
G1 F1500 X122.242 Y115.454 E720.584
G0 F9000 X122.243 Y115.344
G1 F1500 X122.844 Y114.743 E720.61227
G0 F9000 X122.844 Y112.661
G1 F1500 X122.242 Y112.06 E720.64057
G0 F9000 X122.243 Y111.95
G1 F1500 X122.844 Y111.349 E720.66884
G0 F9000 X122.844 Y109.267
G1 F1500 X122.241 Y108.665 E720.69718
G0 F9000 X122.242 Y108.557
G1 F1500 X122.844 Y107.955 E720.72549
G0 F9000 X122.844 Y105.873
G1 F1500 X122.241 Y105.271 E720.75383
G0 F9000 X122.242 Y105.163
G1 F1500 X122.844 Y104.561 E720.78215
G0 F9000 X122.844 Y102.479
G1 F1500 X122.241 Y101.877 E720.81049
G0 F9000 X122.242 Y101.768
G1 F1500 X122.844 Y101.167 E720.83878
G0 F9000 X122.836 Y99.077
G1 F1500 X122.345 Y98.586 E720.86188
G1 F2400 E720.06188
;MESH:1x_1xm_pusher.stl
G0 F9000 X121.024 Y98.942
G0 X120.844 Y127.633
;TYPE:WALL-INNER
G1 F2400 E720.86188
G1 X120.645 Y127.633 E720.86849
G1 X104.703 Y127.633 E721.39873
G1 X99.722 Y126.939 E721.566
G1 X99.245 Y126.715 E721.58352
G1 X93.882 Y122.922 E721.802
G1 X93.881 Y113.342 E722.12063
G1 X95.805 Y110.059 E722.2472
G1 X107.615 Y101.708 E722.72828
G1 X117.124 Y101.708 E723.04455
G1 X119.552 Y92.439 E723.36324
G1 X120.085 Y92.517 E723.38116
G1 X120.844 Y92.655 E723.40682
G1 X120.845 Y95.775 E723.51059
G1 X120.584 Y96.004 E723.52214
G1 X120.308 Y96.341 E723.53662
G1 X120.11 Y96.728 E723.55108
G1 X120.004 Y97.149 E723.56552
G1 X120.004 Y97.587 E723.58009
G1 X120.11 Y98.008 E723.59453
G1 X120.308 Y98.395 E723.60899
G1 X120.584 Y98.732 E723.62348
G1 X120.843 Y98.96 E723.63495
G1 X120.844 Y127.434 E724.582
G1 X120.844 Y127.633 E724.58628
G0 F9000 X121.244 Y128.033
;TYPE:WALL-OUTER
G1 F2400 X121.044 Y128.033 E724.59294
G1 X104.677 Y128.033 E725.1373
G1 X99.606 Y127.327 E725.30759
G1 X99.041 Y127.061 E725.32836
G1 X93.482 Y123.13 E725.55481
G1 X93.481 Y113.234 E725.88396
G1 X95.504 Y109.781 E726.01706
G1 X107.487 Y101.308 E726.50519
G1 X116.815 Y101.308 E726.81544
G1 X119.256 Y91.991 E727.13578
G1 X120.153 Y92.123 E727.16594
G1 X121.244 Y92.32 E727.20281
G1 X121.245 Y95.988 E727.32481
G1 X121.087 Y96.094 E727.33114
G1 X120.873 Y96.283 E727.34063
G1 X120.645 Y96.561 E727.35259
G1 X120.487 Y96.87 E727.36413
G1 X120.404 Y97.199 E727.37542
G1 X120.404 Y97.537 E727.38666
G1 X120.487 Y97.866 E727.39795
G1 X120.645 Y98.175 E727.40949
G1 X120.873 Y98.453 E727.42145
G1 X121.086 Y98.641 E727.4309
G1 X121.234 Y98.741 E727.43684
G1 X121.243 Y98.942 E727.44353
G1 X121.244 Y127.833 E728.40445
G1 X121.244 Y128.033 E728.40876
G0 F9000 X120.974 Y127.763
G0 X120.682 Y122.487
;TYPE:FILL
G1 F4800 X102.979 Y127.231 E729.01834
G0 F9000 X102.473 Y127.16
G1 F4800 X109.25 Y101.866 E729.88929
G0 F9000 X106.611 Y102.612
G1 F4800 X120.683 Y116.683 E730.55117
G0 F9000 X120.681 Y110.064
G1 F4800 X94.041 Y117.202 E731.46848
G0 F9000 X96.671 Y109.642
G1 F4800 X114.501 Y127.472 E732.30714
G0 F9000 X114.812 Y127.473
G1 F4800 X120.682 Y105.565 E733.06151
G0 F9000 X120.682 Y99.712
G1 F4800 X118.407 Y97.437 E733.16852
G0 F9000 X118.178 Y98.311
G1 F4800 X119.904 Y97.849 E733.22795
G0 F9000 X119.866 Y97.858
G1 F2400 E732.42795
;MESH:NONMESH
G0 F300 X119.866 Y97.858 Z4.2
G0 F9000 X121.044 Y93.017
G0 X122.644 Y93.017
;TIME_ELAPSED:894.660863
;LAYER:20
;TYPE:SUPPORT
G1 F2400 E733.22795
G1 X122.687 Y93.076 E733.23037
G1 X122.84 Y93.123 E733.2357
G1 X122.898 Y93.203 E733.23898
G1 X123.06 Y93.253 E733.24462
G1 X123.113 Y93.323 E733.24754
G1 X123.235 Y93.364 E733.25182
G1 X123.312 Y93.472 E733.25624
G1 X123.439 Y93.516 E733.26071
G1 X123.507 Y93.609 E733.26454
G1 X123.527 Y93.616 E733.26524
G1 X123.534 Y93.623 E733.26557
G1 X123.641 Y93.66 E733.26934
G1 X123.71 Y93.76 E733.27338
G1 X123.829 Y93.806 E733.27762
G1 X123.9 Y93.913 E733.28189
G1 X124.037 Y93.966 E733.28678
G1 X124.103 Y94.067 E733.29079
G1 X124.226 Y94.114 E733.29517
G1 X124.255 Y94.158 E733.29692
G1 X124.255 Y94.229 E733.29929
G1 X124.318 Y94.255 E733.30155
G1 X124.322 Y94.261 E733.30179
G1 X124.378 Y94.279 E733.30375
G1 X124.457 Y94.312 E733.3066
G1 X124.52 Y94.408 E733.31042
G1 X124.542 Y94.419 E733.31123
G1 X124.546 Y94.423 E733.31142
G1 X124.638 Y94.464 E733.31477
G1 X124.712 Y94.574 E733.31918
G1 X124.738 Y94.608 E733.3206
G1 X124.857 Y94.662 E733.32495
G1 X124.944 Y94.804 E733.33049
G1 X125.037 Y94.844 E733.33386
G1 X125.141 Y95.014 E733.34049
G1 X125.261 Y95.075 E733.34496
G1 X125.318 Y95.168 E733.34859
G1 X125.356 Y95.206 E733.35038
G1 X125.428 Y95.246 E733.35312
G1 X125.526 Y95.415 E733.35962
G1 X125.665 Y95.49 E733.36487
G1 X125.736 Y95.608 E733.36945
G1 X125.774 Y95.646 E733.37124
G1 X125.825 Y95.676 E733.3732
G1 X125.95 Y95.894 E733.38156
G1 X126.038 Y95.948 E733.385
G1 X126.142 Y96.137 E733.39217
G1 X126.256 Y96.205 E733.39659
G1 X126.345 Y96.368 E733.40276
G1 X126.426 Y96.42 E733.40596
G1 X126.566 Y96.697 E733.41629
G1 X126.657 Y96.755 E733.41988
G1 X126.748 Y96.93 E733.42644
G1 X126.765 Y96.958 E733.42753
G1 X126.842 Y97.01 E733.43062
G1 X126.968 Y97.274 E733.44035
G1 X127.071 Y97.344 E733.44449
G1 X127.18 Y97.558 E733.45248
G1 X127.259 Y97.617 E733.45576
G1 X127.382 Y97.871 E733.46514
G1 X127.438 Y97.916 E733.46753
G1 X127.583 Y98.217 E733.47864
G1 X127.644 Y98.271 E733.48135
G1 X127.773 Y98.558 E733.49182
G1 X127.833 Y98.611 E733.49448
G1 X127.997 Y98.987 E733.50813
G1 X128.067 Y99.051 E733.51128
G1 X128.18 Y99.331 E733.52132
G1 X128.228 Y99.386 E733.52375
G1 X128.378 Y99.763 E733.53725
G1 X128.445 Y99.833 E733.54047
G1 X128.608 Y100.242 E733.55511
G1 X128.633 Y100.268 E733.55631
G1 X128.808 Y100.738 E733.57299
G1 X128.847 Y100.792 E733.57521
G1 X128.997 Y101.23 E733.59061
G1 X129.041 Y101.294 E733.59319
G1 X129.208 Y101.846 E733.61237
G1 X129.244 Y101.893 E733.61434
G1 X129.244 Y102.207 E733.62478
G1 X129.444 Y102.529 E733.63739
G1 X129.444 Y102.993 E733.65282
G1 X129.644 Y103.361 E733.66676
G1 X129.644 Y103.652 E733.67643
G1 X129.844 Y104.076 E733.69203
G1 X129.844 Y104.494 E733.70593
G1 X130.03 Y105.028 E733.72474
G1 X130.043 Y105.117 E733.72773
G1 X130.047 Y105.722 E733.74785
G1 X130.227 Y106.357 E733.7698
G1 X130.244 Y106.438 E733.77256
G1 X130.245 Y128.033 E734.49081
G1 X123.244 Y128.033 E734.72366
G1 X123.245 Y98.771 E735.69692
G1 X122.677 Y98.291 E735.72165
G1 X122.463 Y98.328 E735.72888
G1 X122.254 Y98.009 E735.74156
G1 X122.181 Y97.978 E735.7442
G1 X122.158 Y97.938 E735.74574
G1 X122.141 Y97.925 E735.74645
G1 X122.035 Y97.765 E735.75283
G1 X122.014 Y97.525 E735.76084
G1 X122.003 Y97.347 E735.76677
G1 X122.044 Y97.115 E735.77461
G1 X122.044 Y96.957 E735.77987
G1 X122.135 Y96.835 E735.78493
G1 X122.163 Y96.816 E735.78605
G1 X122.194 Y96.758 E735.78824
G1 X122.25 Y96.733 E735.79028
G1 X122.645 Y96.135 E735.81412
G1 X122.644 Y93.017 E735.91782
G0 F9000 X123.004 Y93.666
G1 F2400 X123.005 Y96.243 E736.00353
G1 X122.493 Y97.019 E736.03446
G1 X122.453 Y97.037 E736.03591
G1 X122.438 Y97.064 E736.03694
G1 X122.404 Y97.088 E736.03833
G1 X122.404 Y97.147 E736.04029
G1 X122.365 Y97.367 E736.04772
G1 X122.374 Y97.503 E736.05225
G0 F9000 X122.373 Y97.503
G1 F2400 X122.385 Y97.642 E736.05689
G1 X122.409 Y97.678 E736.05833
G1 X122.428 Y97.692 E736.05912
G1 X122.495 Y97.721 E736.06155
G1 X122.634 Y97.933 E736.06998
G1 X122.781 Y97.907 E736.07494
G1 X123.605 Y98.604 E736.11084
G1 X123.604 Y127.673 E737.07768
G1 X124 Y127.673 E737.09085
G1 X124 Y94.514 E738.19372
G1 X123.895 Y94.47 E738.19751
G1 X123.895 Y94.374 E738.2007
G1 X123.865 Y94.362 E738.20178
G1 X123.799 Y94.26 E738.20582
G1 X123.664 Y94.208 E738.21063
G1 X123.592 Y94.101 E738.21492
G1 X123.476 Y94.055 E738.21907
G1 X123.411 Y93.961 E738.22287
G1 X123.338 Y93.936 E738.22544
G1 X123.33 Y93.928 E738.22581
G1 X123.282 Y93.911 E738.22751
G1 X123.216 Y93.82 E738.23124
G1 X123.085 Y93.774 E738.23586
G1 X123.01 Y93.669 E738.24015
G1 X123.004 Y93.666 E738.24038
G0 F9000 X124 Y94.514
G1 F2400 X124.08 Y94.547 E738.24326
G1 X124.093 Y94.565 E738.24399
G1 X124.22 Y94.607 E738.24844
G1 X124.271 Y94.687 E738.2516
G1 X124.33 Y94.716 E738.25378
G1 X124.339 Y94.725 E738.25421
G1 X124.397 Y94.751 E738.25632
G1 X124.419 Y94.785 E738.25767
G1 X124.508 Y94.898 E738.26245
G1 X124.607 Y94.944 E738.26608
G1 X124.697 Y95.09 E738.27179
G1 X124.79 Y95.13 E738.27516
G1 X124.887 Y95.289 E738.28135
G1 X125.007 Y95.35 E738.28583
G1 X125.034 Y95.393 E738.28752
G1 X125.137 Y95.496 E738.29236
G1 X125.166 Y95.512 E738.29346
G1 X125.265 Y95.683 E738.30003
G1 X125.408 Y95.76 E738.30544
G1 X125.45 Y95.832 E738.30821
G1 X125.553 Y95.933 E738.31301
G1 X125.559 Y95.937 E738.31325
G1 X125.684 Y96.153 E738.32155
G1 X125.77 Y96.206 E738.32491
G1 X125.874 Y96.396 E738.33211
G1 X125.987 Y96.464 E738.3365
G1 X126 Y96.488 E738.33741
G1 X126 Y127.673 E739.37462
G1 X128 Y127.673 E739.44114
G1 X128 Y99.786 E740.36867
G1 X128.07 Y99.961 E740.37494
G1 X128.136 Y100.031 E740.37814
G1 X128.299 Y100.439 E740.39275
G1 X128.321 Y100.463 E740.39383
G1 X128.488 Y100.91 E740.4097
G1 X128.525 Y100.96 E740.41177
G1 X128.673 Y101.393 E740.42699
G1 X128.713 Y101.452 E740.42936
G1 X128.882 Y102.014 E740.44888
G0 F9000 X128.884 Y102.017
G1 F2400 X128.884 Y102.31 E740.45863
G1 X129.084 Y102.632 E740.47124
G1 X129.084 Y103.085 E740.4863
G1 X129.284 Y103.454 E740.50026
G1 X129.284 Y103.733 E740.50954
G1 X129.484 Y104.157 E740.52513
G1 X129.484 Y104.555 E740.53837
G1 X129.68 Y105.116 E740.55814
G1 X129.683 Y105.141 E740.55897
G1 X129.687 Y105.773 E740.57999
G1 X129.874 Y106.431 E740.60275
G1 X129.884 Y106.479 E740.60438
G1 X129.885 Y127.673 E741.30929
G1 X128 Y127.673 E741.37199
G1 F2400 E740.57199
G0 F9000 X128 Y128.898
G0 X123.043 Y128.898
G0 X123.043 Y128.12
;TYPE:SUPPORT-INTERFACE
G1 F2400 E741.37199
G1 F1500 X122.931 Y128.232 E741.37726
G0 F9000 X123.044 Y126.438
G1 F1500 X122.444 Y125.838 E741.40548
G0 F9000 X122.444 Y125.325
G1 F1500 X123.043 Y124.726 E741.43365
G0 F9000 X123.044 Y123.044
G1 F1500 X122.444 Y122.444 E741.46188
G0 F9000 X122.444 Y121.931
G1 F1500 X123.043 Y121.332 E741.49005
G0 F9000 X123.044 Y119.65
G1 F1500 X122.444 Y119.049 E741.5183
G0 F9000 X122.444 Y118.537
G1 F1500 X123.043 Y117.938 E741.54647
G0 F9000 X123.044 Y116.256
G1 F1500 X122.444 Y115.655 E741.57472
G0 F9000 X122.444 Y115.143
G1 F1500 X123.043 Y114.544 E741.60289
G0 F9000 X123.044 Y112.862
G1 F1500 X122.444 Y112.261 E741.63114
G0 F9000 X122.444 Y111.749
G1 F1500 X123.043 Y111.15 E741.65931
G0 F9000 X123.044 Y109.467
G1 F1500 X122.444 Y108.867 E741.68754
G0 F9000 X122.444 Y108.354
G1 F1500 X123.043 Y107.756 E741.71569
G0 F9000 X123.044 Y106.073
G1 F1500 X122.444 Y105.473 E741.74391
G0 F9000 X122.444 Y104.96
G1 F1500 X123.043 Y104.361 E741.77208
G0 F9000 X123.044 Y102.679
G1 F1500 X122.444 Y102.079 E741.80031
G0 F9000 X122.444 Y101.566
G1 F1500 X123.043 Y100.967 E741.82848
G0 F9000 X123.044 Y99.285
G1 F1500 X122.444 Y98.685 E741.8567
G1 F2400 E741.0567
;MESH:1x_1xm_pusher.stl
G0 F9000 X121.228 Y99.101
G0 X121.044 Y127.633
;TYPE:WALL-INNER
G1 F2400 E741.8567
G1 X106.125 Y127.633 E742.35291
G1 X99.694 Y126.737 E742.56887
G1 X99.046 Y126.433 E742.59268
G1 X94.082 Y122.922 E742.79491
G1 X94.081 Y113.342 E743.11354
G1 X96.005 Y110.059 E743.2401
G1 X107.815 Y101.708 E743.72119
G1 X116.924 Y101.708 E744.02415
G1 X119.352 Y92.439 E744.34284
G1 X119.885 Y92.517 E744.36076
G1 X120.934 Y92.706 E744.39621
G1 X121.044 Y92.729 E744.39995
G1 X121.045 Y95.523 E744.49288
G1 X120.826 Y95.648 E744.50126
G1 X120.553 Y95.848 E744.51252
G1 X120.312 Y96.082 E744.52369
G1 X120.098 Y96.359 E744.53533
G1 X119.91 Y96.728 E744.54911
G1 X119.804 Y97.149 E744.56355
G1 X119.804 Y97.587 E744.57812
G1 X119.91 Y98.008 E744.59256
G1 X120.106 Y98.391 E744.60687
G1 X120.329 Y98.673 E744.61882
G1 X120.636 Y98.954 E744.63267
G1 X120.921 Y99.148 E744.64413
G1 X121.045 Y99.213 E744.64879
G1 X121.044 Y127.633 E745.59404
G0 F9000 X121.444 Y128.033
;TYPE:WALL-OUTER
G1 F2400 X106.099 Y128.033 E746.10442
G1 X99.578 Y127.125 E746.3234
G1 X98.842 Y126.779 E746.35045
G1 X93.682 Y123.13 E746.56065
G1 X93.681 Y113.234 E746.88979
G1 X95.704 Y109.781 E747.0229
G1 X107.687 Y101.308 E747.51102
G1 X116.615 Y101.308 E747.80797
G1 X119.056 Y91.991 E748.12831
G1 X119.953 Y92.123 E748.15847
G1 X121.005 Y92.312 E748.19402
G1 X121.444 Y92.405 E748.20894
G1 X121.445 Y95.775 E748.32103
G1 X121.301 Y95.837 E748.32624
G1 X121.044 Y95.984 E748.33609
G1 X120.812 Y96.154 E748.34566
G1 X120.611 Y96.349 E748.35497
G1 X120.438 Y96.574 E748.36441
G1 X120.287 Y96.87 E748.37546
G1 X120.204 Y97.199 E748.38675
G1 X120.204 Y97.537 E748.39799
G1 X120.287 Y97.866 E748.40928
G1 X120.444 Y98.174 E748.42078
G1 X120.623 Y98.4 E748.43036
G1 X120.885 Y98.64 E748.44218
G1 X121.126 Y98.804 E748.45188
G1 X121.388 Y98.94 E748.4617
G1 X121.445 Y98.965 E748.46377
G1 X121.444 Y128.033 E749.43057
G0 F9000 X121.174 Y127.763
G0 X120.883 Y122.579
;TYPE:FILL
G1 F4800 X103.823 Y127.15 E750.018
G0 F9000 X102.383 Y126.95
G1 F4800 X109.104 Y101.867 E750.8817
G0 F9000 X106.812 Y102.613
G1 F4800 X120.884 Y116.685 E751.5436
G0 F9000 X120.883 Y110.156
G1 F4800 X94.241 Y117.295 E752.46098
G0 F9000 X96.871 Y109.643
G1 F4800 X114.7 Y127.472 E753.2996
G0 F9000 X114.666 Y127.472
G1 F4800 X120.884 Y104.267 E754.09863
G0 F9000 X120.884 Y99.714
G1 F4800 X118.289 Y97.12 E754.22067
G0 F9000 X117.922 Y98.526
G1 F4800 X119.751 Y98.036 E754.28365
G0 F9000 X119.725 Y98.077
G1 F2400 E753.48365
;MESH:NONMESH
G0 F300 X119.725 Y98.077 Z4.4
G0 F9000 X119.915 Y97.346
G0 X121.244 Y93.129
G0 X122.844 Y93.129
;TIME_ELAPSED:916.611708
;LAYER:21
;TYPE:SUPPORT
G1 F2400 E754.28365
G1 X122.887 Y93.189 E754.2861
G1 X122.948 Y93.219 E754.28836
G1 X123.061 Y93.254 E754.2923
G1 X123.113 Y93.323 E754.29517
G1 X123.235 Y93.364 E754.29945
G1 X123.312 Y93.472 E754.30386
G1 X123.439 Y93.516 E754.30833
G1 X123.507 Y93.609 E754.31217
G1 X123.527 Y93.616 E754.31287
G1 X123.534 Y93.623 E754.3132
G1 X123.641 Y93.66 E754.31696
G1 X123.71 Y93.76 E754.32101
G1 X123.829 Y93.806 E754.32525
G1 X123.9 Y93.913 E754.32952
G1 X124.037 Y93.966 E754.33441
G1 X124.103 Y94.067 E754.33842
G1 X124.226 Y94.114 E754.3428
G1 X124.255 Y94.158 E754.34455
G1 X124.255 Y94.229 E754.34691
G1 X124.318 Y94.255 E754.34918
G1 X124.322 Y94.261 E754.34942
G1 X124.378 Y94.279 E754.35138
G1 X124.457 Y94.312 E754.35422
G1 X124.52 Y94.408 E754.35804
G1 X124.542 Y94.419 E754.35886
G1 X124.546 Y94.423 E754.35905
G1 X124.638 Y94.464 E754.3624
G1 X124.712 Y94.574 E754.36681
G1 X124.738 Y94.608 E754.36823
G1 X124.857 Y94.662 E754.37258
G1 X124.944 Y94.804 E754.37812
G1 X125.037 Y94.844 E754.38148
G1 X125.141 Y95.014 E754.38811
G1 X125.261 Y95.075 E754.39259
G1 X125.318 Y95.168 E754.39622
G1 X125.356 Y95.206 E754.398
G1 X125.428 Y95.246 E754.40074
G1 X125.526 Y95.415 E754.40724
G1 X125.663 Y95.489 E754.41242
G1 X125.75 Y95.633 E754.41802
G1 X125.827 Y95.68 E754.42102
G1 X125.95 Y95.894 E754.42923
G1 X126.038 Y95.948 E754.43266
G1 X126.142 Y96.137 E754.43984
G1 X126.256 Y96.205 E754.44425
G1 X126.345 Y96.368 E754.45043
G1 X126.426 Y96.42 E754.45363
G1 X126.566 Y96.697 E754.46395
G1 X126.657 Y96.755 E754.46754
G1 X126.748 Y96.93 E754.4741
G1 X126.765 Y96.958 E754.47519
G1 X126.842 Y97.01 E754.47828
G1 X126.968 Y97.274 E754.48801
G1 X127.071 Y97.344 E754.49215
G1 X127.18 Y97.558 E754.50014
G1 X127.259 Y97.617 E754.50342
G1 X127.382 Y97.871 E754.51281
G1 X127.438 Y97.916 E754.5152
G1 X127.583 Y98.217 E754.52631
G1 X127.644 Y98.272 E754.52904
G1 X127.773 Y98.559 E754.53951
G1 X127.833 Y98.611 E754.54215
G1 X127.997 Y98.987 E754.55579
G1 X128.066 Y99.051 E754.55892
G1 X128.18 Y99.332 E754.56901
G1 X128.229 Y99.389 E754.57151
G1 X128.378 Y99.763 E754.5849
G1 X128.445 Y99.833 E754.58812
G1 X128.608 Y100.241 E754.60273
G1 X128.63 Y100.265 E754.60382
G1 X128.808 Y100.737 E754.62059
G1 X128.847 Y100.791 E754.62281
G1 X128.997 Y101.23 E754.63824
G1 X129.041 Y101.294 E754.64082
G1 X129.208 Y101.846 E754.66
G1 X129.244 Y101.893 E754.66197
G1 X129.244 Y102.207 E754.67242
G1 X129.444 Y102.529 E754.68502
G1 X129.444 Y102.993 E754.70046
G1 X129.644 Y103.361 E754.71439
G1 X129.644 Y103.652 E754.72407
G1 X129.844 Y104.076 E754.73966
G1 X129.844 Y104.494 E754.75356
G1 X130.03 Y105.028 E754.77237
G1 X130.043 Y105.117 E754.77536
G1 X130.047 Y105.722 E754.79548
G1 X130.227 Y106.357 E754.81743
G1 X130.244 Y106.438 E754.82019
G1 X130.245 Y128.033 E755.53844
G1 X123.444 Y128.033 E755.76464
G1 X123.444 Y98.614 E756.74312
G1 X122.773 Y98.135 E756.77054
G1 X122.494 Y98.231 E756.78036
G1 X122.376 Y98.071 E756.78697
G1 X122.272 Y98.038 E756.7906
G1 X122.253 Y98.009 E756.79175
G1 X122.181 Y97.978 E756.79436
G1 X122.158 Y97.938 E756.79589
G1 X122.141 Y97.925 E756.7966
G1 X122.035 Y97.765 E756.80299
G1 X122.014 Y97.525 E756.811
G1 X122.003 Y97.347 E756.81693
G1 X122.044 Y97.115 E756.82477
G1 X122.044 Y96.957 E756.83002
G1 X122.135 Y96.835 E756.83509
G1 X122.163 Y96.816 E756.83621
G1 X122.194 Y96.758 E756.8384
G1 X122.251 Y96.733 E756.84047
G1 X122.265 Y96.712 E756.84131
G1 X122.352 Y96.688 E756.84431
G1 X122.845 Y96.045 E756.87126
G1 X122.844 Y93.129 E756.96825
G0 F9000 X123.204 Y93.816
G1 F2400 X123.205 Y96.167 E757.04644
G1 X122.564 Y97.003 E757.08148
G1 X122.482 Y97.025 E757.0843
G1 X122.453 Y97.038 E757.08536
G1 X122.439 Y97.064 E757.08634
G1 X122.404 Y97.088 E757.08775
G1 X122.404 Y97.147 E757.08972
G1 X122.365 Y97.367 E757.09715
G1 X122.374 Y97.503 E757.10168
G0 F9000 X122.373 Y97.503
G1 F2400 X122.385 Y97.642 E757.10632
G1 X122.409 Y97.678 E757.10776
G1 X122.427 Y97.692 E757.10852
G1 X122.495 Y97.721 E757.11098
G1 X122.503 Y97.734 E757.11148
G1 X122.595 Y97.763 E757.11469
G1 X122.626 Y97.805 E757.11643
G1 X122.831 Y97.734 E757.12364
G1 X123.804 Y98.429 E757.16341
G1 X123.804 Y127.673 E758.13607
G1 X124 Y127.673 E758.14259
G1 X124 Y94.514 E759.24547
G1 X123.895 Y94.47 E759.24925
G1 X123.895 Y94.374 E759.25244
G1 X123.865 Y94.362 E759.25352
G1 X123.799 Y94.26 E759.25756
G1 X123.664 Y94.208 E759.26237
G1 X123.592 Y94.101 E759.26666
G1 X123.476 Y94.055 E759.27081
G1 X123.411 Y93.961 E759.27461
G1 X123.338 Y93.936 E759.27718
G1 X123.33 Y93.928 E759.27756
G1 X123.282 Y93.911 E759.27925
G1 X123.216 Y93.82 E759.28299
G1 X123.204 Y93.816 E759.28341
G0 F9000 X124 Y94.514
G1 F2400 X124.08 Y94.547 E759.28629
G1 X124.093 Y94.565 E759.28703
G1 X124.22 Y94.607 E759.29148
G1 X124.271 Y94.687 E759.29463
G1 X124.33 Y94.716 E759.29682
G1 X124.339 Y94.725 E759.29724
G1 X124.397 Y94.751 E759.29935
G1 X124.419 Y94.785 E759.3007
G1 X124.508 Y94.898 E759.30549
G1 X124.607 Y94.944 E759.30912
G1 X124.697 Y95.09 E759.31482
G1 X124.79 Y95.13 E759.31819
G1 X124.887 Y95.289 E759.32438
G1 X125.007 Y95.35 E759.32886
G1 X125.034 Y95.393 E759.33055
G1 X125.137 Y95.496 E759.33539
G1 X125.166 Y95.512 E759.3365
G1 X125.265 Y95.683 E759.34307
G1 X125.407 Y95.759 E759.34842
G1 X125.487 Y95.894 E759.35364
G1 X125.56 Y95.939 E759.3565
G1 X125.684 Y96.153 E759.36472
G1 X125.77 Y96.206 E759.36808
G1 X125.874 Y96.396 E759.37529
G1 X125.987 Y96.464 E759.37967
G1 X126 Y96.488 E759.38058
G1 X126 Y127.673 E760.4178
G1 X128 Y127.673 E760.48432
G1 X128 Y99.788 E761.41178
G1 X128.07 Y99.961 E761.41798
G1 X128.136 Y100.031 E761.42118
G1 X128.298 Y100.435 E761.43566
G1 X128.317 Y100.456 E761.4366
G1 X128.488 Y100.911 E761.45277
G1 X128.525 Y100.961 E761.45484
G1 X128.672 Y101.393 E761.47002
G1 X128.713 Y101.453 E761.47243
G1 X128.882 Y102.014 E761.49192
G0 F9000 X128.884 Y102.017
G1 F2400 X128.884 Y102.31 E761.50167
G1 X129.084 Y102.632 E761.51427
G1 X129.084 Y103.085 E761.52934
G1 X129.284 Y103.454 E761.5433
G1 X129.284 Y103.733 E761.55258
G1 X129.484 Y104.157 E761.56817
G1 X129.484 Y104.555 E761.58141
G1 X129.68 Y105.116 E761.60117
G1 X129.683 Y105.141 E761.60201
G1 X129.687 Y105.773 E761.62303
G1 X129.874 Y106.431 E761.64578
G1 X129.884 Y106.479 E761.64741
G1 X129.885 Y127.673 E762.35233
G1 X128 Y127.673 E762.41503
G1 F2400 E761.61503
G0 F9000 X128 Y128.898
G0 X123.243 Y128.898
G0 X123.243 Y127.92
;TYPE:SUPPORT-INTERFACE
G1 F2400 E762.41503
G1 F1500 X122.931 Y128.232 E762.4297
G0 F9000 X123.244 Y126.638
G1 F1500 X122.643 Y126.037 E762.45797
G0 F9000 X122.643 Y125.126
G1 F1500 X123.243 Y124.526 E762.48619
G0 F9000 X123.244 Y123.244
G1 F1500 X122.643 Y122.643 E762.51446
G0 F9000 X122.643 Y121.732
G1 F1500 X123.243 Y121.132 E762.54268
G0 F9000 X123.244 Y119.85
G1 F1500 X122.643 Y119.249 E762.57095
G0 F9000 X122.643 Y118.338
G1 F1500 X123.243 Y117.738 E762.59918
G0 F9000 X123.244 Y116.456
G1 F1500 X122.643 Y115.855 E762.62744
G0 F9000 X122.643 Y114.944
G1 F1500 X123.243 Y114.344 E762.65567
G0 F9000 X123.244 Y113.062
G1 F1500 X122.643 Y112.461 E762.68394
G0 F9000 X122.643 Y111.55
G1 F1500 X123.243 Y110.95 E762.71216
G0 F9000 X123.244 Y109.668
G1 F1500 X122.643 Y109.066 E762.74045
G0 F9000 X122.643 Y108.156
G1 F1500 X123.243 Y107.555 E762.7687
G0 F9000 X123.244 Y106.273
G1 F1500 X122.643 Y105.672 E762.79697
G0 F9000 X122.643 Y104.762
G1 F1500 X123.243 Y104.161 E762.82521
G0 F9000 X123.244 Y102.879
G1 F1500 X122.643 Y102.278 E762.85348
G0 F9000 X122.643 Y101.367
G1 F1500 X123.243 Y100.767 E762.8817
G0 F9000 X123.244 Y99.485
G1 F1500 X122.643 Y98.884 E762.90997
G1 F2400 E762.10997
;MESH:1x_1xm_pusher.stl
G0 F9000 X121.428 Y99.259
G0 X121.244 Y127.633
;TYPE:WALL-INNER
G1 F2400 E762.90997
G1 X107.548 Y127.633 E763.3655
G1 X99.667 Y126.537 E763.63015
G1 X98.845 Y126.149 E763.66038
G1 X94.282 Y122.922 E763.84626
G1 X94.281 Y113.342 E764.1649
G1 X96.205 Y110.059 E764.29146
G1 X108.015 Y101.708 E764.77254
G1 X116.724 Y101.708 E765.06221
G1 X119.152 Y92.439 E765.3809
G1 X119.685 Y92.517 E765.39881
G1 X120.734 Y92.706 E765.43426
G1 X121.244 Y92.813 E765.4516
G1 X121.245 Y95.345 E765.53581
G1 X121.029 Y95.428 E765.54351
G1 X120.721 Y95.588 E765.55505
G1 X120.44 Y95.778 E765.56633
G1 X120.188 Y96.001 E765.57752
G1 X119.958 Y96.272 E765.58935
G1 X119.751 Y96.629 E765.60307
G1 X119.621 Y97.043 E765.6175
G1 X119.594 Y97.478 E765.632
G1 X119.675 Y97.905 E765.64646
G1 X119.848 Y98.296 E765.66068
G1 X120.058 Y98.593 E765.67277
G1 X120.348 Y98.885 E765.68646
G1 X120.626 Y99.089 E765.69793
G1 X120.924 Y99.258 E765.70933
G1 X121.244 Y99.396 E765.72092
G1 X121.244 Y127.633 E766.66008
G0 F9000 X121.644 Y128.033
;TYPE:WALL-OUTER
G1 F2400 X107.522 Y128.033 E767.12978
G1 X99.55 Y126.924 E767.39749
G1 X98.642 Y126.496 E767.43087
G1 X93.882 Y123.13 E767.62478
G1 X93.881 Y113.234 E767.95392
G1 X95.904 Y109.781 E768.08702
G1 X107.887 Y101.308 E768.57515
G1 X116.415 Y101.308 E768.85879
G1 X118.856 Y91.991 E769.17913
G1 X119.753 Y92.123 E769.20929
G1 X120.805 Y92.312 E769.24484
G1 X121.644 Y92.489 E769.27336
G1 X121.645 Y95.638 E769.3781
G1 X121.48 Y95.683 E769.38378
G1 X121.193 Y95.793 E769.39401
G1 X120.926 Y95.932 E769.40402
G1 X120.686 Y96.095 E769.41367
G1 X120.474 Y96.282 E769.42307
G1 X120.286 Y96.504 E769.43275
G1 X120.119 Y96.791 E769.44379
G1 X120.017 Y97.116 E769.45512
G1 X119.996 Y97.453 E769.46635
G1 X120.059 Y97.785 E769.47759
G1 X120.198 Y98.098 E769.48898
G1 X120.365 Y98.335 E769.49862
G1 X120.61 Y98.581 E769.51017
G1 X120.844 Y98.753 E769.51983
G1 X121.102 Y98.899 E769.52969
G1 X121.382 Y99.02 E769.53983
G1 X121.644 Y99.101 E769.54896
G1 X121.644 Y128.033 E770.51124
G0 F9000 X121.374 Y127.763
G0 X121.083 Y122.673
;TYPE:FILL
G1 F4800 X104.669 Y127.071 E771.07643
G0 F9000 X102.292 Y126.74
G1 F4800 X108.957 Y101.867 E771.93289
G0 F9000 X107.012 Y102.612
G1 F4800 X121.084 Y116.684 E772.5948
G0 F9000 X121.082 Y110.25
G1 F4800 X94.441 Y117.388 E773.51213
G0 F9000 X97.071 Y109.642
G1 F4800 X114.901 Y127.472 E774.3508
G0 F9000 X114.519 Y127.472
G1 F4800 X121.083 Y102.977 E775.19425
G0 F9000 X121.084 Y99.714
G1 F4800 X120.664 Y99.294 E775.21401
G0 F9000 X119.677 Y98.306
G1 F4800 X118.173 Y96.802 E775.28475
G0 F9000 X117.666 Y98.742
G1 F4800 X119.637 Y98.214 E775.35262
G0 F9000 X119.6 Y98.229
G1 F2400 E774.55262
;MESH:NONMESH
G0 F300 X119.6 Y98.229 Z4.6
G0 F9000 X119.78 Y97.072
G0 X119.899 Y96.694
G0 X120.303 Y96.114
G0 X121.444 Y93.249
G0 X123.044 Y93.249
;TIME_ELAPSED:938.754426
;LAYER:22
;TYPE:SUPPORT
G1 F2400 E775.35262
G1 X123.06 Y93.254 E775.35318
G1 X123.084 Y93.285 E775.35448
G1 X123.129 Y93.33 E775.3566
G1 X123.236 Y93.365 E775.36034
G1 X123.312 Y93.472 E775.36471
G1 X123.439 Y93.516 E775.36918
G1 X123.507 Y93.609 E775.37301
G1 X123.527 Y93.616 E775.37371
G1 X123.534 Y93.623 E775.37404
G1 X123.641 Y93.66 E775.37781
G1 X123.71 Y93.76 E775.38185
G1 X123.829 Y93.806 E775.38609
G1 X123.9 Y93.913 E775.39037
G1 X124.037 Y93.966 E775.39525
G1 X124.103 Y94.067 E775.39926
G1 X124.226 Y94.114 E775.40364
G1 X124.255 Y94.158 E775.4054
G1 X124.255 Y94.229 E775.40776
G1 X124.318 Y94.255 E775.41002
G1 X124.322 Y94.261 E775.41026
G1 X124.378 Y94.279 E775.41222
G1 X124.457 Y94.312 E775.41507
G1 X124.52 Y94.408 E775.41889
G1 X124.542 Y94.419 E775.41971
G1 X124.546 Y94.423 E775.41989
G1 X124.638 Y94.464 E775.42324
G1 X124.707 Y94.569 E775.42742
G1 X124.752 Y94.615 E775.42956
G1 X124.857 Y94.663 E775.4334
G1 X124.944 Y94.804 E775.43891
G1 X125.037 Y94.844 E775.44228
G1 X125.141 Y95.014 E775.44891
G1 X125.261 Y95.075 E775.45339
G1 X125.318 Y95.168 E775.45701
G1 X125.356 Y95.206 E775.4588
G1 X125.428 Y95.246 E775.46154
G1 X125.526 Y95.415 E775.46804
G1 X125.663 Y95.489 E775.47322
G1 X125.75 Y95.633 E775.47881
G1 X125.827 Y95.68 E775.48181
G1 X125.95 Y95.894 E775.49002
G1 X126.038 Y95.948 E775.49346
G1 X126.142 Y96.137 E775.50063
G1 X126.256 Y96.205 E775.50505
G1 X126.345 Y96.368 E775.51122
G1 X126.426 Y96.42 E775.51443
G1 X126.566 Y96.697 E775.52475
G1 X126.657 Y96.755 E775.52834
G1 X126.751 Y96.933 E775.53503
G1 X126.765 Y96.958 E775.53599
G1 X126.842 Y97.01 E775.53908
G1 X126.968 Y97.274 E775.54881
G1 X127.071 Y97.344 E775.55295
G1 X127.18 Y97.558 E775.56094
G1 X127.259 Y97.617 E775.56421
G1 X127.382 Y97.871 E775.5736
G1 X127.438 Y97.916 E775.57599
G1 X127.558 Y98.168 E775.58527
G1 X127.581 Y98.212 E775.58693
G1 X127.61 Y98.242 E775.58831
G1 X127.645 Y98.273 E775.58987
G1 X127.773 Y98.559 E775.60029
G1 X127.833 Y98.611 E775.60293
G1 X127.997 Y98.987 E775.61657
G1 X128.067 Y99.051 E775.61973
G1 X128.182 Y99.335 E775.62992
G1 X128.228 Y99.387 E775.63223
G1 X128.378 Y99.763 E775.64569
G1 X128.445 Y99.833 E775.64892
G1 X128.608 Y100.241 E775.66353
G1 X128.631 Y100.265 E775.66463
G1 X128.786 Y100.68 E775.67937
G1 X128.786 Y100.707 E775.68027
G1 X128.807 Y100.735 E775.68143
G1 X128.812 Y100.75 E775.68196
G1 X128.829 Y100.766 E775.68273
G1 X128.848 Y100.792 E775.6838
G1 X128.994 Y101.225 E775.699
G1 X129.041 Y101.294 E775.70178
G1 X129.208 Y101.846 E775.72096
G1 X129.244 Y101.893 E775.72293
G1 X129.244 Y102.207 E775.73337
G1 X129.444 Y102.529 E775.74598
G1 X129.444 Y102.993 E775.76141
G1 X129.644 Y103.361 E775.77534
G1 X129.644 Y103.652 E775.78502
G1 X129.844 Y104.076 E775.80062
G1 X129.844 Y104.494 E775.81452
G1 X130.029 Y105.027 E775.83328
G1 X130.043 Y105.123 E775.83651
G1 X130.047 Y105.722 E775.85643
G1 X130.227 Y106.357 E775.87839
G1 X130.244 Y106.438 E775.88114
G1 X130.245 Y128.033 E776.59939
G1 X123.644 Y128.033 E776.81894
G1 X123.645 Y98.397 E777.80464
G1 X122.873 Y97.933 E777.8346
G1 X122.513 Y98.12 E777.84809
G1 X122.456 Y98.054 E777.85099
G1 X122.265 Y98.028 E777.8574
G1 X122.253 Y98.009 E777.85815
G1 X122.181 Y97.978 E777.86076
G1 X122.158 Y97.938 E777.86229
G1 X122.141 Y97.925 E777.863
G1 X122.035 Y97.765 E777.86939
G1 X122.014 Y97.525 E777.8774
G1 X122.003 Y97.347 E777.88333
G1 X122.044 Y97.115 E777.89117
G1 X122.044 Y96.957 E777.89642
G1 X122.135 Y96.835 E777.90148
G1 X122.163 Y96.816 E777.90261
G1 X122.194 Y96.758 E777.9048
G1 X122.251 Y96.733 E777.90687
G1 X122.265 Y96.712 E777.90771
G1 X122.45 Y96.685 E777.91392
G1 X123.044 Y96.007 E777.9439
G1 X123.044 Y93.249 E778.03564
G0 F9000 X123.404 Y93.959
G1 F2400 X123.404 Y96.142 E778.10824
G1 X122.633 Y97.022 E778.14716
G1 X122.447 Y97.049 E778.15341
G1 X122.439 Y97.064 E778.15397
G1 X122.404 Y97.088 E778.15538
G1 X122.404 Y97.147 E778.15735
G1 X122.365 Y97.367 E778.16478
G1 X122.374 Y97.503 E778.16931
G0 F9000 X122.373 Y97.503
G1 F2400 X122.385 Y97.642 E778.17395
G1 X122.409 Y97.678 E778.17539
G1 X122.419 Y97.685 E778.1758
G1 X122.538 Y97.701 E778.17979
G1 X122.886 Y97.521 E778.19282
G1 X124 Y98.189 E778.23602
G1 X124 Y94.514 E778.35826
G1 X123.895 Y94.47 E778.36204
G1 X123.895 Y94.374 E778.36523
G1 X123.865 Y94.362 E778.36631
G1 X123.799 Y94.26 E778.37035
G1 X123.664 Y94.208 E778.37516
G1 X123.592 Y94.101 E778.37945
G1 X123.476 Y94.055 E778.3836
G1 X123.411 Y93.961 E778.3874
G1 X123.404 Y93.959 E778.38765
G0 F9000 X124 Y94.514
G1 F2400 X124.08 Y94.547 E778.39052
G1 X124.093 Y94.565 E778.39126
G1 X124.22 Y94.607 E778.39571
G1 X124.271 Y94.687 E778.39887
G1 X124.33 Y94.716 E778.40105
G1 X124.339 Y94.725 E778.40148
G1 X124.395 Y94.75 E778.40352
G1 X124.425 Y94.796 E778.40534
G1 X124.541 Y94.914 E778.41085
G1 X124.608 Y94.945 E778.4133
G1 X124.697 Y95.09 E778.41896
G1 X124.79 Y95.13 E778.42233
G1 X124.887 Y95.289 E778.42852
G1 X125.007 Y95.35 E778.433
G1 X125.034 Y95.393 E778.43469
G1 X125.137 Y95.496 E778.43953
G1 X125.166 Y95.512 E778.44063
G1 X125.265 Y95.683 E778.44721
G1 X125.407 Y95.759 E778.45256
G1 X125.487 Y95.894 E778.45778
G1 X125.56 Y95.939 E778.46064
G1 X125.684 Y96.153 E778.46886
G1 X125.77 Y96.206 E778.47222
G1 X125.874 Y96.396 E778.47943
G1 X125.987 Y96.464 E778.48381
G1 X126 Y96.488 E778.48472
G1 X126 Y127.673 E779.52194
G1 X128 Y127.673 E779.58846
G1 X128 Y99.787 E780.51595
G1 X128.07 Y99.961 E780.52219
G1 X128.135 Y100.03 E780.52534
G1 X128.3 Y100.439 E780.54001
G1 X128.319 Y100.459 E780.54093
G1 X128.426 Y100.744 E780.55105
G1 X128.426 Y100.827 E780.55381
G1 X128.484 Y100.905 E780.55705
G1 X128.5 Y100.951 E780.55866
G1 X128.531 Y100.98 E780.56008
G1 X128.669 Y101.387 E780.57437
G1 X128.714 Y101.453 E780.57703
G1 X128.882 Y102.013 E780.59647
G0 F9000 X128.884 Y102.016
G1 F2400 X128.884 Y102.31 E780.60625
G1 X129.084 Y102.632 E780.61886
G1 X129.084 Y103.085 E780.63393
G1 X129.284 Y103.454 E780.64789
G1 X129.284 Y103.733 E780.65717
G1 X129.484 Y104.157 E780.67276
G1 X129.484 Y104.555 E780.686
G1 X129.678 Y105.114 E780.70568
G1 X129.683 Y105.147 E780.70679
G1 X129.687 Y105.773 E780.72761
G1 X129.874 Y106.431 E780.75036
G1 X129.884 Y106.479 E780.75199
G1 X129.885 Y127.673 E781.4569
G1 X128 Y127.673 E781.5196
G1 F2400 E780.7196
G0 F9000 X128 Y128.898
G0 X123.443 Y128.898
G0 X123.443 Y127.72
;TYPE:SUPPORT-INTERFACE
G1 F2400 E781.5196
G1 F1500 X122.931 Y128.232 E781.54368
G0 F9000 X123.443 Y126.837
G1 F1500 X122.844 Y126.238 E781.57186
G0 F9000 X122.844 Y124.925
G1 F1500 X123.443 Y124.326 E781.60003
G0 F9000 X123.443 Y123.443
G1 F1500 X122.844 Y122.844 E781.62821
G0 F9000 X122.844 Y121.531
G1 F1500 X123.443 Y120.932 E781.65638
G0 F9000 X123.443 Y120.049
G1 F1500 X122.844 Y119.45 E781.68456
G0 F9000 X122.844 Y118.137
G1 F1500 X123.443 Y117.538 E781.71273
G0 F9000 X123.443 Y116.655
G1 F1500 X122.844 Y116.056 E781.74091
G0 F9000 X122.844 Y114.743
G1 F1500 X123.443 Y114.144 E781.76908
G0 F9000 X123.443 Y113.261
G1 F1500 X122.844 Y112.661 E781.79728
G0 F9000 X122.844 Y111.349
G1 F1500 X123.443 Y110.749 E781.82548
G0 F9000 X123.443 Y109.867
G1 F1500 X122.844 Y109.267 E781.85368
G0 F9000 X122.844 Y107.955
G1 F1500 X123.443 Y107.355 E781.88188
G0 F9000 X123.443 Y106.473
G1 F1500 X122.844 Y105.873 E781.91008
G0 F9000 X122.844 Y104.561
G1 F1500 X123.443 Y103.961 E781.93828
G0 F9000 X123.443 Y103.079
G1 F1500 X122.844 Y102.479 E781.96647
G0 F9000 X122.844 Y101.167
G1 F1500 X123.443 Y100.567 E781.99467
G0 F9000 X123.443 Y99.685
G1 F1500 X122.844 Y99.085 E782.02287
G1 F2400 E781.22287
;MESH:1x_1xm_pusher.stl
G0 F9000 X121.63 Y99.367
G0 X121.444 Y127.633
;TYPE:WALL-INNER
G1 F2400 E782.02287
G1 X108.971 Y127.633 E782.43773
G1 X99.639 Y126.335 E782.7511
G1 X98.644 Y125.866 E782.78768
G1 X94.482 Y122.922 E782.95724
G1 X94.481 Y113.342 E783.27587
G1 X96.405 Y110.059 E783.40244
G1 X108.215 Y101.708 E783.88352
G1 X116.524 Y101.708 E784.15988
G1 X118.952 Y92.439 E784.47857
G1 X119.485 Y92.517 E784.49649
G1 X120.534 Y92.705 E784.53193
G1 X121.444 Y92.897 E784.56286
G1 X121.444 Y95.225 E784.64029
G1 X121.266 Y95.268 E784.64639
G1 X120.935 Y95.383 E784.65804
G1 X120.62 Y95.531 E784.66962
G1 X120.331 Y95.711 E784.68094
G1 X120.067 Y95.923 E784.6922
G1 X119.82 Y96.189 E784.70427
G1 X119.598 Y96.531 E784.71784
G1 X119.445 Y96.937 E784.73227
G1 X119.39 Y97.368 E784.74672
G1 X119.445 Y97.801 E784.76123
G1 X119.597 Y98.202 E784.7755
G1 X119.795 Y98.512 E784.78773
G1 X120.063 Y98.811 E784.80109
G1 X120.332 Y99.026 E784.81254
G1 X120.621 Y99.205 E784.82385
G1 X120.935 Y99.353 E784.83539
G1 X121.266 Y99.468 E784.84705
G1 X121.445 Y99.511 E784.85317
G1 X121.444 Y127.633 E785.78851
G0 F9000 X121.844 Y128.033
;TYPE:WALL-OUTER
G1 F2400 X108.945 Y128.033 E786.21753
G1 X99.522 Y126.722 E786.53396
G1 X98.442 Y126.213 E786.57367
G1 X94.082 Y123.13 E786.75128
G1 X94.081 Y113.234 E787.08042
G1 X96.104 Y109.781 E787.21353
G1 X108.087 Y101.308 E787.70165
G1 X116.215 Y101.308 E787.97199
G1 X118.656 Y91.991 E788.29233
G1 X119.553 Y92.123 E788.32249
G1 X120.605 Y92.312 E788.35804
G1 X121.655 Y92.533 E788.39373
G1 X121.844 Y92.58 E788.40021
G1 X121.844 Y95.556 E788.49919
G1 X121.688 Y95.577 E788.50442
G1 X121.379 Y95.652 E788.515
G1 X121.086 Y95.754 E788.52532
G1 X120.812 Y95.883 E788.53539
G1 X120.563 Y96.038 E788.54515
G1 X120.34 Y96.217 E788.55466
G1 X120.137 Y96.436 E788.56459
G1 X119.957 Y96.713 E788.57558
G1 X119.836 Y97.034 E788.58699
G1 X119.793 Y97.368 E788.59819
G1 X119.836 Y97.704 E788.60945
G1 X119.956 Y98.022 E788.62076
G1 X120.114 Y98.269 E788.63051
G1 X120.339 Y98.519 E788.6417
G1 X120.563 Y98.699 E788.65125
G1 X120.812 Y98.853 E788.66099
G1 X121.086 Y98.982 E788.67107
G1 X121.379 Y99.084 E788.68138
G1 X121.688 Y99.159 E788.69196
G1 X121.845 Y99.181 E788.69723
G1 X121.844 Y128.033 E789.65685
G0 F9000 X121.574 Y127.763
G0 X121.282 Y122.765
;TYPE:FILL
G1 F4800 X105.514 Y126.991 E790.19981
G0 F9000 X102.202 Y126.53
G1 F4800 X108.811 Y101.866 E791.04908
G0 F9000 X107.212 Y102.613
G1 F4800 X121.284 Y116.685 E791.71098
G0 F9000 X121.283 Y110.342
G1 F4800 X94.641 Y117.481 E792.62836
G0 F9000 X97.271 Y109.643
G1 F4800 X115.1 Y127.472 E793.46698
G0 F9000 X114.373 Y127.472
G1 F4800 X121.284 Y101.681 E794.35506
G0 F9000 X121.284 Y99.714
G1 F4800 X121.177 Y99.608 E794.36007
G0 F9000 X119.527 Y98.389
G1 F4800 X117.409 Y98.957 E794.433
G0 F9000 X119.271 Y97.701
G1 F4800 X118.056 Y96.486 E794.49015
G0 F9000 X118.094 Y96.497
G1 F2400 E793.69015
;MESH:NONMESH
G0 F300 X118.094 Y96.497 Z4.8
G0 F9000 X121.624 Y93.377
G0 X123.244 Y93.377
;TIME_ELAPSED:959.431779
;LAYER:23
;TYPE:SUPPORT
G1 F2400 E794.49015
G1 X123.312 Y93.472 E794.49404
G1 X123.439 Y93.516 E794.49851
G1 X123.507 Y93.609 E794.50234
G1 X123.527 Y93.616 E794.50304
G1 X123.534 Y93.623 E794.50337
G1 X123.641 Y93.66 E794.50714
G1 X123.705 Y93.752 E794.51086
G1 X123.761 Y93.78 E794.51295
G1 X123.829 Y93.806 E794.51537
G1 X123.9 Y93.913 E794.51964
G1 X124.037 Y93.966 E794.52453
G1 X124.103 Y94.067 E794.52854
G1 X124.226 Y94.114 E794.53292
G1 X124.255 Y94.158 E794.53467
G1 X124.255 Y94.229 E794.53703
G1 X124.318 Y94.255 E794.5393
G1 X124.322 Y94.261 E794.53954
G1 X124.378 Y94.279 E794.54149
G1 X124.458 Y94.312 E794.54437
G1 X124.523 Y94.413 E794.54837
G1 X124.638 Y94.465 E794.55257
G1 X124.732 Y94.608 E794.55826
G1 X124.859 Y94.666 E794.5629
G1 X124.943 Y94.804 E794.56827
G1 X125.037 Y94.844 E794.57167
G1 X125.141 Y95.014 E794.5783
G1 X125.261 Y95.075 E794.58278
G1 X125.318 Y95.168 E794.58641
G1 X125.356 Y95.206 E794.58819
G1 X125.428 Y95.246 E794.59093
G1 X125.526 Y95.415 E794.59743
G1 X125.663 Y95.489 E794.60261
G1 X125.75 Y95.633 E794.6082
G1 X125.827 Y95.68 E794.61121
G1 X125.95 Y95.894 E794.61941
G1 X126.038 Y95.948 E794.62285
G1 X126.142 Y96.137 E794.63002
G1 X126.256 Y96.205 E794.63444
G1 X126.345 Y96.368 E794.64062
G1 X126.426 Y96.42 E794.64382
G1 X126.566 Y96.697 E794.65414
G1 X126.657 Y96.755 E794.65773
G1 X126.748 Y96.93 E794.66429
G1 X126.765 Y96.958 E794.66538
G1 X126.842 Y97.01 E794.66847
G1 X126.969 Y97.275 E794.67824
G1 X127.071 Y97.345 E794.68236
G1 X127.18 Y97.558 E794.69032
G1 X127.259 Y97.617 E794.6936
G1 X127.382 Y97.871 E794.70298
G1 X127.438 Y97.916 E794.70537
G1 X127.558 Y98.168 E794.71465
G1 X127.581 Y98.212 E794.71631
G1 X127.645 Y98.274 E794.71927
G1 X127.773 Y98.559 E794.72966
G1 X127.833 Y98.611 E794.7323
G1 X127.997 Y98.987 E794.74595
G1 X128.066 Y99.051 E794.74908
G1 X128.181 Y99.335 E794.75927
G1 X128.23 Y99.392 E794.76177
G1 X128.378 Y99.763 E794.77505
G1 X128.445 Y99.833 E794.77827
G1 X128.608 Y100.241 E794.79289
G1 X128.631 Y100.265 E794.79399
G1 X128.813 Y100.752 E794.81129
G1 X128.831 Y100.769 E794.81211
G1 X128.848 Y100.793 E794.81309
G1 X128.994 Y101.225 E794.82825
G1 X129.041 Y101.293 E794.831
G1 X129.208 Y101.846 E794.85022
G1 X129.244 Y101.893 E794.85219
G1 X129.244 Y102.207 E794.86263
G1 X129.444 Y102.529 E794.87524
G1 X129.444 Y102.993 E794.89067
G1 X129.644 Y103.361 E794.9046
G1 X129.644 Y103.652 E794.91428
G1 X129.844 Y104.076 E794.92987
G1 X129.844 Y104.494 E794.94377
G1 X130.028 Y105.025 E794.96246
G1 X130.043 Y105.125 E794.96583
G1 X130.047 Y105.722 E794.98568
G1 X130.227 Y106.357 E795.00764
G1 X130.244 Y106.438 E795.01039
G1 X130.245 Y128.033 E795.72864
G1 X123.844 Y128.033 E795.94154
G1 X123.844 Y98.06 E796.93845
G1 X122.9 Y97.636 E796.97287
G1 X122.473 Y98.014 E796.99183
G1 X122.464 Y98.02 E796.99219
G1 X122.258 Y98.016 E796.99905
G1 X122.253 Y98.009 E796.99933
G1 X122.181 Y97.978 E797.00194
G1 X122.158 Y97.938 E797.00347
G1 X122.141 Y97.925 E797.00419
G1 X122.035 Y97.765 E797.01057
G1 X122.014 Y97.525 E797.01858
G1 X122.003 Y97.347 E797.02451
G1 X122.044 Y97.115 E797.03235
G1 X122.044 Y96.957 E797.0376
G1 X122.135 Y96.835 E797.04267
G1 X122.163 Y96.816 E797.04379
G1 X122.194 Y96.758 E797.04598
G1 X122.251 Y96.733 E797.04805
G1 X122.26 Y96.719 E797.0486
G1 X122.554 Y96.715 E797.05838
G1 X123.244 Y96.013 E797.09112
G1 X123.244 Y93.377 E797.1788
G0 F9000 X123.604 Y94.119
G1 F2400 X123.604 Y96.16 E797.24668
G1 X122.707 Y97.073 E797.28925
G1 X122.42 Y97.077 E797.2988
G1 X122.404 Y97.088 E797.29944
G1 X122.404 Y97.147 E797.3014
G1 X122.365 Y97.367 E797.30884
G1 X122.374 Y97.503 E797.31337
G0 F9000 X122.373 Y97.503
G1 F2400 X122.382 Y97.613 E797.31704
G1 X122.835 Y97.213 E797.33714
G1 X124 Y97.735 E797.3796
G1 X124 Y94.514 E797.48673
G1 X123.895 Y94.47 E797.49052
G1 X123.895 Y94.374 E797.49371
G1 X123.865 Y94.362 E797.49478
G1 X123.799 Y94.26 E797.49883
G1 X123.664 Y94.208 E797.50364
G1 X123.604 Y94.119 E797.50721
G0 F9000 X124 Y94.514
G1 F2400 X124.081 Y94.547 E797.51012
G1 X124.094 Y94.566 E797.51088
G1 X124.218 Y94.606 E797.51522
G1 X124.278 Y94.698 E797.51887
G1 X124.395 Y94.75 E797.52313
G1 X124.489 Y94.892 E797.52879
G1 X124.609 Y94.947 E797.53318
G1 X124.696 Y95.09 E797.53875
G1 X124.79 Y95.13 E797.54215
G1 X124.888 Y95.289 E797.54836
G1 X125.007 Y95.35 E797.55281
G1 X125.034 Y95.393 E797.5545
G1 X125.137 Y95.496 E797.55934
G1 X125.166 Y95.512 E797.56044
G1 X125.265 Y95.683 E797.56701
G1 X125.407 Y95.759 E797.57237
G1 X125.487 Y95.894 E797.57759
G1 X125.56 Y95.939 E797.58044
G1 X125.684 Y96.153 E797.58867
G1 X125.77 Y96.206 E797.59203
G1 X125.874 Y96.396 E797.59923
G1 X125.987 Y96.464 E797.60362
G1 X126 Y96.488 E797.60453
G1 X126 Y127.673 E798.64174
G1 X128 Y127.673 E798.70826
G1 X128 Y99.787 E799.63576
G1 X128.07 Y99.961 E799.64199
G1 X128.135 Y100.03 E799.64515
G1 X128.3 Y100.439 E799.65982
G1 X128.319 Y100.459 E799.66073
G1 X128.505 Y100.957 E799.67841
G1 X128.532 Y100.982 E799.67964
G1 X128.67 Y101.388 E799.6939
G1 X128.714 Y101.454 E799.69654
G1 X128.882 Y102.013 E799.71595
G0 F9000 X128.884 Y102.016
G1 F2400 X128.884 Y102.31 E799.72573
G1 X129.084 Y102.632 E799.73834
G1 X129.084 Y103.085 E799.75341
G1 X129.284 Y103.454 E799.76737
G1 X129.284 Y103.733 E799.77665
G1 X129.484 Y104.157 E799.79224
G1 X129.484 Y104.555 E799.80548
G1 X129.676 Y105.109 E799.82498
G1 X129.683 Y105.154 E799.82649
G1 X129.687 Y105.773 E799.84708
G1 X129.874 Y106.431 E799.86983
G1 X129.884 Y106.479 E799.87146
G1 X129.885 Y127.673 E800.57638
G1 X128 Y127.673 E800.63907
G1 F2400 E799.83907
G0 F9000 X128 Y128.898
G0 X123.643 Y128.898
G0 X123.643 Y127.521
;TYPE:SUPPORT-INTERFACE
G1 F2400 E800.63907
G1 F1500 X123.044 Y128.119 E800.66722
G0 F9000 X123.643 Y127.038
G1 F1500 X123.043 Y126.437 E800.69547
G0 F9000 X123.044 Y124.725
G1 F1500 X123.643 Y124.126 E800.72365
G0 F9000 X123.643 Y123.643
G1 F1500 X123.043 Y123.043 E800.75187
G0 F9000 X123.044 Y121.331
G1 F1500 X123.643 Y120.732 E800.78004
G0 F9000 X123.643 Y120.249
G1 F1500 X123.043 Y119.649 E800.80826
G0 F9000 X123.044 Y117.937
G1 F1500 X123.643 Y117.338 E800.83644
G0 F9000 X123.643 Y116.855
G1 F1500 X123.043 Y116.255 E800.86466
G0 F9000 X123.044 Y114.543
G1 F1500 X123.643 Y113.944 E800.89284
G0 F9000 X123.643 Y113.461
G1 F1500 X123.043 Y112.861 E800.92106
G0 F9000 X123.044 Y111.149
G1 F1500 X123.643 Y110.55 E800.94923
G0 F9000 X123.643 Y110.067
G1 F1500 X123.043 Y109.467 E800.97746
G0 F9000 X123.044 Y107.755
G1 F1500 X123.643 Y107.156 E801.00563
G0 F9000 X123.643 Y106.673
G1 F1500 X123.043 Y106.073 E801.03385
G0 F9000 X123.044 Y104.361
G1 F1500 X123.643 Y103.762 E801.06203
G0 F9000 X123.643 Y103.279
G1 F1500 X123.043 Y102.678 E801.09027
G0 F9000 X123.044 Y100.967
G1 F1500 X123.643 Y100.368 E801.11845
G0 F9000 X123.643 Y99.885
G1 F1500 X123.043 Y99.284 E801.1467
G1 F2400 E800.3467
;MESH:1x_1xm_pusher.stl
G0 F9000 X121.831 Y99.419
G0 X121.644 Y127.633
;TYPE:WALL-INNER
G1 F2400 E801.1467
G1 X110.393 Y127.633 E801.52091
G1 X99.611 Y126.133 E801.88297
G1 X98.444 Y125.583 E801.92588
G1 X94.682 Y122.922 E802.07914
G1 X94.681 Y113.342 E802.39777
G1 X96.605 Y110.059 E802.52434
G1 X108.415 Y101.708 E803.00542
G1 X116.48 Y101.708 E803.27366
G1 X116.48 Y101.115 E803.29339
G1 X118.751 Y92.439 E803.59167
G1 X119.285 Y92.517 E803.60962
G1 X120.334 Y92.706 E803.64507
G1 X121.366 Y92.924 E803.68016
G1 X121.644 Y92.992 E803.68968
G1 X121.644 Y95.151 E803.76148
G1 X121.529 Y95.163 E803.76533
G1 X121.181 Y95.236 E803.77716
G1 X120.843 Y95.34 E803.78892
G1 X120.523 Y95.479 E803.80052
G1 X120.226 Y95.648 E803.81189
G1 X119.953 Y95.848 E803.82314
G1 X119.711 Y96.083 E803.83436
G1 X119.49 Y96.374 E803.84652
G1 X119.309 Y96.73 E803.8598
G1 X119.204 Y97.15 E803.8742
G1 X119.204 Y97.586 E803.8887
G1 X119.309 Y98.005 E803.90307
G1 X119.475 Y98.337 E803.91541
G1 X119.708 Y98.652 E803.92844
G1 X119.953 Y98.888 E803.93976
G1 X120.226 Y99.089 E803.95103
G1 X120.524 Y99.258 E803.96243
G1 X120.843 Y99.396 E803.97399
G1 X121.181 Y99.501 E803.98576
G1 X121.53 Y99.573 E803.99761
G1 X121.645 Y99.586 E804.00146
G1 X121.644 Y127.633 E804.93431
G0 F9000 X122.044 Y128.033
;TYPE:WALL-OUTER
G1 F2400 X110.367 Y128.033 E805.32269
G1 X99.494 Y126.52 E805.68781
G1 X98.242 Y125.93 E805.73384
G1 X94.282 Y123.13 E805.89515
G1 X94.281 Y113.234 E806.22429
G1 X96.304 Y109.781 E806.3574
G1 X108.287 Y101.308 E806.84553
G1 X116.08 Y101.308 E807.10472
G1 X116.08 Y101.064 E807.11284
G1 X118.455 Y91.991 E807.42477
G1 X119.353 Y92.123 E807.45496
G1 X120.405 Y92.312 E807.49051
G1 X121.455 Y92.534 E807.52621
G1 X122.044 Y92.679 E807.54638
G1 X122.044 Y95.522 E807.64094
G1 X121.913 Y95.524 E807.6453
G1 X121.592 Y95.559 E807.65604
G1 X121.281 Y95.624 E807.66661
G1 X120.982 Y95.716 E807.67701
G1 X120.702 Y95.837 E807.68716
G1 X120.444 Y95.984 E807.69703
G1 X120.212 Y96.154 E807.7066
G1 X120.011 Y96.349 E807.71591
G1 X119.83 Y96.587 E807.72586
G1 X119.686 Y96.871 E807.73645
G1 X119.604 Y97.199 E807.74769
G1 X119.604 Y97.537 E807.75894
G1 X119.686 Y97.865 E807.77018
G1 X119.817 Y98.127 E807.77992
G1 X120.01 Y98.387 E807.79069
G1 X120.212 Y98.582 E807.80003
G1 X120.444 Y98.753 E807.80962
G1 X120.702 Y98.899 E807.81948
G1 X120.982 Y99.02 E807.82962
G1 X121.281 Y99.113 E807.84004
G1 X121.592 Y99.177 E807.8506
G1 X121.913 Y99.212 E807.86134
G1 X122.045 Y99.214 E807.86573
G1 X122.044 Y128.033 E808.82425
G0 F9000 X121.774 Y127.763
G0 X121.483 Y122.859
;TYPE:FILL
G1 F4800 X106.361 Y126.911 E809.34495
G0 F9000 X102.112 Y126.319
G1 F4800 X108.664 Y101.866 E810.18695
G0 F9000 X107.412 Y102.612
G1 F4800 X121.484 Y116.684 E810.84886
G0 F9000 X121.483 Y110.435
G1 F4800 X94.842 Y117.574 E811.7662
G0 F9000 X97.471 Y109.642
G1 F4800 X115.301 Y127.472 E812.60487
G0 F9000 X114.226 Y127.472
G1 F4800 X121.484 Y100.388 E813.53747
G0 F9000 X119.44 Y98.559
G1 F4800 X117.152 Y99.172 E813.61626
G0 F9000 X119.043 Y97.273
G1 F4800 X117.938 Y96.167 E813.66826
G0 F9000 X117.977 Y96.178
G1 F2400 E812.86826
;MESH:NONMESH
G0 F300 X117.977 Y96.178 Z5
G0 F9000 X121.824 Y93.523
G0 X123.444 Y93.523
;TIME_ELAPSED:980.049064
;LAYER:24
;TYPE:SUPPORT
G1 F2400 E813.66826
G1 X123.507 Y93.609 E813.6718
G1 X123.527 Y93.616 E813.67251
G1 X123.534 Y93.623 E813.67284
G1 X123.641 Y93.66 E813.6766
G1 X123.705 Y93.752 E813.68033
G1 X123.761 Y93.78 E813.68241
G1 X123.829 Y93.806 E813.68483
G1 X123.9 Y93.913 E813.6891
G1 X124.037 Y93.966 E813.69399
G1 X124.103 Y94.067 E813.698
G1 X124.226 Y94.114 E813.70238
G1 X124.255 Y94.158 E813.70414
G1 X124.255 Y94.229 E813.7065
G1 X124.318 Y94.255 E813.70876
G1 X124.322 Y94.261 E813.709
G1 X124.378 Y94.279 E813.71096
G1 X124.458 Y94.312 E813.71384
G1 X124.523 Y94.413 E813.71783
G1 X124.638 Y94.465 E813.72203
G1 X124.732 Y94.608 E813.72772
G1 X124.859 Y94.666 E813.73237
G1 X124.943 Y94.804 E813.73774
G1 X125.037 Y94.844 E813.74114
G1 X125.141 Y95.014 E813.74777
G1 X125.261 Y95.075 E813.75224
G1 X125.318 Y95.168 E813.75587
G1 X125.356 Y95.206 E813.75766
G1 X125.428 Y95.246 E813.7604
G1 X125.526 Y95.415 E813.7669
G1 X125.663 Y95.489 E813.77207
G1 X125.751 Y95.635 E813.77774
G1 X125.828 Y95.682 E813.78074
G1 X125.95 Y95.894 E813.78888
G1 X126.038 Y95.948 E813.79231
G1 X126.142 Y96.137 E813.79949
G1 X126.256 Y96.205 E813.8039
G1 X126.345 Y96.368 E813.81008
G1 X126.426 Y96.42 E813.81328
G1 X126.566 Y96.697 E813.82361
G1 X126.657 Y96.755 E813.82719
G1 X126.748 Y96.93 E813.83375
G1 X126.765 Y96.958 E813.83484
G1 X126.842 Y97.01 E813.83793
G1 X126.969 Y97.275 E813.84771
G1 X127.07 Y97.344 E813.85178
G1 X127.137 Y97.476 E813.8567
G1 X127.137 Y97.525 E813.85833
G1 X127.177 Y97.556 E813.86001
G1 X127.186 Y97.573 E813.86065
G1 X127.233 Y97.598 E813.86242
G1 X127.259 Y97.618 E813.86351
G1 X127.382 Y97.871 E813.87287
G1 X127.438 Y97.916 E813.87526
G1 X127.558 Y98.168 E813.88454
G1 X127.581 Y98.212 E813.8862
G1 X127.645 Y98.274 E813.88916
G1 X127.773 Y98.559 E813.89955
G1 X127.833 Y98.611 E813.90219
G1 X127.997 Y98.987 E813.91583
G1 X128.066 Y99.051 E813.91896
G1 X128.182 Y99.338 E813.92926
G1 X128.231 Y99.395 E813.93176
G1 X128.378 Y99.764 E813.94497
G1 X128.445 Y99.834 E813.94819
G1 X128.608 Y100.241 E813.96278
G1 X128.631 Y100.265 E813.96388
G1 X128.813 Y100.752 E813.98117
G1 X128.831 Y100.769 E813.982
G1 X128.848 Y100.793 E813.98298
G1 X128.995 Y101.227 E813.99822
G1 X129.041 Y101.294 E814.00092
G1 X129.208 Y101.846 E814.0201
G1 X129.244 Y101.893 E814.02207
G1 X129.244 Y102.207 E814.03251
G1 X129.444 Y102.529 E814.04512
G1 X129.444 Y102.993 E814.06055
G1 X129.644 Y103.361 E814.07448
G1 X129.644 Y103.652 E814.08416
G1 X129.844 Y104.076 E814.09976
G1 X129.844 Y104.494 E814.11366
G1 X130.028 Y105.025 E814.13235
G1 X130.043 Y105.125 E814.13571
G1 X130.047 Y105.722 E814.15557
G1 X130.227 Y106.357 E814.17752
G1 X130.244 Y106.438 E814.18027
G1 X130.245 Y128.033 E814.89853
G1 X124.044 Y128.033 E815.10477
G1 X124.044 Y97.54 E816.11897
G1 X122.943 Y97.18 E816.1575
G1 X122.442 Y97.862 E816.18565
G1 X122.311 Y97.987 E816.19167
G1 X122.223 Y97.996 E816.19461
G1 X122.181 Y97.978 E816.19613
G1 X122.158 Y97.938 E816.19767
G1 X122.141 Y97.925 E816.19838
G1 X122.035 Y97.765 E816.20476
G1 X122.014 Y97.525 E816.21278
G1 X122.003 Y97.347 E816.21871
G1 X122.044 Y97.115 E816.22654
G1 X122.044 Y96.957 E816.2318
G1 X122.135 Y96.835 E816.23686
G1 X122.163 Y96.816 E816.23799
G1 X122.194 Y96.758 E816.24017
G1 X122.23 Y96.742 E816.24148
G1 X122.647 Y96.788 E816.25544
G1 X123.444 Y96.069 E816.29114
G1 X123.444 Y93.523 E816.37582
G0 F9000 X123.804 Y94.268
G1 F2400 X123.804 Y96.229 E816.44104
G1 X123.11 Y96.856 E816.47215
G1 X124 Y97.146 E816.50328
G1 X124 Y94.514 E816.59082
G1 X123.895 Y94.47 E816.59461
G1 X123.895 Y94.374 E816.5978
G1 X123.865 Y94.362 E816.59888
G1 X123.804 Y94.268 E816.6026
G0 F9000 X124 Y94.514
G1 F2400 X124.081 Y94.547 E816.60551
G1 X124.094 Y94.566 E816.60628
G1 X124.218 Y94.606 E816.61061
G1 X124.278 Y94.698 E816.61427
G1 X124.395 Y94.75 E816.61852
G1 X124.489 Y94.892 E816.62419
G1 X124.609 Y94.947 E816.62858
G1 X124.696 Y95.09 E816.63415
G1 X124.79 Y95.13 E816.63754
G1 X124.888 Y95.289 E816.64376
G1 X125.007 Y95.35 E816.6482
G1 X125.034 Y95.393 E816.64989
G1 X125.137 Y95.496 E816.65474
G1 X125.166 Y95.512 E816.65584
G1 X125.265 Y95.683 E816.66241
G1 X125.405 Y95.759 E816.66771
G1 X125.488 Y95.896 E816.67304
G1 X125.561 Y95.941 E816.67589
G1 X125.684 Y96.153 E816.68404
G1 X125.77 Y96.206 E816.6874
G1 X125.874 Y96.396 E816.69461
G1 X125.987 Y96.464 E816.69899
G1 X126 Y96.488 E816.6999
G1 X126 Y127.673 E817.73712
G1 X128 Y127.673 E817.80364
G1 X128 Y99.787 E818.73113
G1 X128.07 Y99.962 E818.7374
G1 X128.137 Y100.033 E818.74064
G1 X128.3 Y100.439 E818.7552
G1 X128.319 Y100.459 E818.75611
G1 X128.505 Y100.957 E818.77379
G1 X128.532 Y100.982 E818.77502
G1 X128.669 Y101.389 E818.7893
G1 X128.713 Y101.453 E818.79189
G1 X128.882 Y102.014 E818.81137
G0 F9000 X128.884 Y102.017
G1 F2400 X128.884 Y102.31 E818.82112
G1 X129.084 Y102.632 E818.83373
G1 X129.084 Y103.085 E818.84879
G1 X129.284 Y103.454 E818.86275
G1 X129.284 Y103.733 E818.87203
G1 X129.484 Y104.157 E818.88762
G1 X129.484 Y104.555 E818.90086
G1 X129.676 Y105.109 E818.92036
G1 X129.683 Y105.154 E818.92188
G1 X129.687 Y105.773 E818.94247
G1 X129.874 Y106.431 E818.96522
G1 X129.884 Y106.479 E818.96685
G1 X129.885 Y127.673 E819.67176
G1 X128 Y127.673 E819.73446
G1 F2400 E818.93446
G0 F9000 X128 Y128.898
G0 X121.395 Y98.321
G0 X122.367 Y97.356
G1 F2400 E819.73446
G1 X122.528 Y97.137 E819.7435
G1 X122.404 Y97.124 E819.74765
G1 X122.404 Y97.147 E819.74841
G1 X122.367 Y97.356 E819.75547
G0 F9000 X123.157 Y97.459
;TYPE:SUPPORT-INTERFACE
G1 F1500 X122.443 Y98.173 E819.78906
G0 F9000 X123.244 Y99.485
G1 F1500 X123.844 Y100.085 E819.81728
G0 F9000 X123.843 Y100.168
G1 F1500 X123.244 Y100.766 E819.84543
G0 F9000 X123.244 Y102.879
G1 F1500 X123.844 Y103.479 E819.87365
G0 F9000 X123.843 Y103.562
G1 F1500 X123.244 Y104.161 E819.90183
G0 F9000 X123.244 Y106.273
G1 F1500 X123.844 Y106.873 E819.93005
G0 F9000 X123.843 Y106.956
G1 F1500 X123.244 Y107.555 E819.95822
G0 F9000 X123.244 Y109.668
G1 F1500 X123.844 Y110.267 E819.98642
G0 F9000 X123.843 Y110.35
G1 F1500 X123.244 Y110.949 E820.0146
G0 F9000 X123.244 Y113.062
G1 F1500 X123.844 Y113.661 E820.0428
G0 F9000 X123.843 Y113.744
G1 F1500 X123.244 Y114.343 E820.07097
G0 F9000 X123.244 Y116.456
G1 F1500 X123.844 Y117.055 E820.09917
G0 F9000 X123.843 Y117.138
G1 F1500 X123.244 Y117.737 E820.12734
G0 F9000 X123.244 Y119.85
G1 F1500 X123.844 Y120.449 E820.15554
G0 F9000 X123.843 Y120.532
G1 F1500 X123.244 Y121.131 E820.18372
G0 F9000 X123.244 Y123.244
G1 F1500 X123.844 Y123.844 E820.21194
G0 F9000 X123.843 Y123.926
G1 F1500 X123.244 Y124.525 E820.24012
G0 F9000 X123.244 Y126.638
G1 F1500 X123.844 Y127.238 E820.26834
G0 F9000 X123.843 Y127.32
G1 F1500 X123.244 Y127.919 E820.29651
G1 F2400 E819.49651
;MESH:1x_1xm_pusher.stl
G0 F9000 X122.03 Y127.819
G0 X119.153 Y97.37
G0 X119.299 Y96.693
G0 X119.702 Y96.115
G0 X120.203 Y95.726
G0 X120.728 Y95.523
G0 X121.844 Y95.12
;TYPE:WALL-INNER
G1 F2400 E820.29651
G1 X121.809 Y95.12 E820.29768
G1 X121.449 Y95.147 E820.30968
G1 X121.095 Y95.208 E820.32163
G1 X120.755 Y95.303 E820.33337
G1 X120.429 Y95.428 E820.34499
G1 X120.121 Y95.588 E820.35653
G1 X119.841 Y95.778 E820.36778
G1 X119.586 Y96.002 E820.37907
G1 X119.347 Y96.287 E820.39144
G1 X119.151 Y96.627 E820.4045
G1 X119.036 Y96.985 E820.417
G1 X118.991 Y97.37 E820.4299
G1 X119.044 Y97.797 E820.44421
G1 X119.174 Y98.152 E820.45678
G1 X119.372 Y98.485 E820.46967
G1 X119.62 Y98.765 E820.48211
G1 X119.874 Y98.981 E820.4932
G1 X120.153 Y99.165 E820.50431
G1 X120.457 Y99.319 E820.51565
G1 X120.755 Y99.433 E820.52626
G1 X121.095 Y99.528 E820.538
G1 X121.449 Y99.589 E820.54995
G1 X121.809 Y99.616 E820.56196
G1 X121.845 Y99.616 E820.56315
G1 X121.844 Y127.633 E821.495
G1 X111.816 Y127.633 E821.82854
G1 X99.583 Y125.931 E822.23933
G1 X98.244 Y125.3 E822.28856
G1 X94.882 Y122.922 E822.42552
G1 X94.881 Y113.342 E822.74416
G1 X96.805 Y110.059 E822.87072
G1 X108.615 Y101.708 E823.3518
G1 X116.68 Y101.708 E823.62005
G1 X116.68 Y99.587 E823.69059
G1 X118.551 Y92.439 E823.93634
G1 X119.085 Y92.517 E823.95429
G1 X120.134 Y92.706 E823.98974
G1 X121.172 Y92.925 E824.02503
G1 X121.844 Y93.09 E824.04804
G1 X121.844 Y95.12 E824.11556
G0 F9000 X122.244 Y95.535
;TYPE:WALL-OUTER
G1 F2400 X122.144 Y95.524 E824.11891
G1 X121.993 Y95.523 E824.12393
G1 X121.821 Y95.52 E824.12965
G1 X121.498 Y95.544 E824.14042
G1 X121.183 Y95.599 E824.15106
G1 X120.88 Y95.683 E824.16152
G1 X120.593 Y95.793 E824.17174
G1 X120.326 Y95.932 E824.18175
G1 X120.086 Y96.095 E824.1914
G1 X119.873 Y96.282 E824.20083
G1 X119.676 Y96.517 E824.21103
G1 X119.519 Y96.79 E824.2215
G1 X119.429 Y97.07 E824.23128
G1 X119.394 Y97.369 E824.2413
G1 X119.435 Y97.702 E824.25246
G1 X119.537 Y97.979 E824.26227
G1 X119.697 Y98.248 E824.27268
G1 X119.901 Y98.479 E824.28293
G1 X120.115 Y98.661 E824.29228
G1 X120.354 Y98.819 E824.30181
G1 X120.619 Y98.953 E824.31168
G1 X120.88 Y99.053 E824.32098
G1 X121.183 Y99.137 E824.33144
G1 X121.498 Y99.192 E824.34207
G1 X121.821 Y99.216 E824.35285
G1 X122 Y99.213 E824.3588
G1 X122.144 Y99.212 E824.36359
G1 X122.242 Y99.201 E824.36687
G1 X122.245 Y99.268 E824.36736
G1 X122.245 Y99.412 E824.37215
G1 X122.244 Y128.033 E825.32409
G1 X111.79 Y128.033 E825.67179
G1 X99.466 Y126.318 E826.08564
G1 X98.042 Y125.647 E826.138
G1 X94.482 Y123.13 E826.28301
G1 X94.481 Y113.234 E826.61215
G1 X96.504 Y109.781 E826.74526
G1 X108.487 Y101.308 E827.23338
G1 X116.28 Y101.308 E827.49258
G1 X116.28 Y99.536 E827.55151
G1 X118.255 Y91.991 E827.81092
G1 X119.153 Y92.123 E827.8411
G1 X120.205 Y92.312 E827.87665
G1 X121.255 Y92.534 E827.91235
G1 X122.244 Y92.777 E827.94622
G1 X122.244 Y95.373 E828.03257
G1 X122.244 Y95.524 E828.03616
G1 X122.244 Y95.535
G0 F9000 X121.974 Y95.252
G0 X120.805 Y95.455
G0 X120.026 Y95.86
G0 X118.887 Y96.918
;TYPE:FILL
G1 F4800 X117.821 Y95.851 E828.08632
G0 F9000 X119.371 Y98.724
G1 F4800 X116.897 Y99.387 E828.17151
G0 F9000 X121.508 Y99.75
G1 F4800 X114.08 Y127.473 E829.1261
G0 F9000 X115.5 Y127.472
G1 F4800 X97.671 Y109.642 E829.96475
G0 F9000 X95.041 Y117.666
G1 F4800 X121.683 Y110.528 E830.88212
G0 F9000 X121.683 Y116.684
G1 F4800 X107.612 Y102.613 E831.54398
G0 F9000 X108.484 Y101.995
G1 F4800 X102.022 Y126.11 E832.37434
G0 F9000 X107.207 Y126.83
G1 F4800 X121.683 Y122.951 E832.8728
G0 F9000 X121.645 Y122.951
G1 F2400 E832.0728
;MESH:NONMESH
G0 F300 X121.645 Y122.951 Z5.2
G0 F9000 X122.031 Y99.427
G0 X121.395 Y98.321
G0 X124.895 Y93.56
G0 X124.244 Y94.141
;TIME_ELAPSED:1001.635437
;LAYER:25
;TYPE:SUPPORT
G1 F2400 E832.8728
G1 X124.255 Y94.158 E832.87347
G1 X124.255 Y94.229 E832.87584
G1 X124.318 Y94.255 E832.8781
G1 X124.322 Y94.261 E832.87834
G1 X124.378 Y94.279 E832.8803
G1 X124.455 Y94.311 E832.88307
G1 X124.523 Y94.415 E832.8872
G1 X124.64 Y94.467 E832.89146
G1 X124.732 Y94.608 E832.89706
G1 X124.859 Y94.666 E832.90171
G1 X124.943 Y94.803 E832.90705
G1 X125.038 Y94.844 E832.91049
G1 X125.141 Y95.014 E832.9171
G1 X125.261 Y95.074 E832.92157
G1 X125.334 Y95.196 E832.92629
G1 X125.43 Y95.25 E832.92996
G1 X125.526 Y95.415 E832.93631
G1 X125.661 Y95.488 E832.94141
G1 X125.751 Y95.637 E832.9472
G1 X125.831 Y95.686 E832.95032
G1 X125.95 Y95.894 E832.95829
G1 X126.038 Y95.948 E832.96173
G1 X126.142 Y96.137 E832.9689
G1 X126.256 Y96.205 E832.97332
G1 X126.345 Y96.368 E832.97949
G1 X126.426 Y96.42 E832.98269
G1 X126.566 Y96.697 E832.99302
G1 X126.657 Y96.755 E832.99661
G1 X126.748 Y96.93 E833.00317
G1 X126.765 Y96.958 E833.00426
G1 X126.842 Y97.01 E833.00735
G1 X126.969 Y97.275 E833.01712
G1 X127.07 Y97.344 E833.02119
G1 X127.137 Y97.476 E833.02611
G1 X127.137 Y97.525 E833.02774
G1 X127.177 Y97.556 E833.02943
G1 X127.186 Y97.573 E833.03007
G1 X127.233 Y97.598 E833.03184
G1 X127.259 Y97.618 E833.03293
G1 X127.382 Y97.871 E833.04228
G1 X127.438 Y97.916 E833.04467
G1 X127.558 Y98.168 E833.05396
G1 X127.581 Y98.212 E833.05561
G1 X127.645 Y98.274 E833.05857
G1 X127.773 Y98.559 E833.06896
G1 X127.833 Y98.611 E833.0716
G1 X127.997 Y98.987 E833.08525
G1 X128.066 Y99.051 E833.08838
G1 X128.182 Y99.338 E833.09867
G1 X128.231 Y99.395 E833.10117
G1 X128.378 Y99.764 E833.11438
G1 X128.445 Y99.834 E833.11761
G1 X128.608 Y100.241 E833.13219
G1 X128.631 Y100.265 E833.13329
G1 X128.813 Y100.752 E833.15059
G1 X128.831 Y100.769 E833.15141
G1 X128.848 Y100.793 E833.15239
G1 X128.995 Y101.227 E833.16763
G1 X129.041 Y101.294 E833.17033
G1 X129.208 Y101.846 E833.18951
G1 X129.244 Y101.893 E833.19148
G1 X129.244 Y102.207 E833.20193
G1 X129.444 Y102.529 E833.21453
G1 X129.444 Y102.993 E833.22997
G1 X129.644 Y103.361 E833.2439
G1 X129.644 Y103.652 E833.25358
G1 X129.844 Y104.076 E833.26917
G1 X129.844 Y104.494 E833.28307
G1 X130.028 Y105.026 E833.30179
G1 X130.043 Y105.128 E833.30522
G1 X130.047 Y105.722 E833.32498
G1 X130.227 Y106.357 E833.34693
G1 X130.244 Y106.438 E833.34968
G1 X130.245 Y128.033 E834.06794
G1 X124.244 Y128.033 E834.26753
G1 X124.244 Y94.141 E835.39478
G0 F9000 X124.604 Y94.945
G1 F2400 X124.604 Y127.673 E836.48332
G1 X126 Y127.673 E836.52975
G1 X126 Y96.488 E837.56697
G1 X125.987 Y96.464 E837.56788
G1 X125.874 Y96.396 E837.57226
G1 X125.77 Y96.206 E837.57947
G1 X125.684 Y96.153 E837.58283
G1 X125.565 Y95.945 E837.5908
G1 X125.488 Y95.898 E837.5938
G1 X125.403 Y95.758 E837.59925
G1 X125.265 Y95.683 E837.60447
G1 X125.168 Y95.515 E837.61092
G1 X125.075 Y95.463 E837.61447
G1 X125.006 Y95.349 E837.6189
G1 X124.887 Y95.29 E837.62332
G1 X124.79 Y95.13 E837.62954
G1 X124.696 Y95.089 E837.63295
G1 X124.61 Y94.948 E837.63844
G1 X124.604 Y94.945 E837.63867
G1 F2400 E836.83867
G0 F9000 X125.75 Y94.354
G0 X126.278 Y94.841
G0 X127.73 Y96.749
G0 X128.792 Y98.545
G0 X129.533 Y100.24
G0 X130.001 Y101.483
G0 X128.882 Y102.014
G1 F2400 E837.63867
G1 X128.713 Y101.453 E837.65815
G1 X128.669 Y101.389 E837.66074
G1 X128.532 Y100.982 E837.67502
G1 X128.505 Y100.957 E837.67624
G1 X128.319 Y100.459 E837.69393
G1 X128.3 Y100.439 E837.69484
G1 X128.137 Y100.033 E837.70939
G1 X128.07 Y99.962 E837.71264
G1 X128 Y99.787 E837.71891
G1 X128 Y127.673 E838.6464
G1 X126 Y127.673 E838.71292
G0 F9000 X128 Y127.673
G1 F2400 X129.885 Y127.673 E838.77562
G1 X129.884 Y106.479 E839.48053
G1 X129.874 Y106.431 E839.48216
G1 X129.687 Y105.773 E839.50492
G1 X129.683 Y105.152 E839.52557
G1 X129.678 Y105.112 E839.52691
G1 X129.484 Y104.555 E839.54653
G1 X129.484 Y104.157 E839.55977
G1 X129.284 Y103.733 E839.57536
G1 X129.284 Y103.454 E839.58464
G1 X129.084 Y103.085 E839.5986
G1 X129.084 Y102.632 E839.61366
G1 X128.884 Y102.31 E839.62627
G1 X128.884 Y102.017 E839.63602
G1 F2400 E838.83602
G0 F9000 X130.001 Y101.483
G0 X121.417 Y98.355
G0 X122.361 Y97.7
G1 F2400 E839.63602
G1 X122.17 Y97.959 E839.64672
G1 X122.158 Y97.938 E839.64753
G1 X122.141 Y97.925 E839.64824
G1 X122.035 Y97.765 E839.65462
G1 X122.014 Y97.525 E839.66263
G1 X122.003 Y97.347 E839.66857
G1 X122.044 Y97.115 E839.6764
G1 X122.044 Y96.957 E839.68166
G1 X122.135 Y96.835 E839.68672
G1 X122.163 Y96.816 E839.68784
G1 X122.17 Y96.803 E839.68834
G1 X122.31 Y96.961 E839.69536
G1 X122.401 Y97.117 E839.70136
G1 X122.446 Y97.261 E839.70638
G1 X122.455 Y97.404 E839.71115
G1 X122.429 Y97.546 E839.71595
G1 X122.361 Y97.7 E839.72155
G0 F9000 X122.498 Y98.118
;TYPE:SUPPORT-INTERFACE
G1 F1500 X124.043 Y96.573 E839.79422
G0 F9000 X124.043 Y96.89
G1 F1500 X123.326 Y96.173 E839.82794
G0 F9000 X123.443 Y93.78
G1 F1500 X123.74 Y93.483 E839.84191
G1 F2400 E839.04191
G0 F9000 X124.27 Y93.053
G0 X121.417 Y98.355
G0 X123.443 Y99.685
G1 F2400 E839.84191
G1 F1500 X124.043 Y100.284 E839.87011
G0 F9000 X124.043 Y99.967
G1 F1500 X123.444 Y100.566 E839.89829
G0 F9000 X123.443 Y103.079
G1 F1500 X124.043 Y103.678 E839.92649
G0 F9000 X124.043 Y103.362
G1 F1500 X123.444 Y103.96 E839.95464
G0 F9000 X123.443 Y106.473
G1 F1500 X124.043 Y107.072 E839.98284
G0 F9000 X124.043 Y106.756
G1 F1500 X123.444 Y107.355 E840.01101
G0 F9000 X123.443 Y109.867
G1 F1500 X124.043 Y110.467 E840.03923
G0 F9000 X124.043 Y110.15
G1 F1500 X123.444 Y110.749 E840.06741
G0 F9000 X123.443 Y113.261
G1 F1500 X124.043 Y113.861 E840.09563
G0 F9000 X124.043 Y113.544
G1 F1500 X123.444 Y114.143 E840.12381
G0 F9000 X123.443 Y116.655
G1 F1500 X124.043 Y117.255 E840.15203
G0 F9000 X124.043 Y116.938
G1 F1500 X123.444 Y117.537 E840.1802
G0 F9000 X123.443 Y120.049
G1 F1500 X124.043 Y120.649 E840.20843
G0 F9000 X124.043 Y120.332
G1 F1500 X123.444 Y120.931 E840.2366
G0 F9000 X123.443 Y123.443
G1 F1500 X124.043 Y124.043 E840.26482
G0 F9000 X124.043 Y123.726
G1 F1500 X123.444 Y124.325 E840.293
G0 F9000 X123.443 Y126.837
G1 F1500 X124.043 Y127.437 E840.32122
G0 F9000 X124.043 Y127.12
G1 F1500 X123.444 Y127.719 E840.3494
G1 F2400 E839.5494
;MESH:1x_1xm_pusher.stl
G0 F9000 X122.225 Y127.717
G0 X118.956 Y97.269
G0 X119.143 Y96.604
G0 X119.576 Y96.043
G0 X120.099 Y95.672
G0 X120.864 Y95.405
G0 X122.044 Y95.132
;TYPE:WALL-INNER
G1 F2400 E840.3494
G1 X121.729 Y95.118 E840.35988
G1 X121.368 Y95.134 E840.3719
G1 X121.013 Y95.184 E840.38383
G1 X120.666 Y95.268 E840.3957
G1 X120.334 Y95.383 E840.40739
G1 X120.022 Y95.531 E840.41887
G1 X119.731 Y95.71 E840.43024
G1 X119.466 Y95.926 E840.44161
G1 X119.209 Y96.203 E840.45417
G1 X118.999 Y96.531 E840.46713
G1 X118.862 Y96.883 E840.47969
G1 X118.794 Y97.259 E840.4924
G1 X118.815 Y97.641 E840.50512
G1 X118.911 Y98.008 E840.51774
G1 X119.08 Y98.347 E840.53034
G1 X119.309 Y98.654 E840.54308
G1 X119.554 Y98.889 E840.55437
G1 X119.826 Y99.089 E840.5656
G1 X120.124 Y99.258 E840.57699
G1 X120.443 Y99.396 E840.58855
G1 X120.781 Y99.501 E840.60033
G1 X121.13 Y99.573 E840.61218
G1 X121.489 Y99.612 E840.62419
G1 X121.849 Y99.616 E840.63616
G1 X122.045 Y99.601 E840.6427
G1 X122.045 Y99.616
G1 X122.044 Y127.633 E841.57455
G1 X113.239 Y127.633 E841.86741
G1 X99.554 Y125.728 E842.32696
G1 X98.049 Y125.021 E842.38226
G1 X95.082 Y122.922 E842.50314
G1 X95.081 Y113.342 E842.82178
G1 X97.005 Y110.059 E842.94834
G1 X108.815 Y101.708 E843.42942
G1 X116.88 Y101.708 E843.69767
G1 X116.88 Y98.059 E843.81903
G1 X118.351 Y92.439 E844.01225
G1 X118.885 Y92.517 E844.0302
G1 X119.934 Y92.706 E844.06565
G1 X120.966 Y92.924 E844.10073
G1 X121.97 Y93.171 E844.13512
G1 X122.044 Y93.192 E844.13768
G1 X122.044 Y95.118 E844.20174
G1 X122.044 Y95.132
G0 F9000 X122.444 Y95.595
;TYPE:WALL-OUTER
G1 F2400 X122.371 Y95.577 E844.20424
G1 X122.052 Y95.533 E844.21495
G1 X122.048 Y95.533 E844.21509
G1 X121.729 Y95.518 E844.22571
G1 X121.405 Y95.533 E844.23649
G1 X121.088 Y95.577 E844.24714
G1 X120.779 Y95.652 E844.25771
G1 X120.486 Y95.754 E844.26803
G1 X120.213 Y95.883 E844.27808
G1 X119.963 Y96.037 E844.28784
G1 X119.74 Y96.218 E844.2974
G1 X119.527 Y96.449 E844.30785
G1 X119.357 Y96.713 E844.31829
G1 X119.249 Y96.992 E844.32824
G1 X119.196 Y97.284 E844.33811
G1 X119.212 Y97.579 E844.34794
G1 X119.287 Y97.866 E844.3578
G1 X119.422 Y98.136 E844.36784
G1 X119.61 Y98.388 E844.3783
G1 X119.812 Y98.582 E844.38762
G1 X120.044 Y98.753 E844.3972
G1 X120.302 Y98.899 E844.40706
G1 X120.582 Y99.02 E844.41721
G1 X120.881 Y99.113 E844.42762
G1 X121.192 Y99.177 E844.43818
G1 X121.513 Y99.212 E844.44892
G1 X121.837 Y99.216 E844.4597
G1 X122.098 Y99.196 E844.46841
G1 X122.159 Y99.192 E844.47044
G1 X122.445 Y99.143 E844.48009
G1 X122.445 Y99.192
G1 X122.445 Y99.253 E844.48191
G1 X122.444 Y128.033 E845.43913
G1 X113.213 Y128.033 E845.74616
G1 X99.438 Y126.116 E846.20873
G1 X97.845 Y125.367 E846.26728
G1 X94.682 Y123.129 E846.39615
G1 X94.681 Y113.234 E846.72526
G1 X96.704 Y109.781 E846.85837
G1 X108.687 Y101.308 E847.34649
G1 X116.48 Y101.308 E847.60569
G1 X116.48 Y98.008 E847.71545
G1 X118.055 Y91.991 E847.92232
G1 X118.953 Y92.123 E847.9525
G1 X120.005 Y92.312 E847.98805
G1 X121.055 Y92.534 E848.02375
G1 X122.078 Y92.786 E848.05879
G1 X122.444 Y92.889 E848.07144
G1 X122.444 Y95.529 E848.15924
G1 X122.444 Y95.533
G1 X122.444 Y95.577
G1 X122.444 Y95.595
G0 F9000 X122.179 Y95.283
G0 X121.044 Y95.341
G0 X120.099 Y95.672
G0 X118.791 Y96.622
;TYPE:FILL
G1 F4800 X117.704 Y95.535 E848.21037
G0 F9000 X119.318 Y98.884
G1 F4800 X117.04 Y99.494 E848.28881
G0 F9000 X121.361 Y99.757
G1 F4800 X113.934 Y127.473 E849.24317
G0 F9000 X115.7 Y127.472
G1 F4800 X97.871 Y109.643 E850.08179
G0 F9000 X95.241 Y117.759
G1 F4800 X121.883 Y110.62 E850.99917
G0 F9000 X121.883 Y116.685
G1 F4800 X107.811 Y102.613 E851.66107
G0 F9000 X108.257 Y102.296
G1 F4800 X101.933 Y125.897 E852.47374
G0 F9000 X108.052 Y126.749
G1 F4800 X121.883 Y123.043 E852.94999
G0 F9000 X121.845 Y123.043
G1 F2400 E852.14999
;MESH:NONMESH
G0 F300 X121.845 Y123.043 Z5.4
G0 F9000 X122.185 Y99.41
G0 X122.086 Y96.901
;TIME_ELAPSED:1024.627259
;LAYER:26
;TYPE:SUPPORT
G1 F2400 E852.94999
G1 X122.218 Y97.157 E852.95957
G1 X122.253 Y97.298 E852.9644
G1 X122.253 Y97.44 E852.96912
G1 X122.218 Y97.583 E852.97402
G1 X122.134 Y97.751 E852.98027
G1 X122.034 Y97.753 E852.98359
G1 X122.014 Y97.525 E852.9912
G1 X122.003 Y97.347 E852.99714
G1 X122.044 Y97.115 E853.00497
G1 X122.044 Y96.957 E853.01023
G1 X122.086 Y96.901 E853.01256
G1 F2400 E852.21256
G0 F9000 X121.435 Y96.363
G0 X125.104 Y93.729
G0 X124.522 Y94.415
G1 F2400 E853.01256
G1 X124.641 Y94.467 E853.01687
G1 X124.732 Y94.608 E853.02246
G1 X124.857 Y94.664 E853.02701
G1 X124.943 Y94.803 E853.03245
G1 X125.038 Y94.844 E853.03589
G1 X125.141 Y95.014 E853.0425
G1 X125.26 Y95.074 E853.04693
G1 X125.335 Y95.197 E853.05173
G1 X125.431 Y95.251 E853.05539
G1 X125.526 Y95.415 E853.06169
G1 X125.66 Y95.487 E853.06675
G1 X125.751 Y95.64 E853.07267
G1 X125.833 Y95.69 E853.07587
G1 X125.95 Y95.894 E853.08369
G1 X126.038 Y95.948 E853.08712
G1 X126.142 Y96.137 E853.0943
G1 X126.256 Y96.205 E853.09871
G1 X126.346 Y96.369 E853.10493
G1 X126.426 Y96.419 E853.10807
G1 X126.566 Y96.697 E853.11843
G1 X126.657 Y96.755 E853.12201
G1 X126.748 Y96.93 E853.12857
G1 X126.765 Y96.958 E853.12966
G1 X126.842 Y97.01 E853.13275
G1 X126.969 Y97.275 E853.14253
G1 X127.07 Y97.344 E853.1466
G1 X127.137 Y97.476 E853.15152
G1 X127.137 Y97.525 E853.15315
G1 X127.177 Y97.556 E853.15483
G1 X127.186 Y97.573 E853.15547
G1 X127.233 Y97.598 E853.15724
G1 X127.259 Y97.618 E853.15833
G1 X127.382 Y97.871 E853.16769
G1 X127.438 Y97.916 E853.17008
G1 X127.558 Y98.168 E853.17936
G1 X127.581 Y98.212 E853.18102
G1 X127.645 Y98.274 E853.18398
G1 X127.773 Y98.559 E853.19437
G1 X127.833 Y98.611 E853.19701
G1 X127.997 Y98.987 E853.21065
G1 X128.066 Y99.051 E853.21378
G1 X128.182 Y99.338 E853.22408
G1 X128.231 Y99.395 E853.22658
G1 X128.378 Y99.764 E853.23979
G1 X128.445 Y99.834 E853.24301
G1 X128.608 Y100.241 E853.2576
G1 X128.631 Y100.265 E853.2587
G1 X128.813 Y100.752 E853.27599
G1 X128.831 Y100.769 E853.27682
G1 X128.848 Y100.793 E853.2778
G1 X128.988 Y101.209 E853.29239
G1 X129.002 Y101.238 E853.29347
G1 X129.041 Y101.294 E853.29574
G1 X129.208 Y101.846 E853.31492
G1 X129.244 Y101.893 E853.31689
G1 X129.244 Y102.207 E853.32733
G1 X129.444 Y102.529 E853.33994
G1 X129.444 Y102.993 E853.35537
G1 X129.644 Y103.361 E853.3693
G1 X129.644 Y103.652 E853.37898
G1 X129.844 Y104.076 E853.39457
G1 X129.844 Y104.494 E853.40847
G1 X130.028 Y105.026 E853.4272
G1 X130.043 Y105.128 E853.43063
G1 X130.047 Y105.722 E853.45038
G1 X130.227 Y106.357 E853.47234
G1 X130.244 Y106.438 E853.47509
G1 X130.245 Y128.033 E854.19334
G1 X124.444 Y128.033 E854.38628
G1 X124.444 Y94.306 E855.50805
G1 X124.454 Y94.31 E855.50841
G1 X124.522 Y94.415 E855.51257
G0 F9000 X124.804 Y95.153
G1 F2400 X124.804 Y127.673 E856.59419
G1 X126 Y127.673 E856.63396
G1 X126 Y96.486 E857.67125
G1 X125.988 Y96.464 E857.67208
G1 X125.874 Y96.396 E857.6765
G1 X125.77 Y96.206 E857.6837
G1 X125.684 Y96.153 E857.68706
G1 X125.568 Y95.951 E857.69481
G1 X125.487 Y95.901 E857.69797
G1 X125.4 Y95.757 E857.70357
G1 X125.265 Y95.683 E857.70869
G1 X125.169 Y95.517 E857.71507
G1 X125.076 Y95.465 E857.71861
G1 X125.006 Y95.349 E857.72312
G1 X124.887 Y95.289 E857.72755
G1 X124.804 Y95.153 E857.73285
G1 F2400 E856.93285
G0 F9000 X125.955 Y94.555
G0 X126.471 Y95.068
G0 X127.95 Y97.063
G0 X128.979 Y98.937
G0 X129.501 Y100.193
G0 X130.001 Y101.483
G0 X128.882 Y102.013
G1 F2400 E857.73285
G1 X128.714 Y101.453 E857.7523
G1 X128.691 Y101.421 E857.75361
G1 X128.654 Y101.346 E857.75639
G1 X128.531 Y100.982 E857.76917
G1 X128.506 Y100.959 E857.7703
G1 X128.319 Y100.459 E857.78805
G1 X128.3 Y100.439 E857.78897
G1 X128.137 Y100.033 E857.80352
G1 X128.07 Y99.962 E857.80677
G1 X128 Y99.787 E857.81304
G1 X128 Y127.673 E858.74053
G1 X126 Y127.673 E858.80705
G0 F9000 X128 Y127.673
G1 F2400 X129.885 Y127.673 E858.86975
G1 X129.884 Y106.479 E859.57466
G1 X129.874 Y106.431 E859.57629
G1 X129.687 Y105.773 E859.59904
G1 X129.683 Y105.152 E859.6197
G1 X129.678 Y105.112 E859.62104
G1 X129.484 Y104.555 E859.64066
G1 X129.484 Y104.157 E859.65389
G1 X129.284 Y103.733 E859.66949
G1 X129.284 Y103.454 E859.67877
G1 X129.084 Y103.085 E859.69273
G1 X129.084 Y102.632 E859.70779
G1 X128.884 Y102.31 E859.7204
G1 X128.884 Y102.016 E859.73018
G0 F9000 X124.243 Y103.161
;TYPE:SUPPORT-INTERFACE
G1 F1500 X123.643 Y103.761 E859.7584
G0 F9000 X123.643 Y103.278
G1 F1500 X124.244 Y103.879 E859.78667
G0 F9000 X124.243 Y106.556
G1 F1500 X123.643 Y107.155 E859.81487
G0 F9000 X123.643 Y106.672
G1 F1500 X124.244 Y107.273 E859.84314
G0 F9000 X124.243 Y109.95
G1 F1500 X123.643 Y110.549 E859.87134
G0 F9000 X123.643 Y110.066
G1 F1500 X124.244 Y110.667 E859.89961
G0 F9000 X124.243 Y113.344
G1 F1500 X123.643 Y113.943 E859.9278
G0 F9000 X123.643 Y113.46
G1 F1500 X124.244 Y114.061 E859.95607
G0 F9000 X124.243 Y116.738
G1 F1500 X123.643 Y117.338 E859.9843
G0 F9000 X123.643 Y116.855
G1 F1500 X124.244 Y117.456 E860.01256
G0 F9000 X124.243 Y120.132
G1 F1500 X123.643 Y120.732 E860.04079
G0 F9000 X123.643 Y120.249
G1 F1500 X124.244 Y120.85 E860.06906
G0 F9000 X124.243 Y123.526
G1 F1500 X123.643 Y124.126 E860.09728
G0 F9000 X123.643 Y123.643
G1 F1500 X124.244 Y124.244 E860.12555
G0 F9000 X124.243 Y126.92
G1 F1500 X123.643 Y127.52 E860.15377
G0 F9000 X123.643 Y127.037
G1 F1500 X124.244 Y127.638 E860.18204
G1 F2400 E859.38204
G0 F9000 X124.244 Y128.898
G0 X121.427 Y98.37
G0 X124.244 Y100.485
G1 F2400 E860.18204
G1 F1500 X123.643 Y99.884 E860.21031
G0 F9000 X123.643 Y100.367
G1 F1500 X124.243 Y99.767 E860.23853
G0 F9000 X122.667 Y97.949
G1 F1500 X124.243 Y96.373 E860.31266
G0 F9000 X124.244 Y97.091
G1 F1500 X123.483 Y96.33 E860.34846
G0 F9000 X123.643 Y93.579
G1 F1500 X123.74 Y93.482 E860.35302
G1 F2400 E859.55302
;MESH:1x_1xm_pusher.stl
G0 F9000 X122.424 Y93.482
G0 X119.301 Y96.115
G0 X118.899 Y96.694
G0 X118.79 Y97.035
G0 X118.756 Y97.424
G0 X118.943 Y98.132
G0 X119.376 Y98.694
G0 X119.899 Y99.064
G0 X120.664 Y99.331
G0 X122.244 Y99.552
;TYPE:WALL-INNER
G1 F2400 E860.35302
G1 X122.244 Y99.602 E860.35468
G1 X122.244 Y99.624 E860.35541
G1 X122.244 Y127.633 E861.287
G1 X114.661 Y127.633 E861.53921
G1 X99.525 Y125.526 E862.04749
G1 X97.849 Y124.738 E862.10909
G1 X95.282 Y122.922 E862.21367
G1 X95.281 Y113.342 E862.5323
G1 X97.205 Y110.059 E862.65886
G1 X109.015 Y101.708 E863.13995
G1 X117.08 Y101.708 E863.40819
G1 X117.08 Y96.532 E863.58035
G1 X118.151 Y92.439 E863.72106
G1 X118.685 Y92.517 E863.73901
G1 X119.734 Y92.706 E863.77446
G1 X120.766 Y92.924 E863.80955
G1 X121.769 Y93.171 E863.8439
G1 X122.244 Y93.305 E863.86032
G1 X122.244 Y95.006 E863.91689
G1 X122.244 Y95.163 E863.92211
G1 X122.244 Y95.187 E863.92291
G1 X122.127 Y95.163 E863.92509
G1 X121.971 Y95.147 E863.92894
G1 X121.768 Y95.124 E863.93573
G1 X121.409 Y95.12 E863.94767
G1 X121.049 Y95.147 E863.95968
G1 X120.695 Y95.208 E863.97163
G1 X120.355 Y95.303 E863.98337
G1 X120.029 Y95.428 E863.99498
G1 X119.721 Y95.588 E864.00652
G1 X119.441 Y95.778 E864.01778
G1 X119.185 Y96.003 E864.02911
G1 X118.941 Y96.298 E864.04185
G1 X118.751 Y96.628 E864.05451
G1 X118.632 Y97.002 E864.06757
G1 X118.593 Y97.431 E864.08189
G1 X118.662 Y97.853 E864.09612
G1 X118.799 Y98.206 E864.10871
G1 X119.009 Y98.531 E864.12158
G1 X119.265 Y98.811 E864.1342
G1 X119.532 Y99.026 E864.1456
G1 X119.822 Y99.205 E864.15694
G1 X120.134 Y99.353 E864.16842
G1 X120.466 Y99.468 E864.18011
G1 X120.813 Y99.552 E864.19198
G1 X121.168 Y99.602 E864.20391
G1 X121.529 Y99.618 E864.21592
G1 X121.867 Y99.602 E864.22718
G1 X121.889 Y99.602 E864.22782
G1 X122.244 Y99.552 E864.23634
G0 F9000 X122.644 Y99.026
;TYPE:WALL-OUTER
G1 F2400 X122.644 Y99.084 E864.23827
G1 X122.644 Y99.233 E864.24323
G1 X122.644 Y128.033 E865.20112
G1 X114.635 Y128.033 E865.4675
G1 X99.409 Y125.914 E865.9788
G1 X97.645 Y125.084 E866.04364
G1 X94.882 Y123.129 E866.15622
G1 X94.881 Y113.234 E866.48533
G1 X96.904 Y109.781 E866.61843
G1 X108.887 Y101.308 E867.10656
G1 X116.68 Y101.308 E867.36575
G1 X116.68 Y96.481 E867.5263
G1 X117.855 Y91.991 E867.68067
G1 X118.753 Y92.123 E867.71085
G1 X119.805 Y92.312 E867.7464
G1 X120.855 Y92.534 E867.7821
G1 X121.878 Y92.786 E867.81714
G1 X122.644 Y93.002 E867.84361
G1 X122.644 Y95.543 E867.92813
G1 X122.644 Y95.624 E867.93082
G1 X122.644 Y95.707 E867.93358
G1 X122.377 Y95.624 E867.93939
G1 X122.298 Y95.608 E867.94173
G1 X122.064 Y95.559 E867.94968
G1 X121.744 Y95.524 E867.96039
G1 X121.421 Y95.52 E867.97113
G1 X121.098 Y95.544 E867.9819
G1 X120.783 Y95.599 E867.99254
G1 X120.48 Y95.683 E868.003
G1 X120.193 Y95.793 E868.01322
G1 X119.926 Y95.932 E868.02323
G1 X119.686 Y96.095 E868.03288
G1 X119.473 Y96.282 E868.04231
G1 X119.271 Y96.527 E868.05287
G1 X119.119 Y96.791 E868.063
G1 X119.026 Y97.082 E868.07316
G1 X118.996 Y97.416 E868.08431
G1 X119.05 Y97.747 E868.09547
G1 X119.157 Y98.023 E868.10532
G1 X119.327 Y98.286 E868.11573
G1 X119.54 Y98.519 E868.12623
G1 X119.763 Y98.699 E868.13576
G1 X120.013 Y98.853 E868.14553
G1 X120.286 Y98.982 E868.15557
G1 X120.579 Y99.084 E868.16589
G1 X120.888 Y99.159 E868.17647
G1 X121.205 Y99.203 E868.18711
G1 X121.529 Y99.218 E868.1979
G1 X121.852 Y99.203 E868.20865
G1 X122.171 Y99.159 E868.21936
G1 X122.334 Y99.119 E868.22495
G1 X122.478 Y99.084 E868.22874
G1 X122.644 Y99.026 E868.23191
G0 F9000 X122.383 Y99.376
G0 X121.212 Y99.762
;TYPE:FILL
G1 F4800 X113.819 Y127.354 E869.182
G0 F9000 X115.901 Y127.472
G1 F4800 X98.071 Y109.642 E870.02067
G0 F9000 X95.441 Y117.852
G1 F4800 X122.082 Y110.714 E870.938
G0 F9000 X122.084 Y116.684
G1 F4800 X108.011 Y102.612 E871.59993
G0 F9000 X108.029 Y102.6
G1 F4800 X101.842 Y125.687 E872.3949
G0 F9000 X108.9 Y126.669
G1 F4800 X122.083 Y123.137 E872.84884
G0 F9000 X117.239 Y99.588
G1 F4800 X119.291 Y99.038 E872.91949
G0 F9000 X118.818 Y97.81
G0 X118.724 Y96.354
G1 F4800 X117.587 Y95.217 E872.97297
G0 F9000 X117.627 Y95.228
G1 F2400 E872.17297
;MESH:NONMESH
G0 F300 X117.627 Y95.228 Z5.6
G0 F9000 X120.103 Y95.592
G0 X122.028 Y97.204
;TIME_ELAPSED:1047.662627
;LAYER:27
;TYPE:SUPPORT
G1 F2400 E872.97297
G1 X122.046 Y97.261 E872.97496
G1 X122.055 Y97.403 E872.9797
G1 X122.028 Y97.557 E872.9849
G1 X122.018 Y97.578 E872.98567
G1 X122.003 Y97.347 E872.99337
G1 X122.028 Y97.204 E872.9982
G1 F2400 E872.1982
G0 F9000 X121.433 Y96.365
G0 X125.315 Y93.925
G0 X124.732 Y94.608
G1 F2400 E872.9982
G1 X124.857 Y94.665 E873.00277
G1 X124.943 Y94.803 E873.00817
G1 X125.038 Y94.844 E873.01162
G1 X125.141 Y95.014 E873.01823
G1 X125.26 Y95.074 E873.02266
G1 X125.335 Y95.197 E873.02745
G1 X125.431 Y95.251 E873.03111
G1 X125.526 Y95.415 E873.03742
G1 X125.655 Y95.485 E873.0423
G1 X125.75 Y95.643 E873.04843
G1 X125.835 Y95.693 E873.05171
G1 X125.95 Y95.894 E873.05941
G1 X126.038 Y95.948 E873.06285
G1 X126.142 Y96.137 E873.07002
G1 X126.256 Y96.205 E873.07444
G1 X126.346 Y96.369 E873.08066
G1 X126.426 Y96.419 E873.0838
G1 X126.566 Y96.697 E873.09415
G1 X126.657 Y96.755 E873.09774
G1 X126.748 Y96.93 E873.1043
G1 X126.765 Y96.958 E873.10539
G1 X126.842 Y97.01 E873.10848
G1 X126.96 Y97.256 E873.11755
G1 X126.969 Y97.274 E873.11822
G1 X127.07 Y97.344 E873.12231
G1 X127.137 Y97.475 E873.1272
G1 X127.137 Y97.525 E873.12887
G1 X127.177 Y97.556 E873.13055
G1 X127.186 Y97.573 E873.13119
G1 X127.233 Y97.598 E873.13296
G1 X127.259 Y97.618 E873.13405
G1 X127.382 Y97.871 E873.14341
G1 X127.438 Y97.916 E873.1458
G1 X127.582 Y98.221 E873.15702
G1 X127.648 Y98.279 E873.15994
G1 X127.773 Y98.558 E873.17011
G1 X127.833 Y98.611 E873.17277
G1 X127.997 Y98.987 E873.18641
G1 X128.066 Y99.051 E873.18954
G1 X128.182 Y99.338 E873.19984
G1 X128.231 Y99.395 E873.20234
G1 X128.378 Y99.764 E873.21555
G1 X128.445 Y99.834 E873.21877
G1 X128.608 Y100.241 E873.23336
G1 X128.631 Y100.265 E873.23446
G1 X128.804 Y100.734 E873.25109
G1 X128.848 Y100.793 E873.25354
G1 X128.988 Y101.209 E873.26813
G1 X129.002 Y101.238 E873.26921
G1 X129.041 Y101.294 E873.27147
G1 X129.208 Y101.846 E873.29066
G1 X129.244 Y101.893 E873.29263
G1 X129.244 Y102.207 E873.30307
G1 X129.444 Y102.529 E873.31568
G1 X129.444 Y102.993 E873.33111
G1 X129.644 Y103.361 E873.34504
G1 X129.644 Y103.652 E873.35472
G1 X129.844 Y104.076 E873.37031
G1 X129.844 Y104.494 E873.38421
G1 X130.028 Y105.026 E873.40294
G1 X130.043 Y105.128 E873.40637
G1 X130.047 Y105.722 E873.42612
G1 X130.227 Y106.357 E873.44807
G1 X130.244 Y106.438 E873.45083
G1 X130.245 Y128.033 E874.16908
G1 X124.644 Y128.033 E874.35537
G1 X124.644 Y94.473 E875.47158
G1 X124.732 Y94.608 E875.47694
G0 F9000 X125.004 Y95.348
G1 F2400 X125.004 Y127.673 E876.55207
G1 X126 Y127.673 E876.5852
G1 X126 Y96.486 E877.62249
G1 X125.988 Y96.464 E877.62332
G1 X125.874 Y96.396 E877.62773
G1 X125.77 Y96.206 E877.63494
G1 X125.684 Y96.153 E877.6383
G1 X125.569 Y95.954 E877.64594
G1 X125.489 Y95.907 E877.64903
G1 X125.398 Y95.755 E877.65492
G1 X125.265 Y95.683 E877.65995
G1 X125.169 Y95.517 E877.66633
G1 X125.076 Y95.465 E877.66987
G1 X125.006 Y95.349 E877.67438
G1 F2400 E876.87438
G0 F9000 X126.15 Y94.772
G0 X126.47 Y95.066
G0 X127.95 Y97.063
G0 X128.979 Y98.937
G0 X129.501 Y100.193
G0 X130.001 Y101.483
G0 X128.882 Y102.013
G1 F2400 E877.67438
G1 X128.714 Y101.453 E877.69382
G1 X128.691 Y101.421 E877.69514
G1 X128.654 Y101.347 E877.69789
G1 X128.524 Y100.96 E877.71147
G1 X128.484 Y100.907 E877.71367
G1 X128.319 Y100.459 E877.72955
G1 X128.3 Y100.439 E877.73047
G1 X128.137 Y100.033 E877.74502
G1 X128.07 Y99.962 E877.74827
G1 X128 Y99.787 E877.75454
G1 X128 Y127.673 E878.68203
G1 X126 Y127.673 E878.74855
G0 F9000 X128 Y127.673
G1 F2400 X129.885 Y127.673 E878.81125
G1 X129.884 Y106.479 E879.51616
G1 X129.874 Y106.431 E879.51779
G1 X129.687 Y105.773 E879.54054
G1 X129.683 Y105.152 E879.5612
G1 X129.678 Y105.112 E879.56254
G1 X129.484 Y104.555 E879.58216
G1 X129.484 Y104.157 E879.59539
G1 X129.284 Y103.733 E879.61099
G1 X129.284 Y103.454 E879.62027
G1 X129.084 Y103.085 E879.63423
G1 X129.084 Y102.632 E879.64929
G1 X128.884 Y102.31 E879.6619
G1 X128.884 Y102.016 E879.67168
G0 F9000 X124.443 Y102.962
;TYPE:SUPPORT-INTERFACE
G1 F1500 X123.844 Y103.56 E879.69983
G0 F9000 X123.844 Y103.479
G1 F1500 X124.443 Y104.079 E879.72803
G0 F9000 X124.443 Y106.356
G1 F1500 X123.844 Y106.954 E879.75618
G0 F9000 X123.844 Y106.873
G1 F1500 X124.443 Y107.473 E879.78438
G0 F9000 X124.443 Y109.75
G1 F1500 X123.844 Y110.348 E879.81253
G0 F9000 X123.844 Y110.267
G1 F1500 X124.443 Y110.867 E879.84073
G0 F9000 X124.443 Y113.144
G1 F1500 X123.844 Y113.743 E879.8689
G0 F9000 X123.844 Y113.661
G1 F1500 X124.443 Y114.261 E879.8971
G0 F9000 X124.443 Y116.538
G1 F1500 X123.844 Y117.137 E879.92528
G0 F9000 X123.844 Y117.055
G1 F1500 X124.443 Y117.655 E879.95348
G0 F9000 X124.443 Y119.933
G1 F1500 X123.844 Y120.531 E879.98163
G0 F9000 X123.844 Y120.449
G1 F1500 X124.443 Y121.049 E880.00983
G0 F9000 X124.443 Y123.327
G1 F1500 X123.844 Y123.925 E880.03798
G0 F9000 X123.844 Y123.844
G1 F1500 X124.443 Y124.443 E880.06615
G0 F9000 X124.443 Y126.721
G1 F1500 X123.844 Y127.319 E880.09431
G0 F9000 X123.844 Y127.238
G1 F1500 X124.443 Y127.837 E880.12248
G1 F2400 E879.32248
G0 F9000 X124.443 Y128.898
G0 X121.424 Y98.371
G0 X124.443 Y100.684
G1 F2400 E880.12248
G1 F1500 X123.844 Y100.085 E880.15066
G0 F9000 X123.844 Y100.166
G1 F1500 X124.443 Y99.568 E880.17881
G0 F9000 X124.443 Y97.29
G1 F1500 X123.694 Y96.541 E880.21404
G0 F9000 X124.443 Y96.174
G1 F1500 X122.9 Y97.716 E880.28659
G1 F2400 E879.48659
;MESH:1x_1xm_pusher.stl
G0 F9000 X122.633 Y95.554
G0 X122.444 Y95.287
;TYPE:WALL-INNER
G1 F2400 E880.28659
G1 X122.163 Y95.208 E880.2963
G1 X122.094 Y95.197 E880.29862
G1 X121.808 Y95.147 E880.30828
G1 X121.449 Y95.12 E880.32026
G1 X121.089 Y95.124 E880.33223
G1 X120.729 Y95.163 E880.34427
G1 X120.381 Y95.236 E880.3561
G1 X120.043 Y95.34 E880.36786
G1 X119.723 Y95.479 E880.37947
G1 X119.426 Y95.648 E880.39083
G1 X119.153 Y95.848 E880.40209
G1 X118.909 Y96.085 E880.4134
G1 X118.677 Y96.396 E880.42631
G1 X118.51 Y96.731 E880.43876
G1 X118.411 Y97.116 E880.45198
G1 X118.402 Y97.546 E880.46628
G1 X118.496 Y97.961 E880.48044
G1 X118.653 Y98.303 E880.49295
G1 X118.883 Y98.62 E880.50598
G1 X119.149 Y98.885 E880.51847
G1 X119.426 Y99.089 E880.52991
G1 X119.724 Y99.258 E880.5413
G1 X120.043 Y99.396 E880.55286
G1 X120.381 Y99.501 E880.56463
G1 X120.73 Y99.573 E880.57649
G1 X121.089 Y99.612 E880.5885
G1 X121.449 Y99.616 E880.60047
G1 X121.808 Y99.589 E880.61245
G1 X122.095 Y99.539 E880.62214
G1 X122.163 Y99.528 E880.62443
G1 X122.445 Y99.449 E880.63417
G1 X122.445 Y99.528
G1 X122.445 Y99.597 E880.63621
G1 X122.444 Y127.633 E881.56869
G1 X116.084 Y127.633 E881.78022
G1 X99.497 Y125.324 E882.33723
G1 X97.649 Y124.455 E882.40515
G1 X95.482 Y122.922 E882.49344
G1 X95.481 Y113.342 E882.81207
G1 X97.405 Y110.059 E882.93863
G1 X109.215 Y101.708 E883.41972
G1 X117.28 Y101.708 E883.68796
G1 X117.28 Y95.004 E883.91094
G1 X117.951 Y92.439 E883.99912
G1 X118.485 Y92.517 E884.01707
G1 X119.534 Y92.706 E884.05252
G1 X120.566 Y92.924 E884.0876
G1 X121.575 Y93.172 E884.12216
G1 X122.444 Y93.417 E884.15219
G1 X122.444 Y95.138 E884.20943
G1 X122.444 Y95.208
G1 X122.444 Y95.287
G0 F9000 X122.844 Y95.887
;TYPE:WALL-OUTER
G1 F2400 X122.665 Y95.793 E884.21615
G1 X122.516 Y95.736 E884.22146
G1 X122.378 Y95.683 E884.22638
G1 X122.075 Y95.599 E884.23684
G1 X121.759 Y95.544 E884.2475
G1 X121.437 Y95.52 E884.25824
G1 X121.113 Y95.524 E884.26902
G1 X120.792 Y95.559 E884.27976
G1 X120.481 Y95.624 E884.29033
G1 X120.182 Y95.716 E884.30073
G1 X119.902 Y95.837 E884.31088
G1 X119.644 Y95.984 E884.32075
G1 X119.412 Y96.154 E884.33032
G1 X119.21 Y96.35 E884.33968
G1 X119.019 Y96.606 E884.3503
G1 X118.887 Y96.871 E884.36015
G1 X118.81 Y97.171 E884.37045
G1 X118.803 Y97.505 E884.38156
G1 X118.877 Y97.832 E884.39272
G1 X119 Y98.1 E884.40252
G1 X119.188 Y98.359 E884.41317
G1 X119.41 Y98.581 E884.42361
G1 X119.644 Y98.753 E884.43327
G1 X119.902 Y98.899 E884.44313
G1 X120.182 Y99.02 E884.45327
G1 X120.481 Y99.113 E884.46369
G1 X120.792 Y99.177 E884.47425
G1 X121.113 Y99.212 E884.48499
G1 X121.437 Y99.216 E884.49577
G1 X121.759 Y99.192 E884.50651
G1 X122.075 Y99.137 E884.51717
G1 X122.378 Y99.053 E884.52763
G1 X122.517 Y98.999 E884.53259
G1 X122.665 Y98.943 E884.53785
G1 X122.845 Y98.849 E884.54461
G1 X122.845 Y98.943
G1 X122.845 Y99.102 E884.5487
G1 X122.844 Y128.033 E885.51095
G1 X116.058 Y128.033 E885.73666
G1 X99.381 Y125.712 E886.29668
G1 X97.445 Y124.801 E886.36785
G1 X95.082 Y123.129 E886.46412
G1 X95.081 Y113.234 E886.79323
G1 X97.104 Y109.781 E886.92634
G1 X109.087 Y101.308 E887.41446
G1 X116.88 Y101.308 E887.67366
G1 X116.88 Y94.953 E887.88503
G1 X117.655 Y91.991 E887.98686
G1 X118.553 Y92.123 E888.01705
G1 X119.605 Y92.312 E888.0526
G1 X120.655 Y92.534 E888.08829
G1 X121.684 Y92.787 E888.12354
G1 X122.69 Y93.071 E888.15831
G1 X122.844 Y93.12 E888.16368
G1 X122.844 Y95.633 E888.24726
G1 X122.844 Y95.793 E888.25037
G1 X122.844 Y95.887
G0 F9000 X122.588 Y95.488
G0 X121.788 Y95.306
G0 X120.755 Y95.322
G0 X119.979 Y95.565
G0 X118.685 Y96.116
;TYPE:FILL
G1 F4800 X117.47 Y94.901 E888.30752
G0 F9000 X118.659 Y97.889
G0 X119.288 Y99.185
G1 F4800 X117.439 Y99.68 E888.37119
G0 F9000 X121.065 Y99.768
G1 F4800 X113.73 Y127.143 E889.3138
G0 F9000 X116.1 Y127.472
G1 F4800 X98.944 Y110.316 E890.12077
G0 F9000 X99.038 Y110.421
G0 X95.641 Y117.945
G1 F4800 X122.283 Y110.806 E891.03814
G0 F9000 X122.284 Y116.685
G1 F4800 X108.212 Y102.613 E891.70005
G0 F9000 X107.802 Y102.901
G1 F4800 X101.753 Y125.477 E892.47741
G0 F9000 X109.745 Y126.589
G1 F4800 X122.282 Y123.229 E892.90911
G0 F9000 X99.274 Y110.207
G0 X99.08 Y109.992
;TYPE:SKIN
G1 F750 X97.485 Y111.436 E892.98067
G1 X97.191 Y111.197 E892.99328
G1 X97.7 Y110.328 E893.02677
G1 X98.753 Y109.583 E893.06967
G1 X99.08 Y109.992 E893.08709
G0 F9000 X98.818 Y109.919
G1 F1500 X97.835 Y110.902 E893.13333
G0 F9000 X98.338 Y111.458
G1 F2400 E892.33333
;MESH:NONMESH
G0 F300 X98.338 Y111.458 Z5.8
G0 F9000 X117.108 Y101.536
G0 X118.662 Y96.788
G0 X119.029 Y96.192
G0 X119.514 Y95.783
G0 X120.422 Y95.392
G0 X121.444 Y95.281
G0 X121.83 Y95.327
G0 X122.447 Y95.474
G0 X124.844 Y94.659
;TIME_ELAPSED:1071.387151
;LAYER:28
;TYPE:SUPPORT
G1 F2400 E893.13333
G1 X124.857 Y94.665 E893.1338
G1 X124.943 Y94.803 E893.13921
G1 X125.038 Y94.844 E893.14265
G1 X125.141 Y95.014 E893.14926
G1 X125.26 Y95.074 E893.1537
G1 X125.335 Y95.197 E893.15849
G1 X125.431 Y95.251 E893.16215
G1 X125.526 Y95.415 E893.16846
G1 X125.653 Y95.483 E893.17325
G1 X125.75 Y95.646 E893.17956
G1 X125.838 Y95.698 E893.18296
G1 X125.95 Y95.894 E893.19046
G1 X126.038 Y95.948 E893.1939
G1 X126.142 Y96.137 E893.20107
G1 X126.256 Y96.205 E893.20549
G1 X126.345 Y96.368 E893.21166
G1 X126.427 Y96.421 E893.21491
G1 X126.566 Y96.697 E893.22519
G1 X126.657 Y96.755 E893.22878
G1 X126.746 Y96.928 E893.23525
G1 X126.751 Y96.932 E893.23546
G1 X126.765 Y96.958 E893.23645
G1 X126.842 Y97.01 E893.23954
G1 X126.96 Y97.256 E893.24861
G1 X126.969 Y97.274 E893.24928
G1 X127.07 Y97.344 E893.25337
G1 X127.137 Y97.475 E893.25826
G1 X127.137 Y97.525 E893.25992
G1 X127.177 Y97.556 E893.26161
G1 X127.186 Y97.573 E893.26225
G1 X127.233 Y97.598 E893.26402
G1 X127.259 Y97.618 E893.26511
G1 X127.382 Y97.871 E893.27446
G1 X127.44 Y97.917 E893.27693
G1 X127.582 Y98.222 E893.28812
G1 X127.649 Y98.281 E893.29109
G1 X127.773 Y98.558 E893.30118
G1 X127.833 Y98.611 E893.30384
G1 X127.997 Y98.987 E893.31749
G1 X128.066 Y99.051 E893.32062
G1 X128.182 Y99.338 E893.33091
G1 X128.231 Y99.395 E893.33341
G1 X128.378 Y99.764 E893.34662
G1 X128.445 Y99.834 E893.34985
G1 X128.608 Y100.241 E893.36443
G1 X128.631 Y100.265 E893.36553
G1 X128.804 Y100.734 E893.38216
G1 X128.848 Y100.793 E893.38461
G1 X128.988 Y101.209 E893.39921
G1 X129.002 Y101.238 E893.40028
G1 X129.041 Y101.294 E893.40255
G1 X129.208 Y101.846 E893.42173
G1 X129.244 Y101.893 E893.4237
G1 X129.244 Y102.207 E893.43414
G1 X129.444 Y102.529 E893.44675
G1 X129.444 Y102.993 E893.46218
G1 X129.644 Y103.361 E893.47611
G1 X129.644 Y103.652 E893.48579
G1 X129.844 Y104.076 E893.50138
G1 X129.844 Y104.494 E893.51529
G1 X130.028 Y105.026 E893.53401
G1 X130.043 Y105.128 E893.53744
G1 X130.047 Y105.722 E893.5572
G1 X130.227 Y106.357 E893.57915
G1 X130.244 Y106.438 E893.5819
G1 X130.245 Y128.033 E894.30015
G1 X124.844 Y128.033 E894.47979
G1 X124.844 Y94.659 E895.58982
G0 F9000 X125.204 Y95.577
G1 F2400 X125.204 Y127.673 E896.65733
G1 X126 Y127.673 E896.68381
G1 X126 Y96.488 E897.72102
G1 X125.987 Y96.464 E897.72193
G1 X125.874 Y96.396 E897.72632
G1 X125.77 Y96.206 E897.73352
G1 X125.684 Y96.153 E897.73688
G1 X125.572 Y95.96 E897.74431
G1 X125.487 Y95.909 E897.7476
G1 X125.393 Y95.751 E897.75372
G1 X125.266 Y95.684 E897.75849
G1 X125.204 Y95.577 E897.76261
G1 F2400 E896.96261
G0 F9000 X126.38 Y95.016
G0 X127.52 Y96.425
G0 X128.586 Y98.176
G0 X129.225 Y99.487
G0 X130.001 Y101.483
G0 X128.882 Y102.013
G1 F2400 E897.76261
G1 X128.714 Y101.453 E897.78205
G1 X128.691 Y101.421 E897.78336
G1 X128.654 Y101.347 E897.78611
G1 X128.524 Y100.96 E897.79969
G1 X128.484 Y100.907 E897.8019
G1 X128.319 Y100.459 E897.81778
G1 X128.3 Y100.439 E897.8187
G1 X128.137 Y100.033 E897.83325
G1 X128.07 Y99.962 E897.8365
G1 X128 Y99.787 E897.84276
G1 X128 Y127.673 E898.77026
G1 X126 Y127.673 E898.83678
G0 F9000 X128 Y127.673
G1 F2400 X129.885 Y127.673 E898.89947
G1 X129.884 Y106.479 E899.60439
G1 X129.874 Y106.431 E899.60602
G1 X129.687 Y105.773 E899.62877
G1 X129.683 Y105.152 E899.64943
G1 X129.678 Y105.112 E899.65077
G1 X129.484 Y104.555 E899.67038
G1 X129.484 Y104.157 E899.68362
G1 X129.284 Y103.733 E899.69921
G1 X129.284 Y103.454 E899.70849
G1 X129.084 Y103.085 E899.72245
G1 X129.084 Y102.632 E899.73752
G1 X128.884 Y102.31 E899.75013
G1 X128.884 Y102.016 E899.75991
G0 F9000 X124.643 Y102.762
;TYPE:SUPPORT-INTERFACE
G1 F1500 X124.043 Y103.362 E899.78813
G0 F9000 X124.043 Y103.678
G1 F1500 X124.643 Y104.279 E899.81637
G0 F9000 X124.643 Y106.156
G1 F1500 X124.043 Y106.756 E899.8446
G0 F9000 X124.043 Y107.072
G1 F1500 X124.643 Y107.673 E899.87284
G0 F9000 X124.643 Y109.55
G1 F1500 X124.043 Y110.15 E899.90106
G0 F9000 X124.043 Y110.467
G1 F1500 X124.643 Y111.067 E899.92929
G0 F9000 X124.643 Y112.944
G1 F1500 X124.043 Y113.544 E899.95751
G0 F9000 X124.043 Y113.861
G1 F1500 X124.644 Y114.462 E899.98578
G0 F9000 X124.643 Y116.338
G1 F1500 X124.043 Y116.938 E900.014
G0 F9000 X124.043 Y117.255
G1 F1500 X124.644 Y117.856 E900.04227
G0 F9000 X124.643 Y119.732
G1 F1500 X124.043 Y120.332 E900.07049
G0 F9000 X124.043 Y120.649
G1 F1500 X124.644 Y121.25 E900.09876
G0 F9000 X124.643 Y123.126
G1 F1500 X124.043 Y123.726 E900.12698
G0 F9000 X124.043 Y124.043
G1 F1500 X124.644 Y124.644 E900.15525
G0 F9000 X124.643 Y126.52
G1 F1500 X124.043 Y127.12 E900.18347
G0 F9000 X124.043 Y127.437
G1 F1500 X124.644 Y128.038 E900.21174
G1 F2400 E899.41174
G0 F9000 X124.644 Y128.898
G0 X121.415 Y98.356
G0 X124.643 Y100.885
G1 F2400 E900.21174
G1 F1500 X124.043 Y100.284 E900.23999
G0 F9000 X124.043 Y99.967
G1 F1500 X124.643 Y99.368 E900.26819
G0 F9000 X124.643 Y97.49
G1 F1500 X123.985 Y96.832 E900.29914
G0 F9000 X124.043 Y96.573
G1 F1500 X124.643 Y95.974 E900.32734
G0 F9000 X123.623 Y96.993
G1 F1500 X123.107 Y97.51 E900.35163
G1 F2400 E899.55163
;MESH:1x_1xm_pusher.stl
G0 F9000 X122.836 Y95.748
G0 X122.644 Y95.436
;TYPE:WALL-INNER
G1 F2400 E900.35163
G1 X122.629 Y95.428 E900.3522
G1 X122.303 Y95.303 E900.36381
G1 X122.267 Y95.293 E900.36505
G1 X121.963 Y95.208 E900.37555
G1 X121.608 Y95.147 E900.38753
G1 X121.249 Y95.12 E900.3995
G1 X120.889 Y95.124 E900.41148
G1 X120.529 Y95.163 E900.42352
G1 X120.181 Y95.236 E900.43535
G1 X119.843 Y95.34 E900.44711
G1 X119.523 Y95.479 E900.45871
G1 X119.226 Y95.648 E900.47008
G1 X118.953 Y95.848 E900.48134
G1 X118.709 Y96.085 E900.49265
G1 X118.474 Y96.4 E900.50572
G1 X118.309 Y96.732 E900.51805
G1 X118.211 Y97.122 E900.53143
G1 X118.202 Y97.552 E900.54573
G1 X118.3 Y97.975 E900.56017
G1 X118.488 Y98.358 E900.57436
G1 X118.711 Y98.654 E900.58669
G1 X118.953 Y98.888 E900.59789
G1 X119.226 Y99.089 E900.60916
G1 X119.524 Y99.258 E900.62056
G1 X119.843 Y99.396 E900.63212
G1 X120.181 Y99.501 E900.64389
G1 X120.53 Y99.573 E900.65574
G1 X120.889 Y99.612 E900.66775
G1 X121.249 Y99.616 E900.67973
G1 X121.608 Y99.589 E900.6917
G1 X121.963 Y99.528 E900.70368
G1 X122.267 Y99.443 E900.71418
G1 X122.303 Y99.433 E900.71542
G1 X122.629 Y99.308 E900.72703
G1 X122.644 Y99.3 E900.7276
G1 X122.644 Y99.433 E900.7282
G1 X122.644 Y99.471 E900.72939
G1 X122.644 Y127.633 E901.66606
G1 X117.479 Y127.633 E901.83785
G1 X99.468 Y125.121 E902.4427
G1 X97.449 Y124.172 E902.5169
G1 X95.682 Y122.922 E902.58889
G1 X95.681 Y113.342 E902.90752
G1 X97.604 Y110.059 E903.03407
G1 X109.415 Y101.708 E903.51518
G1 X117.48 Y101.708 E903.78342
G1 X117.48 Y93.481 E904.05705
G1 X117.752 Y92.439 E904.09287
G1 X118.285 Y92.517 E904.11079
G1 X119.334 Y92.706 E904.14624
G1 X120.366 Y92.924 E904.18132
G1 X121.375 Y93.172 E904.21588
G1 X122.381 Y93.456 E904.25065
G1 X122.644 Y93.539 E904.25982
G1 X122.644 Y95.265 E904.31723
G1 X122.644 Y95.303
G1 X122.644 Y95.436 E904.31784
G0 F9000 X123.044 Y96.159
;TYPE:WALL-OUTER
G1 F2400 X122.972 Y96.095 E904.32105
G1 X122.732 Y95.932 E904.3307
G1 X122.669 Y95.899 E904.33306
G1 X122.465 Y95.793 E904.34071
G1 X122.178 Y95.683 E904.35093
G1 X121.875 Y95.599 E904.36139
G1 X121.559 Y95.544 E904.37206
G1 X121.237 Y95.52 E904.3828
G1 X120.913 Y95.524 E904.39358
G1 X120.592 Y95.559 E904.40432
G1 X120.281 Y95.624 E904.41488
G1 X119.982 Y95.716 E904.42529
G1 X119.702 Y95.837 E904.43543
G1 X119.444 Y95.984 E904.44531
G1 X119.212 Y96.154 E904.45488
G1 X119.01 Y96.35 E904.46424
G1 X118.816 Y96.61 E904.47503
G1 X118.686 Y96.871 E904.48472
G1 X118.61 Y97.175 E904.49515
G1 X118.603 Y97.511 E904.50632
G1 X118.679 Y97.84 E904.51756
G1 X118.83 Y98.148 E904.52896
G1 X119.011 Y98.388 E904.53896
G1 X119.212 Y98.582 E904.54825
G1 X119.444 Y98.753 E904.55784
G1 X119.702 Y98.899 E904.5677
G1 X119.982 Y99.02 E904.57784
G1 X120.281 Y99.113 E904.58826
G1 X120.592 Y99.177 E904.59882
G1 X120.913 Y99.212 E904.60956
G1 X121.237 Y99.216 E904.62034
G1 X121.559 Y99.192 E904.63108
G1 X121.875 Y99.137 E904.64174
G1 X122.178 Y99.053 E904.6522
G1 X122.465 Y98.943 E904.66243
G1 X122.669 Y98.837 E904.67007
G1 X122.732 Y98.804 E904.67244
G1 X122.972 Y98.641 E904.68209
G1 X123.044 Y98.577 E904.68529
G1 X123.044 Y98.641
G1 X123.044 Y98.804 E904.68722
G1 X123.044 Y98.876 E904.68939
G1 X123.044 Y128.033 E905.65916
G1 X117.079 Y128.033 E905.85755
G1 X117.079 Y127.978 E905.85938
G1 X99.352 Y125.509 E906.45468
G1 X97.245 Y124.518 E906.53212
G1 X95.282 Y123.129 E906.6121
G1 X95.281 Y113.234 E906.94121
G1 X97.301 Y109.786 E907.07412
G1 X97.313 Y109.775 E907.07466
G1 X109.287 Y101.308 E907.56243
G1 X117.08 Y101.308 E907.82162
G1 X117.08 Y93.43 E908.08365
G1 X117.456 Y91.991 E908.13312
G1 X118.353 Y92.123 E908.16327
G1 X119.405 Y92.312 E908.19882
G1 X120.455 Y92.534 E908.23452
G1 X121.484 Y92.787 E908.26976
G1 X122.49 Y93.071 E908.30453
G1 X123.044 Y93.246 E908.32385
G1 X123.044 Y95.86 E908.41079
G1 X123.044 Y95.932 E908.41132
G1 X123.044 Y96.095 E908.41325
G1 X123.044 Y96.159
G0 F9000 X122.804 Y95.675
G0 X122.169 Y95.099
;TYPE:FILL
G1 F4800 X122.483 Y93.926 E908.45363
G0 F9000 X118.669 Y95.899
G1 F4800 X117.639 Y94.868 E908.50211
G0 F9000 X118.452 Y97.92
G0 X119.317 Y99.324
G1 F4800 X117.639 Y99.774 E908.55989
G0 F9000 X120.917 Y99.771
G1 F4800 X113.638 Y126.936 E909.49527
G0 F9000 X116.109 Y127.279
G1 F4800 X99.271 Y110.442 E910.28726
G0 F9000 X99.365 Y110.547
G0 X95.841 Y118.038
G1 F4800 X122.483 Y110.899 E911.20464
G0 F9000 X122.484 Y116.684
G1 F4800 X108.412 Y102.612 E911.86654
G0 F9000 X109.244 Y102.023
G1 F4800 X109.828 Y101.867 E911.88664
G0 F9000 X107.574 Y103.204
G1 F4800 X101.662 Y125.265 E912.64629
G0 F9000 X110.587 Y126.51
G1 F4800 X122.482 Y123.323 E913.05587
G0 F9000 X122.484 Y99.714
G1 F4800 X122.354 Y99.583 E913.06201
G0 F9000 X100.7 Y109.341
G0 X100.506 Y109.126
;TYPE:SKIN
G1 F750 X98.173 Y111.233 E913.16657
G1 X97.377 Y112.137 E913.20663
G1 X96.999 Y111.863 E913.22216
G1 X97.899 Y110.328 E913.28134
G1 X100.178 Y108.716 E913.37418
G1 X100.506 Y109.126 E913.39165
G0 F9000 X99.991 Y109.042
G1 F1500 X100.165 Y109.216 E913.39983
G0 F9000 X99.868 Y109.484
G1 F1500 X99.661 Y109.277 E913.40957
G0 F9000 X99.329 Y109.511
G1 F1500 X99.57 Y109.752 E913.4209
G0 F9000 X99.273 Y110.021
G1 F1500 X98.998 Y109.746 E913.43384
G0 F9000 X98.666 Y109.98
G1 F1500 X98.976 Y110.29 E913.44842
G0 F9000 X98.678 Y110.558
G1 F1500 X98.335 Y110.214 E913.46458
G0 F9000 X98.009 Y110.455
G1 F1500 X98.381 Y110.826 E913.48205
G0 F9000 X98.084 Y111.094
G1 F1500 X97.8 Y110.811 E913.49539
G0 F9000 X97.591 Y111.167
G1 F1500 X97.817 Y111.394 E913.50604
G0 F9000 X97.552 Y111.694
G1 F1500 X97.382 Y111.524 E913.51404
G0 F9000 X97.8 Y111.942
;TYPE:SKIN
G1 F1500 X97.668 Y112.093 E913.51699
G1 X97.321 Y112.311 E913.52303
G0 F9000 X97.134 Y112.305
G0 X97.408 Y112.417
G0 X117.308 Y101.536
G0 X117.654 Y97.572
G0 X117.755 Y97.673
G1 F1500 X117.853 Y97.488 E913.5309
G1 X117.964 Y97.033 E913.54852
G0 F9000 X117.893 Y96.962
G1 F2400 E912.74852
;MESH:NONMESH
G0 F300 X117.893 Y96.962 Z6
G0 F9000 X119.314 Y95.783
G0 X120.049 Y95.468
G0 X122.824 Y94.856
G0 X125.045 Y94.856
;TIME_ELAPSED:1096.721885
;LAYER:29
;TYPE:SUPPORT
G1 F2400 E913.54852
G1 X125.141 Y95.014 E913.55467
G1 X125.26 Y95.074 E913.5591
G1 X125.335 Y95.197 E913.56389
G1 X125.431 Y95.251 E913.56755
G1 X125.526 Y95.415 E913.57386
G1 X125.651 Y95.482 E913.57857
G1 X125.735 Y95.622 E913.584
G1 X125.772 Y95.659 E913.58574
G1 X125.838 Y95.698 E913.58829
G1 X125.95 Y95.894 E913.5958
G1 X126.038 Y95.948 E913.59924
G1 X126.141 Y96.136 E913.60637
G1 X126.256 Y96.205 E913.61083
G1 X126.345 Y96.368 E913.617
G1 X126.427 Y96.421 E913.62025
G1 X126.566 Y96.697 E913.63053
G1 X126.657 Y96.755 E913.63412
G1 X126.746 Y96.929 E913.64062
G1 X126.756 Y96.939 E913.64109
G1 X126.771 Y96.962 E913.642
G1 X126.842 Y97.01 E913.64485
G1 X126.96 Y97.256 E913.65393
G1 X126.969 Y97.274 E913.6546
G1 X127.07 Y97.345 E913.6587
G1 X127.137 Y97.475 E913.66357
G1 X127.137 Y97.525 E913.66523
G1 X127.177 Y97.556 E913.66691
G1 X127.186 Y97.573 E913.66755
G1 X127.231 Y97.597 E913.66925
G1 X127.258 Y97.618 E913.67039
G1 X127.382 Y97.871 E913.67976
G1 X127.44 Y97.917 E913.68222
G1 X127.582 Y98.222 E913.69341
G1 X127.649 Y98.281 E913.69638
G1 X127.773 Y98.558 E913.70647
G1 X127.831 Y98.609 E913.70904
G1 X127.997 Y98.987 E913.72277
G1 X128.066 Y99.051 E913.7259
G1 X128.182 Y99.338 E913.7362
G1 X128.231 Y99.395 E913.7387
G1 X128.378 Y99.764 E913.75191
G1 X128.445 Y99.834 E913.75513
G1 X128.608 Y100.241 E913.76972
G1 X128.631 Y100.265 E913.77082
G1 X128.804 Y100.734 E913.78745
G1 X128.848 Y100.793 E913.7899
G1 X128.994 Y101.228 E913.80516
G1 X129.04 Y101.293 E913.80781
G1 X129.085 Y101.436 E913.81279
G1 X129.208 Y101.846 E913.82703
G1 X129.244 Y101.893 E913.829
G1 X129.244 Y102.207 E913.83944
G1 X129.444 Y102.529 E913.85205
G1 X129.444 Y102.993 E913.86748
G1 X129.644 Y103.361 E913.88141
G1 X129.644 Y103.652 E913.89109
G1 X129.844 Y104.076 E913.90668
G1 X129.844 Y104.494 E913.92059
G1 X130.028 Y105.026 E913.93931
G1 X130.043 Y105.128 E913.94274
G1 X130.047 Y105.722 E913.9625
G1 X130.227 Y106.357 E913.98445
G1 X130.244 Y106.438 E913.9872
G1 X130.245 Y128.033 E914.70545
G1 X125.044 Y128.033 E914.87844
G1 X125.045 Y94.856 E915.98191
G0 F9000 X125.405 Y95.771
G1 F2400 X125.404 Y127.673 E917.04298
G1 X126 Y127.673 E917.0628
G1 X126 Y96.487 E918.10005
G1 X125.987 Y96.463 E918.10096
G1 X125.872 Y96.395 E918.1054
G1 X125.769 Y96.205 E918.11259
G1 X125.684 Y96.153 E918.1159
G1 X125.571 Y95.958 E918.1234
G1 X125.549 Y95.945 E918.12425
G1 X125.449 Y95.845 E918.12895
G1 X125.405 Y95.771 E918.13182
G1 F2400 E917.33182
G0 F9000 X126.589 Y95.274
G0 X127.52 Y96.425
G0 X128.792 Y98.546
G0 X129.533 Y100.241
G0 X130.001 Y101.483
G0 X128.882 Y102.013
G1 F2400 E918.13182
G1 X128.74 Y101.539 E918.14827
G1 X128.714 Y101.456 E918.15117
G1 X128.67 Y101.393 E918.15372
G1 X128.524 Y100.96 E918.16892
G1 X128.484 Y100.907 E918.17113
G1 X128.319 Y100.459 E918.18701
G1 X128.3 Y100.439 E918.18793
G1 X128.137 Y100.033 E918.20248
G1 X128.07 Y99.962 E918.20572
G1 X128 Y99.787 E918.21199
G1 X128 Y127.673 E919.13948
G1 X126 Y127.673 E919.206
G0 F9000 X128 Y127.673
G1 F2400 X129.885 Y127.673 E919.2687
G1 X129.884 Y106.479 E919.97362
G1 X129.874 Y106.431 E919.97525
G1 X129.687 Y105.773 E919.998
G1 X129.683 Y105.152 E920.01865
G1 X129.678 Y105.112 E920.01999
G1 X129.484 Y104.555 E920.03961
G1 X129.484 Y104.157 E920.05285
G1 X129.284 Y103.733 E920.06844
G1 X129.284 Y103.454 E920.07772
G1 X129.084 Y103.085 E920.09168
G1 X129.084 Y102.632 E920.10675
G1 X128.884 Y102.31 E920.11935
G1 X128.884 Y102.016 E920.12913
G0 F9000 X124.843 Y102.562
;TYPE:SUPPORT-INTERFACE
G1 F1500 X124.244 Y103.161 E920.15731
G0 F9000 X124.243 Y103.878
G1 F1500 X124.843 Y104.479 E920.18555
G0 F9000 X124.843 Y105.956
G1 F1500 X124.244 Y106.555 E920.21373
G0 F9000 X124.243 Y107.273
G1 F1500 X124.843 Y107.873 E920.24195
G0 F9000 X124.843 Y109.35
G1 F1500 X124.244 Y109.949 E920.27013
G0 F9000 X124.243 Y110.667
G1 F1500 X124.843 Y111.267 E920.29835
G0 F9000 X124.843 Y112.744
G1 F1500 X124.244 Y113.343 E920.32652
G0 F9000 X124.243 Y114.061
G1 F1500 X124.843 Y114.661 E920.35475
G0 F9000 X124.843 Y116.138
G1 F1500 X124.244 Y116.737 E920.38292
G0 F9000 X124.243 Y117.455
G1 F1500 X124.843 Y118.055 E920.41114
G0 F9000 X124.843 Y119.532
G1 F1500 X124.244 Y120.131 E920.43932
G0 F9000 X124.243 Y120.849
G1 F1500 X124.843 Y121.449 E920.46754
G0 F9000 X124.843 Y122.926
G1 F1500 X124.244 Y123.525 E920.49572
G0 F9000 X124.243 Y124.243
G1 F1500 X124.843 Y124.843 E920.52394
G0 F9000 X124.843 Y126.321
G1 F1500 X124.244 Y126.92 E920.55211
G0 F9000 X124.243 Y127.637
G1 F1500 X124.838 Y128.232 E920.5801
G1 F2400 E919.7801
G0 F9000 X124.838 Y128.898
G0 X122.285 Y97.922
G0 X124.843 Y101.085
G1 F2400 E920.5801
G1 F1500 X124.243 Y100.484 E920.60835
G0 F9000 X124.244 Y99.767
G1 F1500 X124.843 Y99.167 E920.63654
G0 F9000 X124.843 Y97.69
G1 F1500 X124.243 Y97.09 E920.66477
G0 F9000 X124.244 Y96.372
G1 F1500 X124.843 Y95.773 E920.69294
G1 F2400 E919.89294
;MESH:1x_1xm_pusher.stl
G0 F9000 X123.124 Y95.773
G0 X122.844 Y95.66
;TYPE:WALL-INNER
G1 F2400 E920.69294
G1 X122.636 Y95.531 E920.70108
G1 X122.501 Y95.468 E920.70604
G1 X122.322 Y95.383 E920.71263
G1 X121.991 Y95.268 E920.72428
G1 X121.646 Y95.184 E920.73609
G1 X121.289 Y95.134 E920.74808
G1 X120.929 Y95.118 E920.76007
G1 X120.568 Y95.134 E920.77209
G1 X120.213 Y95.184 E920.78401
G1 X119.866 Y95.268 E920.79588
G1 X119.534 Y95.383 E920.80757
G1 X119.222 Y95.531 E920.81906
G1 X118.931 Y95.71 E920.83042
G1 X118.663 Y95.927 E920.84189
G1 X118.396 Y96.222 E920.85512
G1 X118.197 Y96.533 E920.8674
G1 X118.077 Y96.847 E920.87858
G1 X118.052 Y96.915 E920.88099
G1 X117.991 Y97.365 E920.8961
G1 X118.04 Y97.778 E920.90993
G1 X118.077 Y97.88 E920.91354
G1 X118.185 Y98.174 E920.92396
G1 X118.374 Y98.488 E920.93615
G1 X118.643 Y98.787 E920.94952
G1 X118.901 Y99.002 E920.96069
G1 X119.186 Y99.184 E920.97194
G1 X119.492 Y99.334 E920.98327
G1 X119.815 Y99.451 E920.9947
G1 X120.154 Y99.54 E921.00636
G1 X120.502 Y99.595 E921.01808
G1 X120.81 Y99.616 E921.02834
G1 X121.168 Y99.612 E921.04025
G1 X121.526 Y99.573 E921.05223
G1 X121.877 Y99.501 E921.06415
G1 X122.214 Y99.396 E921.07589
G1 X122.473 Y99.284 E921.08527
G1 X122.534 Y99.258 E921.08748
G1 X122.832 Y99.089 E921.09887
G1 X122.844 Y99.08 E921.09937
G1 X122.844 Y99.258 E921.10076
G1 X122.844 Y99.325 E921.10278
G1 X122.844 Y127.633 E922.04431
G1 X117.679 Y127.633 E922.2161
G1 X117.679 Y127.459 E922.22188
G1 X99.44 Y124.919 E922.83437
G1 X97.249 Y123.889 E922.91489
G1 X95.882 Y122.922 E922.97059
G1 X95.881 Y113.342 E923.28922
G1 X97.429 Y110.698 E923.39112
G1 X97.728 Y110.359 E923.40616
G1 X98.979 Y109.228 E923.46225
G1 X109.615 Y101.708 E923.89549
G1 X117.68 Y101.708 E924.16374
G1 X117.68 Y97.887 E924.29082
G1 X117.68 Y97.778 E924.29427
G1 X117.68 Y97.365 E924.30582
G1 X117.68 Y96.915 E924.31863
G1 X117.68 Y96.842 E924.32097
G1 X117.68 Y92.688 E924.45914
G1 X117.68 Y92.687 E924.45917
G1 X117.68 Y92.458 E924.46679
G1 X117.907 Y92.491 E924.47153
G1 X118.084 Y92.517 E924.47748
G1 X119.134 Y92.706 E924.51297
G1 X120.166 Y92.924 E924.54805
G1 X121.175 Y93.172 E924.58261
G1 X122.181 Y93.456 E924.61738
G1 X122.844 Y93.666 E924.64051
G1 X122.844 Y95.381 E924.69755
G1 X122.844 Y95.531 E924.70019
G1 X122.844 Y95.66 E924.70041
G0 F9000 X123.137 Y96.3
G0 X123.269 Y96.696
G0 X123.244 Y96.63
;TYPE:WALL-OUTER
G1 F2400 X123.161 Y96.487 E924.70591
G1 X122.918 Y96.218 E924.71797
G1 X122.858 Y96.17 E924.72053
G1 X122.695 Y96.038 E924.7275
G1 X122.445 Y95.883 E924.73729
G1 X122.171 Y95.754 E924.74736
G1 X121.878 Y95.652 E924.75768
G1 X121.571 Y95.577 E924.76819
G1 X121.252 Y95.533 E924.7789
G1 X120.929 Y95.518 E924.78965
G1 X120.605 Y95.533 E924.80044
G1 X120.288 Y95.577 E924.81109
G1 X119.979 Y95.652 E924.82166
G1 X119.686 Y95.754 E924.83198
G1 X119.413 Y95.883 E924.84202
G1 X119.163 Y96.037 E924.85179
G1 X118.939 Y96.218 E924.86137
G1 X118.715 Y96.466 E924.87248
G1 X118.556 Y96.714 E924.88228
G1 X118.442 Y97.014 E924.89296
G1 X118.394 Y97.368 E924.90484
G1 X118.432 Y97.684 E924.91542
G1 X118.548 Y98.001 E924.92665
G1 X118.697 Y98.249 E924.93627
G1 X118.921 Y98.498 E924.94741
G1 X119.138 Y98.679 E924.95681
G1 X119.382 Y98.835 E924.96644
G1 X119.649 Y98.965 E924.97632
G1 X119.934 Y99.069 E924.98641
G1 X120.236 Y99.148 E924.99679
G1 X120.547 Y99.197 E925.00727
G1 X120.821 Y99.216 E925.0164
G1 X121.144 Y99.212 E925.02714
G1 X121.464 Y99.177 E925.03785
G1 X121.777 Y99.113 E925.04848
G1 X122.075 Y99.02 E925.05886
G1 X122.356 Y98.899 E925.06904
G1 X122.614 Y98.753 E925.0789
G1 X122.846 Y98.582 E925.08848
G1 X123.048 Y98.387 E925.09782
G1 X123.244 Y98.12 E925.10884
G1 X123.244 Y98.387 E925.11059
G1 X123.244 Y98.582 E925.11519
G1 X123.244 Y98.583
G1 X123.244 Y128.033 E926.0947
G1 X117.279 Y128.033 E926.2931
G1 X117.279 Y127.807 E926.30062
G1 X99.324 Y125.307 E926.90356
G1 X97.045 Y124.235 E926.98733
G1 X95.482 Y123.129 E927.05101
G1 X95.481 Y113.234 E927.38012
G1 X97.105 Y110.46 E927.48703
G1 X97.441 Y110.079 E927.50393
G1 X98.731 Y108.913 E927.56177
G1 X109.487 Y101.308 E927.9999
G1 X117.28 Y101.308 E928.2591
G1 X117.28 Y92.225 E928.5612
G1 X117.28 Y92.224 E928.56123
G1 X117.28 Y91.994 E928.56888
G1 X117.508 Y92.027 E928.57365
G1 X118.153 Y92.123 E928.59533
G1 X119.205 Y92.312 E928.63088
G1 X120.255 Y92.534 E928.66658
G1 X121.284 Y92.787 E928.70182
G1 X122.29 Y93.071 E928.73659
G1 X123.244 Y93.373 E928.76987
G1 X123.244 Y96.141 E928.86194
G1 X123.244 Y96.218 E928.86305
G1 X123.244 Y96.487 E928.8672
G1 X123.244 Y96.63 E928.86753
G1 F2400 E928.06753
G0 F9000 X123.269 Y96.696
G0 X123.137 Y96.3
G0 X122.02 Y95.11
;TYPE:FILL
G1 F2400 E928.86753
G1 F4800 X122.399 Y93.693 E928.91631
G0 F9000 X118.677 Y95.707
G1 F4800 X117.839 Y94.869 E928.95573
G0 F9000 X118.296 Y97.717
G0 X118.528 Y98.212
G0 X119.375 Y99.455
G1 F4800 X117.839 Y99.866 E929.00862
G0 F9000 X120.771 Y99.772
G1 F4800 X113.549 Y126.722 E929.9366
G0 F9000 X111.438 Y126.428
G1 F4800 X122.683 Y123.415 E930.32381
G0 F9000 X122.683 Y116.684
G1 F4800 X108.612 Y102.613 E930.98566
G0 F9000 X109.234 Y102.172
G1 F4800 X110.372 Y101.867 E931.02485
G0 F9000 X107.347 Y103.506
G1 F4800 X101.573 Y125.054 E931.76682
G0 F9000 X96.042 Y118.13
G1 F4800 X122.683 Y110.992 E932.68416
G0 F9000 X122.683 Y99.714
G1 F4800 X122.441 Y99.472 E932.69554
G0 F9000 X99.69 Y110.673
G0 X99.596 Y110.568
G1 F4800 X116.106 Y127.077 E933.4721
G0 F9000 X102.127 Y108.472
G0 X101.933 Y108.257
;TYPE:SKIN
G1 F750 X98.325 Y111.517 E933.63383
G1 X97.175 Y112.824 E933.69173
G1 X96.797 Y112.55 E933.70726
G1 X97.748 Y110.925 E933.76988
G1 X98.007 Y110.632 E933.78289
G1 X99.222 Y109.533 E933.83738
G1 X101.606 Y107.848 E933.93448
G1 X101.933 Y108.257 E933.9519
G0 F9000 X101.677 Y108.192
G1 F1500 X100.848 Y109.02 E933.99087
G0 F9000 X100.427 Y108.876
G1 F1500 X97.303 Y112 E934.13781
G0 F9000 X96.924 Y111.778
G0 X97.568 Y110.798
G0 X99.091 Y109.357
G0 X101.653 Y107.559
G0 X117.408 Y101.436
G0 X117.854 Y98.52
G0 X117.958 Y98.415
;TYPE:SKIN
G1 F1500 X118.116 Y98.54 E934.1415
G1 X117.915 Y98.176 E934.14912
G0 F9000 X117.976 Y98.115
G0 X117.854 Y96.54
G0 X118.036 Y96.358
G1 F1500 X117.925 Y96.185 E934.16106
G0 F9000 X117.854 Y96.257
G0 X119.933 Y95.52
G0 X120.739 Y95.406
G0 X122.559 Y95.333
G0 X122.509 Y95.279
G1 F1500 X122.572 Y95.216 E934.16254
G0 F9000 X122.744 Y95.067
G1 F2400 E933.36254
;MESH:NONMESH
G0 F300 X122.744 Y95.067 Z6.2
G0 F9000 X123.124 Y95.066
G0 X125.244 Y95.066
;TIME_ELAPSED:1122.444589
;LAYER:30
;TYPE:SUPPORT
G1 F2400 E934.16254
G1 X125.26 Y95.074 E934.16314
G1 X125.335 Y95.197 E934.16793
G1 X125.431 Y95.251 E934.17159
G1 X125.526 Y95.415 E934.1779
G1 X125.651 Y95.483 E934.18263
G1 X125.747 Y95.645 E934.18889
G1 X125.837 Y95.698 E934.19237
G1 X125.951 Y95.896 E934.19996
G1 X126.039 Y95.95 E934.2034
G1 X126.141 Y96.136 E934.21045
G1 X126.255 Y96.205 E934.21489
G1 X126.345 Y96.368 E934.22108
G1 X126.427 Y96.421 E934.22433
G1 X126.566 Y96.697 E934.2346
G1 X126.657 Y96.755 E934.23819
G1 X126.746 Y96.929 E934.24469
G1 X126.756 Y96.939 E934.24516
G1 X126.771 Y96.962 E934.24608
G1 X126.842 Y97.01 E934.24893
G1 X126.96 Y97.256 E934.258
G1 X126.969 Y97.274 E934.25867
G1 X127.069 Y97.343 E934.26271
G1 X127.137 Y97.477 E934.26771
G1 X127.137 Y97.525 E934.26931
G1 X127.188 Y97.564 E934.27144
G1 X127.198 Y97.579 E934.27204
G1 X127.23 Y97.596 E934.27325
G1 X127.256 Y97.616 E934.27434
G1 X127.386 Y97.883 E934.28422
G1 X127.415 Y97.897 E934.28529
G1 X127.44 Y97.917 E934.28635
G1 X127.582 Y98.222 E934.29754
G1 X127.649 Y98.281 E934.30051
G1 X127.773 Y98.558 E934.3106
G1 X127.832 Y98.612 E934.31327
G1 X127.997 Y98.987 E934.32689
G1 X128.066 Y99.051 E934.33002
G1 X128.182 Y99.338 E934.34032
G1 X128.231 Y99.395 E934.34282
G1 X128.378 Y99.764 E934.35603
G1 X128.445 Y99.834 E934.35925
G1 X128.606 Y100.24 E934.37378
G1 X128.631 Y100.266 E934.37498
G1 X128.806 Y100.737 E934.39169
G1 X128.847 Y100.79 E934.39392
G1 X128.989 Y101.213 E934.40876
G1 X129.003 Y101.241 E934.4098
G1 X129.041 Y101.294 E934.41197
G1 X129.208 Y101.846 E934.43115
G1 X129.244 Y101.893 E934.43312
G1 X129.244 Y102.207 E934.44356
G1 X129.444 Y102.529 E934.45617
G1 X129.444 Y102.993 E934.4716
G1 X129.644 Y103.361 E934.48553
G1 X129.644 Y103.652 E934.49521
G1 X129.844 Y104.076 E934.51081
G1 X129.844 Y104.494 E934.52471
G1 X130.028 Y105.026 E934.54343
G1 X130.043 Y105.128 E934.54686
G1 X130.047 Y105.722 E934.56662
G1 X130.227 Y106.357 E934.58857
G1 X130.244 Y106.438 E934.59132
G1 X130.245 Y128.033 E935.30957
G1 X125.244 Y128.033 E935.47591
G1 X125.244 Y95.066 E936.5724
G0 F9000 X125.604 Y96.015
G1 F2400 X125.604 Y127.673 E937.62534
G1 X126 Y127.673 E937.63852
G1 X126 Y96.487 E938.67577
G1 X125.987 Y96.463 E938.67667
G1 X125.871 Y96.394 E938.68116
G1 X125.77 Y96.207 E938.68823
G1 X125.685 Y96.155 E938.69155
G1 X125.604 Y96.015 E938.69693
G1 F2400 E937.89693
G0 F9000 X126.787 Y95.519
G0 X127.728 Y96.751
G0 X128.979 Y98.937
G0 X129.501 Y100.192
G0 X130.001 Y101.483
G0 X128.882 Y102.013
G1 F2400 E938.69693
G1 X128.715 Y101.458 E938.7162
G1 X128.693 Y101.427 E938.71747
G1 X128.656 Y101.351 E938.72028
G1 X128.523 Y100.959 E938.73405
G1 X128.488 Y100.914 E938.73594
G1 X128.319 Y100.461 E938.75202
G1 X128.297 Y100.437 E938.75311
G1 X128.136 Y100.032 E938.7676
G1 X128.07 Y99.962 E938.7708
G1 X128 Y99.787 E938.77707
G1 X128 Y127.673 E939.70456
G1 X126 Y127.673 E939.77108
G0 F9000 X128 Y127.673
G1 F2400 X129.885 Y127.673 E939.83378
G1 X129.884 Y106.479 E940.53869
G1 X129.874 Y106.431 E940.54033
G1 X129.687 Y105.773 E940.56308
G1 X129.683 Y105.152 E940.58373
G1 X129.678 Y105.112 E940.58507
G1 X129.484 Y104.555 E940.60469
G1 X129.484 Y104.157 E940.61793
G1 X129.284 Y103.733 E940.63352
G1 X129.284 Y103.454 E940.6428
G1 X129.084 Y103.085 E940.65676
G1 X129.084 Y102.632 E940.67183
G1 X128.884 Y102.31 E940.68443
G1 X128.884 Y102.016 E940.69421
G0 F9000 X125.043 Y102.362
;TYPE:SUPPORT-INTERFACE
G1 F1500 X124.443 Y102.961 E940.72241
G0 F9000 X124.443 Y104.078
G1 F1500 X125.044 Y104.679 E940.75068
G0 F9000 X125.043 Y105.756
G1 F1500 X124.443 Y106.355 E940.77888
G0 F9000 X124.443 Y107.472
G1 F1500 X125.044 Y108.073 E940.80715
G0 F9000 X125.043 Y109.15
G1 F1500 X124.443 Y109.75 E940.83537
G0 F9000 X124.443 Y110.866
G1 F1500 X125.044 Y111.467 E940.86364
G0 F9000 X125.043 Y112.544
G1 F1500 X124.443 Y113.144 E940.89186
G0 F9000 X124.443 Y114.26
G1 F1500 X125.044 Y114.861 E940.92013
G0 F9000 X125.043 Y115.938
G1 F1500 X124.443 Y116.538 E940.94835
G0 F9000 X124.443 Y117.654
G1 F1500 X125.044 Y118.255 E940.97662
G0 F9000 X125.043 Y119.332
G1 F1500 X124.443 Y119.932 E941.00484
G0 F9000 X124.443 Y121.048
G1 F1500 X125.044 Y121.649 E941.03311
G0 F9000 X125.043 Y122.726
G1 F1500 X124.443 Y123.326 E941.06134
G0 F9000 X124.443 Y124.443
G1 F1500 X125.044 Y125.044 E941.0896
G0 F9000 X125.043 Y126.12
G1 F1500 X124.443 Y126.72 E941.11783
G0 F9000 X124.443 Y127.837
G1 F1500 X124.837 Y128.231 E941.13636
G1 F2400 E940.33636
G0 F9000 X124.837 Y128.898
G0 X122.086 Y97.921
G0 X125.044 Y101.285
G1 F2400 E941.13636
G1 F1500 X124.443 Y100.684 E941.16463
G0 F9000 X124.443 Y99.567
G1 F1500 X125.043 Y98.968 E941.19283
G0 F9000 X125.044 Y97.891
G1 F1500 X124.443 Y97.29 E941.2211
G0 F9000 X124.443 Y96.173
G1 F1500 X125.043 Y95.573 E941.24932
G1 F2400 E940.44932
;MESH:1x_1xm_pusher.stl
G0 F9000 X123.224 Y95.573
G0 X120.852 Y95.281
G0 X119.267 Y95.412
;TYPE:WALL-INNER
G1 F2400 E941.24932
G1 F1200 X118.955 Y95.569 E941.26094
G1 X118.666 Y95.758 E941.27242
G1 X118.41 Y95.982 E941.28373
G1 X118.265 Y96.146 E941.29102
G1 X118.17 Y96.253 E941.29577
G1 X117.961 Y96.611 E941.30956
G1 X117.88 Y96.858 E941.31821
G1 X117.88 Y96.611 E941.31895
G1 X117.88 Y96.253 E941.32423
G1 X117.88 Y96.11 E941.32838
G1 X117.88 Y92.755 E941.43997
G1 X117.88 Y92.754 E941.44
G1 X117.88 Y92.517 E941.44788
G1 X118.114 Y92.559 E941.45275
G1 X118.934 Y92.706 E941.48046
G1 X119.966 Y92.924 E941.51554
G1 X120.975 Y93.172 E941.5501
G1 X121.981 Y93.456 E941.58487
G1 X122.957 Y93.765 E941.61892
G1 X123.044 Y93.796 E941.62199
G1 X123.044 Y95.619 E941.68263
G1 X123.044 Y95.765 E941.68748
G1 X123.044 Y95.976 E941.6945
G1 X122.802 Y95.765 E941.69955
G1 X122.681 Y95.684 E941.70354
G1 X122.535 Y95.587 E941.70937
G1 X122.23 Y95.428 E941.72081
G1 X121.903 Y95.303 E941.73246
G1 X121.563 Y95.208 E941.7442
G1 X121.208 Y95.147 E941.75618
G1 X120.851 Y95.12 E941.76809
G1 X120.552 Y95.122 E941.77803
G1 X120.249 Y95.147 E941.78814
G1 X119.945 Y95.197 E941.79839
G1 X119.599 Y95.288 E941.81029
G1 X119.267 Y95.412 E941.82208
G0 F9000 X118.301 Y96.346
G0 X118.108 Y96.677
G0 X117.88 Y97.888
G1 F2400 X117.991 Y98.187 E941.83269
G1 X118.221 Y98.547 E941.8469
G1 X118.271 Y98.601 E941.84934
G1 X118.466 Y98.813 E941.85892
G1 X118.732 Y99.027 E941.87028
G1 X119.022 Y99.205 E941.8816
G1 X119.334 Y99.352 E941.89307
G1 X119.626 Y99.455 E941.90337
G1 X119.963 Y99.541 E941.91493
G1 X120.309 Y99.595 E941.92658
G1 X120.609 Y99.616 E941.93658
G1 X120.968 Y99.612 E941.94852
G1 X121.326 Y99.573 E941.9605
G1 X121.677 Y99.501 E941.97242
G1 X122.015 Y99.396 E941.98419
G1 X122.334 Y99.258 E941.99575
G1 X122.632 Y99.089 E942.00715
G1 X122.699 Y99.04 E942.00991
G1 X122.905 Y98.888 E942.01842
G1 X123.044 Y98.754 E942.02484
G1 X123.044 Y98.888 E942.02517
G1 X123.044 Y99.145 E942.03124
G1 X123.044 Y127.633 E942.97875
G1 X117.879 Y127.633 E943.15054
G1 X117.879 Y127.289 E943.16198
G1 X99.412 Y124.717 E943.78213
G1 X97.045 Y123.605 E943.86911
G1 X96.082 Y122.923 E943.90836
G1 X96.081 Y113.342 E944.22702
G1 X97.232 Y111.377 E944.30276
G1 X97.87 Y110.652 E944.33489
G1 X100.403 Y108.363 E944.44844
G1 X109.815 Y101.708 E944.83183
G1 X117.88 Y101.708 E945.10007
G1 X117.88 Y98.621 E945.20275
G1 X117.88 Y98.547 E945.20449
G1 X117.88 Y98.187 E945.21102
G1 X117.88 Y97.888 E945.21226
G0 F9000 X117.986 Y97.046
G0 X118.108 Y96.677
G0 X118.481 Y96.155
G0 X119.324 Y95.498
G0 X119.427 Y95.779
;TYPE:WALL-OUTER
G1 F1200 X119.155 Y95.916 E945.22239
G1 X118.908 Y96.078 E945.23221
G1 X118.692 Y96.266 E945.24174
G1 X118.496 Y96.488 E945.25159
G1 X118.328 Y96.776 E945.26268
G1 X118.222 Y97.098 E945.27395
G1 X118.194 Y97.37 E945.28304
G1 X118.233 Y97.69 E945.29377
G1 X118.351 Y98.008 E945.30505
G1 X118.539 Y98.302 E945.31666
G1 X118.74 Y98.52 E945.32652
G1 X118.963 Y98.699 E945.33603
G1 X119.213 Y98.853 E945.34579
G1 X119.486 Y98.982 E945.35584
G1 X119.742 Y99.072 E945.36486
G1 X120.043 Y99.149 E945.3752
G1 X120.354 Y99.197 E945.38566
G1 X120.621 Y99.216 E945.39457
G1 X120.944 Y99.212 E945.40531
G1 X121.264 Y99.177 E945.41602
G1 X121.577 Y99.113 E945.42664
G1 X121.876 Y99.02 E945.43706
G1 X122.156 Y98.899 E945.4472
G1 X122.414 Y98.753 E945.45706
G1 X122.646 Y98.582 E945.46665
G1 X122.848 Y98.387 E945.47599
G1 X123.046 Y98.117 E945.48712
G1 X123.059 Y98.1 E945.48783
G1 X123.199 Y97.784 E945.49933
G1 X123.26 Y97.452 E945.51056
G1 X123.24 Y97.117 E945.52172
G1 X123.138 Y96.791 E945.53308
G1 X123.051 Y96.642 E945.53882
G1 X122.962 Y96.489 E945.54471
G1 X122.774 Y96.271 E945.55428
G1 X122.559 Y96.084 E945.56376
G1 X122.331 Y95.932 E945.57287
G1 X122.065 Y95.793 E945.58285
G1 X121.778 Y95.683 E945.59308
G1 X121.475 Y95.599 E945.60353
G1 X121.159 Y95.544 E945.6142
G1 X120.838 Y95.52 E945.62491
G1 X120.57 Y95.522 E945.63382
G1 X120.298 Y95.544 E945.6429
G1 X120.029 Y95.589 E945.65197
G1 X119.72 Y95.67 E945.66259
G1 X119.427 Y95.779 E945.67299
G0 F9000 X119.252 Y95.376
G0 X117.745 Y92.361
G0 X117.48 Y92.053
G1 F2400 X117.708 Y92.086 E945.68065
G1 X117.952 Y92.123 E945.68886
G1 X119.005 Y92.312 E945.72445
G1 X120.055 Y92.534 E945.76014
G1 X121.084 Y92.787 E945.79538
G1 X122.09 Y93.071 E945.83015
G1 X123.085 Y93.386 E945.86487
G1 X123.444 Y93.513 E945.87753
G1 X123.444 Y96.618 E945.9808
G1 X123.444 Y96.791 E945.98578
G1 X123.444 Y97.117 E945.99265
G1 X123.444 Y97.452 E945.99805
G1 X123.444 Y97.784 E946.00396
G1 X123.444 Y98.1 E946.01218
G1 X123.444 Y98.122 E946.0129
G1 X123.444 Y128.033 E947.00774
G1 X117.479 Y128.033 E947.20614
G1 X117.479 Y127.637 E947.21931
G1 X99.296 Y125.105 E947.82992
G1 X96.845 Y123.953 E947.91999
G1 X95.682 Y123.129 E947.9674
G1 X95.681 Y113.234 E948.29651
G1 X96.906 Y111.143 E948.37711
G1 X97.588 Y110.368 E948.41145
G1 X100.154 Y108.048 E948.5265
G1 X109.687 Y101.308 E948.91482
G1 X117.48 Y101.308 E949.17401
G1 X117.48 Y92.284 E949.47415
G1 X117.48 Y92.283 E949.47419
G1 X117.48 Y92.053 E949.47894
G0 F9000 X117.745 Y92.361
G0 X118.039 Y94.868
;TYPE:FILL
G1 F4800 X118.708 Y95.537 E949.51041
G0 F9000 X121.868 Y95.128
G1 F4800 X122.249 Y93.708 E949.55931
G0 F9000 X118.76 Y95.889
G0 X118.301 Y96.346
G0 X118.108 Y96.677
G0 X117.986 Y97.046
G0 X117.998 Y97.745
G0 X118.136 Y98.115
G0 X118.573 Y98.694
G0 X119.397 Y99.203
G0 X120.336 Y99.436
G0 X120.609 Y99.431
G0 X122.511 Y99.34
G1 F4800 X122.884 Y99.714 E949.57688
G0 F9000 X120.623 Y99.774
G1 F4800 X113.459 Y126.512 E950.49755
G0 F9000 X112.285 Y126.348
G1 F4800 X122.882 Y123.509 E950.86244
G0 F9000 X122.884 Y116.684
G1 F4800 X108.812 Y102.612 E951.52435
G0 F9000 X109.222 Y102.322
G1 F4800 X110.921 Y101.867 E951.58285
G0 F9000 X107.119 Y103.808
G1 F4800 X101.482 Y124.844 E952.30719
G0 F9000 X96.241 Y118.224
G1 F4800 X122.883 Y111.085 E953.22457
G0 F9000 X119.482 Y99.573
G1 F4800 X118.039 Y99.96 E953.27426
G0 F9000 X117.708 Y101.536
G0 X100.018 Y110.799
G0 X99.924 Y110.694
G1 F4800 X116.109 Y126.88 E954.03558
G0 F9000 X98.676 Y112.012
G0 X98.47 Y111.81
;TYPE:SKIN
G1 F750 X96.974 Y113.51 E954.11089
G1 X96.595 Y113.236 E954.12645
G1 X97.549 Y111.607 E954.18924
G1 X98.154 Y110.921 E954.21966
G1 X100.646 Y108.668 E954.33139
G1 X103.032 Y106.981 E954.42859
G1 X103.359 Y107.39 E954.446
G1 X98.47 Y111.81 E954.66521
G0 F9000 X98.676 Y112.012
G0 X97.516 Y113.318
G0 X97.186 Y113.026
G1 F1500 X97.007 Y112.847 E954.67363
G0 F9000 X97.216 Y112.49
G1 F1500 X97.452 Y112.725 E954.68471
G0 F9000 X97.716 Y112.424
G1 F1500 X97.425 Y112.132 E954.69842
G0 F9000 X97.634 Y111.776
G1 F1500 X97.98 Y112.123 E954.71472
G0 F9000 X98.245 Y111.821
G1 F1500 X97.886 Y111.463 E954.73158
G0 F9000 X98.152 Y111.162
G1 F1500 X98.528 Y111.539 E954.74929
G0 F9000 X98.825 Y111.271
G1 F1500 X98.436 Y110.881 E954.76761
G0 F9000 X98.733 Y110.612
G1 F1500 X99.122 Y111.002 E954.78593
G0 F9000 X99.419 Y110.733
G1 F1500 X99.03 Y110.344 E954.80423
G0 F9000 X99.327 Y110.075
G1 F1500 X99.716 Y110.464 E954.82253
G0 F9000 X100.014 Y110.196
G1 F1500 X99.624 Y109.806 E954.84087
G0 F9000 X99.921 Y109.538
G1 F1500 X100.311 Y109.928 E954.85922
G0 F9000 X100.608 Y109.659
G1 F1500 X100.218 Y109.269 E954.87756
G0 F9000 X100.515 Y109.001
G1 F1500 X100.905 Y109.39 E954.89588
G0 F9000 X101.203 Y109.122
G1 F1500 X100.82 Y108.74 E954.91387
G0 F9000 X101.151 Y108.505
G1 F1500 X101.5 Y108.854 E954.93029
G0 F9000 X101.797 Y108.585
G1 F1500 X101.483 Y108.271 E954.94506
G0 F9000 X101.814 Y108.037
G1 F1500 X102.094 Y108.316 E954.95821
G0 F9000 X102.391 Y108.048
G1 F1500 X102.145 Y107.802 E954.96978
G0 F9000 X102.477 Y107.568
G1 F1500 X102.688 Y107.78 E954.97973
G0 F9000 X102.985 Y107.511
G1 F1500 X102.809 Y107.334 E954.98803
G0 F9000 X102.557 Y106.975
G0 X103.079 Y106.692
G0 X103.658 Y107.414
G0 X97.504 Y113.332
G0 X97.434 Y113.273
;TYPE:SKIN
G1 F1500 X97.302 Y113.424 E954.98937
G1 X97.037 Y113.725 E954.99206
G1 X96.398 Y113.369 E954.99697
G1 X96.275 Y113.528 E954.99832
G0 F9000 X96.295 Y113.548
G0 X97.005 Y113.79
G0 X117.708 Y101.536
G0 X118.054 Y98.821
G1 F1500 X118.248 Y99.014 E955.00287
G0 F9000 X117.983 Y97.538
G0 X118.059 Y96.121
G0 X118.083 Y96.021
G1 F1500 X118.15 Y95.805 E955.00877
G0 F9000 X118.08 Y95.69
G1 F2400 E954.20877
;MESH:NONMESH
G0 F300 X118.08 Y95.69 Z6.4
G0 F9000 X120.308 Y95.324
G0 X123.224 Y95.273
G0 X125.444 Y95.273
;TIME_ELAPSED:1151.605242
;LAYER:31
;TYPE:SUPPORT
G1 F2400 E955.00877
G1 X125.526 Y95.415 E955.01423
G1 X125.651 Y95.483 E955.01896
G1 X125.748 Y95.647 E955.0253
G1 X125.838 Y95.701 E955.02879
G1 X125.953 Y95.899 E955.03641
G1 X126.04 Y95.951 E955.03978
G1 X126.141 Y96.136 E955.04679
G1 X126.255 Y96.205 E955.05122
G1 X126.345 Y96.366 E955.05735
G1 X126.428 Y96.423 E955.0607
G1 X126.566 Y96.697 E955.07091
G1 X126.657 Y96.755 E955.0745
G1 X126.746 Y96.929 E955.081
G1 X126.757 Y96.939 E955.08149
G1 X126.771 Y96.961 E955.08236
G1 X126.84 Y97.007 E955.08512
G1 X126.957 Y97.253 E955.09418
G1 X126.969 Y97.274 E955.09498
G1 X127.069 Y97.343 E955.09902
G1 X127.174 Y97.552 E955.1068
G1 X127.256 Y97.618 E955.1103
G1 X127.386 Y97.883 E955.12012
G1 X127.415 Y97.897 E955.12119
G1 X127.44 Y97.917 E955.12226
G1 X127.582 Y98.222 E955.13345
G1 X127.649 Y98.281 E955.13641
G1 X127.769 Y98.55 E955.14621
G1 X127.776 Y98.56 E955.14662
G1 X127.832 Y98.611 E955.14914
G1 X127.997 Y98.987 E955.16279
G1 X128.066 Y99.051 E955.16592
G1 X128.182 Y99.338 E955.17622
G1 X128.231 Y99.395 E955.17872
G1 X128.378 Y99.763 E955.1919
G1 X128.444 Y99.833 E955.1951
G1 X128.606 Y100.24 E955.20967
G1 X128.629 Y100.264 E955.21077
G1 X128.806 Y100.743 E955.22776
G1 X128.85 Y100.798 E955.2301
G1 X128.989 Y101.213 E955.24466
G1 X129.004 Y101.242 E955.24574
G1 X129.042 Y101.297 E955.24797
G1 X129.208 Y101.846 E955.26704
G1 X129.244 Y101.893 E955.26901
G1 X129.244 Y102.207 E955.27946
G1 X129.444 Y102.529 E955.29206
G1 X129.444 Y102.993 E955.3075
G1 X129.644 Y103.361 E955.32143
G1 X129.644 Y103.652 E955.33111
G1 X129.844 Y104.076 E955.3467
G1 X129.844 Y104.494 E955.3606
G1 X130.028 Y105.026 E955.37932
G1 X130.043 Y105.128 E955.38275
G1 X130.047 Y105.722 E955.40251
G1 X130.227 Y106.357 E955.42446
G1 X130.244 Y106.438 E955.42722
G1 X130.245 Y128.033 E956.14547
G1 X125.444 Y128.033 E956.30515
G1 X125.444 Y95.273 E957.39475
G0 F9000 X125.804 Y96.27
G1 F2400 X125.804 Y127.673 E958.43922
G1 X126 Y127.673 E958.44574
G1 X126 Y96.488 E959.48296
G1 X125.986 Y96.463 E959.48391
G1 X125.872 Y96.394 E959.48834
G1 X125.804 Y96.27 E959.49305
G1 F2400 E958.69305
G0 F9000 X127.001 Y95.771
G0 X127.947 Y97.064
G0 X128.979 Y98.937
G0 X129.501 Y100.192
G0 X130.001 Y101.483
G0 X128.882 Y102.013
G1 F2400 E959.49305
G1 X128.716 Y101.458 E959.51231
G1 X128.695 Y101.428 E959.51353
G1 X128.656 Y101.354 E959.51631
G1 X128.528 Y100.971 E959.52974
G1 X128.489 Y100.923 E959.5318
G1 X128.316 Y100.457 E959.54833
G1 X128.298 Y100.438 E959.5492
G1 X128.134 Y100.03 E959.56383
G1 X128.069 Y99.961 E959.56698
G1 X128 Y99.789 E959.57315
G1 X128 Y127.673 E960.50057
G1 X126 Y127.673 E960.56709
G0 F9000 X128 Y127.673
G1 F2400 X129.885 Y127.673 E960.62979
G1 X129.884 Y106.479 E961.3347
G1 X129.874 Y106.431 E961.33633
G1 X129.687 Y105.773 E961.35909
G1 X129.683 Y105.152 E961.37974
G1 X129.678 Y105.112 E961.38108
G1 X129.484 Y104.555 E961.4007
G1 X129.484 Y104.157 E961.41394
G1 X129.284 Y103.733 E961.42953
G1 X129.284 Y103.454 E961.43881
G1 X129.084 Y103.085 E961.45277
G1 X129.084 Y102.632 E961.46784
G1 X128.884 Y102.31 E961.48044
G1 X128.884 Y102.016 E961.49022
G0 F9000 X125.243 Y102.162
;TYPE:SUPPORT-INTERFACE
G1 F1500 X124.643 Y102.761 E961.51842
G0 F9000 X125.244 Y101.485
G1 F1500 X124.643 Y100.884 E961.54669
G0 F9000 X124.643 Y99.367
G1 F1500 X125.243 Y98.767 E961.57491
G0 F9000 X125.244 Y98.091
G1 F1500 X124.643 Y97.49 E961.60318
G0 F9000 X124.643 Y95.973
G1 F1500 X125.243 Y95.373 E961.6314
G1 F2400 E960.8314
G0 F9000 X126.151 Y94.772
G0 X126.472 Y95.073
G0 X127.517 Y96.424
G0 X128.447 Y97.959
G0 X129.185 Y99.361
G0 X130.107 Y101.665
G0 X130.269 Y102.267
G0 X130.307 Y102.773
G0 X124.643 Y104.278
G1 F2400 E961.6314
G1 F1500 X125.244 Y104.879 E961.65967
G0 F9000 X125.243 Y105.556
G1 F1500 X124.643 Y106.155 E961.68787
G0 F9000 X124.643 Y107.672
G1 F1500 X125.244 Y108.273 E961.71614
G0 F9000 X125.243 Y108.95
G1 F1500 X124.643 Y109.549 E961.74434
G0 F9000 X124.643 Y111.066
G1 F1500 X125.244 Y111.667 E961.77261
G0 F9000 X125.243 Y112.344
G1 F1500 X124.644 Y112.943 E961.80078
G0 F9000 X124.643 Y114.461
G1 F1500 X125.244 Y115.061 E961.82903
G0 F9000 X125.243 Y115.738
G1 F1500 X124.644 Y116.337 E961.8572
G0 F9000 X124.643 Y117.855
G1 F1500 X125.244 Y118.455 E961.88545
G0 F9000 X125.243 Y119.132
G1 F1500 X124.644 Y119.731 E961.91362
G0 F9000 X124.643 Y121.249
G1 F1500 X125.244 Y121.85 E961.94189
G0 F9000 X125.243 Y122.526
G1 F1500 X124.644 Y123.125 E961.97007
G0 F9000 X124.643 Y124.643
G1 F1500 X125.244 Y125.244 E961.99834
G0 F9000 X125.243 Y125.92
G1 F1500 X124.644 Y126.519 E962.02651
G0 F9000 X124.643 Y128.037
G1 F1500 X124.838 Y128.232 E962.03568
G1 F2400 E961.23568
;MESH:1x_1xm_pusher.stl
G0 F9000 X123.43 Y127.819
G0 X123.292 Y97.173
G0 X123.196 Y96.786
G0 X122.816 Y96.176
G0 X122.325 Y95.77
G0 X121.436 Y95.392
G0 X120.657 Y95.302
G0 X119.168 Y95.37
;TYPE:WALL-INNER
G1 F2400 E962.03568
G1 F1200 X118.85 Y95.517 E962.04734
G1 X118.555 Y95.695 E962.0588
G1 X118.441 Y95.785 E962.06363
G1 X118.286 Y95.907 E962.07019
G1 X118.08 Y96.122 E962.08009
G1 X118.08 Y95.907 E962.08137
G1 X118.08 Y95.709 E962.08653
G1 X118.08 Y92.826 E962.18242
G1 X118.08 Y92.825 E962.18245
G1 X118.08 Y92.588 E962.19033
G1 X118.314 Y92.63 E962.1952
G1 X118.734 Y92.706 E962.2094
G1 X119.766 Y92.924 E962.24448
G1 X120.775 Y93.172 E962.27904
G1 X121.781 Y93.456 E962.31381
G1 X122.758 Y93.765 E962.34789
G1 X123.244 Y93.938 E962.36505
G1 X123.244 Y95.963 E962.4324
G1 X123.244 Y96.065 E962.43579
G1 X123.244 Y96.347 E962.44517
G1 X123.244 Y96.527 E962.45116
G1 X123.151 Y96.347 E962.45243
G1 X122.933 Y96.065 E962.45932
G1 X122.859 Y95.995 E962.46236
G1 X122.685 Y95.83 E962.47034
G1 X122.408 Y95.632 E962.48166
G1 X122.134 Y95.478 E962.49212
G1 X121.815 Y95.34 E962.50368
G1 X121.477 Y95.236 E962.51544
G1 X121.127 Y95.163 E962.52733
G1 X120.771 Y95.124 E962.53924
G1 X120.466 Y95.119 E962.54939
G1 X120.168 Y95.134 E962.55931
G1 X119.858 Y95.176 E962.56972
G1 X119.507 Y95.256 E962.58169
G1 X119.168 Y95.37 E962.59358
G0 F9000 X120.757 Y95.285
G0 X121.76 Y95.492
G0 X122.58 Y95.952
G0 X123.011 Y96.43
G0 X123.196 Y96.786
G0 X123.292 Y97.173
G0 X123.292 Y97.563
G0 X123.197 Y97.95
G0 X122.827 Y98.548
G0 X122.342 Y98.955
G0 X121.435 Y99.345
G0 X120.479 Y99.456
G0 X119.477 Y99.302
G0 X118.994 Y99.071
G0 X118.08 Y98.611
G1 F2400 X118.267 Y98.813 E962.60274
G1 X118.439 Y98.952 E962.6101
G1 X118.532 Y99.027 E962.61407
G1 X118.822 Y99.205 E962.62539
G1 X119.107 Y99.341 E962.63589
G1 X119.43 Y99.456 E962.64729
G1 X119.769 Y99.542 E962.65893
G1 X120.119 Y99.596 E962.6707
G1 X120.47 Y99.617 E962.6824
G1 X120.771 Y99.612 E962.69241
G1 X121.126 Y99.573 E962.70429
G1 X121.477 Y99.501 E962.71621
G1 X121.815 Y99.396 E962.72798
G1 X122.134 Y99.258 E962.73954
G1 X122.432 Y99.089 E962.75093
G1 X122.704 Y98.889 E962.76216
G1 X122.861 Y98.738 E962.76941
G1 X122.946 Y98.656 E962.77334
G1 X123.162 Y98.374 E962.78515
G1 X123.244 Y98.212 E962.79119
G1 X123.244 Y98.374 E962.7916
G1 X123.244 Y98.656 E962.79572
G1 X123.244 Y98.774 E962.79919
G1 X123.244 Y127.633 E963.75904
G1 X118.079 Y127.633 E963.93083
G1 X118.079 Y127.119 E963.94793
G1 X99.384 Y124.515 E964.57573
G1 X96.849 Y123.324 E964.66889
G1 X96.282 Y122.923 E964.69198
G1 X96.281 Y113.342 E965.01065
G1 X97.032 Y112.059 E965.0601
G1 X98.017 Y110.94 E965.10968
G1 X101.825 Y107.498 E965.2804
G1 X110.015 Y101.708 E965.614
G1 X118.08 Y101.708 E965.88225
G1 X118.08 Y99.034 E965.97118
G1 X118.08 Y98.813 E965.97619
G1 X118.08 Y98.611 E965.97724
G0 F9000 X119.169 Y99.191
G0 X120.137 Y99.436
G0 X121.102 Y99.414
G0 X122.066 Y99.11
G0 X122.6 Y98.764
G0 X123.026 Y98.288
G0 X123.197 Y97.95
G0 X123.292 Y97.563
G0 X123.292 Y97.173
G0 X123.196 Y96.786
G0 X122.816 Y96.176
G0 X122.325 Y95.77
G0 X121.436 Y95.392
G0 X120.473 Y95.28
G0 X119.192 Y95.47
G0 X119.316 Y95.742
;TYPE:WALL-OUTER
G1 F1200 X119.038 Y95.871 E965.98744
G1 X118.783 Y96.025 E965.99734
G1 X118.555 Y96.204 E966.00698
G1 X118.35 Y96.418 E966.01684
G1 X118.163 Y96.703 E966.02818
G1 X118.078 Y96.923 E966.03602
G1 X118.04 Y97.023 E966.03958
G1 X117.993 Y97.368 E966.05116
G1 X118.034 Y97.694 E966.06209
G1 X118.078 Y97.813 E966.06631
G1 X118.153 Y98.013 E966.07341
G1 X118.342 Y98.306 E966.08501
G1 X118.54 Y98.52 E966.09471
G1 X118.763 Y98.699 E966.10422
G1 X119.013 Y98.853 E966.11398
G1 X119.261 Y98.971 E966.12312
G1 X119.547 Y99.073 E966.13322
G1 X119.849 Y99.15 E966.14358
G1 X120.161 Y99.198 E966.15408
G1 X120.478 Y99.217 E966.16465
G1 X120.745 Y99.212 E966.17353
G1 X121.064 Y99.177 E966.1842
G1 X121.377 Y99.113 E966.19483
G1 X121.676 Y99.02 E966.20524
G1 X121.956 Y98.899 E966.21539
G1 X122.214 Y98.753 E966.22525
G1 X122.446 Y98.582 E966.23483
G1 X122.647 Y98.389 E966.2441
G1 X122.822 Y98.16 E966.25369
G1 X122.972 Y97.865 E966.26469
G1 X123.053 Y97.536 E966.27596
G1 X123.053 Y97.2 E966.28714
G1 X122.971 Y96.87 E966.29845
G1 X122.812 Y96.563 E966.30995
G1 X122.635 Y96.334 E966.31957
G1 X122.43 Y96.139 E966.32898
G1 X122.193 Y95.97 E966.33867
G1 X121.956 Y95.837 E966.34771
G1 X121.676 Y95.716 E966.35785
G1 X121.377 Y95.624 E966.36826
G1 X121.064 Y95.559 E966.37889
G1 X120.745 Y95.524 E966.38956
G1 X120.473 Y95.519 E966.39861
G1 X120.205 Y95.533 E966.40754
G1 X119.929 Y95.57 E966.4168
G1 X119.615 Y95.642 E966.42751
G1 X119.316 Y95.742 E966.438
G0 F9000 X119.154 Y95.334
G0 X117.944 Y92.425
G0 X117.68 Y92.113
G1 F2400 X117.812 Y92.133 E966.44244
G1 X117.969 Y92.161 E966.44774
G1 X118.805 Y92.312 E966.476
G1 X119.855 Y92.534 E966.51169
G1 X120.884 Y92.787 E966.54694
G1 X121.89 Y93.071 E966.58171
G1 X122.892 Y93.388 E966.61666
G1 X123.644 Y93.655 E966.6432
G1 X123.644 Y128.033 E967.78662
G1 X117.679 Y128.033 E967.98502
G1 X117.679 Y127.467 E968.00384
G1 X99.268 Y124.903 E968.6221
G1 X96.645 Y123.67 E968.7185
G1 X95.882 Y123.13 E968.74959
G1 X95.881 Y113.234 E969.07873
G1 X96.706 Y111.825 E969.13304
G1 X97.735 Y110.656 E969.18484
G1 X101.577 Y107.183 E969.35709
G1 X109.887 Y101.308 E969.69558
G1 X117.68 Y101.308 E969.95478
G1 X117.68 Y97.821 E970.07076
G1 X117.68 Y97.694 E970.07474
G1 X117.68 Y97.368 E970.08378
G1 X117.68 Y97.023 E970.09343
G1 X117.68 Y96.916 E970.09682
G1 X117.68 Y92.293 E970.25058
G1 X117.68 Y92.133 E970.25411
G1 X117.68 Y92.113
G0 F9000 X117.944 Y92.425
G0 X118.238 Y94.868
;TYPE:FILL
G1 F4800 X118.755 Y95.385 E970.27843
G0 F9000 X121.718 Y95.142
G1 F4800 X122.098 Y93.724 E970.32725
G0 F9000 X123.292 Y97.173
G0 X123.292 Y97.563
G0 X122.562 Y99.192
G1 F4800 X123.083 Y99.714 E970.35178
G0 F9000 X120.477 Y99.775
G1 F4800 X113.369 Y126.301 E971.26517
G0 F9000 X113.131 Y126.267
G1 F4800 X123.082 Y123.601 E971.60781
G0 F9000 X123.083 Y116.684
G1 F4800 X109.011 Y102.612 E972.26971
G0 F9000 X109.212 Y102.471
G1 F4800 X111.465 Y101.867 E972.3473
G0 F9000 X106.892 Y104.11
G1 F4800 X101.393 Y124.633 E973.05397
G0 F9000 X97.753 Y118.002
G0 X97.612 Y118.002
G1 F4800 X123.082 Y111.178 E973.93099
G0 F9000 X119.647 Y99.675
G1 F4800 X118.24 Y100.052 E973.97943
G0 F9000 X117.908 Y101.536
G0 X100.344 Y110.926
G0 X100.25 Y110.821
G1 F4800 X116.111 Y126.682 E974.72549
G0 F9000 X97.344 Y123.434
G0 X97.463 Y123.181
;TYPE:SKIN
G1 F1500 X97.044 Y122.984 E974.74089
G1 X96.672 Y122.721 E974.75604
G1 X96.671 Y113.449 E975.06443
G1 X97.349 Y112.289 E975.10911
G1 X98.301 Y111.209 E975.157
G1 X102.068 Y107.803 E975.32591
G1 X104.457 Y106.114 E975.42322
G1 X104.784 Y106.523 E975.44064
G1 X98.611 Y112.102 E975.71738
G1 X97.463 Y113.409 E975.77524
G1 X97.463 Y123.181 E976.10026
G0 F9000 X97.18 Y122.871
G1 F1500 X97.302 Y122.748 E976.10602
G0 F9000 X96.84 Y122.645
G1 F1500 X97.302 Y122.183 E976.12775
G0 F9000 X96.831 Y122.088
G1 F1500 X97.302 Y121.617 E976.1499
G0 F9000 X96.831 Y121.522
G1 F1500 X97.302 Y121.051 E976.17206
G0 F9000 X96.831 Y120.956
G1 F1500 X97.302 Y120.486 E976.19419
G0 F9000 X96.831 Y120.391
G1 F1500 X97.302 Y119.92 E976.21634
G0 F9000 X96.831 Y119.825
G1 F1500 X97.302 Y119.354 E976.2385
G0 F9000 X96.831 Y119.259
G1 F1500 X97.302 Y118.788 E976.26065
G0 F9000 X96.831 Y118.694
G1 F1500 X97.302 Y118.223 E976.28281
G0 F9000 X96.831 Y118.128
G1 F1500 X97.302 Y117.657 E976.30496
G0 F9000 X96.831 Y117.562
G1 F1500 X97.302 Y117.091 E976.32712
G0 F9000 X96.831 Y116.997
G1 F1500 X97.302 Y116.526 E976.34927
G0 F9000 X96.831 Y116.431
G1 F1500 X97.302 Y115.96 E976.37143
G0 F9000 X96.831 Y115.865
G1 F1500 X97.302 Y115.394 E976.39358
G0 F9000 X96.831 Y115.3
G1 F1500 X97.302 Y114.829 E976.41573
G0 F9000 X96.831 Y114.734
G1 F1500 X97.302 Y114.263 E976.43789
G0 F9000 X96.831 Y114.168
G1 F1500 X97.302 Y113.697 E976.46004
G0 F9000 X96.831 Y113.603
G1 F1500 X103.326 Y107.108 E976.76555
G0 F9000 X103.844 Y107.155
G1 F1500 X104.534 Y106.466 E976.79798
G0 F9000 X104.885 Y106.186
G0 X104.504 Y105.825
G0 X102.194 Y107.446
G0 X99.52 Y109.73
G0 X99.813 Y110.055
G1 F1500 X97.469 Y112.4 E976.90826
G0 F9000 X97.091 Y112.178
G0 X98.14 Y111.059
G0 X101.937 Y107.627
G0 X104.504 Y105.825
G0 X117.908 Y101.536
G0 X118.254 Y99.251
;TYPE:SKIN
G1 F1500 X118.378 Y99.127 E976.91117
G0 F9000 X118.391 Y99.103
G0 X120.137 Y99.436
G0 X121.102 Y99.414
G0 X122.066 Y99.11
G0 X122.6 Y98.764
G0 X123.026 Y98.288
G0 X123.197 Y97.95
G0 X123.292 Y97.563
G0 X123.292 Y97.173
G0 X123.196 Y96.786
G0 X122.816 Y96.176
G0 X122.325 Y95.77
G0 X121.436 Y95.392
G0 X120.473 Y95.28
G0 X118.246 Y95.546
G0 X118.254 Y95.574
G1 F1500 X118.411 Y95.417 E976.91487
G0 F9000 X120.757 Y95.285
G0 X121.324 Y95.401
G0 X122.871 Y95.766
G0 X122.969 Y95.667
G1 F1500 X123.041 Y95.878 E976.92069
G0 F9000 X123.034 Y95.972
G0 X123.292 Y97.173
G0 X123.067 Y98.963
G1 F1500 X122.899 Y99.132 E976.92466
G0 F9000 X122.832 Y99.265
G1 F2400 E976.12466
;MESH:NONMESH
G0 F300 X122.832 Y99.265 Z6.6
G0 F9000 X123.246 Y97.734
G0 X123.424 Y95.479
G0 X125.644 Y95.479
;TIME_ELAPSED:1182.426450
;LAYER:32
;TYPE:SUPPORT
G1 F2400 E976.92466
G1 X125.652 Y95.483 E976.92496
G1 X125.748 Y95.647 E976.93128
G1 X125.838 Y95.701 E976.93477
G1 X125.953 Y95.899 E976.94238
G1 X126.04 Y95.951 E976.94575
G1 X126.141 Y96.136 E976.95276
G1 X126.253 Y96.204 E976.95712
G1 X126.344 Y96.366 E976.9633
G1 X126.429 Y96.424 E976.96672
G1 X126.566 Y96.697 E976.97688
G1 X126.657 Y96.755 E976.98047
G1 X126.746 Y96.929 E976.98697
G1 X126.757 Y96.939 E976.98747
G1 X126.771 Y96.961 E976.98833
G1 X126.84 Y97.007 E976.99109
G1 X126.957 Y97.253 E977.00015
G1 X126.969 Y97.274 E977.00096
G1 X127.066 Y97.341 E977.00488
G1 X127.175 Y97.557 E977.01293
G1 X127.258 Y97.622 E977.01643
G1 X127.387 Y97.883 E977.02612
G1 X127.414 Y97.897 E977.02713
G1 X127.44 Y97.917 E977.02822
G1 X127.582 Y98.222 E977.03941
G1 X127.647 Y98.28 E977.04231
G1 X127.772 Y98.557 E977.05241
G1 X127.833 Y98.612 E977.05515
G1 X127.997 Y98.987 E977.06876
G1 X128.066 Y99.051 E977.07189
G1 X128.182 Y99.338 E977.08218
G1 X128.231 Y99.395 E977.08468
G1 X128.378 Y99.763 E977.09786
G1 X128.443 Y99.833 E977.10104
G1 X128.606 Y100.24 E977.11562
G1 X128.629 Y100.264 E977.11673
G1 X128.806 Y100.743 E977.13371
G1 X128.85 Y100.798 E977.13606
G1 X128.994 Y101.233 E977.1513
G1 X129.044 Y101.304 E977.15419
G1 X129.208 Y101.846 E977.17302
G1 X129.244 Y101.893 E977.17499
G1 X129.244 Y102.207 E977.18543
G1 X129.444 Y102.529 E977.19804
G1 X129.444 Y102.993 E977.21347
G1 X129.644 Y103.361 E977.2274
G1 X129.644 Y103.652 E977.23708
G1 X129.844 Y104.076 E977.25267
G1 X129.844 Y104.494 E977.26658
G1 X130.028 Y105.026 E977.2853
G1 X130.043 Y105.128 E977.28873
G1 X130.047 Y105.722 E977.30849
G1 X130.227 Y106.357 E977.33044
G1 X130.244 Y106.438 E977.33319
G1 X130.245 Y128.033 E978.05144
G1 X125.644 Y128.033 E978.20447
G1 X125.645 Y98.44 E979.18874
G1 X125.643 Y98.115 E979.19955
G1 X125.644 Y95.479 E979.28722
G0 F9000 X126.004 Y96.495
G1 F2400 X126.003 Y98.115 E979.34111
G1 X126.005 Y98.439 E979.35188
G1 X126.004 Y127.673 E980.32421
G1 X128 Y127.673 E980.3906
G1 X128 Y99.79 E981.31799
G1 X127.917 Y99.582 E981.32544
G1 X127.87 Y99.527 E981.32784
G1 X127.763 Y99.261 E981.33738
G1 X127.697 Y99.2 E981.34037
G1 X127.534 Y98.827 E981.35391
G1 X127.475 Y98.773 E981.35657
G1 X127.351 Y98.497 E981.36663
G1 X127.287 Y98.442 E981.36944
G1 X127.162 Y98.171 E981.37936
G1 X127.116 Y98.147 E981.38109
G1 X126.972 Y97.854 E981.39195
G1 X126.891 Y97.791 E981.39536
G1 X126.785 Y97.584 E981.4031
G1 X126.697 Y97.524 E981.40664
G1 X126.638 Y97.42 E981.41062
G1 X126.558 Y97.252 E981.4168
G1 X126.509 Y97.219 E981.41877
G1 X126.479 Y97.173 E981.4206
G1 X126.455 Y97.15 E981.4217
G1 X126.382 Y97.007 E981.42704
G1 X126.289 Y96.947 E981.43072
G1 X126.149 Y96.669 E981.44108
G1 X126.072 Y96.616 E981.44418
G1 X126.004 Y96.495 E981.4488
G1 F2400 E980.6488
G0 F9000 X127.229 Y96.097
G0 X127.947 Y97.065
G0 X128.186 Y97.484
G0 X128.928 Y98.878
G0 X128 Y99.79
G1 F2400 E981.4488
G1 X128.068 Y99.959 E981.45486
G1 X128.134 Y100.03 E981.45808
G1 X128.298 Y100.438 E981.47271
G1 X128.316 Y100.457 E981.47358
G1 X128.489 Y100.923 E981.49011
G1 X128.528 Y100.972 E981.4922
G1 X128.669 Y101.397 E981.50709
G1 X128.718 Y101.467 E981.50993
G1 X128.882 Y102.013 E981.52889
G0 F9000 X128.884 Y102.016
G1 F2400 X128.884 Y102.31 E981.53867
G1 X129.084 Y102.632 E981.55128
G1 X129.084 Y103.085 E981.56634
G1 X129.284 Y103.454 E981.5803
G1 X129.284 Y103.733 E981.58958
G1 X129.484 Y104.157 E981.60518
G1 X129.484 Y104.555 E981.61841
G1 X129.678 Y105.112 E981.63803
G1 X129.683 Y105.152 E981.63937
G1 X129.687 Y105.773 E981.66003
G1 X129.874 Y106.431 E981.68278
G1 X129.884 Y106.479 E981.68441
G1 X129.885 Y127.673 E982.38933
G1 X128 Y127.673 E982.45202
G0 F9000 X125.443 Y125.72
;TYPE:SUPPORT-INTERFACE
G1 F1500 X124.843 Y126.32 E982.48024
G0 F9000 X125.444 Y125.444
G1 F1500 X124.843 Y124.843 E982.50851
G0 F9000 X124.843 Y122.926
G1 F1500 X125.443 Y122.326 E982.53673
G0 F9000 X125.444 Y122.05
G1 F1500 X124.843 Y121.449 E982.565
G0 F9000 X124.843 Y119.532
G1 F1500 X125.443 Y118.932 E982.59323
G0 F9000 X125.444 Y118.656
G1 F1500 X124.843 Y118.055 E982.62149
G0 F9000 X124.843 Y116.138
G1 F1500 X125.443 Y115.538 E982.64972
G0 F9000 X125.444 Y115.261
G1 F1500 X124.843 Y114.66 E982.67799
G0 F9000 X124.843 Y112.743
G1 F1500 X125.443 Y112.144 E982.70618
G0 F9000 X125.444 Y111.867
G1 F1500 X124.843 Y111.266 E982.73445
G0 F9000 X124.843 Y109.349
G1 F1500 X125.443 Y108.75 E982.76265
G0 F9000 X125.444 Y108.473
G1 F1500 X124.843 Y107.872 E982.79092
G0 F9000 X124.843 Y105.955
G1 F1500 X125.443 Y105.356 E982.81912
G0 F9000 X125.444 Y105.079
G1 F1500 X124.843 Y104.478 E982.84739
G0 F9000 X124.843 Y102.561
G1 F1500 X125.443 Y101.961 E982.87561
G0 F9000 X125.444 Y101.685
G1 F1500 X124.843 Y101.084 E982.90388
G0 F9000 X124.843 Y99.167
G1 F1500 X125.443 Y98.567 E982.9321
G0 F9000 X125.443 Y98.29
G1 F1500 X124.843 Y97.69 E982.96033
G0 F9000 X124.843 Y95.773
G1 F1500 X125.442 Y95.174 E982.9885
G1 F2400 E982.1885
;MESH:1x_1xm_pusher.stl
G0 F9000 X123.724 Y95.174
G0 X119.592 Y95.454
G0 X118.28 Y95.752
;TYPE:WALL-INNER
G1 F2400 E982.9885
G1 X118.28 Y95.577 E982.99432
G1 X118.28 Y95.465 E982.99805
G1 X118.28 Y92.796 E983.08682
G1 X118.28 Y92.706 E983.08981
G1 X118.28 Y92.66 E983.09134
G1 X118.533 Y92.706 E983.09684
G1 X118.621 Y92.724 E983.0994
G1 X119.566 Y92.924 E983.13152
G1 X120.575 Y93.172 E983.16608
G1 X121.581 Y93.456 E983.20085
G1 X122.558 Y93.765 E983.23493
G1 X123.444 Y94.079 E983.2662
G1 X123.444 Y96.516 E983.34725
G1 X123.444 Y96.629 E983.35101
G1 X123.444 Y97.044 E983.36481
G1 X123.444 Y97.476 E983.37918
G1 X123.444 Y97.901 E983.39332
G1 X123.444 Y98.238 E983.40453
G1 X123.444 Y127.633 E984.38221
G1 X118.279 Y127.633 E984.554
G1 X118.279 Y126.949 E984.57675
G1 X99.356 Y124.313 E985.2122
G1 X96.645 Y123.039 E985.31183
G1 X96.482 Y122.924 E985.31847
G1 X96.481 Y113.342 E985.63717
G1 X96.832 Y112.742 E985.66029
G1 X98.164 Y111.228 E985.72736
G1 X103.248 Y106.633 E985.95528
G1 X110.215 Y101.708 E986.23906
G1 X118.28 Y101.708 E986.5073
G1 X118.28 Y99.253 E986.58895
G1 X118.28 Y99.195 E986.59088
G1 X118.28 Y99.027 E986.59647
G1 X118.28 Y98.985 E986.59787
G1 X118.333 Y99.027 E986.59811
G1 X118.606 Y99.195 E986.60499
G1 X118.658 Y99.22 E986.60676
G1 X118.911 Y99.342 E986.6161
G1 X119.237 Y99.459 E986.62762
G1 X119.577 Y99.544 E986.63928
G1 X119.926 Y99.597 E986.65102
G1 X120.279 Y99.617 E986.66278
G1 X120.634 Y99.607 E986.67459
G1 X120.987 Y99.562 E986.68642
G1 X121.33 Y99.486 E986.69811
G1 X121.66 Y99.379 E986.70965
G1 X121.972 Y99.238 E986.72104
G1 X122.264 Y99.07 E986.73224
G1 X122.537 Y98.862 E986.74366
G1 X122.814 Y98.575 E986.75692
G1 X123.022 Y98.277 E986.76901
G1 X123.051 Y98.21 E986.77144
G1 X123.185 Y97.901 E986.78071
G1 X123.262 Y97.476 E986.78872
G1 X123.236 Y97.044 E986.79575
G1 X123.106 Y96.629 E986.8058
G1 X123.05 Y96.532 E986.80925
G1 X122.888 Y96.254 E986.81995
G1 X122.648 Y95.98 E986.83206
G1 X122.391 Y95.758 E986.84336
G1 X122.102 Y95.567 E986.85488
G1 X121.79 Y95.412 E986.86647
G1 X121.502 Y95.303 E986.87671
G1 X121.164 Y95.209 E986.88838
G1 X120.867 Y95.156 E986.89841
G1 X120.568 Y95.124 E986.90841
G1 X120.256 Y95.119 E986.91879
G1 X119.892 Y95.142 E986.93092
G1 X119.533 Y95.2 E986.94302
G1 X119.186 Y95.293 E986.95497
G1 X118.853 Y95.419 E986.96681
G1 X118.641 Y95.527 E986.97472
G1 X118.541 Y95.577 E986.97762
G1 X118.28 Y95.752 E986.98319
G0 F9000 X117.985 Y96.469
G0 X117.904 Y96.769
G0 X117.88 Y96.918
;TYPE:WALL-OUTER
G1 F2400 X117.88 Y96.785 E986.98761
G1 X117.88 Y96.489 E986.99746
G1 X117.88 Y96.243 E987.00564
G1 X117.88 Y92.42 E987.13279
G1 X117.88 Y92.419 E987.13283
G1 X117.88 Y92.181 E987.14074
G1 X118.115 Y92.223 E987.14564
G1 X118.604 Y92.312 E987.16217
G1 X119.655 Y92.534 E987.1979
G1 X120.684 Y92.787 E987.23314
G1 X121.69 Y93.071 E987.26791
G1 X122.692 Y93.388 E987.30287
G1 X123.659 Y93.731 E987.33699
G1 X123.844 Y93.804 E987.34361
G1 X123.844 Y128.033 E988.48207
G1 X117.879 Y128.033 E988.68046
G1 X117.879 Y127.297 E988.70494
G1 X99.24 Y124.701 E989.33086
G1 X96.445 Y123.387 E989.43359
G1 X96.082 Y123.13 E989.44838
G1 X96.081 Y113.234 E989.77752
G1 X96.506 Y112.508 E989.8055
G1 X97.882 Y110.944 E989.87479
G1 X103 Y106.318 E990.10424
G1 X110.087 Y101.308 E990.39291
G1 X117.88 Y101.308 E990.6521
G1 X117.88 Y98.481 E990.74613
G1 X117.88 Y98.311 E990.75179
G1 X117.88 Y98.018 E990.76153
G1 X117.88 Y97.818 E990.76818
G1 X117.955 Y98.018 E990.76915
G1 X118.146 Y98.311 E990.77489
G1 X118.261 Y98.435 E990.77964
G1 X118.34 Y98.52 E990.7835
G1 X118.564 Y98.699 E990.79304
G1 X118.799 Y98.844 E990.80222
G1 X119.066 Y98.973 E990.81208
G1 X119.353 Y99.076 E990.82223
G1 X119.656 Y99.151 E990.83261
G1 X119.968 Y99.199 E990.84311
G1 X120.285 Y99.217 E990.85367
G1 X120.603 Y99.208 E990.86425
G1 X120.918 Y99.168 E990.87481
G1 X121.224 Y99.1 E990.88523
G1 X121.516 Y99.005 E990.89545
G1 X121.789 Y98.882 E990.90541
G1 X122.042 Y98.736 E990.91512
G1 X122.27 Y98.562 E990.92466
G1 X122.504 Y98.32 E990.93586
G1 X122.671 Y98.081 E990.94556
G1 X122.8 Y97.784 E990.95633
G1 X122.86 Y97.452 E990.96755
G1 X122.84 Y97.117 E990.97871
G1 X122.738 Y96.791 E990.99007
G1 X122.562 Y96.489 E991.0017
G1 X122.365 Y96.264 E991.01164
G1 X122.149 Y96.077 E991.02114
G1 X121.902 Y95.914 E991.03099
G1 X121.63 Y95.779 E991.04109
G1 X121.377 Y95.683 E991.05009
G1 X121.075 Y95.599 E991.06051
G1 X120.811 Y95.552 E991.06943
G1 X120.544 Y95.524 E991.07836
G1 X120.265 Y95.519 E991.08764
G1 X119.937 Y95.54 E991.09857
G1 X119.617 Y95.592 E991.10936
G1 X119.308 Y95.674 E991.11999
G1 X119.015 Y95.785 E991.13041
G1 X118.744 Y95.923 E991.14053
G1 X118.5 Y96.086 E991.15029
G1 X118.283 Y96.273 E991.15981
G1 X118.257 Y96.303 E991.16113
G1 X118.096 Y96.489 E991.16755
G1 X117.922 Y96.785 E991.17201
G1 X117.88 Y96.918 E991.1724
G1 F2400 E990.3724
G0 F9000 X117.985 Y96.469
G0 X118.825 Y95.256
;TYPE:FILL
G1 F2400 E991.1724
G1 F4800 X118.438 Y94.869 E991.1906
G0 F9000 X121.569 Y95.155
G1 F4800 X121.948 Y93.739 E991.23936
G0 F9000 X122.874 Y96.756
G0 X123.283 Y98.847
G1 F4800 X122.568 Y99.038 E991.26397
G0 F9000 X122.591 Y99.022
G1 F4800 X123.283 Y99.714 E991.29652
G0 F9000 X120.331 Y99.773
G1 F4800 X113.28 Y126.091 E992.20273
G0 F9000 X113.974 Y126.187
G1 F4800 X123.283 Y123.693 E992.52327
G0 F9000 X123.283 Y116.684
G1 F4800 X109.211 Y102.613 E993.18515
G0 F9000 X109.2 Y102.62
G1 F4800 X112.011 Y101.867 E993.28194
G0 F9000 X106.665 Y104.411
G1 F4800 X106.349 Y105.592 E993.3226
G0 F9000 X106.3 Y105.774
G1 F4800 X101.303 Y124.422 E993.96472
G0 F9000 X98.154 Y118.041
G0 X98.014 Y118.041
G1 F4800 X123.282 Y111.27 E994.83479
G0 F9000 X119.898 Y99.753
G1 F4800 X118.44 Y100.144 E994.88499
G0 F9000 X118.008 Y101.436
G0 X100.671 Y111.054
G0 X100.578 Y110.95
G1 F4800 X116.113 Y126.485 E995.61571
G0 F9000 X97.745 Y123.433
G0 X97.864 Y123.181
;TYPE:SKIN
G1 F1500 X96.872 Y122.715 E995.65217
G1 X96.871 Y113.449 E995.96036
G1 X97.15 Y112.971 E995.97876
G1 X98.448 Y111.497 E996.04409
G1 X103.491 Y106.938 E996.2702
G1 X105.882 Y105.248 E996.36758
G1 X106.209 Y105.657 E996.385
G1 X98.76 Y112.392 E996.71901
G1 X97.864 Y113.408 E996.76406
G1 X97.864 Y123.181 E997.08912
G0 F9000 X97.745 Y123.433
G0 X96.657 Y122.833
G0 X96.591 Y122.487
G0 X97.031 Y122.487
G1 F1500 X97.266 Y122.722 E997.10017
G0 F9000 X97.704 Y122.594
G1 F1500 X97.031 Y121.921 E997.13183
G0 F9000 X97.031 Y121.355
G1 F1500 X97.704 Y122.028 E997.16348
G0 F9000 X97.704 Y121.463
G1 F1500 X97.031 Y120.79 E997.19514
G0 F9000 X97.031 Y120.224
G1 F1500 X97.704 Y120.897 E997.22679
G0 F9000 X97.704 Y120.331
G1 F1500 X97.031 Y119.658 E997.25845
G0 F9000 X97.031 Y119.093
G1 F1500 X97.704 Y119.766 E997.2901
G0 F9000 X97.704 Y119.2
G1 F1500 X97.031 Y118.527 E997.32176
G0 F9000 X97.03 Y117.96
G1 F1500 X97.704 Y118.634 E997.35346
G0 F9000 X97.704 Y118.069
G1 F1500 X97.03 Y117.395 E997.38517
G0 F9000 X97.03 Y116.829
G1 F1500 X97.704 Y117.503 E997.41687
G0 F9000 X97.704 Y116.937
G1 F1500 X97.03 Y116.263 E997.44857
G0 F9000 X97.03 Y115.698
G1 F1500 X97.704 Y116.372 E997.48027
G0 F9000 X97.704 Y115.806
G1 F1500 X97.03 Y115.132 E997.51198
G0 F9000 X97.03 Y114.566
G1 F1500 X97.704 Y115.24 E997.54368
G0 F9000 X97.704 Y114.675
G1 F1500 X97.03 Y114.001 E997.57538
G0 F9000 X97.051 Y113.455
G1 F1500 X97.704 Y114.109 E997.60612
G0 F9000 X97.704 Y113.543
G1 F1500 X97.259 Y113.098 E997.62705
G0 F9000 X97.518 Y112.792
G1 F1500 X97.877 Y113.15 E997.64392
G0 F9000 X98.142 Y112.849
G1 F1500 X97.783 Y112.491 E997.66078
G0 F9000 X98.048 Y112.19
G1 F1500 X98.407 Y112.549 E997.67767
G0 F9000 X98.675 Y112.251
G1 F1500 X98.313 Y111.889 E997.69469
G0 F9000 X98.581 Y111.592
G1 F1500 X98.972 Y111.983 E997.71308
G0 F9000 X99.269 Y111.714
G1 F1500 X98.878 Y111.323 E997.73148
G0 F9000 X99.175 Y111.054
G1 F1500 X99.566 Y111.445 E997.74987
G0 F9000 X99.863 Y111.176
G1 F1500 X99.472 Y110.785 E997.76826
G0 F9000 X99.769 Y110.517
G1 F1500 X100.16 Y110.908 E997.78665
G0 F9000 X100.457 Y110.64
G1 F1500 X100.066 Y110.248 E997.80507
G0 F9000 X100.363 Y109.98
G1 F1500 X100.754 Y110.371 E997.82346
G0 F9000 X101.051 Y110.102
G1 F1500 X100.66 Y109.711 E997.84185
G0 F9000 X100.957 Y109.443
G1 F1500 X101.348 Y109.834 E997.86024
G0 F9000 X101.645 Y109.565
G1 F1500 X101.254 Y109.174 E997.87863
G0 F9000 X101.551 Y108.905
G1 F1500 X101.943 Y109.297 E997.89707
G0 F9000 X102.24 Y109.028
G1 F1500 X101.848 Y108.637 E997.91548
G0 F9000 X102.145 Y108.368
G1 F1500 X102.537 Y108.76 E997.93392
G0 F9000 X102.834 Y108.491
G1 F1500 X102.443 Y108.1 E997.95231
G0 F9000 X102.74 Y107.831
G1 F1500 X103.131 Y108.222 E997.97071
G0 F9000 X103.429 Y107.954
G1 F1500 X103.037 Y107.562 E997.98914
G0 F9000 X103.334 Y107.294
G1 F1500 X103.726 Y107.685 E998.00756
G0 F9000 X104.023 Y107.417
G1 F1500 X103.636 Y107.03 E998.02576
G0 F9000 X103.967 Y106.795
G1 F1500 X104.32 Y107.148 E998.04237
G0 F9000 X104.617 Y106.879
G1 F1500 X104.298 Y106.561 E998.05735
G0 F9000 X104.63 Y106.327
G1 F1500 X104.914 Y106.611 E998.07071
G0 F9000 X105.211 Y106.343
G1 F1500 X104.962 Y106.093 E998.08244
G0 F9000 X105.293 Y105.859
G1 F1500 X105.508 Y106.074 E998.09255
G0 F9000 X105.805 Y105.805
G1 F1500 X105.625 Y105.625 E998.10102
G0 F9000 X105.373 Y105.266
G0 X105.929 Y104.959
G0 X118.008 Y101.436
G0 X122.974 Y98.649
G0 X123.026 Y98.701
;TYPE:SKIN
G1 F1500 X123.179 Y98.572 E998.10493
G1 X123.232 Y98.342 E998.10954
G0 F9000 X123.298 Y98.407
G0 X123.285 Y96.337
G0 X123.154 Y96.284
G1 F1500 X123.194 Y96.041 E998.11838
G0 F9000 X123.344 Y96.079
G1 F2400 E997.31838
;MESH:NONMESH
G0 F300 X123.344 Y96.079 Z6.8
G0 F9000 X123.724 Y95.71
G0 X125.844 Y95.71
;TIME_ELAPSED:1210.911140
;LAYER:33
;TYPE:SUPPORT
G1 F2400 E998.11838
G1 X125.953 Y95.899 E998.12563
G1 X126.04 Y95.951 E998.129
G1 X126.141 Y96.136 E998.13602
G1 X126.251 Y96.203 E998.1403
G1 X126.344 Y96.369 E998.14663
G1 X126.431 Y96.429 E998.15014
G1 X126.566 Y96.697 E998.16012
G1 X126.657 Y96.755 E998.16371
G1 X126.746 Y96.929 E998.17021
G1 X126.757 Y96.939 E998.17071
G1 X126.771 Y96.961 E998.17157
G1 X126.84 Y97.007 E998.17433
G1 X126.957 Y97.253 E998.18339
G1 X126.969 Y97.274 E998.1842
G1 X127.066 Y97.342 E998.18814
G1 X127.175 Y97.559 E998.19621
G1 X127.258 Y97.624 E998.19972
G1 X127.336 Y97.783 E998.20561
G1 X127.336 Y97.858 E998.20811
G1 X127.415 Y97.897 E998.21104
G1 X127.438 Y97.916 E998.21203
G1 X127.584 Y98.224 E998.22337
G1 X127.647 Y98.28 E998.22617
G1 X127.772 Y98.557 E998.23628
G1 X127.833 Y98.612 E998.23901
G1 X127.997 Y98.987 E998.25262
G1 X128.066 Y99.051 E998.25575
G1 X128.182 Y99.338 E998.26605
G1 X128.231 Y99.395 E998.26855
G1 X128.378 Y99.763 E998.28173
G1 X128.441 Y99.83 E998.28479
G1 X128.597 Y100.219 E998.29873
G1 X128.61 Y100.243 E998.29963
G1 X128.629 Y100.263 E998.30055
G1 X128.806 Y100.743 E998.31757
G1 X128.85 Y100.798 E998.31991
G1 X128.994 Y101.233 E998.33515
G1 X129.044 Y101.304 E998.33804
G1 X129.208 Y101.846 E998.35687
G1 X129.244 Y101.893 E998.35884
G1 X129.244 Y102.207 E998.36929
G1 X129.444 Y102.529 E998.38189
G1 X129.444 Y102.993 E998.39733
G1 X129.644 Y103.361 E998.41126
G1 X129.644 Y103.652 E998.42093
G1 X129.844 Y104.076 E998.43653
G1 X129.844 Y104.494 E998.45043
G1 X130.028 Y105.026 E998.46915
G1 X130.043 Y105.128 E998.47258
G1 X130.047 Y105.722 E998.49234
G1 X130.227 Y106.357 E998.51429
G1 X130.244 Y106.438 E998.51704
G1 X130.245 Y128.033 E999.2353
G1 X125.844 Y128.033 E999.38167
G1 X125.845 Y98.515 E1000.36345
G1 X125.843 Y98.177 E1000.37469
G1 X125.844 Y95.71 E1000.45674
G0 F9000 X126.204 Y96.779
G1 F2400 X126.203 Y98.177 E1000.50324
G1 X126.205 Y98.514 E1000.51445
G1 X126.204 Y127.673 E1001.48428
G1 X128 Y127.673 E1001.54402
G1 X128 Y99.79 E1002.47141
G1 X127.917 Y99.582 E1002.47886
G1 X127.87 Y99.527 E1002.48126
G1 X127.763 Y99.261 E1002.4908
G1 X127.697 Y99.2 E1002.49379
G1 X127.534 Y98.827 E1002.50733
G1 X127.475 Y98.773 E1002.50999
G1 X127.351 Y98.498 E1002.52002
G1 X127.291 Y98.444 E1002.52271
G1 X127.162 Y98.173 E1002.53269
G1 X126.976 Y98.081 E1002.53959
G1 X126.976 Y97.867 E1002.54671
G1 X126.97 Y97.856 E1002.54712
G1 X126.89 Y97.794 E1002.55049
G1 X126.784 Y97.584 E1002.55831
G1 X126.697 Y97.522 E1002.56187
G1 X126.638 Y97.42 E1002.56579
G1 X126.558 Y97.252 E1002.57198
G1 X126.509 Y97.219 E1002.57394
G1 X126.479 Y97.173 E1002.57577
G1 X126.455 Y97.15 E1002.57687
G1 X126.382 Y97.007 E1002.58221
G1 X126.289 Y96.947 E1002.58589
G1 X126.204 Y96.779 E1002.59216
G1 F2400 E1001.79216
G0 F9000 X127.426 Y96.363
G0 X127.948 Y97.067
G0 X128.928 Y98.878
G0 X128 Y99.79
G1 F2400 E1002.59216
G1 X128.068 Y99.959 E1002.59822
G1 X128.132 Y100.028 E1002.60135
G1 X128.271 Y100.372 E1002.61369
G1 X128.315 Y100.454 E1002.61678
G1 X128.489 Y100.923 E1002.63342
G1 X128.528 Y100.972 E1002.6355
G1 X128.669 Y101.397 E1002.6504
G1 X128.718 Y101.467 E1002.65324
G1 X128.882 Y102.013 E1002.6722
G0 F9000 X128.884 Y102.016
G1 F2400 X128.884 Y102.31 E1002.68198
G1 X129.084 Y102.632 E1002.69458
G1 X129.084 Y103.085 E1002.70965
G1 X129.284 Y103.454 E1002.72361
G1 X129.284 Y103.733 E1002.73289
G1 X129.484 Y104.157 E1002.74848
G1 X129.484 Y104.555 E1002.76172
G1 X129.678 Y105.112 E1002.78134
G1 X129.683 Y105.152 E1002.78268
G1 X129.687 Y105.773 E1002.80333
G1 X129.874 Y106.431 E1002.82609
G1 X129.884 Y106.479 E1002.82772
G1 X129.885 Y127.673 E1003.53263
G1 X128 Y127.673 E1003.59533
G0 F9000 X125.644 Y125.644
;TYPE:SUPPORT-INTERFACE
G1 F1500 X125.043 Y125.043 E1003.6236
G0 F9000 X125.644 Y125.519
G1 F1500 X125.044 Y126.12 E1003.65184
G0 F9000 X125.044 Y122.726
G1 F1500 X125.644 Y122.125 E1003.68009
G0 F9000 X125.644 Y122.25
G1 F1500 X125.043 Y121.649 E1003.70836
G0 F9000 X125.044 Y119.332
G1 F1500 X125.644 Y118.731 E1003.7366
G0 F9000 X125.644 Y118.856
G1 F1500 X125.043 Y118.255 E1003.76487
G0 F9000 X125.044 Y115.937
G1 F1500 X125.644 Y115.337 E1003.79309
G0 F9000 X125.644 Y115.462
G1 F1500 X125.043 Y114.861 E1003.82136
G0 F9000 X125.044 Y112.543
G1 F1500 X125.644 Y111.943 E1003.84959
G0 F9000 X125.644 Y112.067
G1 F1500 X125.043 Y111.466 E1003.87785
G0 F9000 X125.043 Y109.15
G1 F1500 X125.644 Y108.549 E1003.90612
G0 F9000 X125.644 Y108.673
G1 F1500 X125.042 Y108.072 E1003.93442
G0 F9000 X125.043 Y105.756
G1 F1500 X125.644 Y105.155 E1003.96269
G0 F9000 X125.644 Y105.279
G1 F1500 X125.042 Y104.677 E1003.991
G0 F9000 X125.043 Y102.362
G1 F1500 X125.644 Y101.761 E1004.01927
G0 F9000 X125.644 Y101.885
G1 F1500 X125.042 Y101.283 E1004.04759
G0 F9000 X125.043 Y98.968
G1 F1500 X125.642 Y98.368 E1004.07579
G0 F9000 X125.644 Y98.491
G1 F1500 X125.042 Y97.889 E1004.1041
G0 F9000 X125.043 Y95.573
G1 F1500 X125.536 Y95.08 E1004.12729
G1 F2400 E1003.32729
;MESH:1x_1xm_pusher.stl
G0 F9000 X123.824 Y95.08
G0 X119.36 Y95.358
G0 X118.481 Y95.506
;TYPE:WALL-INNER
G1 F2400 E1004.12729
G1 X118.481 Y95.422 E1004.13009
G1 X118.481 Y95.254 E1004.13567
G1 X118.48 Y92.983 E1004.21121
G1 X118.48 Y92.982 E1004.21124
G1 X118.48 Y92.737 E1004.21939
G1 X118.72 Y92.787 E1004.22438
G1 X119.366 Y92.924 E1004.24634
G1 X120.375 Y93.172 E1004.2809
G1 X121.381 Y93.456 E1004.31567
G1 X122.358 Y93.765 E1004.34975
G1 X123.325 Y94.108 E1004.38388
G1 X123.644 Y94.233 E1004.39527
G1 X123.644 Y127.633 E1005.50616
G1 X118.479 Y127.633 E1005.67795
G1 X118.479 Y126.778 E1005.70639
G1 X99.328 Y124.111 E1006.3495
G1 X96.682 Y122.867 E1006.44675
G1 X96.681 Y113.369 E1006.76265
G1 X98.311 Y111.517 E1006.84471
G1 X104.671 Y105.768 E1007.12986
G1 X110.415 Y101.708 E1007.36381
G1 X118.48 Y101.708 E1007.63205
G1 X118.48 Y99.495 E1007.70566
G1 X118.48 Y99.3 E1007.71214
G1 X118.481 Y99.23 E1007.71447
G1 X118.613 Y99.3 E1007.71679
G1 X118.794 Y99.371 E1007.72147
G1 X118.934 Y99.427 E1007.72648
G1 X119.27 Y99.521 E1007.73809
G1 X119.617 Y99.584 E1007.74982
G1 X119.969 Y99.614 E1007.76157
G1 X120.325 Y99.614 E1007.77341
G1 X120.676 Y99.579 E1007.78514
G1 X121.024 Y99.514 E1007.79692
G1 X121.359 Y99.415 E1007.80853
G1 X121.678 Y99.286 E1007.81998
G1 X121.976 Y99.124 E1007.83126
G1 X122.251 Y98.933 E1007.8424
G1 X122.502 Y98.705 E1007.85368
G1 X122.745 Y98.398 E1007.8667
G1 X122.92 Y98.078 E1007.87883
G1 X123.038 Y97.688 E1007.89238
G1 X123.062 Y97.258 E1007.90671
G1 X122.984 Y96.833 E1007.92108
G1 X122.809 Y96.438 E1007.93545
G1 X122.592 Y96.134 E1007.94787
G1 X122.309 Y95.85 E1007.9612
G1 X122.032 Y95.648 E1007.97261
G1 X121.735 Y95.479 E1007.98397
G1 X121.415 Y95.34 E1007.99558
G1 X121.077 Y95.236 E1008.00734
G1 X120.777 Y95.173 E1008.01753
G1 X120.418 Y95.128 E1008.02957
G1 X120.05 Y95.119 E1008.04181
G1 X119.686 Y95.143 E1008.05394
G1 X119.326 Y95.201 E1008.06607
G1 X118.978 Y95.295 E1008.07806
G1 X118.804 Y95.362 E1008.08426
G1 X118.647 Y95.421 E1008.0885
G1 X118.481 Y95.506 E1008.09158
G0 F9000 X118.081 Y96.276
;TYPE:WALL-OUTER
G1 F2400 X118.081 Y96.089 E1008.0978
G1 X118.081 Y95.914 E1008.10362
G1 X118.081 Y92.358 E1008.22189
G1 X118.081 Y92.314 E1008.22336
G1 X118.08 Y92.254 E1008.22535
G1 X118.409 Y92.313 E1008.23303
G1 X118.452 Y92.322 E1008.23439
G1 X119.455 Y92.534 E1008.26849
G1 X120.484 Y92.787 E1008.30373
G1 X121.49 Y93.071 E1008.3385
G1 X122.492 Y93.388 E1008.37345
G1 X123.459 Y93.731 E1008.40758
G1 X124.044 Y93.961 E1008.42849
G1 X124.044 Y128.033 E1009.56173
G1 X118.079 Y128.033 E1009.76012
G1 X118.079 Y127.126 E1009.79029
G1 X99.212 Y124.499 E1010.42386
G1 X96.282 Y123.121 E1010.53156
G1 X96.281 Y113.233 E1010.86043
G1 X96.305 Y113.191 E1010.86204
G1 X98.029 Y111.233 E1010.94881
G1 X104.423 Y105.453 E1011.23549
G1 X110.287 Y101.308 E1011.47433
G1 X118.08 Y101.308 E1011.73353
G1 X118.08 Y98.823 E1011.81618
G1 X118.08 Y98.636 E1011.8224
G1 X118.081 Y98.459 E1011.82829
G1 X118.282 Y98.636 E1011.83213
G1 X118.436 Y98.742 E1011.83698
G1 X118.517 Y98.797 E1011.84024
G1 X118.78 Y98.936 E1011.85013
G1 X119.062 Y99.047 E1011.86021
G1 X119.36 Y99.131 E1011.87051
G1 X119.67 Y99.187 E1011.88098
G1 X119.986 Y99.214 E1011.89153
G1 X120.305 Y99.214 E1011.90214
G1 X120.62 Y99.183 E1011.91267
G1 X120.93 Y99.125 E1011.92316
G1 X121.227 Y99.037 E1011.93346
G1 X121.507 Y98.924 E1011.94351
G1 X121.766 Y98.783 E1011.95331
G1 X122.001 Y98.62 E1011.96283
G1 X122.208 Y98.431 E1011.97215
G1 X122.41 Y98.176 E1011.98297
G1 X122.549 Y97.922 E1011.9926
G1 X122.641 Y97.618 E1012.00316
G1 X122.66 Y97.283 E1012.01432
G1 X122.599 Y96.952 E1012.02552
G1 X122.46 Y96.637 E1012.03697
G1 X122.286 Y96.393 E1012.04694
G1 X122.048 Y96.155 E1012.05813
G1 X121.814 Y95.984 E1012.06777
G1 X121.556 Y95.837 E1012.07765
G1 X121.276 Y95.716 E1012.08779
G1 X120.977 Y95.624 E1012.0982
G1 X120.711 Y95.568 E1012.10724
G1 X120.388 Y95.527 E1012.11807
G1 X120.059 Y95.519 E1012.12901
G1 X119.731 Y95.541 E1012.13995
G1 X119.41 Y95.593 E1012.15076
G1 X119.101 Y95.676 E1012.16141
G1 X118.809 Y95.787 E1012.1718
G1 X118.538 Y95.925 E1012.18191
G1 X118.439 Y95.992 E1012.18589
G1 X118.294 Y96.089 E1012.19049
G1 X118.081 Y96.276 E1012.19466
G0 F9000 X118.327 Y95.769
G0 X118.916 Y95.091
G0 X118.915 Y95.145
;TYPE:FILL
G1 F4800 X118.639 Y94.869 E1012.20764
G0 F9000 X121.417 Y95.172
G1 F4800 X121.797 Y93.755 E1012.25644
G0 F9000 X122.829 Y96.882
G0 X122.9 Y97.268
G0 X122.6 Y98.83
G1 F4800 X123.484 Y99.714 E1012.29802
G0 F9000 X123.483 Y98.94
G1 F4800 X121.835 Y99.382 E1012.35477
G0 F9000 X120.4 Y99.766
G1 F4800 X118.64 Y100.238 E1012.41537
G0 F9000 X120.185 Y99.772
G1 F4800 X113.189 Y125.879 E1013.31433
G0 F9000 X114.823 Y126.107
G1 F4800 X123.482 Y123.787 E1013.61249
G0 F9000 X123.484 Y116.684
G1 F4800 X109.412 Y102.612 E1014.27439
G0 F9000 X109.186 Y102.771
G1 F4800 X112.559 Y101.867 E1014.39054
G0 F9000 X106.052 Y106.611
G0 X105.957 Y106.505
G1 F4800 X101.213 Y124.212 E1015.00025
G0 F9000 X98.555 Y118.08
G0 X98.414 Y118.08
G1 F4800 X123.482 Y111.363 E1015.86343
G0 F9000 X116.115 Y126.286
G1 F4800 X100.904 Y111.075 E1016.5789
G0 F9000 X100.998 Y111.18
G0 X107.93 Y104.817
G0 X107.351 Y104.095
G0 X105.04 Y105.716
G0 X98.408 Y111.578
G0 X98.595 Y111.786
;TYPE:SKIN
G1 F1500 X104.914 Y106.073 E1016.86224
G1 X107.304 Y104.384 E1016.95958
G1 X107.631 Y104.793 E1016.97699
G1 X98.907 Y112.68 E1017.36815
G1 X98.265 Y113.408 E1017.40044
G1 X98.265 Y123.18 E1017.72545
G1 X97.072 Y122.619 E1017.7693
G1 X97.071 Y113.517 E1018.07204
G1 X98.595 Y111.786 E1018.14874
G0 F9000 X98.408 Y111.578
G0 X96.854 Y113.435
G0 X96.859 Y122.755
G0 X98.476 Y123.502
G0 X98.548 Y113.514
G0 X98.104 Y113.461
G1 F1500 X97.231 Y114.334 E1018.18981
G0 F9000 X97.231 Y113.769
G1 F1500 X102.82 Y108.18 E1018.4527
G0 F9000 X102.527 Y107.855
G0 X104.783 Y105.897
G0 X107.351 Y104.095
G0 X107.93 Y104.817
G0 X101.243 Y110.958
G0 X100.942 Y110.624
G1 F1500 X106.223 Y105.342 E1018.70112
G0 F9000 X106.837 Y105.294
G1 F1500 X107.387 Y104.744 E1018.72699
G0 F9000 X107.738 Y104.464
G0 X107.93 Y104.817
G0 X98.555 Y114.027
G0 X98.104 Y114.027
G1 F1500 X97.231 Y114.9 E1018.76805
G0 F9000 X97.231 Y115.466
G1 F1500 X98.104 Y114.593 E1018.80912
G0 F9000 X98.104 Y115.158
G1 F1500 X97.231 Y116.031 E1018.85018
G0 F9000 X97.231 Y116.597
G1 F1500 X98.104 Y115.724 E1018.89124
G0 F9000 X98.104 Y116.29
G1 F1500 X97.231 Y117.163 E1018.93231
G0 F9000 X97.231 Y117.729
G1 F1500 X98.104 Y116.855 E1018.97339
G0 F9000 X98.104 Y117.421
G1 F1500 X97.232 Y118.294 E1019.01443
G0 F9000 X97.232 Y118.859
G1 F1500 X98.104 Y117.987 E1019.05545
G0 F9000 X98.104 Y118.552
G1 F1500 X97.232 Y119.425 E1019.09649
G0 F9000 X97.232 Y119.991
G1 F1500 X98.104 Y119.118 E1019.13753
G0 F9000 X98.104 Y119.684
G1 F1500 X97.232 Y120.556 E1019.17855
G0 F9000 X97.232 Y121.122
G1 F1500 X98.104 Y120.249 E1019.21959
G0 F9000 X98.104 Y120.815
G1 F1500 X97.232 Y121.688 E1019.26063
G0 F9000 X97.232 Y122.253
G1 F1500 X98.104 Y121.381 E1019.30164
G0 F9000 X98.104 Y121.946
G1 F1500 X97.437 Y122.613 E1019.33302
G0 F9000 X97.822 Y122.794
G1 F1500 X98.104 Y122.512 E1019.34628
G0 F9000 X98.555 Y122.512
G0 X118.308 Y101.536
G0 X118.663 Y99.633
G0 X118.733 Y99.621
;TYPE:SKIN
G1 F1500 X118.784 Y99.57 E1019.34748
G0 F9000 X118.813 Y99.496
G0 X120.653 Y99.42
G0 X121.61 Y99.141
G0 X122.15 Y98.808
G0 X122.61 Y98.309
G0 X122.878 Y97.659
G0 X122.9 Y97.268
G0 X122.829 Y96.882
G0 X122.469 Y96.238
G0 X121.944 Y95.783
G0 X121.036 Y95.392
G0 X120.481 Y95.329
G0 X118.655 Y95.173
G1 F1500 X118.711 Y95.117 E1019.3488
G0 F9000 X118.695 Y95.089
G0 X121.036 Y95.392
G0 X121.853 Y95.743
G0 X123.101 Y96.667
G0 X123.127 Y96.64
G1 F1500 X123.319 Y96.731 E1019.35397
G1 X123.339 Y97.559 E1019.37412
G1 X123.382 Y98.083 E1019.38691
G0 F9000 X123.444 Y97.97
G1 F2400 E1018.58691
;MESH:NONMESH
G0 F300 X123.444 Y97.97 Z7
G0 F9000 X123.824 Y95.958
G0 X126.044 Y95.958
;TIME_ELAPSED:1239.974556
;LAYER:34
;TYPE:SUPPORT
G1 F2400 E1019.38691
G1 X126.141 Y96.136 E1019.39365
G1 X126.251 Y96.203 E1019.39793
G1 X126.344 Y96.369 E1019.40426
G1 X126.432 Y96.43 E1019.40782
G1 X126.566 Y96.697 E1019.41776
G1 X126.657 Y96.755 E1019.42135
G1 X126.746 Y96.929 E1019.42785
G1 X126.757 Y96.939 E1019.42834
G1 X126.771 Y96.961 E1019.42921
G1 X126.84 Y97.007 E1019.43197
G1 X126.957 Y97.253 E1019.44103
G1 X126.969 Y97.274 E1019.44183
G1 X127.066 Y97.342 E1019.44577
G1 X127.175 Y97.558 E1019.45382
G1 X127.256 Y97.622 E1019.45725
G1 X127.371 Y97.857 E1019.46596
G1 X127.382 Y97.871 E1019.46655
G1 X127.435 Y97.914 E1019.46882
G1 X127.584 Y98.224 E1019.48026
G1 X127.647 Y98.28 E1019.48306
G1 X127.772 Y98.557 E1019.49317
G1 X127.833 Y98.612 E1019.4959
G1 X127.997 Y98.987 E1019.50951
G1 X128.066 Y99.051 E1019.51264
G1 X128.182 Y99.338 E1019.52294
G1 X128.231 Y99.395 E1019.52544
G1 X128.378 Y99.763 E1019.53862
G1 X128.441 Y99.831 E1019.5417
G1 X128.603 Y100.235 E1019.55618
G1 X128.63 Y100.264 E1019.5575
G1 X128.807 Y100.745 E1019.57455
G1 X128.85 Y100.801 E1019.57689
G1 X128.995 Y101.236 E1019.59215
G1 X129.044 Y101.304 E1019.59493
G1 X129.208 Y101.846 E1019.61377
G1 X129.244 Y101.893 E1019.61574
G1 X129.244 Y102.207 E1019.62618
G1 X129.444 Y102.529 E1019.63879
G1 X129.444 Y102.993 E1019.65422
G1 X129.644 Y103.361 E1019.66815
G1 X129.644 Y103.652 E1019.67783
G1 X129.844 Y104.076 E1019.69342
G1 X129.844 Y104.494 E1019.70732
G1 X130.028 Y105.026 E1019.72605
G1 X130.043 Y105.128 E1019.72948
G1 X130.047 Y105.722 E1019.74923
G1 X130.227 Y106.357 E1019.77119
G1 X130.244 Y106.438 E1019.77394
G1 X130.245 Y128.033 E1020.49219
G1 X126.044 Y128.033 E1020.63192
G1 X126.044 Y95.958 E1021.69874
G0 F9000 X126.404 Y97.05
G1 F2400 X126.404 Y127.673 E1022.71726
G1 X128 Y127.673 E1022.77034
G1 X128 Y99.79 E1023.69774
G1 X127.917 Y99.582 E1023.70518
G1 X127.87 Y99.527 E1023.70759
G1 X127.763 Y99.261 E1023.71713
G1 X127.697 Y99.2 E1023.72012
G1 X127.534 Y98.827 E1023.73366
G1 X127.475 Y98.773 E1023.73632
G1 X127.351 Y98.499 E1023.74632
G1 X127.291 Y98.446 E1023.74898
G1 X127.146 Y98.143 E1023.76015
G1 X127.125 Y98.126 E1023.76105
G1 X127.065 Y98.05 E1023.76427
G1 X126.968 Y97.854 E1023.77155
G1 X126.889 Y97.792 E1023.77489
G1 X126.785 Y97.584 E1023.78262
G1 X126.697 Y97.522 E1023.7862
G1 X126.638 Y97.42 E1023.79012
G1 X126.558 Y97.252 E1023.79631
G1 X126.509 Y97.219 E1023.79827
G1 X126.479 Y97.173 E1023.8001
G1 X126.455 Y97.15 E1023.80121
G1 X126.404 Y97.05 E1023.80494
G1 F2400 E1023.00494
G0 F9000 X127.646 Y96.693
G0 X128.087 Y97.306
G0 X128.928 Y98.878
G0 X128 Y99.79
G1 F2400 E1023.80494
G1 X128.068 Y99.959 E1023.811
G1 X128.13 Y100.026 E1023.81404
G1 X128.294 Y100.432 E1023.8286
G1 X128.318 Y100.457 E1023.82975
G1 X128.488 Y100.921 E1023.84619
G1 X128.527 Y100.972 E1023.84832
G1 X128.671 Y101.402 E1023.86341
G1 X128.718 Y101.466 E1023.86605
G1 X128.882 Y102.013 E1023.88504
G0 F9000 X128.884 Y102.016
G1 F2400 X128.884 Y102.31 E1023.89482
G1 X129.084 Y102.632 E1023.90743
G1 X129.084 Y103.085 E1023.92249
G1 X129.284 Y103.454 E1023.93645
G1 X129.284 Y103.733 E1023.94573
G1 X129.484 Y104.157 E1023.96132
G1 X129.484 Y104.555 E1023.97456
G1 X129.678 Y105.112 E1023.99418
G1 X129.683 Y105.152 E1023.99552
G1 X129.687 Y105.773 E1024.01618
G1 X129.874 Y106.431 E1024.03893
G1 X129.884 Y106.479 E1024.04056
G1 X129.885 Y127.673 E1024.74547
G1 X128 Y127.673 E1024.80817
G0 F9000 X125.843 Y125.843
;TYPE:SUPPORT-INTERFACE
G1 F1500 X125.244 Y125.244 E1024.83634
G0 F9000 X125.843 Y125.321
G1 F1500 X125.244 Y125.92 E1024.86452
G0 F9000 X125.244 Y122.526
G1 F1500 X125.843 Y121.927 E1024.89269
G0 F9000 X125.843 Y122.449
G1 F1500 X125.244 Y121.85 E1024.92087
G0 F9000 X125.244 Y119.131
G1 F1500 X125.843 Y118.533 E1024.94902
G0 F9000 X125.843 Y119.055
G1 F1500 X125.244 Y118.455 E1024.97722
G0 F9000 X125.244 Y115.737
G1 F1500 X125.843 Y115.138 E1025.00539
G0 F9000 X125.843 Y115.661
G1 F1500 X125.244 Y115.061 E1025.03359
G0 F9000 X125.244 Y112.343
G1 F1500 X125.843 Y111.744 E1025.06177
G0 F9000 X125.843 Y112.267
G1 F1500 X125.244 Y111.667 E1025.08997
G0 F9000 X125.244 Y108.949
G1 F1500 X125.843 Y108.35 E1025.11814
G0 F9000 X125.843 Y108.873
G1 F1500 X125.244 Y108.273 E1025.14634
G0 F9000 X125.244 Y105.555
G1 F1500 X125.843 Y104.956 E1025.17452
G0 F9000 X125.843 Y105.479
G1 F1500 X125.244 Y104.879 E1025.20271
G0 F9000 X125.244 Y102.161
G1 F1500 X125.843 Y101.562 E1025.23089
G0 F9000 X125.843 Y102.085
G1 F1500 X125.244 Y101.485 E1025.25909
G0 F9000 X125.243 Y98.767
G1 F1500 X125.843 Y98.168 E1025.28729
G0 F9000 X125.843 Y98.69
G1 F1500 X125.242 Y98.089 E1025.31556
G0 F9000 X125.242 Y95.374
G1 F1500 X125.536 Y95.08 E1025.32938
G1 F2400 E1024.52938
;MESH:1x_1xm_pusher.stl
G0 F9000 X124.026 Y95.516
G0 X122.29 Y98.472
G0 X121.786 Y98.927
G0 X120.899 Y99.328
G0 X120.089 Y99.431
G0 X118.681 Y99.403
;TYPE:WALL-INNER
G1 F2400 E1025.32938
G1 X118.851 Y99.463 E1025.33538
G1 X118.991 Y99.497 E1025.34017
G1 X119.191 Y99.547 E1025.34703
G1 X119.541 Y99.598 E1025.35879
G1 X119.895 Y99.617 E1025.37058
G1 X120.249 Y99.606 E1025.38236
G1 X120.601 Y99.56 E1025.39417
G1 X120.943 Y99.483 E1025.40583
G1 X121.273 Y99.374 E1025.41739
G1 X121.587 Y99.232 E1025.42885
G1 X121.876 Y99.06 E1025.44004
G1 X122.146 Y98.855 E1025.45131
G1 X122.415 Y98.574 E1025.46425
G1 X122.628 Y98.267 E1025.47668
G1 X122.785 Y97.899 E1025.48999
G1 X122.862 Y97.478 E1025.50422
G1 X122.838 Y97.044 E1025.51868
G1 X122.707 Y96.632 E1025.53306
G1 X122.524 Y96.305 E1025.54552
G1 X122.272 Y96.002 E1025.55863
G1 X122.018 Y95.778 E1025.56989
G1 X121.737 Y95.588 E1025.58117
G1 X121.429 Y95.428 E1025.59272
G1 X121.104 Y95.303 E1025.6043
G1 X120.808 Y95.219 E1025.61453
G1 X120.451 Y95.153 E1025.62661
G1 X120.089 Y95.121 E1025.6387
G1 X119.721 Y95.123 E1025.65094
G1 X119.356 Y95.16 E1025.66314
G1 X119.048 Y95.223 E1025.67359
G1 X119.001 Y95.232 E1025.67519
G1 X118.681 Y95.329 E1025.68631
G1 X118.681 Y95.233
G1 X118.681 Y95.185 E1025.68778
G1 X118.68 Y93.067 E1025.75823
G1 X118.68 Y92.821 E1025.76641
G1 X118.921 Y92.872 E1025.77142
G1 X119.171 Y92.925 E1025.77992
G1 X120.175 Y93.172 E1025.81431
G1 X121.181 Y93.456 E1025.84908
G1 X122.158 Y93.765 E1025.88316
G1 X123.125 Y94.108 E1025.91729
G1 X123.844 Y94.392 E1025.943
G1 X123.844 Y127.633 E1027.0486
G1 X118.679 Y127.633 E1027.22039
G1 X118.679 Y126.608 E1027.25448
G1 X99.3 Y123.909 E1027.90525
G1 X97.052 Y122.852 E1027.98787
G1 X97.052 Y113.404 E1028.30211
G1 X98.459 Y111.806 E1028.37293
G1 X106.095 Y104.904 E1028.71527
G1 X110.615 Y101.708 E1028.89939
G1 X118.68 Y101.708 E1029.16764
G1 X118.68 Y99.608 E1029.23748
G1 X118.68 Y99.463 E1029.24018
G1 X118.681 Y99.403
G0 F9000 X118.281 Y98.771
;TYPE:WALL-OUTER
G1 F2400 X118.409 Y98.85 E1029.24518
G1 X118.678 Y98.978 E1029.25509
G1 X118.966 Y99.079 E1029.26524
G1 X119.268 Y99.154 E1029.27559
G1 X119.581 Y99.2 E1029.28611
G1 X119.899 Y99.217 E1029.29671
G1 X120.217 Y99.207 E1029.30729
G1 X120.531 Y99.166 E1029.31782
G1 X120.836 Y99.097 E1029.32822
G1 X121.128 Y99.001 E1029.33844
G1 X121.402 Y98.877 E1029.34845
G1 X121.652 Y98.728 E1029.35813
G1 X121.879 Y98.556 E1029.3676
G1 X122.104 Y98.32 E1029.37844
G1 X122.276 Y98.072 E1029.38848
G1 X122.4 Y97.783 E1029.39894
G1 X122.46 Y97.453 E1029.4101
G1 X122.441 Y97.117 E1029.42129
G1 X122.338 Y96.792 E1029.43263
G1 X122.193 Y96.533 E1029.4425
G1 X121.984 Y96.282 E1029.45337
G1 X121.772 Y96.095 E1029.46277
G1 X121.532 Y95.932 E1029.47242
G1 X121.265 Y95.793 E1029.48243
G1 X120.978 Y95.683 E1029.49265
G1 X120.717 Y95.609 E1029.50168
G1 X120.397 Y95.55 E1029.5125
G1 X120.072 Y95.521 E1029.52335
G1 X119.742 Y95.523 E1029.53433
G1 X119.416 Y95.556 E1029.54523
G1 X119.099 Y95.62 E1029.55598
G1 X118.796 Y95.712 E1029.56651
G1 X118.628 Y95.783 E1029.57258
G1 X118.51 Y95.832 E1029.57683
G1 X118.281 Y95.964 E1029.58562
G1 X118.281 Y95.833 E1029.58585
G1 X118.281 Y95.705 E1029.58935
G1 X118.28 Y92.574 E1029.69349
G1 X118.28 Y92.573 E1029.69352
G1 X118.28 Y92.327 E1029.7017
G1 X118.521 Y92.378 E1029.70672
G1 X119.254 Y92.534 E1029.73164
G1 X120.284 Y92.787 E1029.76692
G1 X121.29 Y93.071 E1029.80169
G1 X122.292 Y93.388 E1029.83664
G1 X123.259 Y93.731 E1029.87077
G1 X124.244 Y94.12 E1029.90599
G1 X124.245 Y94.811 E1029.92897
G1 X124.243 Y95.419 E1029.9492
G1 X124.245 Y95.516 E1029.95242
G1 X124.243 Y97.927 E1030.03261
G1 X124.245 Y98.218 E1030.04229
G1 X124.243 Y98.498 E1030.0516
G1 X124.245 Y98.982 E1030.0677
G1 X124.244 Y100.991 E1030.13452
G1 X124.244 Y128.033 E1031.03394
G1 X118.279 Y128.033 E1031.23234
G1 X118.279 Y126.956 E1031.26816
G1 X99.184 Y124.297 E1031.90939
G1 X96.652 Y123.106 E1032.00246
G1 X96.652 Y113.254 E1032.33014
G1 X98.177 Y111.522 E1032.40689
G1 X105.846 Y104.589 E1032.75074
G1 X110.487 Y101.308 E1032.93978
G1 X118.28 Y101.308 E1033.19898
G1 X118.28 Y98.979 E1033.27644
G1 X118.28 Y98.978
G1 X118.28 Y98.85 E1033.27797
G1 X118.281 Y98.771
G0 F9000 X118.534 Y99.19
G0 X118.84 Y100.33
;TYPE:FILL
G1 F4800 X123.683 Y99.032 E1033.44473
G0 F9000 X123.683 Y99.714
G1 F4800 X122.581 Y98.612 E1033.49657
G0 F9000 X120.039 Y99.771
G1 F4800 X113.1 Y125.669 E1034.38832
G0 F9000 X115.668 Y126.027
G1 F4800 X123.682 Y123.879 E1034.66428
G0 F9000 X123.683 Y116.684
G1 F4800 X109.612 Y102.613 E1035.32613
G0 F9000 X109.178 Y102.919
G1 F4800 X113.104 Y101.867 E1035.46132
G0 F9000 X118.508 Y101.536
G0 X122.039 Y98.735
G0 X122.486 Y98.188
G0 X122.631 Y97.852
G0 X122.7 Y97.467
G0 X122.678 Y97.074
G0 X122.391 Y96.397
G0 X121.919 Y95.906
G0 X121.053 Y95.456
G0 X119.031 Y95.062
G1 F4800 X118.839 Y94.87 E1035.47035
G0 F9000 X121.266 Y95.192
G1 F4800 X121.647 Y93.77 E1035.51932
G0 F9000 X122.678 Y97.074
G0 X123.682 Y111.456
G1 F4800 X98.815 Y118.119 E1036.37557
G0 F9000 X98.956 Y118.119
G0 X101.123 Y124.001
G1 F4800 X105.615 Y107.236 E1036.95285
G0 F9000 X105.71 Y107.342
G0 X101.323 Y111.306
G0 X101.229 Y111.201
G1 F4800 X116.117 Y126.089 E1037.65313
G0 F9000 X98.547 Y123.432
G0 X98.666 Y123.18
;TYPE:SKIN
G1 F1500 X97.442 Y122.604 E1037.69812
G1 X97.442 Y113.552 E1037.99919
G1 X98.743 Y112.075 E1038.06466
G1 X106.338 Y105.209 E1038.40519
G1 X108.722 Y103.524 E1038.50229
G1 X109.049 Y103.933 E1038.51971
G1 X99.054 Y112.967 E1038.96781
G1 X98.666 Y113.409 E1038.98737
G1 X98.666 Y123.18 E1039.31236
G0 F9000 X98.547 Y123.432
G0 X97.229 Y122.74
G0 X97.162 Y121.926
G0 X97.601 Y121.926
G1 F1500 X98.506 Y122.83 E1039.3549
G0 F9000 X98.506 Y122.265
G1 F1500 X97.601 Y121.36 E1039.39747
G0 F9000 X97.601 Y120.795
G1 F1500 X98.506 Y121.699 E1039.44002
G0 F9000 X98.506 Y121.133
G1 F1500 X97.601 Y120.229 E1039.48256
G0 F9000 X97.601 Y119.663
G1 F1500 X98.506 Y120.568 E1039.52513
G0 F9000 X98.506 Y120.002
G1 F1500 X97.601 Y119.097 E1039.5677
G0 F9000 X97.601 Y118.532
G1 F1500 X98.506 Y119.436 E1039.61024
G0 F9000 X98.506 Y118.871
G1 F1500 X97.601 Y117.966 E1039.65281
G0 F9000 X97.601 Y117.4
G1 F1500 X98.506 Y118.305 E1039.69538
G0 F9000 X98.506 Y117.739
G1 F1500 X97.601 Y116.835 E1039.73792
G0 F9000 X97.601 Y116.269
G1 F1500 X98.506 Y117.173 E1039.78047
G0 F9000 X98.506 Y116.608
G1 F1500 X97.601 Y115.703 E1039.82304
G0 F9000 X97.601 Y115.138
G1 F1500 X98.506 Y116.042 E1039.86558
G0 F9000 X98.506 Y115.476
G1 F1500 X97.601 Y114.572 E1039.90813
G0 F9000 X97.601 Y114.006
G1 F1500 X98.506 Y114.911 E1039.9507
G0 F9000 X98.506 Y114.345
G1 F1500 X97.681 Y113.52 E1039.9895
G0 F9000 X97.946 Y113.219
G1 F1500 X98.506 Y113.779 E1040.01584
G0 F9000 X98.569 Y113.277
G1 F1500 X98.21 Y112.918 E1040.03273
G0 F9000 X98.475 Y112.618
G1 F1500 X98.833 Y112.975 E1040.04954
G0 F9000 X99.116 Y112.693
G1 F1500 X98.741 Y112.317 E1040.06721
G0 F9000 X99.024 Y112.035
G1 F1500 X99.413 Y112.424 E1040.0855
G0 F9000 X99.71 Y112.155
G1 F1500 X99.321 Y111.766 E1040.1038
G0 F9000 X99.618 Y111.498
G1 F1500 X100.007 Y111.886 E1040.12207
G0 F9000 X100.305 Y111.618
G1 F1500 X99.915 Y111.229 E1040.1404
G0 F9000 X100.213 Y110.961
G1 F1500 X100.602 Y111.35 E1040.15869
G0 F9000 X100.899 Y111.081
G1 F1500 X100.51 Y110.692 E1040.17699
G0 F9000 X100.807 Y110.423
G1 F1500 X101.196 Y110.812 E1040.19529
G0 F9000 X101.493 Y110.544
G1 F1500 X101.104 Y110.155 E1040.21358
G0 F9000 X101.401 Y109.886
G1 F1500 X101.79 Y110.276 E1040.23191
G0 F9000 X102.087 Y110.007
G1 F1500 X101.698 Y109.617 E1040.25023
G0 F9000 X101.995 Y109.349
G1 F1500 X102.384 Y109.738 E1040.26852
G0 F9000 X102.682 Y109.47
G1 F1500 X102.292 Y109.081 E1040.28685
G0 F9000 X102.589 Y108.812
G1 F1500 X102.979 Y109.202 E1040.30519
G0 F9000 X103.276 Y108.933
G1 F1500 X102.886 Y108.543 E1040.32353
G0 F9000 X103.183 Y108.275
G1 F1500 X103.573 Y108.664 E1040.34185
G0 F9000 X103.871 Y108.396
G1 F1500 X103.481 Y108.007 E1040.36018
G0 F9000 X103.778 Y107.738
G1 F1500 X104.168 Y108.127 E1040.3785
G0 F9000 X104.465 Y107.859
G1 F1500 X104.075 Y107.469 E1040.39684
G0 F9000 X104.372 Y107.2
G1 F1500 X104.762 Y107.59 E1040.41519
G0 F9000 X105.059 Y107.322
G1 F1500 X104.669 Y106.932 E1040.43353
G0 F9000 X104.966 Y106.663
G1 F1500 X105.356 Y107.053 E1040.45187
G0 F9000 X105.653 Y106.785
G1 F1500 X105.264 Y106.395 E1040.4702
G0 F9000 X105.561 Y106.126
G1 F1500 X105.95 Y106.516 E1040.48852
G0 F9000 X106.248 Y106.248
G1 F1500 X105.858 Y105.858 E1040.50686
G0 F9000 X106.155 Y105.589
G1 F1500 X106.545 Y105.979 E1040.5252
G0 F9000 X106.842 Y105.711
G1 F1500 X106.454 Y105.322 E1040.54348
G0 F9000 X106.785 Y105.088
G1 F1500 X107.139 Y105.442 E1040.56013
G0 F9000 X107.437 Y105.174
G1 F1500 X107.116 Y104.854 E1040.57521
G0 F9000 X107.448 Y104.619
G1 F1500 X107.734 Y104.905 E1040.58866
G0 F9000 X108.031 Y104.636
G1 F1500 X107.78 Y104.385 E1040.60046
G0 F9000 X108.11 Y104.151
G1 F1500 X108.328 Y104.368 E1040.61069
G0 F9000 X108.625 Y104.1
G1 F1500 X108.442 Y103.917 E1040.6193
G0 F9000 X108.239 Y103.63
G1 F2400 E1039.8193
;MESH:NONMESH
G0 F300 X108.239 Y103.63 Z7.2
G0 F9000 X108.19 Y103.558
G0 X108.769 Y103.235
G0 X118.508 Y101.536
G0 X122.039 Y98.735
G0 X124.025 Y96.195
G0 X126.244 Y96.198
;TIME_ELAPSED:1269.228840
;LAYER:35
;TYPE:SUPPORT
G1 F2400 E1040.6193
G1 X126.251 Y96.203 E1040.61959
G1 X126.344 Y96.369 E1040.62592
G1 X126.432 Y96.43 E1040.62948
G1 X126.566 Y96.697 E1040.63941
G1 X126.657 Y96.755 E1040.643
G1 X126.746 Y96.929 E1040.6495
G1 X126.757 Y96.939 E1040.65
G1 X126.771 Y96.961 E1040.65087
G1 X126.84 Y97.007 E1040.65362
G1 X126.957 Y97.253 E1040.66268
G1 X126.969 Y97.274 E1040.66349
G1 X127.065 Y97.341 E1040.66738
G1 X127.175 Y97.558 E1040.67547
G1 X127.256 Y97.622 E1040.67891
G1 X127.369 Y97.856 E1040.68755
G1 X127.388 Y97.873 E1040.6884
G1 X127.392 Y97.879 E1040.68864
G1 X127.435 Y97.914 E1040.69048
G1 X127.584 Y98.224 E1040.70192
G1 X127.647 Y98.28 E1040.70473
G1 X127.772 Y98.557 E1040.71483
G1 X127.833 Y98.612 E1040.71757
G1 X127.997 Y98.987 E1040.73118
G1 X128.066 Y99.051 E1040.73431
G1 X128.182 Y99.338 E1040.7446
G1 X128.231 Y99.395 E1040.7471
G1 X128.379 Y99.766 E1040.76039
G1 X128.443 Y99.835 E1040.76352
G1 X128.604 Y100.234 E1040.77783
G1 X128.63 Y100.265 E1040.77918
G1 X128.807 Y100.745 E1040.79619
G1 X128.85 Y100.801 E1040.79854
G1 X128.995 Y101.236 E1040.81379
G1 X129.044 Y101.304 E1040.81658
G1 X129.208 Y101.846 E1040.83541
G1 X129.244 Y101.893 E1040.83738
G1 X129.244 Y102.207 E1040.84783
G1 X129.444 Y102.529 E1040.86043
G1 X129.444 Y102.993 E1040.87587
G1 X129.644 Y103.361 E1040.8898
G1 X129.644 Y103.652 E1040.89947
G1 X129.844 Y104.076 E1040.91507
G1 X129.844 Y104.494 E1040.92897
G1 X130.028 Y105.026 E1040.94769
G1 X130.043 Y105.128 E1040.95112
G1 X130.047 Y105.722 E1040.97088
G1 X130.227 Y106.357 E1040.99283
G1 X130.244 Y106.438 E1040.99558
G1 X130.245 Y128.033 E1041.71384
G1 X126.244 Y128.033 E1041.84691
G1 X126.244 Y96.198 E1042.90575
G0 F9000 X126.604 Y97.348
G1 F2400 X126.604 Y127.673 E1043.91436
G1 X128 Y127.673 E1043.96079
G1 X128 Y99.79 E1044.88818
G1 X127.917 Y99.582 E1044.89563
G1 X127.87 Y99.527 E1044.89804
G1 X127.763 Y99.261 E1044.90757
G1 X127.697 Y99.2 E1044.91056
G1 X127.534 Y98.827 E1044.9241
G1 X127.475 Y98.773 E1044.92676
G1 X127.351 Y98.499 E1044.93677
G1 X127.291 Y98.446 E1044.93943
G1 X127.146 Y98.143 E1044.9506
G1 X127.124 Y98.125 E1044.95155
G1 X127.113 Y98.11 E1044.95217
G1 X127.076 Y98.077 E1044.95381
G1 X126.968 Y97.854 E1044.96206
G1 X126.889 Y97.792 E1044.9654
G1 X126.785 Y97.583 E1044.97316
G1 X126.697 Y97.523 E1044.9767
G1 X126.638 Y97.42 E1044.98065
G1 X126.604 Y97.348 E1044.9833
G0 F9000 X128 Y99.79
G1 F2400 X128.069 Y99.962 E1044.98946
G1 X128.135 Y100.033 E1044.99269
G1 X128.291 Y100.421 E1045.0066
G1 X128.314 Y100.448 E1045.00778
G1 X128.488 Y100.921 E1045.02454
G1 X128.527 Y100.972 E1045.02667
G1 X128.671 Y101.402 E1045.04176
G1 X128.718 Y101.466 E1045.0444
G1 X128.882 Y102.013 E1045.06339
G0 F9000 X128.884 Y102.016
G1 F2400 X128.884 Y102.31 E1045.07317
G1 X129.084 Y102.632 E1045.08578
G1 X129.084 Y103.085 E1045.10084
G1 X129.284 Y103.454 E1045.1148
G1 X129.284 Y103.733 E1045.12408
G1 X129.484 Y104.157 E1045.13967
G1 X129.484 Y104.555 E1045.15291
G1 X129.678 Y105.112 E1045.17253
G1 X129.683 Y105.152 E1045.17387
G1 X129.687 Y105.773 E1045.19453
G1 X129.874 Y106.431 E1045.21728
G1 X129.884 Y106.479 E1045.21891
G1 X129.885 Y127.673 E1045.92382
G1 X128 Y127.673 E1045.98652
G0 F9000 X126.043 Y126.043
;TYPE:SUPPORT-INTERFACE
G1 F1500 X125.443 Y125.443 E1046.01474
G0 F9000 X125.443 Y125.72
G1 F1500 X126.043 Y125.121 E1046.04294
G0 F9000 X126.043 Y122.649
G1 F1500 X125.443 Y122.049 E1046.07116
G0 F9000 X125.443 Y122.326
G1 F1500 X126.043 Y121.727 E1046.09936
G0 F9000 X126.043 Y119.255
G1 F1500 X125.443 Y118.655 E1046.12758
G0 F9000 X125.443 Y118.932
G1 F1500 X126.043 Y118.332 E1046.1558
G0 F9000 X126.043 Y115.861
G1 F1500 X125.443 Y115.261 E1046.18403
G0 F9000 X125.443 Y115.538
G1 F1500 X126.043 Y114.938 E1046.21225
G0 F9000 X126.043 Y112.467
G1 F1500 X125.443 Y111.867 E1046.24047
G0 F9000 X125.443 Y112.144
G1 F1500 X126.043 Y111.544 E1046.26869
G0 F9000 X126.043 Y109.073
G1 F1500 X125.443 Y108.473 E1046.29692
G0 F9000 X125.443 Y108.75
G1 F1500 X126.043 Y108.15 E1046.32514
G0 F9000 X126.043 Y105.679
G1 F1500 X125.443 Y105.078 E1046.35338
G0 F9000 X125.443 Y105.356
G1 F1500 X126.043 Y104.756 E1046.38161
G0 F9000 X126.043 Y102.285
G1 F1500 X125.443 Y101.684 E1046.40985
G0 F9000 X125.443 Y101.961
G1 F1500 X126.043 Y101.362 E1046.43805
G0 F9000 X126.043 Y98.891
G1 F1500 X125.443 Y98.29 E1046.4663
G0 F9000 X125.443 Y98.567
G1 F1500 X126.043 Y97.968 E1046.49449
G1 F2400 E1045.69449
G0 F9000 X127.646 Y96.694
G0 X127.104 Y95.845
G0 X126.357 Y94.941
G0 X126.102 Y94.745
G0 X125.443 Y95.173
G1 F2400 E1046.49449
G1 F1500 X125.536 Y95.08 E1046.49887
G1 F2400 E1045.69887
;MESH:1x_1xm_pusher.stl
G0 F9000 X124.224 Y95.08
G0 X118.881 Y95.215
;TYPE:WALL-INNER
G1 F2400 E1046.49887
G1 X118.881 Y95.161 E1046.50066
G1 X118.881 Y95.088 E1046.50309
G1 X118.881 Y93.123 E1046.56845
G1 X118.881 Y92.926 E1046.575
G1 X118.88 Y92.906 E1046.57567
G1 X118.97 Y92.925 E1046.57725
G1 X119.161 Y92.972 E1046.58179
G1 X119.975 Y93.172 E1046.60967
G1 X120.981 Y93.456 E1046.64443
G1 X121.958 Y93.765 E1046.67851
G1 X122.925 Y94.108 E1046.71264
G1 X123.857 Y94.475 E1046.74596
G1 X124.044 Y94.556 E1046.75273
G1 X124.044 Y127.633 E1047.85288
G1 X118.879 Y127.633 E1048.02467
G1 X118.879 Y126.438 E1048.06441
G1 X99.271 Y123.707 E1048.72287
G1 X97.453 Y122.852 E1048.78969
G1 X97.453 Y113.404 E1049.10394
G1 X98.606 Y112.094 E1049.16198
G1 X107.517 Y104.039 E1049.5615
G1 X110.815 Y101.708 E1049.69583
G1 X118.88 Y101.708 E1049.96407
G1 X118.881 Y99.711 E1050.03049
G1 X118.881 Y99.549 E1050.03588
G1 X118.882 Y99.52 E1050.03684
G1 X118.998 Y99.549 E1050.03899
G1 X119.158 Y99.572 E1050.04293
G1 X119.348 Y99.6 E1050.04932
G1 X119.703 Y99.617 E1050.06114
G1 X120.056 Y99.605 E1050.07289
G1 X120.408 Y99.559 E1050.08469
G1 X120.751 Y99.48 E1050.0964
G1 X121.079 Y99.37 E1050.10791
G1 X121.392 Y99.229 E1050.11933
G1 X121.682 Y99.056 E1050.13056
G1 X121.951 Y98.85 E1050.14183
G1 X122.216 Y98.573 E1050.15458
G1 X122.43 Y98.261 E1050.16716
G1 X122.585 Y97.899 E1050.18026
G1 X122.662 Y97.478 E1050.19449
G1 X122.638 Y97.05 E1050.20875
G1 X122.53 Y96.684 E1050.22144
G1 X122.347 Y96.341 E1050.23437
G1 X122.114 Y96.046 E1050.24688
G1 X121.862 Y95.812 E1050.25831
G1 X121.583 Y95.616 E1050.26965
G1 X121.276 Y95.45 E1050.28126
G1 X120.948 Y95.317 E1050.29303
G1 X120.603 Y95.217 E1050.30498
G1 X120.243 Y95.152 E1050.31715
G1 X119.881 Y95.121 E1050.32923
G1 X119.514 Y95.123 E1050.34144
G1 X119.22 Y95.154 E1050.35127
G1 X119.148 Y95.161 E1050.35338
G1 X118.881 Y95.215 E1050.35925
G0 F9000 X118.481 Y95.76
;TYPE:WALL-OUTER
G1 F2400 X118.481 Y95.715 E1050.36075
G1 X118.481 Y95.518 E1050.3673
G1 X118.48 Y92.659 E1050.46239
G1 X118.48 Y92.658 E1050.46242
G1 X118.48 Y92.412 E1050.47061
G1 X118.721 Y92.463 E1050.47562
G1 X119.053 Y92.534 E1050.48691
G1 X120.084 Y92.787 E1050.52222
G1 X121.09 Y93.071 E1050.55699
G1 X122.092 Y93.388 E1050.59194
G1 X123.059 Y93.731 E1050.62607
G1 X124.017 Y94.108 E1050.66031
G1 X124.444 Y94.294 E1050.6758
G1 X124.444 Y128.033 E1051.79796
G1 X118.479 Y128.033 E1051.99636
G1 X118.479 Y126.786 E1052.03784
G1 X99.155 Y124.095 E1052.68676
G1 X97.053 Y123.106 E1052.76402
G1 X97.053 Y113.254 E1053.0917
G1 X98.324 Y111.81 E1053.15568
G1 X107.269 Y103.724 E1053.55673
G1 X110.687 Y101.308 E1053.69595
G1 X118.48 Y101.308 E1053.95515
G1 X118.481 Y99.151 E1054.02689
G1 X118.481 Y99.081 E1054.02922
G1 X118.482 Y98.98 E1054.03258
G1 X118.771 Y99.081 E1054.03903
G1 X118.838 Y99.097 E1054.04107
G1 X119.075 Y99.156 E1054.0492
G1 X119.387 Y99.201 E1054.05968
G1 X119.706 Y99.217 E1054.0703
G1 X120.023 Y99.206 E1054.08085
G1 X120.337 Y99.165 E1054.09139
G1 X120.642 Y99.095 E1054.10179
G1 X120.933 Y98.997 E1054.11201
G1 X121.207 Y98.874 E1054.122
G1 X121.457 Y98.725 E1054.13168
G1 X121.683 Y98.551 E1054.14116
G1 X121.905 Y98.32 E1054.15182
G1 X122.078 Y98.067 E1054.16201
G1 X122.2 Y97.783 E1054.17229
G1 X122.26 Y97.453 E1054.18345
G1 X122.241 Y97.119 E1054.19458
G1 X122.158 Y96.836 E1054.20439
G1 X122.011 Y96.561 E1054.21476
G1 X121.819 Y96.318 E1054.22506
G1 X121.61 Y96.124 E1054.23454
G1 X121.372 Y95.957 E1054.24421
G1 X121.105 Y95.812 E1054.25432
G1 X120.817 Y95.696 E1054.26464
G1 X120.511 Y95.607 E1054.27524
G1 X120.19 Y95.549 E1054.28609
G1 X119.865 Y95.521 E1054.29694
G1 X119.536 Y95.523 E1054.30789
G1 X119.209 Y95.557 E1054.31882
G1 X118.893 Y95.621 E1054.32954
G1 X118.777 Y95.657 E1054.33358
G1 X118.589 Y95.714 E1054.3382
G1 X118.481 Y95.76 E1054.34006
G0 F9000 X118.74 Y95.397
G0 X119.167 Y94.997
;TYPE:FILL
G1 F4800 X119.039 Y94.868 E1054.34611
G0 F9000 X121.114 Y95.21
G1 F4800 X121.496 Y93.786 E1054.39515
G0 F9000 X122.478 Y97.079
G0 X122.544 Y98.374
G1 F4800 X123.883 Y99.713 E1054.45813
G0 F9000 X123.883 Y99.126
G1 F4800 X119.04 Y100.423 E1054.62488
G0 F9000 X119.893 Y99.769
G1 F4800 X113.009 Y125.458 E1055.50945
G0 F9000 X116.121 Y125.891
G1 F4800 X101.558 Y111.329 E1056.19442
G0 F9000 X101.651 Y111.433
G0 X105.366 Y108.074
G0 X105.272 Y107.969
G1 F4800 X101.033 Y123.791 E1056.73923
G0 F9000 X99.357 Y118.158
G0 X99.217 Y118.158
G1 F4800 X123.883 Y111.549 E1057.58856
G0 F9000 X123.884 Y116.684
G1 F4800 X110.469 Y103.27 E1058.21954
G0 F9000 X110.4 Y102.738
G1 F4800 X113.652 Y101.867 E1058.33151
G0 F9000 X116.513 Y125.947
G1 F4800 X123.882 Y123.973 E1058.58525
G0 F9000 X99.278 Y123.501
G0 X98.948 Y123.432
G0 X99.067 Y123.18
;TYPE:SKIN
G1 F1500 X97.843 Y122.604 E1058.63024
G1 X97.843 Y113.552 E1058.93131
G1 X98.89 Y112.363 E1058.984
G1 X107.76 Y104.344 E1059.38171
G1 X110.146 Y102.658 E1059.47888
G1 X110.473 Y103.067 E1059.4963
G1 X99.201 Y113.257 E1060.00169
G1 X99.067 Y113.408 E1060.00841
G1 X99.067 Y123.18 E1060.33343
G0 F9000 X98.848 Y122.9
G1 F1500 X98.906 Y122.842 E1060.33615
G0 F9000 X98.463 Y122.719
G1 F1500 X98.906 Y122.276 E1060.35699
G0 F9000 X98.906 Y121.71
G1 F1500 X98.079 Y122.538 E1060.39591
G0 F9000 X98.002 Y122.048
G1 F1500 X98.906 Y121.145 E1060.43841
G0 F9000 X98.906 Y120.579
G1 F1500 X98.002 Y121.483 E1060.48093
G0 F9000 X98.002 Y120.917
G1 F1500 X98.906 Y120.013 E1060.52345
G0 F9000 X98.906 Y119.448
G1 F1500 X98.002 Y120.351 E1060.56595
G0 F9000 X98.002 Y119.786
G1 F1500 X98.906 Y118.882 E1060.60847
G0 F9000 X98.906 Y118.316
G1 F1500 X98.002 Y119.22 E1060.651
G0 F9000 X98.002 Y118.654
G1 F1500 X98.906 Y117.75 E1060.69352
G0 F9000 X98.906 Y117.185
G1 F1500 X98.002 Y118.088 E1060.73601
G0 F9000 X98.002 Y117.523
G1 F1500 X98.906 Y116.619 E1060.77854
G0 F9000 X98.906 Y116.053
G1 F1500 X98.002 Y116.957 E1060.82106
G0 F9000 X98.002 Y116.391
G1 F1500 X98.906 Y115.488 E1060.86356
G0 F9000 X98.906 Y114.922
G1 F1500 X98.002 Y115.826 E1060.90608
G0 F9000 X98.002 Y115.26
G1 F1500 X98.906 Y114.356 E1060.9486
G0 F9000 X98.906 Y113.791
G1 F1500 X98.002 Y114.694 E1060.9911
G0 F9000 X98.002 Y114.129
G1 F1500 X105.812 Y106.319 E1061.35845
G0 F9000 X105.519 Y105.994
G0 X107.63 Y104.168
G0 X110.193 Y102.369
G0 X110.772 Y103.091
G0 X104.25 Y109.084
G0 X103.948 Y108.749
G1 F1500 X109.117 Y103.579 E1061.60161
G0 F9000 X109.841 Y103.422
G1 F1500 X110.235 Y103.027 E1061.62017
G0 F9000 X110.587 Y102.746
G0 X110.193 Y102.369
G0 X107.887 Y103.988
G0 X99.625 Y111.322
G0 X99.918 Y111.647
G1 F1500 X98.357 Y113.208 E1061.69359
G0 F9000 X99.209 Y113.488
;TYPE:SKIN
G1 F1500 X99.355 Y113.342 E1061.69703
G0 F9000 X99.657 Y113.656
G1 F2400 E1060.89703
;MESH:NONMESH
G0 F300 X99.657 Y113.656 Z7.4
G0 F9000 X118.708 Y101.536
G0 X121.448 Y99.055
G0 X124.224 Y96.453
G0 X126.444 Y96.453
;TIME_ELAPSED:1296.675821
;LAYER:36
;TYPE:SUPPORT
G1 F2400 E1061.69703
G1 X126.566 Y96.697 E1061.7061
G1 X126.657 Y96.755 E1061.70969
G1 X126.746 Y96.929 E1061.71619
G1 X126.757 Y96.939 E1061.71668
G1 X126.771 Y96.961 E1061.71755
G1 X126.84 Y97.007 E1061.72031
G1 X126.957 Y97.253 E1061.72937
G1 X126.969 Y97.274 E1061.73017
G1 X127.065 Y97.341 E1061.73407
G1 X127.175 Y97.558 E1061.74216
G1 X127.256 Y97.622 E1061.74559
G1 X127.369 Y97.856 E1061.75424
G1 X127.388 Y97.873 E1061.75508
G1 X127.392 Y97.879 E1061.75532
G1 X127.435 Y97.914 E1061.75717
G1 X127.584 Y98.224 E1061.76861
G1 X127.647 Y98.28 E1061.77141
G1 X127.77 Y98.552 E1061.78134
G1 X127.778 Y98.564 E1061.78182
G1 X127.834 Y98.615 E1061.78434
G1 X127.997 Y98.987 E1061.79785
G1 X128.066 Y99.051 E1061.80098
G1 X128.182 Y99.338 E1061.81127
G1 X128.231 Y99.395 E1061.81377
G1 X128.382 Y99.771 E1061.82725
G1 X128.445 Y99.84 E1061.83036
G1 X128.606 Y100.242 E1061.84476
G1 X128.633 Y100.272 E1061.8461
G1 X128.807 Y100.745 E1061.86287
G1 X128.85 Y100.801 E1061.86521
G1 X128.995 Y101.236 E1061.88046
G1 X129.044 Y101.304 E1061.88325
G1 X129.208 Y101.846 E1061.90209
G1 X129.244 Y101.893 E1061.90406
G1 X129.244 Y102.207 E1061.9145
G1 X129.444 Y102.529 E1061.92711
G1 X129.444 Y102.993 E1061.94254
G1 X129.644 Y103.361 E1061.95647
G1 X129.644 Y103.652 E1061.96615
G1 X129.844 Y104.076 E1061.98174
G1 X129.844 Y104.494 E1061.99564
G1 X130.028 Y105.026 E1062.01437
G1 X130.043 Y105.128 E1062.0178
G1 X130.047 Y105.722 E1062.03755
G1 X130.227 Y106.357 E1062.05951
G1 X130.244 Y106.438 E1062.06226
G1 X130.245 Y128.033 E1062.78051
G1 X126.444 Y128.033 E1062.90693
G1 X126.444 Y96.453 E1063.95729
G0 F9000 X126.804 Y97.622
G1 F2400 X126.804 Y127.673 E1064.95679
G1 X128 Y127.673 E1064.99657
G1 X128 Y99.786 E1065.92409
G1 X127.919 Y99.583 E1065.93136
G1 X127.87 Y99.527 E1065.93384
G1 X127.763 Y99.262 E1065.94334
G1 X127.698 Y99.199 E1065.94635
G1 X127.536 Y98.83 E1065.95976
G1 X127.502 Y98.8 E1065.96126
G1 X127.454 Y98.726 E1065.9642
G1 X127.351 Y98.499 E1065.97249
G1 X127.291 Y98.445 E1065.97517
G1 X127.146 Y98.143 E1065.98632
G1 X127.124 Y98.125 E1065.98726
G1 X127.113 Y98.11 E1065.98788
G1 X127.076 Y98.077 E1065.98953
G1 X126.968 Y97.854 E1065.99777
G1 X126.889 Y97.792 E1066.00111
G1 X126.804 Y97.622 E1066.00743
G0 F9000 X128 Y99.786
G1 F2400 X128.072 Y99.966 E1066.01388
G1 X128.136 Y100.035 E1066.01701
G1 X128.296 Y100.434 E1066.03131
G1 X128.319 Y100.46 E1066.03246
G1 X128.488 Y100.921 E1066.04879
G1 X128.527 Y100.972 E1066.05093
G1 X128.671 Y101.402 E1066.06601
G1 X128.718 Y101.466 E1066.06865
G1 X128.882 Y102.013 E1066.08765
G0 F9000 X128.884 Y102.016
G1 F2400 X128.884 Y102.31 E1066.09742
G1 X129.084 Y102.632 E1066.11003
G1 X129.084 Y103.085 E1066.1251
G1 X129.284 Y103.454 E1066.13906
G1 X129.284 Y103.733 E1066.14834
G1 X129.484 Y104.157 E1066.16393
G1 X129.484 Y104.555 E1066.17717
G1 X129.678 Y105.112 E1066.19679
G1 X129.683 Y105.152 E1066.19813
G1 X129.687 Y105.773 E1066.21878
G1 X129.874 Y106.431 E1066.24153
G1 X129.884 Y106.479 E1066.24316
G1 X129.885 Y127.673 E1066.94808
G1 X128 Y127.673 E1067.01077
G0 F9000 X126.244 Y126.244
;TYPE:SUPPORT-INTERFACE
G1 F1500 X125.643 Y125.643 E1067.03904
G0 F9000 X125.644 Y125.519
G1 F1500 X126.243 Y124.921 E1067.0672
G0 F9000 X126.244 Y122.849
G1 F1500 X125.643 Y122.249 E1067.09544
G0 F9000 X125.644 Y122.125
G1 F1500 X126.243 Y121.526 E1067.12362
G0 F9000 X126.244 Y119.455
G1 F1500 X125.643 Y118.855 E1067.15186
G0 F9000 X125.644 Y118.731
G1 F1500 X126.243 Y118.132 E1067.18004
G0 F9000 X126.244 Y116.061
G1 F1500 X125.643 Y115.461 E1067.20828
G0 F9000 X125.644 Y115.337
G1 F1500 X126.243 Y114.738 E1067.23646
G0 F9000 X126.244 Y112.667
G1 F1500 X125.643 Y112.067 E1067.2647
G0 F9000 X125.644 Y111.943
G1 F1500 X126.243 Y111.344 E1067.29288
G0 F9000 X126.244 Y109.273
G1 F1500 X125.642 Y108.672 E1067.32117
G0 F9000 X125.643 Y108.55
G1 F1500 X126.243 Y107.95 E1067.34939
G0 F9000 X126.244 Y105.879
G1 F1500 X125.642 Y105.278 E1067.37769
G0 F9000 X125.643 Y105.155
G1 F1500 X126.243 Y104.556 E1067.40588
G0 F9000 X126.244 Y102.485
G1 F1500 X125.642 Y101.884 E1067.43418
G0 F9000 X125.643 Y101.761
G1 F1500 X126.243 Y101.162 E1067.46238
G0 F9000 X126.244 Y99.091
G1 F1500 X125.642 Y98.49 E1067.49067
G0 F9000 X125.643 Y98.367
G1 F1500 X126.243 Y97.768 E1067.51887
G1 F2400 E1066.71887
;MESH:1x_1xm_pusher.stl
G0 F9000 X124.424 Y97.768
G0 X119.08 Y93.001
;TYPE:WALL-INNER
G1 F2400 E1067.51887
G1 X119.326 Y93.061 E1067.52729
G1 X119.775 Y93.172 E1067.54267
G1 X120.781 Y93.456 E1067.57744
G1 X121.758 Y93.765 E1067.61152
G1 X122.725 Y94.108 E1067.64565
G1 X123.657 Y94.475 E1067.67896
G1 X124.244 Y94.731 E1067.70026
G1 X124.244 Y127.633 E1068.79459
G1 X119.079 Y127.633 E1068.96638
G1 X119.079 Y126.268 E1069.01178
G1 X99.243 Y123.505 E1069.67789
G1 X97.854 Y122.852 E1069.72894
G1 X97.854 Y113.405 E1070.04315
G1 X98.754 Y112.383 E1070.08844
G1 X108.94 Y103.174 E1070.54516
G1 X111.015 Y101.708 E1070.62967
G1 X119.08 Y101.708 E1070.89791
G1 X119.08 Y99.715 E1070.9642
G1 X119.08 Y99.611 E1070.96765
G1 X119.081 Y99.589 E1070.96839
G1 X119.274 Y99.611 E1070.97238
G1 X119.378 Y99.612 E1070.97521
G1 X119.629 Y99.617 E1070.98356
G1 X119.981 Y99.593 E1070.99529
G1 X120.333 Y99.536 E1071.00715
G1 X120.67 Y99.444 E1071.01877
G1 X120.993 Y99.324 E1071.03023
G1 X121.298 Y99.172 E1071.04157
G1 X121.58 Y98.988 E1071.05277
G1 X121.837 Y98.769 E1071.064
G1 X122.085 Y98.485 E1071.07654
G1 X122.281 Y98.16 E1071.08916
G1 X122.412 Y97.802 E1071.10184
G1 X122.465 Y97.427 E1071.11444
G1 X122.437 Y97.044 E1071.12721
G1 X122.328 Y96.678 E1071.13991
G1 X122.147 Y96.341 E1071.15263
G1 X121.909 Y96.04 E1071.1654
G1 X121.657 Y95.808 E1071.17679
G1 X121.376 Y95.613 E1071.18817
G1 X121.07 Y95.447 E1071.19974
G1 X120.741 Y95.315 E1071.21153
G1 X120.395 Y95.216 E1071.2235
G1 X120.035 Y95.15 E1071.23568
G1 X119.674 Y95.121 E1071.24772
G1 X119.393 Y95.123 E1071.25707
G1 X119.306 Y95.123 E1071.25996
G1 X119.081 Y95.147 E1071.26749
G1 X119.081 Y95.124
G1 X119.081 Y95.037 E1071.26994
G1 X119.08 Y93.255 E1071.32921
G1 X119.08 Y93.254 E1071.32924
G1 X119.08 Y93.001 E1071.33434
G0 F9000 X118.68 Y92.497
;TYPE:WALL-OUTER
G1 F2400 X118.854 Y92.534 E1071.34026
G1 X118.993 Y92.568 E1071.34502
G1 X119.884 Y92.787 E1071.37554
G1 X120.89 Y93.071 E1071.41031
G1 X121.892 Y93.388 E1071.44526
G1 X122.859 Y93.731 E1071.47939
G1 X123.817 Y94.108 E1071.51363
G1 X124.644 Y94.469 E1071.54364
G1 X124.644 Y128.033 E1072.65998
G1 X118.679 Y128.033 E1072.85838
G1 X118.679 Y126.616 E1072.90551
G1 X99.127 Y123.893 E1073.56209
G1 X97.454 Y123.106 E1073.62358
G1 X97.454 Y113.254 E1073.95126
G1 X98.472 Y112.099 E1074.00247
G1 X108.692 Y102.859 E1074.46072
G1 X110.887 Y101.308 E1074.55011
G1 X118.68 Y101.308 E1074.80931
G1 X118.68 Y99.228 E1074.87849
G1 X118.68 Y99.175 E1074.88025
G1 X118.681 Y99.112 E1074.88235
G1 X118.984 Y99.175 E1074.88926
G1 X119.036 Y99.181 E1074.89085
G1 X119.3 Y99.211 E1074.89968
G1 X119.619 Y99.217 E1074.9103
G1 X119.935 Y99.195 E1074.92083
G1 X120.248 Y99.144 E1074.93138
G1 X120.548 Y99.063 E1074.94171
G1 X120.833 Y98.957 E1074.95183
G1 X121.099 Y98.824 E1074.96172
G1 X121.34 Y98.667 E1074.97129
G1 X121.555 Y98.484 E1074.98068
G1 X121.761 Y98.248 E1074.99109
G1 X121.919 Y97.986 E1075.00127
G1 X122.022 Y97.704 E1075.01126
G1 X122.063 Y97.414 E1075.021
G1 X122.041 Y97.117 E1075.0309
G1 X121.956 Y96.831 E1075.04083
G1 X121.811 Y96.561 E1075.05102
G1 X121.615 Y96.313 E1075.06153
G1 X121.406 Y96.121 E1075.07097
G1 X121.166 Y95.954 E1075.0807
G1 X120.9 Y95.81 E1075.09076
G1 X120.611 Y95.694 E1075.10112
G1 X120.304 Y95.606 E1075.11174
G1 X119.983 Y95.547 E1075.12259
G1 X119.659 Y95.521 E1075.1334
G1 X119.329 Y95.523 E1075.14438
G1 X119.044 Y95.554 E1075.15392
G1 X119.002 Y95.558 E1075.15532
G1 X118.681 Y95.625 E1075.16623
G1 X118.681 Y95.558
G1 X118.681 Y95.515 E1075.16755
G1 X118.681 Y92.679 E1075.26188
G1 X118.681 Y92.535 E1075.2645
G1 X118.68 Y92.497
G0 F9000 X118.941 Y92.824
G0 X119.24 Y94.87
;TYPE:FILL
G1 F4800 X119.332 Y94.962 E1075.26883
G0 F9000 X120.963 Y95.23
G1 F4800 X121.346 Y93.801 E1075.31803
G0 F9000 X122.1 Y96.451
G0 X122.47 Y98.1
G1 F4800 X124.083 Y99.714 E1075.39393
G0 F9000 X124.082 Y99.218
G1 F4800 X119.24 Y100.516 E1075.56066
G0 F9000 X119.747 Y99.767
G1 F4800 X119.24 Y101.661 E1075.62587
G0 F9000 X119.184 Y101.867
G1 F4800 X112.919 Y125.248 E1076.43096
G0 F9000 X116.122 Y125.693
G1 F4800 X101.882 Y111.454 E1077.10074
G0 F9000 X101.976 Y111.559
G0 X105.026 Y108.803
G0 X104.931 Y108.697
G1 F4800 X100.943 Y123.581 E1077.61325
G0 F9000 X99.758 Y118.197
G0 X99.618 Y118.197
G1 F4800 X124.083 Y111.642 E1078.45566
G0 F9000 X124.083 Y116.684
G1 F4800 X110.797 Y103.398 E1079.08059
G0 F9000 X110.89 Y103.502
G0 X111.864 Y102.622
G0 X111.77 Y102.517
G1 F4800 X114.198 Y101.867 E1079.16419
G0 F9000 X117.359 Y125.866
G1 F4800 X124.082 Y124.065 E1079.39568
G0 F9000 X99.43 Y123.419
G0 X99.468 Y123.143
;TYPE:SKIN
G1 F1500 X99.357 Y123.127 E1079.39941
G1 X98.244 Y122.604 E1079.44032
G1 X98.244 Y113.553 E1079.74135
G1 X99.038 Y112.652 E1079.7813
G1 X109.183 Y103.479 E1080.2362
G1 X111.138 Y102.098 E1080.31581
G1 X111.814 Y102.098 E1080.33829
G1 X111.897 Y102.202 E1080.34272
G1 X99.468 Y113.436 E1080.89995
G1 X99.468 Y123.143 E1081.2228
G0 F9000 X99.43 Y123.419
G0 X98.031 Y122.74
G0 X97.964 Y122.162
G0 X98.403 Y122.162
G1 F1500 X99.042 Y122.801 E1081.25286
G0 F9000 X99.308 Y122.501
G1 F1500 X98.403 Y121.596 E1081.29543
G0 F9000 X98.403 Y121.031
G1 F1500 X99.308 Y121.935 E1081.33797
G0 F9000 X99.308 Y121.369
G1 F1500 X98.403 Y120.465 E1081.38052
G0 F9000 X98.403 Y119.899
G1 F1500 X99.308 Y120.804 E1081.42309
G0 F9000 X99.308 Y120.238
G1 F1500 X98.403 Y119.334 E1081.46563
G0 F9000 X98.403 Y118.768
G1 F1500 X99.308 Y119.672 E1081.50818
G0 F9000 X99.308 Y119.107
G1 F1500 X98.403 Y118.202 E1081.55074
G0 F9000 X98.403 Y117.637
G1 F1500 X99.308 Y118.541 E1081.59329
G0 F9000 X99.308 Y117.975
G1 F1500 X98.403 Y117.071 E1081.63583
G0 F9000 X98.403 Y116.505
G1 F1500 X99.308 Y117.41 E1081.6784
G0 F9000 X99.308 Y116.844
G1 F1500 X98.403 Y115.94 E1081.72095
G0 F9000 X98.403 Y115.374
G1 F1500 X99.308 Y116.278 E1081.76349
G0 F9000 X99.308 Y115.713
G1 F1500 X98.403 Y114.808 E1081.80606
G0 F9000 X98.403 Y114.242
G1 F1500 X99.308 Y115.147 E1081.84863
G0 F9000 X99.308 Y114.581
G1 F1500 X98.403 Y113.677 E1081.89117
G0 F9000 X98.637 Y113.345
G1 F1500 X99.308 Y114.016 E1081.92274
G0 F9000 X99.308 Y113.45
G1 F1500 X98.903 Y113.045 E1081.94179
G0 F9000 X99.171 Y112.747
G1 F1500 X99.559 Y113.136 E1081.96006
G0 F9000 X99.856 Y112.867
G1 F1500 X99.468 Y112.478 E1081.97833
G0 F9000 X99.764 Y112.21
G1 F1500 X100.153 Y112.598 E1081.99661
G0 F9000 X100.45 Y112.33
G1 F1500 X100.061 Y111.941 E1082.01491
G0 F9000 X100.358 Y111.672
G1 F1500 X100.747 Y112.061 E1082.0332
G0 F9000 X101.045 Y111.793
G1 F1500 X100.655 Y111.403 E1082.05155
G0 F9000 X100.952 Y111.135
G1 F1500 X101.342 Y111.524 E1082.06987
G0 F9000 X101.639 Y111.256
G1 F1500 X101.25 Y110.867 E1082.08817
G0 F9000 X101.547 Y110.598
G1 F1500 X101.936 Y110.987 E1082.10646
G0 F9000 X102.234 Y110.719
G1 F1500 X101.844 Y110.329 E1082.12481
G0 F9000 X102.141 Y110.061
G1 F1500 X102.531 Y110.45 E1082.14313
G0 F9000 X102.828 Y110.182
G1 F1500 X102.438 Y109.792 E1082.16147
G0 F9000 X102.735 Y109.523
G1 F1500 X103.125 Y109.913 E1082.17982
G0 F9000 X103.422 Y109.644
G1 F1500 X103.032 Y109.255 E1082.19814
G0 F9000 X103.329 Y108.986
G1 F1500 X103.719 Y109.376 E1082.21648
G0 F9000 X104.016 Y109.107
G1 F1500 X103.626 Y108.717 E1082.23483
G0 F9000 X103.924 Y108.449
G1 F1500 X104.313 Y108.839 E1082.25315
G0 F9000 X104.61 Y108.57
G1 F1500 X104.221 Y108.18 E1082.27147
G0 F9000 X104.518 Y107.912
G1 F1500 X104.907 Y108.301 E1082.28977
G0 F9000 X105.205 Y108.033
G1 F1500 X104.815 Y107.643 E1082.30811
G0 F9000 X105.112 Y107.374
G1 F1500 X105.502 Y107.765 E1082.32648
G0 F9000 X105.799 Y107.496
G1 F1500 X105.409 Y107.106 E1082.34482
G0 F9000 X105.706 Y106.837
G1 F1500 X106.096 Y107.227 E1082.36317
G0 F9000 X106.393 Y106.959
G1 F1500 X106.003 Y106.568 E1082.38153
G0 F9000 X106.3 Y106.3
G1 F1500 X106.691 Y106.691 E1082.39993
G0 F9000 X106.988 Y106.422
G1 F1500 X106.597 Y106.032 E1082.41829
G0 F9000 X106.894 Y105.763
G1 F1500 X107.285 Y106.153 E1082.43666
G0 F9000 X107.582 Y105.884
G1 F1500 X107.191 Y105.494 E1082.45503
G0 F9000 X107.488 Y105.225
G1 F1500 X107.879 Y105.617 E1082.47345
G0 F9000 X108.176 Y105.348
G1 F1500 X107.785 Y104.957 E1082.49184
G0 F9000 X108.082 Y104.688
G1 F1500 X108.473 Y105.079 E1082.51023
G0 F9000 X108.77 Y104.81
G1 F1500 X108.379 Y104.419 E1082.52862
G0 F9000 X108.676 Y104.151
G1 F1500 X109.067 Y104.542 E1082.54701
G0 F9000 X109.365 Y104.274
G1 F1500 X108.974 Y103.883 E1082.5654
G0 F9000 X109.271 Y103.614
G1 F1500 X109.662 Y104.005 E1082.58379
G0 F9000 X109.959 Y103.736
G1 F1500 X109.601 Y103.379 E1082.60061
G0 F9000 X109.932 Y103.144
G1 F1500 X110.256 Y103.468 E1082.61585
G0 F9000 X110.553 Y103.199
G1 F1500 X110.264 Y102.91 E1082.62944
G0 F9000 X110.595 Y102.676
G1 F1500 X110.851 Y102.931 E1082.64146
G0 F9000 X111.147 Y102.662
G1 F1500 X110.927 Y102.442 E1082.65181
G0 F9000 X111.309 Y102.258
G1 F1500 X111.444 Y102.394 E1082.65818
G0 F9000 X112.066 Y102.166
;TYPE:SKIN
G1 F1500 X112.127 Y101.945 E1082.66266
G0 F9000 X112.261 Y101.908
G1 F2400 E1081.86266
;MESH:NONMESH
G0 F300 X112.261 Y101.908 Z7.6
G0 F9000 X118.908 Y101.536
G0 X124.424 Y96.747
G0 X126.644 Y96.747
;TIME_ELAPSED:1325.266092
;LAYER:37
;TYPE:SUPPORT
G1 F2400 E1082.66266
G1 X126.657 Y96.755 E1082.66317
G1 X126.746 Y96.929 E1082.66967
G1 X126.757 Y96.939 E1082.67016
G1 X126.771 Y96.961 E1082.67103
G1 X126.84 Y97.007 E1082.67379
G1 X126.957 Y97.253 E1082.68285
G1 X126.969 Y97.274 E1082.68365
G1 X127.064 Y97.34 E1082.6875
G1 X127.174 Y97.559 E1082.69565
G1 X127.256 Y97.622 E1082.69909
G1 X127.37 Y97.857 E1082.70778
G1 X127.388 Y97.873 E1082.70858
G1 X127.392 Y97.879 E1082.70882
G1 X127.435 Y97.914 E1082.71066
G1 X127.584 Y98.224 E1082.7221
G1 X127.647 Y98.28 E1082.72491
G1 X127.77 Y98.552 E1082.73484
G1 X127.778 Y98.564 E1082.73532
G1 X127.834 Y98.615 E1082.73784
G1 X127.997 Y98.987 E1082.75134
G1 X128.066 Y99.051 E1082.75447
G1 X128.182 Y99.338 E1082.76477
G1 X128.231 Y99.395 E1082.76727
G1 X128.382 Y99.771 E1082.78075
G1 X128.445 Y99.84 E1082.78385
G1 X128.606 Y100.242 E1082.79826
G1 X128.633 Y100.274 E1082.79965
G1 X128.807 Y100.745 E1082.81635
G1 X128.85 Y100.801 E1082.8187
G1 X128.995 Y101.236 E1082.83395
G1 X129.044 Y101.304 E1082.83674
G1 X129.208 Y101.846 E1082.85557
G1 X129.244 Y101.893 E1082.85754
G1 X129.244 Y102.207 E1082.86798
G1 X129.444 Y102.529 E1082.88059
G1 X129.444 Y102.993 E1082.89602
G1 X129.644 Y103.361 E1082.90995
G1 X129.644 Y103.652 E1082.91963
G1 X129.844 Y104.076 E1082.93523
G1 X129.844 Y104.494 E1082.94913
G1 X130.028 Y105.026 E1082.96785
G1 X130.043 Y105.128 E1082.97128
G1 X130.047 Y105.722 E1082.99104
G1 X130.227 Y106.357 E1083.01299
G1 X130.244 Y106.438 E1083.01574
G1 X130.245 Y128.033 E1083.73399
G1 X126.644 Y128.033 E1083.85376
G1 X126.644 Y96.747 E1084.89434
G0 F9000 X127.004 Y97.928
G1 F2400 X127.004 Y127.673 E1085.88366
G1 X128 Y127.673 E1085.91679
G1 X128 Y99.786 E1086.84432
G1 X127.919 Y99.583 E1086.85159
G1 X127.87 Y99.527 E1086.85406
G1 X127.763 Y99.262 E1086.86357
G1 X127.698 Y99.199 E1086.86658
G1 X127.536 Y98.83 E1086.87998
G1 X127.502 Y98.8 E1086.88149
G1 X127.454 Y98.726 E1086.88442
G1 X127.351 Y98.499 E1086.89271
G1 X127.291 Y98.445 E1086.8954
G1 X127.146 Y98.143 E1086.90654
G1 X127.119 Y98.121 E1086.9077
G1 X127.112 Y98.109 E1086.90816
G1 X127.077 Y98.079 E1086.90969
G1 X127.004 Y97.928 E1086.91527
G0 F9000 X128 Y99.786
G1 F2400 X128.072 Y99.966 E1086.92172
G1 X128.135 Y100.034 E1086.9248
G1 X128.293 Y100.429 E1086.93895
G1 X128.316 Y100.457 E1086.94016
G1 X128.488 Y100.921 E1086.95662
G1 X128.527 Y100.972 E1086.95875
G1 X128.671 Y101.402 E1086.97384
G1 X128.718 Y101.466 E1086.97648
G1 X128.882 Y102.013 E1086.99547
G0 F9000 X128.884 Y102.016
G1 F2400 X128.884 Y102.31 E1087.00525
G1 X129.084 Y102.632 E1087.01786
G1 X129.084 Y103.085 E1087.03292
G1 X129.284 Y103.454 E1087.04688
G1 X129.284 Y103.733 E1087.05616
G1 X129.484 Y104.157 E1087.07175
G1 X129.484 Y104.555 E1087.08499
G1 X129.678 Y105.112 E1087.10461
G1 X129.683 Y105.152 E1087.10595
G1 X129.687 Y105.773 E1087.12661
G1 X129.874 Y106.431 E1087.14936
G1 X129.884 Y106.479 E1087.15099
G1 X129.885 Y127.673 E1087.8559
G1 X128 Y127.673 E1087.9186
G0 F9000 X126.443 Y128.115
;TYPE:SUPPORT-INTERFACE
G1 F1500 X126.326 Y128.232 E1087.9241
G0 F9000 X126.443 Y126.443
G1 F1500 X125.843 Y125.843 E1087.95232
G0 F9000 X125.843 Y125.32
G1 F1500 X126.443 Y124.72 E1087.98055
G0 F9000 X126.443 Y123.049
G1 F1500 X125.843 Y122.448 E1088.00879
G0 F9000 X125.843 Y121.926
G1 F1500 X126.443 Y121.326 E1088.03701
G0 F9000 X126.443 Y119.655
G1 F1500 X125.843 Y119.054 E1088.06526
G0 F9000 X125.843 Y118.532
G1 F1500 X126.443 Y117.932 E1088.09348
G0 F9000 X126.443 Y116.261
G1 F1500 X125.843 Y115.66 E1088.12173
G0 F9000 X125.843 Y115.138
G1 F1500 X126.443 Y114.538 E1088.14995
G0 F9000 X126.443 Y112.866
G1 F1500 X125.843 Y112.266 E1088.17817
G0 F9000 X125.843 Y111.744
G1 F1500 X126.443 Y111.144 E1088.20639
G0 F9000 X126.443 Y109.472
G1 F1500 X125.843 Y108.872 E1088.23462
G0 F9000 X125.843 Y108.349
G1 F1500 X126.443 Y107.75 E1088.26281
G0 F9000 X126.443 Y106.078
G1 F1500 X125.843 Y105.478 E1088.29104
G0 F9000 X125.843 Y104.955
G1 F1500 X126.443 Y104.356 E1088.31924
G0 F9000 X126.443 Y102.684
G1 F1500 X125.843 Y102.084 E1088.34746
G0 F9000 X125.843 Y101.561
G1 F1500 X126.443 Y100.962 E1088.37566
G0 F9000 X126.443 Y99.29
G1 F1500 X125.843 Y98.69 E1088.40388
G0 F9000 X125.843 Y98.167
G1 F1500 X126.443 Y97.568 E1088.43208
G1 F2400 E1087.63208
;MESH:1x_1xm_pusher.stl
G0 F9000 X124.624 Y97.269
G0 X119.28 Y93.099
;TYPE:WALL-INNER
G1 F2400 E1088.43208
G1 X119.575 Y93.172 E1088.44218
G1 X119.64 Y93.19 E1088.44443
G1 X120.581 Y93.456 E1088.47695
G1 X121.558 Y93.765 E1088.51103
G1 X122.525 Y94.108 E1088.54516
G1 X123.457 Y94.475 E1088.57847
G1 X124.384 Y94.879 E1088.61211
G1 X124.444 Y94.907 E1088.61431
G1 X124.444 Y127.633 E1089.70278
G1 X119.279 Y127.633 E1089.87457
G1 X119.279 Y126.097 E1089.92566
G1 X99.215 Y123.304 E1090.59942
G1 X98.255 Y122.852 E1090.63472
G1 X98.255 Y113.405 E1090.94892
G1 X98.901 Y112.671 E1090.98145
G1 X110.363 Y102.309 E1091.49536
G1 X111.215 Y101.708 E1091.53004
G1 X119.28 Y101.708 E1091.79829
G1 X119.281 Y99.616 E1091.86787
G1 X119.318 Y99.618 E1091.8691
G1 X119.671 Y99.603 E1091.88085
G1 X120.023 Y99.557 E1091.89266
G1 X120.365 Y99.476 E1091.90435
G1 X120.693 Y99.365 E1091.91586
G1 X121.004 Y99.222 E1091.92725
G1 X121.293 Y99.049 E1091.93845
G1 X121.561 Y98.841 E1091.94973
G1 X121.818 Y98.57 E1091.96216
G1 X122.035 Y98.251 E1091.97499
G1 X122.183 Y97.903 E1091.98757
G1 X122.258 Y97.529 E1092.00025
G1 X122.252 Y97.151 E1092.01283
G1 X122.165 Y96.777 E1092.0256
G1 X122.005 Y96.432 E1092.03825
G1 X121.779 Y96.119 E1092.05109
G1 X121.539 Y95.876 E1092.06245
G1 X121.265 Y95.67 E1092.07385
G1 X120.968 Y95.495 E1092.08531
G1 X120.645 Y95.353 E1092.09705
G1 X120.306 Y95.244 E1092.10889
G1 X119.951 Y95.167 E1092.12098
G1 X119.586 Y95.125 E1092.1332
G1 X119.28 Y95.121 E1092.14337
G1 X119.28 Y93.24 E1092.20594
G1 X119.28 Y93.172
G1 X119.28 Y93.099
G0 F9000 X118.88 Y92.589
;TYPE:WALL-OUTER
G1 F2400 X119.127 Y92.649 E1092.21439
G1 X119.684 Y92.787 E1092.23348
G1 X120.69 Y93.071 E1092.26824
G1 X121.692 Y93.388 E1092.3032
G1 X122.659 Y93.731 E1092.33732
G1 X123.617 Y94.108 E1092.37157
G1 X124.544 Y94.512 E1092.4052
G1 X124.844 Y94.655 E1092.41625
G1 X124.844 Y97.269 E1092.50319
G1 X124.843 Y98.115 E1092.53133
G1 X124.845 Y98.443 E1092.54224
G1 X124.844 Y128.033 E1093.52641
G1 X118.879 Y128.033 E1093.72481
G1 X118.879 Y126.445 E1093.77762
G1 X99.099 Y123.692 E1094.44185
G1 X97.855 Y123.106 E1094.48759
G1 X97.855 Y113.254 E1094.81527
G1 X98.619 Y112.387 E1094.8537
G1 X110.115 Y101.994 E1095.36915
G1 X111.087 Y101.308 E1095.40872
G1 X118.88 Y101.308 E1095.66792
G1 X118.88 Y99.349 E1095.73307
G1 X118.88 Y99.202 E1095.73796
G1 X118.881 Y99.185 E1095.73853
G1 X119 Y99.202 E1095.7408
G1 X119.147 Y99.209 E1095.74446
G1 X119.319 Y99.218 E1095.75019
G1 X119.636 Y99.204 E1095.76074
G1 X119.951 Y99.163 E1095.77131
G1 X120.255 Y99.091 E1095.7817
G1 X120.545 Y98.993 E1095.79188
G1 X120.817 Y98.868 E1095.80183
G1 X121.067 Y98.718 E1095.81153
G1 X121.292 Y98.544 E1095.82099
G1 X121.505 Y98.319 E1095.8313
G1 X121.682 Y98.058 E1095.84178
G1 X121.799 Y97.784 E1095.85169
G1 X121.857 Y97.492 E1095.8616
G1 X121.853 Y97.2 E1095.87131
G1 X121.785 Y96.908 E1095.88128
G1 X121.658 Y96.635 E1095.8913
G1 X121.473 Y96.378 E1095.90183
G1 X121.275 Y96.178 E1095.91119
G1 X121.043 Y96.003 E1095.92085
G1 X120.785 Y95.852 E1095.9308
G1 X120.503 Y95.727 E1095.94106
G1 X120.202 Y95.631 E1095.95156
G1 X119.886 Y95.562 E1095.96232
G1 X119.56 Y95.525 E1095.97323
G1 X119.232 Y95.52 E1095.98414
G1 X118.904 Y95.543 E1095.99508
G1 X118.881 Y95.547 E1095.99586
G1 X118.881 Y95.521
G1 X118.879 Y94.825 E1096.01901
G1 X118.88 Y92.844 E1096.08489
G1 X118.88 Y92.843 E1096.08493
G1 X118.88 Y92.589 E1096.09006
G0 F9000 X119.141 Y92.922
G0 X119.424 Y94.838
G0 X119.438 Y94.868
;TYPE:FILL
G1 F4800 X119.527 Y94.956 E1096.09422
G0 F9000 X119.607 Y94.914
G0 X120.81 Y95.25
G1 F4800 X121.194 Y93.818 E1096.14353
G0 F9000 X122.367 Y97.797
G1 F4800 X124.283 Y99.713 E1096.23365
G0 F9000 X124.282 Y99.312
G1 F4800 X119.439 Y100.609 E1096.40041
G0 F9000 X119.44 Y100.364
G1 F4800 X119.601 Y99.765 E1096.42104
G0 F9000 X119.038 Y101.866
G1 F4800 X112.829 Y125.036 E1097.21887
G0 F9000 X116.124 Y125.495
G1 F4800 X102.209 Y111.58 E1097.87339
G0 F9000 X102.303 Y111.685
G0 X104.682 Y109.535
G0 X104.588 Y109.43
G1 F4800 X100.852 Y123.37 E1098.3534
G0 F9000 X100.906 Y123.393
G0 X100.941 Y118.027
G0 X100.8 Y118.027
G1 F4800 X124.283 Y111.735 E1099.16199
G0 F9000 X124.284 Y116.684
G1 F4800 X111.123 Y103.523 E1099.78105
G0 F9000 X111.218 Y103.629
G0 X112.297 Y102.653
G0 X112.203 Y102.548
G1 F4800 X114.747 Y101.867 E1099.86864
G0 F9000 X118.206 Y125.786
G1 F4800 X124.282 Y124.158 E1100.07786
G0 F9000 X100.613 Y123.387
G0 X100.651 Y123.11
;TYPE:SKIN
G1 F1500 X99.329 Y122.926 E1100.12225
G1 X98.645 Y122.604 E1100.1474
G1 X98.645 Y113.553 E1100.44843
G1 X99.185 Y112.94 E1100.4756
G1 X110.609 Y102.611 E1100.98785
G1 X111.337 Y102.098 E1101.01747
G1 X112.423 Y102.098 E1101.05359
G1 X112.437 Y102.136 E1101.05494
G1 X100.65 Y112.79 E1101.58339
G1 X100.651 Y123.11 E1101.92663
G0 F9000 X100.02 Y122.859
G1 F1500 X100.49 Y122.389 E1101.94874
G0 F9000 X100.49 Y121.823
G1 F1500 X99.523 Y122.791 E1101.99425
G0 F9000 X99.105 Y122.643
G1 F1500 X100.49 Y121.258 E1102.05939
G0 F9000 X100.49 Y120.692
G1 F1500 X98.805 Y122.377 E1102.13865
G0 F9000 X98.805 Y121.811
G1 F1500 X100.49 Y120.126 E1102.21791
G0 F9000 X100.49 Y119.561
G1 F1500 X98.805 Y121.246 E1102.29717
G0 F9000 X98.805 Y120.68
G1 F1500 X100.49 Y118.995 E1102.37642
G0 F9000 X100.49 Y118.429
G1 F1500 X98.805 Y120.114 E1102.45568
G0 F9000 X98.805 Y119.549
G1 F1500 X100.49 Y117.864 E1102.53494
G0 F9000 X100.489 Y117.299
G1 F1500 X98.805 Y118.983 E1102.61415
G0 F9000 X98.805 Y118.417
G1 F1500 X100.489 Y116.733 E1102.69336
G0 F9000 X100.489 Y116.167
G1 F1500 X98.805 Y117.852 E1102.77259
G0 F9000 X98.805 Y117.286
G1 F1500 X100.489 Y115.602 E1102.8518
G0 F9000 X100.489 Y115.036
G1 F1500 X98.805 Y116.72 E1102.93101
G0 F9000 X98.805 Y116.155
G1 F1500 X100.489 Y114.47 E1103.01025
G0 F9000 X100.489 Y113.905
G1 F1500 X98.805 Y115.589 E1103.08946
G0 F9000 X98.805 Y115.023
G1 F1500 X100.489 Y113.339 E1103.16867
G0 F9000 X100.489 Y112.773
G1 F1500 X98.805 Y114.457 E1103.24788
G0 F9000 X98.805 Y113.892
G1 F1500 X102.925 Y109.771 E1103.44169
G0 F9000 X102.632 Y109.446
G0 X110.47 Y102.443
G0 X111.27 Y101.88
G0 X112.579 Y101.886
G0 X112.699 Y102.199
G0 X101.364 Y112.534
G0 X101.063 Y112.2
G1 F1500 X108.823 Y104.44 E1103.8067
G0 F9000 X108.53 Y104.115
G0 X110.47 Y102.443
G0 X111.27 Y101.88
G0 X112.579 Y101.886
G0 X112.687 Y102.167
G0 X107.248 Y107.217
G0 X106.946 Y106.882
G1 F1500 X111.57 Y102.258 E1104.0242
G0 F9000 X111.57 Y101.908
G1 F2400 E1103.2242
;MESH:NONMESH
G0 F300 X111.57 Y101.908 Z7.8
G0 F9000 X111.57 Y101.818
G0 X119.108 Y101.536
G0 X124.624 Y96.198
G0 X126.244 Y96.198
;TIME_ELAPSED:1353.157724
;LAYER:38
;TYPE:SUPPORT
G1 F2400 E1104.0242
G1 X126.251 Y96.203 E1104.02448
G1 X126.351 Y96.382 E1104.0313
G1 X126.389 Y96.401 E1104.03272
G1 X126.433 Y96.432 E1104.03451
G1 X126.566 Y96.697 E1104.04437
G1 X126.657 Y96.755 E1104.04796
G1 X126.746 Y96.929 E1104.05446
G1 X126.757 Y96.939 E1104.05495
G1 X126.771 Y96.961 E1104.05582
G1 X126.84 Y97.007 E1104.05858
G1 X126.957 Y97.253 E1104.06764
G1 X126.969 Y97.274 E1104.06844
G1 X127.064 Y97.34 E1104.07229
G1 X127.174 Y97.559 E1104.08044
G1 X127.255 Y97.622 E1104.08385
G1 X127.331 Y97.78 E1104.08968
G1 X127.331 Y97.823 E1104.09112
G1 X127.367 Y97.854 E1104.0927
G1 X127.378 Y97.878 E1104.09357
G1 X127.412 Y97.895 E1104.09484
G1 X127.435 Y97.914 E1104.09583
G1 X127.584 Y98.224 E1104.10727
G1 X127.647 Y98.28 E1104.11007
G1 X127.774 Y98.562 E1104.12036
G1 X127.835 Y98.617 E1104.12309
G1 X127.997 Y98.987 E1104.13653
G1 X128.066 Y99.051 E1104.13966
G1 X128.182 Y99.338 E1104.14995
G1 X128.231 Y99.395 E1104.15245
G1 X128.382 Y99.771 E1104.16593
G1 X128.444 Y99.839 E1104.16899
G1 X128.606 Y100.245 E1104.18353
G1 X128.636 Y100.278 E1104.18501
G1 X128.807 Y100.745 E1104.20155
G1 X128.85 Y100.801 E1104.2039
G1 X128.995 Y101.236 E1104.21915
G1 X129.044 Y101.304 E1104.22194
G1 X129.208 Y101.846 E1104.24077
G1 X129.244 Y101.893 E1104.24274
G1 X129.244 Y102.207 E1104.25319
G1 X129.444 Y102.529 E1104.26579
G1 X129.444 Y102.993 E1104.28123
G1 X129.644 Y103.361 E1104.29516
G1 X129.644 Y103.652 E1104.30484
G1 X129.844 Y104.076 E1104.32043
G1 X129.844 Y104.494 E1104.33433
G1 X130.028 Y105.026 E1104.35305
G1 X130.043 Y105.128 E1104.35648
G1 X130.047 Y105.722 E1104.37624
G1 X130.227 Y106.357 E1104.39819
G1 X130.244 Y106.438 E1104.40094
G1 X130.245 Y128.033 E1105.1192
G1 X126.844 Y128.033 E1105.23232
G1 X126.844 Y105.183 E1105.99231
G1 X126.788 Y104.975 E1105.99947
G1 X126.327 Y104.197 E1106.02955
G1 X126.244 Y104.22 E1106.03242
G1 X126.244 Y96.198 E1106.29923
G0 F9000 X126.604 Y97.348
G1 F2400 X126.604 Y103.957 E1106.51905
G1 X127.123 Y104.834 E1106.55294
G1 X127.204 Y105.136 E1106.56334
G1 X127.204 Y127.673 E1107.31292
G1 X128 Y127.673 E1107.3394
G1 X128 Y99.786 E1108.26692
G1 X127.919 Y99.583 E1108.27419
G1 X127.87 Y99.527 E1108.27667
G1 X127.763 Y99.261 E1108.2862
G1 X127.697 Y99.2 E1108.28919
G1 X127.537 Y98.832 E1108.30254
G1 X127.477 Y98.778 E1108.30522
G1 X127.352 Y98.499 E1108.31539
G1 X127.291 Y98.446 E1108.31808
G1 X127.159 Y98.171 E1108.32823
G1 X127.105 Y98.143 E1108.33025
G1 X127.074 Y98.077 E1108.33267
G1 X126.971 Y97.988 E1108.3372
G1 X126.971 Y97.862 E1108.34139
G1 X126.967 Y97.854 E1108.34169
G1 X126.889 Y97.793 E1108.34498
G1 X126.782 Y97.582 E1108.35285
G1 X126.697 Y97.523 E1108.35629
G1 X126.638 Y97.42 E1108.36024
G1 X126.604 Y97.348 E1108.36289
G0 F9000 X128 Y99.786
G1 F2400 X128.072 Y99.965 E1108.36931
G1 X128.134 Y100.033 E1108.37237
G1 X128.296 Y100.439 E1108.38691
G1 X128.322 Y100.468 E1108.3882
G1 X128.488 Y100.921 E1108.40425
G1 X128.527 Y100.972 E1108.40638
G1 X128.671 Y101.402 E1108.42147
G1 X128.718 Y101.466 E1108.42411
G1 X128.882 Y102.013 E1108.4431
G0 F9000 X128.884 Y102.016
G1 F2400 X128.884 Y102.31 E1108.45288
G1 X129.084 Y102.632 E1108.46549
G1 X129.084 Y103.085 E1108.48055
G1 X129.284 Y103.454 E1108.49451
G1 X129.284 Y103.733 E1108.50379
G1 X129.484 Y104.157 E1108.51939
G1 X129.484 Y104.555 E1108.53262
G1 X129.678 Y105.112 E1108.55224
G1 X129.683 Y105.152 E1108.55358
G1 X129.687 Y105.773 E1108.57424
G1 X129.874 Y106.431 E1108.59699
G1 X129.884 Y106.479 E1108.59862
G1 X129.885 Y127.673 E1109.30353
G1 X128 Y127.673 E1109.36623
G0 F9000 X126.643 Y127.914
;TYPE:SUPPORT-INTERFACE
G1 F1500 X126.326 Y128.232 E1109.38116
G0 F9000 X126.644 Y126.644
G1 F1500 X126.043 Y126.043 E1109.40943
G0 F9000 X126.043 Y125.12
G1 F1500 X126.643 Y124.52 E1109.43766
G0 F9000 X126.644 Y123.25
G1 F1500 X126.043 Y122.649 E1109.46592
G0 F9000 X126.043 Y121.726
G1 F1500 X126.643 Y121.126 E1109.49415
G0 F9000 X126.644 Y119.856
G1 F1500 X126.043 Y119.254 E1109.52244
G0 F9000 X126.043 Y118.332
G1 F1500 X126.643 Y117.732 E1109.55066
G0 F9000 X126.643 Y116.461
G1 F1500 X126.043 Y115.86 E1109.57891
G0 F9000 X126.043 Y114.938
G1 F1500 X126.642 Y114.339 E1109.60708
G0 F9000 X126.643 Y113.067
G1 F1500 X126.043 Y112.466 E1109.63533
G0 F9000 X126.043 Y111.543
G1 F1500 X126.642 Y110.945 E1109.66348
G0 F9000 X126.643 Y109.672
G1 F1500 X126.043 Y109.072 E1109.6917
G0 F9000 X126.043 Y108.149
G1 F1500 X126.642 Y107.55 E1109.71988
G0 F9000 X126.643 Y106.278
G1 F1500 X126.043 Y105.678 E1109.7481
G0 F9000 X126.043 Y104.755
G1 F1500 X126.283 Y104.516 E1109.75936
G1 F2400 E1108.95936
;MESH:1x_1xm_pusher.stl
G0 F9000 X124.825 Y104.514
G0 X121.756 Y96.692
G0 X119.48 Y93.202
;TYPE:WALL-INNER
G1 F2400 E1109.75936
G1 X119.733 Y93.273 E1109.7681
G1 X120.388 Y93.458 E1109.79074
G1 X121.358 Y93.765 E1109.82458
G1 X122.325 Y94.108 E1109.85871
G1 X123.257 Y94.475 E1109.89202
G1 X124.184 Y94.879 E1109.92566
G1 X124.644 Y95.099 E1109.94261
G1 X124.644 Y127.633 E1111.0247
G1 X119.479 Y127.633 E1111.19649
G1 X119.479 Y125.927 E1111.25323
G1 X99.187 Y123.102 E1111.93465
G1 X98.656 Y122.852 E1111.95417
G1 X98.656 Y113.404 E1112.26842
G1 X99.048 Y112.959 E1112.28814
G1 X111.495 Y101.708 E1112.84619
G1 X119.48 Y101.708 E1113.11177
G1 X119.48 Y99.599 E1113.18192
G1 X119.595 Y99.591 E1113.18575
G1 X119.946 Y99.532 E1113.19759
G1 X120.283 Y99.441 E1113.2092
G1 X120.607 Y99.318 E1113.22073
G1 X120.911 Y99.163 E1113.23208
G1 X121.192 Y98.979 E1113.24325
G1 X121.445 Y98.76 E1113.25438
G1 X121.686 Y98.484 E1113.26657
G1 X121.887 Y98.149 E1113.27956
G1 X122.013 Y97.798 E1113.29196
G1 X122.066 Y97.409 E1113.30502
G1 X122.025 Y96.985 E1113.31919
G1 X121.904 Y96.626 E1113.33179
G1 X121.71 Y96.285 E1113.34484
G1 X121.469 Y96.001 E1113.35723
G1 X121.218 Y95.779 E1113.36837
G1 X120.938 Y95.588 E1113.37964
G1 X120.655 Y95.44 E1113.39027
G1 X120.326 Y95.31 E1113.40203
G1 X119.981 Y95.213 E1113.41395
G1 X119.621 Y95.149 E1113.42611
G1 X119.48 Y95.138 E1113.43082
G1 X119.48 Y93.465 E1113.48646
G1 X119.48 Y93.464 E1113.48649
G1 X119.48 Y93.202 E1113.49173
G0 F9000 X119.08 Y92.687
;TYPE:WALL-OUTER
G1 F2400 X119.477 Y92.786 E1113.50534
G1 X120.496 Y93.073 E1113.54055
G1 X121.492 Y93.388 E1113.5753
G1 X122.459 Y93.731 E1113.60942
G1 X123.417 Y94.108 E1113.64366
G1 X124.344 Y94.512 E1113.6773
G1 X125.044 Y94.847 E1113.70311
G1 X125.044 Y97.275 E1113.78386
G1 X125.043 Y98.177 E1113.81386
G1 X125.045 Y98.518 E1113.82521
G1 X125.044 Y128.033 E1114.80688
G1 X119.079 Y128.033 E1115.00528
G1 X119.079 Y126.275 E1115.06375
G1 X99.071 Y123.49 E1115.73563
G1 X98.256 Y123.106 E1115.7656
G1 X98.256 Y113.254 E1116.09328
G1 X98.766 Y112.675 E1116.11894
G1 X111.341 Y101.308 E1116.68273
G1 X119.08 Y101.308 E1116.94013
G1 X119.08 Y99.213 E1117.00981
G1 X119.232 Y99.216 E1117.01487
G1 X119.548 Y99.193 E1117.02541
G1 X119.861 Y99.141 E1117.03596
G1 X120.16 Y99.06 E1117.04627
G1 X120.445 Y98.952 E1117.0564
G1 X120.71 Y98.817 E1117.06629
G1 X120.95 Y98.659 E1117.07585
G1 X121.162 Y98.476 E1117.08517
G1 X121.361 Y98.248 E1117.09523
G1 X121.524 Y97.977 E1117.10575
G1 X121.622 Y97.703 E1117.11543
G1 X121.663 Y97.401 E1117.12557
G1 X121.631 Y97.069 E1117.13666
G1 X121.537 Y96.79 E1117.14645
G1 X121.381 Y96.515 E1117.15697
G1 X121.183 Y96.282 E1117.16714
G1 X120.972 Y96.095 E1117.17651
G1 X120.732 Y95.932 E1117.18616
G1 X120.488 Y95.804 E1117.19533
G1 X120.198 Y95.689 E1117.2057
G1 X119.892 Y95.603 E1117.21628
G1 X119.57 Y95.546 E1117.22715
G1 X119.245 Y95.52 E1117.238
G1 X119.08 Y95.522 E1117.24348
G1 X119.08 Y92.787 E1117.33445
G1 X119.08 Y92.786
G1 X119.08 Y92.687
G0 F9000 X119.341 Y93.021
G0 X119.638 Y94.868
;TYPE:FILL
G1 F4800 X119.785 Y95.015 E1117.34137
G0 F9000 X120.659 Y95.269
G1 F4800 X121.044 Y93.832 E1117.39085
G0 F9000 X122.22 Y97.45
G1 F4800 X124.484 Y99.714 E1117.49734
G0 F9000 X124.482 Y99.404
G1 F4800 X119.64 Y100.702 E1117.66407
G0 F9000 X119.308 Y101.536
G0 X118.892 Y101.866
G1 F4800 X112.739 Y124.827 E1118.4547
G0 F9000 X116.126 Y125.297
G1 F4800 X102.536 Y111.707 E1119.09393
G0 F9000 X102.63 Y111.811
G0 X104.341 Y110.264
G0 X104.246 Y110.158
G1 F4800 X102.223 Y117.711 E1119.354
G0 F9000 X102.224 Y117.792
G1 F4800 X124.482 Y111.827 E1120.12043
G0 F9000 X124.484 Y116.684
G1 F4800 X111.45 Y103.651 E1120.73348
G0 F9000 X111.544 Y103.756
G0 X112.729 Y102.684
G0 X112.635 Y102.579
G1 F4800 X115.289 Y101.867 E1120.82488
G0 F9000 X119.053 Y125.705
G1 F4800 X124.482 Y124.251 E1121.01181
G0 F9000 X124.483 Y127.364
G1 F4800 X124.454 Y127.472 E1121.01553
G0 F9000 X119.309 Y126.075
G0 X102.036 Y123.387
G0 X102.074 Y123.11
;TYPE:SKIN
G1 F1500 X99.301 Y122.724 E1121.10865
G1 X99.046 Y122.604 E1121.11802
G1 X99.046 Y113.552 E1121.41909
G1 X99.332 Y113.228 E1121.43347
G1 X111.644 Y102.098 E1121.98549
G1 X112.889 Y102.098 E1122.0269
G1 X112.903 Y102.136 E1122.02824
G1 X102.073 Y111.925 E1122.51379
G1 X102.074 Y123.11 E1122.8858
G0 F9000 X102.036 Y123.387
G0 X99.236 Y122.936
G0 X98.874 Y122.76
G0 X98.766 Y122.399
G0 X99.206 Y122.399
G1 F1500 X99.379 Y122.572 E1122.89394
G0 F9000 X100.036 Y122.663
G1 F1500 X99.206 Y121.833 E1122.93298
G0 F9000 X99.206 Y121.268
G1 F1500 X100.693 Y122.755 E1123.00293
G0 F9000 X101.35 Y122.846
G1 F1500 X99.206 Y120.702 E1123.10377
G0 F9000 X99.206 Y120.136
G1 F1500 X101.913 Y122.844 E1123.23113
G0 F9000 X101.913 Y122.278
G1 F1500 X99.206 Y119.571 E1123.35845
G0 F9000 X99.206 Y119.005
G1 F1500 X101.913 Y121.712 E1123.48578
G0 F9000 X101.913 Y121.147
G1 F1500 X99.206 Y118.439 E1123.61314
G0 F9000 X99.206 Y117.873
G1 F1500 X101.913 Y120.581 E1123.74049
G0 F9000 X101.913 Y120.015
G1 F1500 X99.206 Y117.308 E1123.86782
G0 F9000 X99.206 Y116.742
G1 F1500 X101.913 Y119.45 E1123.99517
G0 F9000 X101.913 Y118.884
G1 F1500 X99.206 Y116.176 E1124.12252
G0 F9000 X99.206 Y115.611
G1 F1500 X101.913 Y118.318 E1124.24985
G0 F9000 X101.913 Y117.753
G1 F1500 X99.206 Y115.045 E1124.3772
G0 F9000 X99.206 Y114.479
G1 F1500 X101.913 Y117.187 E1124.50456
G0 F9000 X101.913 Y116.621
G1 F1500 X99.206 Y113.914 E1124.63189
G0 F9000 X99.329 Y113.471
G1 F1500 X101.913 Y116.056 E1124.75345
G0 F9000 X101.913 Y115.49
G1 F1500 X99.613 Y113.19 E1124.86164
G0 F9000 X99.91 Y112.921
G1 F1500 X101.913 Y114.924 E1124.95585
G0 F9000 X101.913 Y114.358
G1 F1500 X100.207 Y112.652 E1125.0361
G0 F9000 X100.504 Y112.384
G1 F1500 X101.913 Y113.793 E1125.10237
G0 F9000 X101.913 Y113.227
G1 F1500 X100.801 Y112.115 E1125.15468
G0 F9000 X101.098 Y111.846
G1 F1500 X101.913 Y112.661 E1125.19301
G0 F9000 X101.913 Y112.096
G1 F1500 X101.396 Y111.578 E1125.21735
G0 F9000 X101.693 Y111.309
G1 F1500 X102.082 Y111.699 E1125.23568
G0 F9000 X102.379 Y111.43
G1 F1500 X101.99 Y111.041 E1125.25397
G0 F9000 X102.287 Y110.772
G1 F1500 X102.676 Y111.162 E1125.27229
G0 F9000 X102.974 Y110.894
G1 F1500 X102.584 Y110.503 E1125.29066
G0 F9000 X102.881 Y110.235
G1 F1500 X103.271 Y110.625 E1125.30901
G0 F9000 X103.568 Y110.356
G1 F1500 X103.178 Y109.966 E1125.32735
G0 F9000 X103.475 Y109.698
G1 F1500 X103.865 Y110.088 E1125.34569
G0 F9000 X104.162 Y109.819
G1 F1500 X103.772 Y109.429 E1125.36404
G0 F9000 X104.069 Y109.161
G1 F1500 X104.459 Y109.55 E1125.38236
G0 F9000 X104.757 Y109.282
G1 F1500 X104.366 Y108.892 E1125.40073
G0 F9000 X104.663 Y108.623
G1 F1500 X105.054 Y109.013 E1125.4191
G0 F9000 X105.351 Y108.745
G1 F1500 X104.96 Y108.354 E1125.43749
G0 F9000 X105.257 Y108.086
G1 F1500 X105.648 Y108.476 E1125.45586
G0 F9000 X105.945 Y108.207
G1 F1500 X105.555 Y107.818 E1125.47418
G0 F9000 X105.852 Y107.549
G1 F1500 X106.242 Y107.939 E1125.49252
G0 F9000 X106.539 Y107.671
G1 F1500 X106.149 Y107.28 E1125.51089
G0 F9000 X106.446 Y107.012
G1 F1500 X106.836 Y107.402 E1125.52923
G0 F9000 X107.133 Y107.133
G1 F1500 X106.743 Y106.743 E1125.54758
G0 F9000 X107.04 Y106.474
G1 F1500 X107.43 Y106.865 E1125.56595
G0 F9000 X107.727 Y106.596
G1 F1500 X107.337 Y106.206 E1125.58429
G0 F9000 X107.635 Y105.938
G1 F1500 X108.025 Y106.328 E1125.60263
G0 F9000 X108.322 Y106.059
G1 F1500 X107.932 Y105.669 E1125.62098
G0 F9000 X108.229 Y105.4
G1 F1500 X108.619 Y105.79 E1125.63932
G0 F9000 X108.916 Y105.522
G1 F1500 X108.526 Y105.131 E1125.65769
G0 F9000 X108.823 Y104.863
G1 F1500 X109.213 Y105.253 E1125.67604
G0 F9000 X109.51 Y104.984
G1 F1500 X109.12 Y104.594 E1125.69438
G0 F9000 X109.416 Y104.325
G1 F1500 X109.808 Y104.716 E1125.71279
G0 F9000 X110.105 Y104.448
G1 F1500 X109.714 Y104.057 E1125.73119
G0 F9000 X110.011 Y103.789
G1 F1500 X110.401 Y104.179 E1125.74953
G0 F9000 X110.698 Y103.91
G1 F1500 X110.308 Y103.52 E1125.76787
G0 F9000 X110.605 Y103.251
G1 F1500 X110.995 Y103.642 E1125.78624
G0 F9000 X111.292 Y103.373
G1 F1500 X110.902 Y102.983 E1125.80459
G0 F9000 X111.199 Y102.714
G1 F1500 X111.59 Y103.105 E1125.82298
G0 F9000 X111.887 Y102.836
G1 F1500 X111.496 Y102.445 E1125.84137
G0 F9000 X111.874 Y102.258
G1 F1500 X112.184 Y102.567 E1125.85593
G0 F9000 X112.688 Y103.125
G1 F2400 E1125.05593
;MESH:NONMESH
G0 F300 X112.688 Y103.125 Z8
G0 F9000 X119.308 Y101.536
G0 X124.824 Y97.275
G0 X126.444 Y96.453
;TIME_ELAPSED:1383.068121
;LAYER:39
;TYPE:SUPPORT
G1 F2400 E1125.85593
G1 X126.566 Y96.697 E1125.865
G1 X126.657 Y96.755 E1125.86859
G1 X126.746 Y96.929 E1125.87509
G1 X126.757 Y96.939 E1125.87559
G1 X126.771 Y96.961 E1125.87645
G1 X126.84 Y97.007 E1125.87921
G1 X126.957 Y97.253 E1125.88827
G1 X126.969 Y97.274 E1125.88908
G1 X127.064 Y97.34 E1125.89292
G1 X127.174 Y97.559 E1125.90107
G1 X127.256 Y97.623 E1125.90453
G1 X127.364 Y97.847 E1125.9128
G1 X127.392 Y97.879 E1125.91422
G1 X127.435 Y97.914 E1125.91606
G1 X127.584 Y98.224 E1125.9275
G1 X127.647 Y98.28 E1125.93031
G1 X127.774 Y98.562 E1125.94059
G1 X127.835 Y98.617 E1125.94332
G1 X127.997 Y98.987 E1125.95676
G1 X128.066 Y99.051 E1125.95989
G1 X128.182 Y99.338 E1125.97019
G1 X128.231 Y99.395 E1125.97269
G1 X128.382 Y99.771 E1125.98616
G1 X128.444 Y99.839 E1125.98922
G1 X128.607 Y100.249 E1126.0039
G1 X128.638 Y100.284 E1126.00545
G1 X128.807 Y100.745 E1126.02178
G1 X128.85 Y100.801 E1126.02413
G1 X128.995 Y101.236 E1126.03938
G1 X129.044 Y101.304 E1126.04217
G1 X129.208 Y101.846 E1126.061
G1 X129.244 Y101.893 E1126.06297
G1 X129.244 Y102.207 E1126.07342
G1 X129.444 Y102.529 E1126.08602
G1 X129.444 Y102.993 E1126.10146
G1 X129.644 Y103.361 E1126.11539
G1 X129.644 Y103.652 E1126.12507
G1 X129.844 Y104.076 E1126.14066
G1 X129.844 Y104.494 E1126.15456
G1 X130.028 Y105.026 E1126.17328
G1 X130.043 Y105.128 E1126.17671
G1 X130.047 Y105.722 E1126.19647
G1 X130.227 Y106.357 E1126.21842
G1 X130.244 Y106.438 E1126.22118
G1 X130.245 Y128.033 E1126.93943
G1 X126.444 Y128.033 E1127.06585
G1 X126.444 Y96.453 E1128.1162
G0 F9000 X126.804 Y97.626
G1 F2400 X126.804 Y127.673 E1129.11557
G1 X128 Y127.673 E1129.15535
G1 X128 Y99.786 E1130.08288
G1 X127.919 Y99.583 E1130.09015
G1 X127.87 Y99.527 E1130.09262
G1 X127.763 Y99.261 E1130.10216
G1 X127.697 Y99.2 E1130.10515
G1 X127.537 Y98.832 E1130.11849
G1 X127.477 Y98.778 E1130.12118
G1 X127.352 Y98.499 E1130.13135
G1 X127.291 Y98.446 E1130.13403
G1 X127.146 Y98.142 E1130.14524
G1 X127.142 Y98.139 E1130.1454
G1 X127.061 Y98.047 E1130.14948
G1 X126.969 Y97.856 E1130.15653
G1 X126.888 Y97.793 E1130.15994
G1 X126.804 Y97.626 E1130.16616
G0 F9000 X128 Y99.786
G1 F2400 X128.072 Y99.965 E1130.17258
G1 X128.134 Y100.033 E1130.17564
G1 X128.296 Y100.44 E1130.19021
G1 X128.323 Y100.472 E1130.1916
G1 X128.488 Y100.921 E1130.20751
G1 X128.527 Y100.972 E1130.20965
G1 X128.671 Y101.402 E1130.22473
G1 X128.718 Y101.466 E1130.22737
G1 X128.882 Y102.013 E1130.24636
G0 F9000 X128.884 Y102.016
G1 F2400 X128.884 Y102.31 E1130.25614
G1 X129.084 Y102.632 E1130.26875
G1 X129.084 Y103.085 E1130.28382
G1 X129.284 Y103.454 E1130.29778
G1 X129.284 Y103.733 E1130.30706
G1 X129.484 Y104.157 E1130.32265
G1 X129.484 Y104.555 E1130.33589
G1 X129.678 Y105.112 E1130.3555
G1 X129.683 Y105.152 E1130.35684
G1 X129.687 Y105.773 E1130.3775
G1 X129.874 Y106.431 E1130.40025
G1 X129.884 Y106.479 E1130.40188
G1 X129.885 Y127.673 E1131.1068
G1 X128 Y127.673 E1131.16949
G1 F2400 E1130.36949
;MESH:1x_1xm_pusher.stl
G0 F9000 X128 Y128.898
G0 X125.605 Y128.862
G0 X125.024 Y127.673
G0 X121.641 Y96.912
G0 X119.681 Y93.315
;TYPE:WALL-INNER
G1 F2400 E1131.16949
G1 X119.934 Y93.386 E1131.17823
G1 X120.181 Y93.456 E1131.18677
G1 X121.158 Y93.765 E1131.22085
G1 X122.125 Y94.108 E1131.25498
G1 X123.057 Y94.475 E1131.28829
G1 X123.984 Y94.879 E1131.32193
G1 X124.844 Y95.291 E1131.35364
G1 X124.844 Y127.633 E1132.42934
G1 X119.679 Y127.633 E1132.60113
G1 X119.679 Y125.757 E1132.66353
G1 X99.16 Y122.901 E1133.35257
G1 X99.057 Y122.852 E1133.35636
G1 X99.057 Y113.406 E1133.67054
G1 X99.2 Y113.244 E1133.67773
G1 X111.961 Y101.708 E1134.24988
G1 X119.68 Y101.708 E1134.50662
G1 X119.681 Y99.543 E1134.57862
G1 X119.754 Y99.53 E1134.58109
G1 X120.09 Y99.438 E1134.59268
G1 X120.412 Y99.316 E1134.60413
G1 X120.716 Y99.161 E1134.61548
G1 X120.996 Y98.975 E1134.62666
G1 X121.25 Y98.756 E1134.63781
G1 X121.487 Y98.484 E1134.64981
G1 X121.694 Y98.138 E1134.66322
G1 X121.831 Y97.728 E1134.6776
G1 X121.864 Y97.297 E1134.69198
G1 X121.796 Y96.868 E1134.70643
G1 X121.626 Y96.467 E1134.72091
G1 X121.414 Y96.162 E1134.73327
G1 X121.134 Y95.87 E1134.74672
G1 X120.855 Y95.662 E1134.7583
G1 X120.556 Y95.488 E1134.7698
G1 X120.231 Y95.346 E1134.7816
G1 X119.889 Y95.24 E1134.79351
G1 X119.68 Y95.196 E1134.80061
G1 X119.681 Y93.578 E1134.85443
G1 X119.681 Y93.577 E1134.85446
G1 X119.681 Y93.315 E1134.8597
G0 F9000 X119.281 Y92.788
;TYPE:WALL-OUTER
G1 F2400 X119.331 Y92.8 E1134.86141
G1 X119.552 Y92.862 E1134.86904
G1 X120.29 Y93.071 E1134.89455
G1 X121.292 Y93.388 E1134.92951
G1 X122.259 Y93.731 E1134.96363
G1 X123.217 Y94.108 E1134.99788
G1 X124.144 Y94.512 E1135.03151
G1 X125.039 Y94.941 E1135.06452
G1 X125.244 Y95.049 E1135.07223
G1 X125.244 Y128.033 E1136.16928
G1 X119.279 Y128.033 E1136.36768
G1 X119.279 Y126.105 E1136.4318
G1 X99.043 Y123.288 E1137.11134
G1 X98.657 Y123.106 E1137.12554
G1 X98.657 Y113.254 E1137.45322
G1 X98.913 Y112.964 E1137.46608
G1 X111.807 Y101.308 E1138.04419
G1 X119.28 Y101.308 E1138.29275
G1 X119.281 Y99.204 E1138.36273
G1 X119.361 Y99.192 E1138.36542
G1 X119.667 Y99.139 E1138.37575
G1 X119.966 Y99.057 E1138.38606
G1 X120.25 Y98.95 E1138.39615
G1 X120.514 Y98.815 E1138.40601
G1 X120.754 Y98.656 E1138.41559
G1 X120.967 Y98.472 E1138.42495
G1 X121.162 Y98.248 E1138.43483
G1 X121.328 Y97.97 E1138.4456
G1 X121.436 Y97.648 E1138.45689
G1 X121.462 Y97.313 E1138.46807
G1 X121.409 Y96.979 E1138.47932
G1 X121.274 Y96.661 E1138.49081
G1 X121.104 Y96.416 E1138.50073
G1 X120.868 Y96.171 E1138.51204
G1 X120.634 Y95.996 E1138.52176
G1 X120.375 Y95.845 E1138.53173
G1 X120.091 Y95.721 E1138.54204
G1 X119.788 Y95.627 E1138.55259
G1 X119.472 Y95.56 E1138.56333
G1 X119.28 Y95.539 E1138.56976
G1 X119.28 Y93.03 E1138.65321
G1 X119.28 Y92.8 E1138.6582
G1 X119.281 Y92.788
G0 F9000 X119.541 Y93.129
G0 X120.894 Y93.848
;TYPE:FILL
G1 F4800 X120.507 Y95.291 E1138.70789
G0 F9000 X120.11 Y95.141
G1 F4800 X119.839 Y94.869 E1138.72066
G0 F9000 X120.66 Y95.659
G0 X121.978 Y97.009
G1 F4800 X124.683 Y99.714 E1138.8479
G0 F9000 X124.683 Y99.496
G1 F4800 X119.84 Y100.794 E1139.01466
G0 F9000 X119.508 Y101.536
G0 X118.746 Y101.866
G1 F4800 X112.649 Y124.618 E1139.7981
G0 F9000 X116.128 Y125.1
G1 F4800 X103.646 Y112.618 E1140.38521
G0 F9000 X103.645 Y111.856
G1 F4800 X103.905 Y110.889 E1140.41852
G0 F9000 X103.999 Y110.994
G0 X103.787 Y117.556
G0 X103.646 Y117.556
G1 F4800 X124.683 Y111.92 E1141.14288
G0 F9000 X124.683 Y116.684
G1 F4800 X111.775 Y103.777 E1141.75001
G0 F9000 X111.869 Y103.882
G0 X113.163 Y102.714
G0 X113.068 Y102.608
G1 F4800 X115.837 Y101.867 E1141.84535
G0 F9000 X119.838 Y125.641
G1 F4800 X124.682 Y124.343 E1142.01215
G0 F9000 X124.683 Y126.074
G1 F4800 X124.308 Y127.472 E1142.06029
G0 F9000 X119.509 Y125.905
G0 X103.459 Y123.388
G0 X103.497 Y123.112
;TYPE:SKIN
G1 F1500 X99.447 Y122.548 E1142.19629
G1 X99.447 Y113.553 E1142.49547
G1 X99.479 Y113.517 E1142.49707
G1 X112.11 Y102.098 E1143.06341
G1 X113.355 Y102.098 E1143.10482
G1 X113.369 Y102.136 E1143.10616
G1 X103.496 Y111.06 E1143.5488
G1 X103.497 Y123.112 E1143.94965
G0 F9000 X102.848 Y122.859
G1 F1500 X103.336 Y122.371 E1143.97261
G0 F9000 X103.336 Y121.806
G1 F1500 X102.352 Y122.79 E1144.01889
G0 F9000 X101.855 Y122.721
G1 F1500 X103.336 Y121.24 E1144.08855
G0 F9000 X103.336 Y120.674
G1 F1500 X101.358 Y122.652 E1144.18159
G0 F9000 X100.862 Y122.583
G1 F1500 X103.336 Y120.109 E1144.29796
G0 F9000 X103.336 Y119.543
G1 F1500 X100.365 Y122.514 E1144.43771
G0 F9000 X99.868 Y122.445
G1 F1500 X103.336 Y118.977 E1144.60083
G0 F9000 X103.336 Y118.412
G1 F1500 X99.607 Y122.141 E1144.77623
G0 F9000 X99.607 Y121.575
G1 F1500 X103.336 Y117.846 E1144.95163
G0 F9000 X103.336 Y117.28
G1 F1500 X99.607 Y121.01 E1145.12706
G0 F9000 X99.607 Y120.444
G1 F1500 X103.335 Y116.715 E1145.30244
G0 F9000 X103.335 Y116.15
G1 F1500 X99.607 Y119.878 E1145.47779
G0 F9000 X99.607 Y119.312
G1 F1500 X103.335 Y115.584 E1145.65314
G0 F9000 X103.335 Y115.018
G1 F1500 X99.607 Y118.747 E1145.82852
G0 F9000 X99.607 Y118.181
G1 F1500 X103.335 Y114.453 E1146.00387
G0 F9000 X103.335 Y113.887
G1 F1500 X99.607 Y117.615 E1146.17923
G0 F9000 X99.607 Y117.05
G1 F1500 X103.335 Y113.321 E1146.3546
G0 F9000 X103.335 Y112.755
G1 F1500 X99.607 Y116.484 E1146.52998
G0 F9000 X99.607 Y115.918
G1 F1500 X103.335 Y112.19 E1146.70534
G0 F9000 X103.335 Y111.624
G1 F1500 X99.607 Y115.353 E1146.88071
G0 F9000 X99.607 Y114.787
G1 F1500 X103.335 Y111.058 E1147.05609
G0 F9000 X103.777 Y111.183
G0 X104.371 Y110.658
G0 X104.07 Y110.324
G1 F1500 X111.817 Y102.577 E1147.42048
G0 F9000 X112.702 Y102.258
G1 F1500 X109.952 Y105.007 E1147.54981
G0 F9000 X110.254 Y105.342
G0 X113.631 Y102.199
G0 X113.511 Y101.886
G0 X112.028 Y101.881
G0 X105.633 Y107.578
G0 X105.926 Y107.903
G1 F1500 X99.607 Y114.221 E1147.84702
G0 F9000 X99.607 Y113.656
G1 F1500 X100.035 Y113.228 E1147.86715
G0 F9000 X99.801 Y112.969
G1 F2400 E1147.06715
;MESH:NONMESH
G0 F300 X99.801 Y112.969 Z8.2
G0 F9000 X99.742 Y112.903
G0 X112.028 Y101.881
G0 X119.508 Y101.536
G0 X125.024 Y96.747
G0 X126.644 Y96.747
;TIME_ELAPSED:1410.780437
;LAYER:40
;TYPE:SUPPORT
G1 F2400 E1147.86715
G1 X126.657 Y96.755 E1147.86766
G1 X126.746 Y96.929 E1147.87416
G1 X126.757 Y96.939 E1147.87465
G1 X126.771 Y96.961 E1147.87552
G1 X126.84 Y97.007 E1147.87828
G1 X126.957 Y97.253 E1147.88734
G1 X126.969 Y97.274 E1147.88814
G1 X127.064 Y97.34 E1147.89199
G1 X127.174 Y97.559 E1147.90014
G1 X127.255 Y97.622 E1147.90355
G1 X127.368 Y97.858 E1147.91225
G1 X127.434 Y97.913 E1147.91511
G1 X127.576 Y98.207 E1147.92597
G1 X127.584 Y98.223 E1147.92657
G1 X127.648 Y98.281 E1147.92944
G1 X127.776 Y98.567 E1147.93986
G1 X127.837 Y98.62 E1147.94255
G1 X127.997 Y98.987 E1147.95586
G1 X128.066 Y99.051 E1147.95899
G1 X128.182 Y99.338 E1147.96929
G1 X128.231 Y99.395 E1147.97179
G1 X128.382 Y99.771 E1147.98527
G1 X128.444 Y99.839 E1147.98833
G1 X128.607 Y100.253 E1148.00313
G1 X128.637 Y100.284 E1148.00456
G1 X128.807 Y100.745 E1148.0209
G1 X128.85 Y100.801 E1148.02325
G1 X128.995 Y101.236 E1148.0385
G1 X129.044 Y101.304 E1148.04129
G1 X129.208 Y101.846 E1148.06012
G1 X129.244 Y101.893 E1148.06209
G1 X129.244 Y102.207 E1148.07254
G1 X129.444 Y102.529 E1148.08514
G1 X129.444 Y102.993 E1148.10058
G1 X129.644 Y103.361 E1148.11451
G1 X129.644 Y103.652 E1148.12419
G1 X129.844 Y104.076 E1148.13978
G1 X129.844 Y104.494 E1148.15368
G1 X130.028 Y105.026 E1148.1724
G1 X130.043 Y105.128 E1148.17583
G1 X130.047 Y105.722 E1148.19559
G1 X130.227 Y106.357 E1148.21754
G1 X130.244 Y106.438 E1148.2203
G1 X130.245 Y128.033 E1148.93855
G1 X126.644 Y128.033 E1149.05832
G1 X126.644 Y96.747 E1150.09889
G0 F9000 X127.004 Y97.931
G1 F2400 X127.004 Y127.673 E1151.08812
G1 X128 Y127.673 E1151.12124
G1 X128 Y99.786 E1152.04877
G1 X127.919 Y99.583 E1152.05604
G1 X127.87 Y99.527 E1152.05851
G1 X127.763 Y99.261 E1152.06805
G1 X127.697 Y99.2 E1152.07104
G1 X127.539 Y98.839 E1152.08415
G1 X127.48 Y98.787 E1152.08676
G1 X127.348 Y98.495 E1152.09742
G1 X127.291 Y98.443 E1152.09999
G1 X127.144 Y98.141 E1152.11116
G1 X127.076 Y98.084 E1152.11411
G1 X127.004 Y97.931 E1152.11973
G0 F9000 X128 Y99.786
G1 F2400 X128.072 Y99.965 E1152.12615
G1 X128.133 Y100.033 E1152.12919
G1 X128.298 Y100.45 E1152.1441
G1 X128.324 Y100.478 E1152.14538
G1 X128.488 Y100.921 E1152.16109
G1 X128.527 Y100.972 E1152.16322
G1 X128.671 Y101.402 E1152.1783
G1 X128.718 Y101.466 E1152.18095
G1 X128.882 Y102.013 E1152.19994
G0 F9000 X128.884 Y102.016
G1 F2400 X128.884 Y102.31 E1152.20972
G1 X129.084 Y102.632 E1152.22232
G1 X129.084 Y103.085 E1152.23739
G1 X129.284 Y103.454 E1152.25135
G1 X129.284 Y103.733 E1152.26063
G1 X129.484 Y104.157 E1152.27622
G1 X129.484 Y104.555 E1152.28946
G1 X129.678 Y105.112 E1152.30908
G1 X129.683 Y105.152 E1152.31042
G1 X129.687 Y105.773 E1152.33107
G1 X129.874 Y106.431 E1152.35383
G1 X129.884 Y106.479 E1152.35546
G1 X129.885 Y127.673 E1153.06037
G1 X128 Y127.673 E1153.12307
G1 F2400 E1152.32307
;MESH:1x_1xm_pusher.stl
G0 F9000 X125.224 Y127.673
G0 X121.484 Y97.101
G0 X121.33 Y96.72
G0 X119.881 Y93.428
;TYPE:WALL-INNER
G1 F2400 E1153.12307
G1 X119.98 Y93.456 E1153.12649
G1 X120.174 Y93.517 E1153.13325
G1 X120.958 Y93.765 E1153.1606
G1 X121.925 Y94.108 E1153.19473
G1 X122.857 Y94.475 E1153.22804
G1 X123.784 Y94.879 E1153.26168
G1 X124.666 Y95.302 E1153.29421
G1 X125.044 Y95.501 E1153.30842
G1 X125.044 Y127.633 E1154.37713
G1 X119.879 Y127.633 E1154.54892
G1 X119.879 Y125.587 E1154.61697
G1 X99.458 Y122.744 E1155.30273
G1 X99.458 Y113.432 E1155.61245
G1 X112.428 Y101.708 E1156.19395
G1 X119.88 Y101.708 E1156.44181
G1 X119.88 Y99.439 E1156.51727
G1 X120.008 Y99.399 E1156.52173
G1 X120.323 Y99.265 E1156.53312
G1 X120.618 Y99.1 E1156.54436
G1 X120.892 Y98.901 E1156.55562
G1 X121.148 Y98.654 E1156.56746
G1 X121.394 Y98.325 E1156.58112
G1 X121.576 Y97.932 E1156.59552
G1 X121.662 Y97.508 E1156.60991
G1 X121.644 Y97.074 E1156.62436
G1 X121.52 Y96.659 E1156.63877
G1 X121.344 Y96.338 E1156.65094
G1 X121.092 Y96.022 E1156.66439
G1 X120.835 Y95.79 E1156.6759
G1 X120.551 Y95.597 E1156.68732
G1 X120.244 Y95.435 E1156.69887
G1 X119.913 Y95.305 E1156.7107
G1 X119.881 Y95.296 E1156.7118
G1 X119.881 Y93.66 E1156.76621
G1 X119.881 Y93.456 E1156.77095
G1 X119.881 Y93.428
G0 F9000 X119.481 Y92.899
;TYPE:WALL-OUTER
G1 F2400 X119.735 Y92.97 E1156.77972
G1 X120.089 Y93.071 E1156.79196
G1 X121.092 Y93.388 E1156.82695
G1 X122.059 Y93.731 E1156.86108
G1 X123.017 Y94.108 E1156.89532
G1 X123.944 Y94.512 E1156.92895
G1 X124.839 Y94.941 E1156.96196
G1 X125.444 Y95.259 E1156.9847
G1 X125.444 Y128.033 E1158.07476
G1 X119.479 Y128.033 E1158.27316
G1 X119.479 Y125.935 E1158.34294
G1 X99.058 Y123.092 E1159.0287
G1 X99.058 Y113.254 E1159.35591
G1 X112.274 Y101.308 E1159.94843
G1 X119.48 Y101.308 E1160.18811
G1 X119.48 Y99.134 E1160.26041
G1 X119.575 Y99.114 E1160.26364
G1 X119.87 Y99.023 E1160.27391
G1 X120.146 Y98.905 E1160.28389
G1 X120.402 Y98.762 E1160.29365
G1 X120.634 Y98.594 E1160.30317
G1 X120.847 Y98.388 E1160.31303
G1 X121.049 Y98.119 E1160.32422
G1 X121.193 Y97.807 E1160.33565
G1 X121.26 Y97.476 E1160.34688
G1 X121.246 Y97.14 E1160.35806
G1 X121.149 Y96.814 E1160.36938
G1 X121.01 Y96.56 E1160.37901
G1 X120.8 Y96.297 E1160.3902
G1 X120.587 Y96.105 E1160.39974
G1 X120.345 Y95.94 E1160.40948
G1 X120.077 Y95.799 E1160.41955
G1 X119.786 Y95.685 E1160.42995
G1 X119.481 Y95.6 E1160.44048
G1 X119.481 Y93.163 E1160.52153
G1 X119.481 Y93.162 E1160.52157
G1 X119.481 Y92.899 E1160.52683
G0 F9000 X119.741 Y93.242
G0 X120.743 Y93.864
;TYPE:FILL
G1 F4800 X120.355 Y95.312 E1160.57669
G0 F9000 X120.628 Y95.458
G1 F4800 X120.039 Y94.869 E1160.6044
G0 F9000 X121.547 Y96.377
G1 F4800 X124.884 Y99.714 E1160.76136
G0 F9000 X124.883 Y99.59
G1 F4800 X120.04 Y100.888 E1160.92812
G0 F9000 X119.708 Y101.536
G0 X118.599 Y101.866
G1 F4800 X112.559 Y124.406 E1161.70425
G0 F9000 X116.131 Y124.902
G1 F4800 X105.07 Y113.841 E1162.22453
G0 F9000 X105.211 Y113.841
G0 X105.211 Y117.322
G0 X105.07 Y117.322
G1 F4800 X124.882 Y112.013 E1162.90673
G0 F9000 X124.884 Y116.684
G1 F4800 X112.103 Y103.903 E1163.50791
G0 F9000 X112.197 Y104.008
G0 X113.595 Y102.744
G0 X113.501 Y102.639
G1 F4800 X116.384 Y101.867 E1163.60717
G0 F9000 X124.882 Y124.437
G1 F4800 X120.038 Y125.734 E1163.77396
G0 F9000 X124.161 Y127.473
G1 F4800 X124.883 Y124.775 E1163.86686
G0 F9000 X104.883 Y123.388
G0 X104.921 Y123.111
;TYPE:SKIN
G1 F1500 X99.848 Y122.405 E1164.03721
G1 X99.848 Y113.604 E1164.32993
G1 X112.577 Y102.098 E1164.90063
G1 X113.822 Y102.098 E1164.94204
G1 X113.836 Y102.136 E1164.94338
G1 X104.92 Y110.195 E1165.34312
G1 X104.921 Y123.111 E1165.77271
G0 F9000 X104.883 Y123.388
G0 X99.638 Y122.587
G0 X99.568 Y122.069
G0 X100.007 Y122.069
G1 F1500 X100.234 Y122.296 E1165.78338
G0 F9000 X100.891 Y122.387
G1 F1500 X100.007 Y121.503 E1165.82496
G0 F9000 X100.007 Y120.937
G1 F1500 X101.549 Y122.479 E1165.89749
G0 F9000 X102.205 Y122.57
G1 F1500 X100.007 Y120.372 E1166.00088
G0 F9000 X100.007 Y119.806
G1 F1500 X102.862 Y122.661 E1166.13517
G0 F9000 X103.519 Y122.753
G1 F1500 X100.007 Y119.24 E1166.30039
G0 F9000 X100.007 Y118.675
G1 F1500 X104.177 Y122.844 E1166.49651
G0 F9000 X104.76 Y122.862
G1 F1500 X100.007 Y118.109 E1166.72008
G0 F9000 X100.007 Y117.543
G1 F1500 X104.76 Y122.296 E1166.94364
G0 F9000 X104.76 Y121.731
G1 F1500 X100.007 Y116.978 E1167.16721
G0 F9000 X100.007 Y116.412
G1 F1500 X104.76 Y121.165 E1167.39078
G0 F9000 X104.76 Y120.599
G1 F1500 X100.007 Y115.846 E1167.61434
G0 F9000 X100.007 Y115.281
G1 F1500 X104.76 Y120.034 E1167.83791
G0 F9000 X104.76 Y119.468
G1 F1500 X100.007 Y114.715 E1168.06148
G0 F9000 X100.007 Y114.149
G1 F1500 X104.76 Y118.902 E1168.28504
G0 F9000 X104.76 Y118.337
G1 F1500 X100.054 Y113.631 E1168.5064
G0 F9000 X100.351 Y113.362
G1 F1500 X104.76 Y117.771 E1168.71378
G0 F9000 X104.76 Y117.205
G1 F1500 X100.648 Y113.093 E1168.9072
G0 F9000 X100.945 Y112.825
G1 F1500 X104.76 Y116.64 E1169.08665
G0 F9000 X104.76 Y116.074
G1 F1500 X101.243 Y112.557 E1169.25207
G0 F9000 X101.54 Y112.288
G1 F1500 X104.76 Y115.508 E1169.40353
G0 F9000 X104.76 Y114.943
G1 F1500 X101.837 Y112.019 E1169.54105
G0 F9000 X102.134 Y111.751
G1 F1500 X104.76 Y114.377 E1169.66457
G0 F9000 X104.76 Y113.811
G1 F1500 X102.431 Y111.482 E1169.77411
G0 F9000 X102.729 Y111.214
G1 F1500 X104.76 Y113.245 E1169.86965
G0 F9000 X104.76 Y112.68
G1 F1500 X103.026 Y110.945 E1169.95123
G0 F9000 X103.323 Y110.677
G1 F1500 X104.76 Y112.114 E1170.01882
G0 F9000 X104.76 Y111.548
G1 F1500 X103.62 Y110.408 E1170.07245
G0 F9000 X103.917 Y110.139
G1 F1500 X104.76 Y110.983 E1170.11212
G0 F9000 X104.76 Y110.417
G1 F1500 X104.214 Y109.871 E1170.1378
G0 F9000 X104.511 Y109.602
G1 F1500 X104.902 Y109.993 E1170.1562
G0 F9000 X105.199 Y109.724
G1 F1500 X104.808 Y109.334 E1170.17456
G0 F9000 X105.105 Y109.065
G1 F1500 X105.496 Y109.456 E1170.19295
G0 F9000 X105.793 Y109.187
G1 F1500 X105.402 Y108.796 E1170.21135
G0 F9000 X105.7 Y108.528
G1 F1500 X106.09 Y108.919 E1170.22971
G0 F9000 X106.387 Y108.65
G1 F1500 X105.997 Y108.26 E1170.24806
G0 F9000 X106.294 Y107.991
G1 F1500 X106.684 Y108.381 E1170.2664
G0 F9000 X106.982 Y108.113
G1 F1500 X106.591 Y107.722 E1170.28479
G0 F9000 X106.888 Y107.454
G1 F1500 X107.279 Y107.845 E1170.30319
G0 F9000 X107.576 Y107.576
G1 F1500 X107.186 Y107.186 E1170.32153
G0 F9000 X107.483 Y106.917
G1 F1500 X107.873 Y107.307 E1170.33987
G0 F9000 X108.171 Y107.039
G1 F1500 X107.78 Y106.648 E1170.35827
G0 F9000 X108.077 Y106.379
G1 F1500 X108.468 Y106.771 E1170.37668
G0 F9000 X108.765 Y106.502
G1 F1500 X108.374 Y106.111 E1170.39507
G0 F9000 X108.671 Y105.843
G1 F1500 X109.062 Y106.233 E1170.41344
G0 F9000 X109.359 Y105.964
G1 F1500 X108.968 Y105.574 E1170.43181
G0 F9000 X109.265 Y105.305
G1 F1500 X109.656 Y105.696 E1170.4502
G0 F9000 X109.953 Y105.428
G1 F1500 X109.562 Y105.037 E1170.46859
G0 F9000 X109.86 Y104.769
G1 F1500 X110.25 Y105.159 E1170.48694
G0 F9000 X110.547 Y104.89
G1 F1500 X110.157 Y104.5 E1170.50528
G0 F9000 X110.454 Y104.231
G1 F1500 X110.844 Y104.622 E1170.52365
G0 F9000 X111.142 Y104.354
G1 F1500 X110.751 Y103.963 E1170.54204
G0 F9000 X111.048 Y103.694
G1 F1500 X111.439 Y104.085 E1170.56043
G0 F9000 X111.736 Y103.816
G1 F1500 X111.345 Y103.426 E1170.5788
G0 F9000 X111.642 Y103.157
G1 F1500 X112.033 Y103.548 E1170.59719
G0 F9000 X112.33 Y103.279
G1 F1500 X111.939 Y102.888 E1170.61558
G0 F9000 X112.236 Y102.62
G1 F1500 X112.627 Y103.011 E1170.63397
G0 F9000 X112.924 Y102.742
G1 F1500 X112.533 Y102.351 E1170.65236
G0 F9000 X113.006 Y102.258
G1 F1500 X113.221 Y102.473 E1170.66248
G0 F9000 X113.725 Y103.031
G1 F2400 E1169.86248
;MESH:NONMESH
G0 F300 X113.725 Y103.031 Z8.4
G0 F9000 X119.708 Y101.536
G0 X125.224 Y97.016
G0 X126.844 Y97.016
;TIME_ELAPSED:1440.998432
;LAYER:41
;TYPE:SUPPORT
G1 F2400 E1170.66248
G1 X126.957 Y97.253 E1170.67121
G1 X126.969 Y97.274 E1170.67201
G1 X127.064 Y97.34 E1170.67586
G1 X127.175 Y97.559 E1170.68403
G1 X127.252 Y97.619 E1170.68728
G1 X127.367 Y97.86 E1170.69616
G1 X127.436 Y97.916 E1170.69911
G1 X127.576 Y98.207 E1170.70985
G1 X127.584 Y98.223 E1170.71045
G1 X127.648 Y98.281 E1170.71332
G1 X127.776 Y98.567 E1170.72374
G1 X127.837 Y98.62 E1170.72643
G1 X127.997 Y98.987 E1170.73975
G1 X128.065 Y99.05 E1170.74283
G1 X128.182 Y99.338 E1170.75317
G1 X128.231 Y99.395 E1170.75567
G1 X128.379 Y99.766 E1170.76895
G1 X128.385 Y99.776 E1170.76934
G1 X128.437 Y99.832 E1170.77188
G1 X128.444 Y99.84 E1170.77224
G1 X128.607 Y100.253 E1170.787
G1 X128.637 Y100.284 E1170.78844
G1 X128.807 Y100.745 E1170.80478
G1 X128.85 Y100.801 E1170.80713
G1 X128.995 Y101.236 E1170.82238
G1 X129.044 Y101.304 E1170.82517
G1 X129.208 Y101.846 E1170.844
G1 X129.244 Y101.893 E1170.84597
G1 X129.244 Y102.207 E1170.85642
G1 X129.444 Y102.529 E1170.86902
G1 X129.444 Y102.993 E1170.88446
G1 X129.644 Y103.361 E1170.89839
G1 X129.644 Y103.652 E1170.90806
G1 X129.844 Y104.076 E1170.92366
G1 X129.844 Y104.494 E1170.93756
G1 X130.028 Y105.026 E1170.95628
G1 X130.043 Y105.128 E1170.95971
G1 X130.047 Y105.722 E1170.97947
G1 X130.227 Y106.357 E1171.00142
G1 X130.244 Y106.438 E1171.00417
G1 X130.245 Y128.033 E1171.72243
G1 X126.844 Y128.033 E1171.83554
G1 X126.844 Y97.016 E1172.86717
G0 F9000 X127.204 Y98.264
G1 F2400 X127.204 Y127.673 E1173.84532
G1 X128 Y127.673 E1173.8718
G1 X128 Y99.79 E1174.79919
G1 X127.917 Y99.583 E1174.80661
G1 X127.87 Y99.528 E1174.80901
G1 X127.762 Y99.26 E1174.81862
G1 X127.697 Y99.2 E1174.82156
G1 X127.539 Y98.839 E1174.83467
G1 X127.48 Y98.787 E1174.83729
G1 X127.348 Y98.495 E1174.84795
G1 X127.291 Y98.443 E1174.85051
G1 X127.204 Y98.264 E1174.85713
G0 F9000 X128 Y99.79
G1 F2400 X128.055 Y99.926 E1174.86201
G1 X128.095 Y99.993 E1174.86461
G1 X128.134 Y100.036 E1174.86654
G1 X128.298 Y100.45 E1174.88135
G1 X128.324 Y100.478 E1174.88262
G1 X128.488 Y100.921 E1174.89833
G1 X128.527 Y100.972 E1174.90046
G1 X128.671 Y101.402 E1174.91555
G1 X128.718 Y101.466 E1174.91819
G1 X128.882 Y102.013 E1174.93718
G0 F9000 X128.884 Y102.016
G1 F2400 X128.884 Y102.31 E1174.94696
G1 X129.084 Y102.632 E1174.95957
G1 X129.084 Y103.085 E1174.97463
G1 X129.284 Y103.454 E1174.98859
G1 X129.284 Y103.733 E1174.99787
G1 X129.484 Y104.157 E1175.01347
G1 X129.484 Y104.555 E1175.0267
G1 X129.678 Y105.112 E1175.04632
G1 X129.683 Y105.152 E1175.04766
G1 X129.687 Y105.773 E1175.06832
G1 X129.874 Y106.431 E1175.09107
G1 X129.884 Y106.479 E1175.0927
G1 X129.885 Y127.673 E1175.79761
G1 X128 Y127.673 E1175.86031
G1 F2400 E1175.06031
;MESH:1x_1xm_pusher.stl
G0 F9000 X125.424 Y127.673
G0 X121.236 Y96.901
G0 X120.081 Y93.551
;TYPE:WALL-INNER
G1 F2400 E1175.86031
G1 X120.34 Y93.632 E1175.86934
G1 X120.758 Y93.765 E1175.88393
G1 X121.725 Y94.108 E1175.91805
G1 X122.657 Y94.475 E1175.95137
G1 X123.584 Y94.879 E1175.985
G1 X124.466 Y95.302 E1176.01753
G1 X125.244 Y95.71 E1176.04675
G1 X125.244 Y127.633 E1177.10852
G1 X120.079 Y127.633 E1177.2803
G1 X120.079 Y125.416 E1177.35404
G1 X100.641 Y122.711 E1178.00678
G1 X100.64 Y112.784 E1178.33696
G1 X112.894 Y101.708 E1178.88634
G1 X120.08 Y101.708 E1179.12535
G1 X120.08 Y99.282 E1179.20604
G1 X120.329 Y99.153 E1179.21536
G1 X120.608 Y98.966 E1179.22654
G1 X120.858 Y98.747 E1179.23759
G1 X121.088 Y98.482 E1179.24926
G1 X121.298 Y98.128 E1179.26295
G1 X121.435 Y97.716 E1179.27739
G1 X121.464 Y97.282 E1179.29186
G1 X121.391 Y96.855 E1179.30627
G1 X121.221 Y96.457 E1179.32066
G1 X121.013 Y96.159 E1179.33275
G1 X120.723 Y95.862 E1179.34656
G1 X120.443 Y95.654 E1179.35816
G1 X120.142 Y95.482 E1179.36969
G1 X120.081 Y95.456 E1179.37189
G1 X120.081 Y93.823 E1179.42621
G1 X120.081 Y93.822 E1179.42624
G1 X120.081 Y93.551 E1179.43162
G0 F9000 X119.681 Y93.012
;TYPE:WALL-OUTER
G1 F2400 X119.889 Y93.071 E1179.43881
G1 X120.014 Y93.11 E1179.44317
G1 X120.892 Y93.388 E1179.4738
G1 X121.859 Y93.731 E1179.50792
G1 X122.817 Y94.108 E1179.54216
G1 X123.744 Y94.512 E1179.5758
G1 X124.639 Y94.941 E1179.60881
G1 X125.513 Y95.4 E1179.64164
G1 X125.644 Y95.475 E1179.64666
G1 X125.644 Y128.033 E1180.72955
G1 X119.679 Y128.033 E1180.92794
G1 X119.679 Y125.764 E1181.00341
G1 X100.241 Y123.059 E1181.65615
G1 X100.24 Y112.606 E1182.00382
G1 X112.74 Y101.308 E1182.56423
G1 X119.68 Y101.308 E1182.79505
G1 X119.68 Y99.013 E1182.87138
G1 X119.861 Y98.945 E1182.87781
G1 X120.125 Y98.808 E1182.88771
G1 X120.364 Y98.648 E1182.89727
G1 X120.574 Y98.464 E1182.90656
G1 X120.762 Y98.247 E1182.91611
G1 X120.932 Y97.961 E1182.92717
G1 X121.039 Y97.638 E1182.93849
G1 X121.062 Y97.302 E1182.94969
G1 X121.005 Y96.969 E1182.96093
G1 X120.869 Y96.652 E1182.9724
G1 X120.704 Y96.415 E1182.98201
G1 X120.459 Y96.164 E1182.99367
G1 X120.224 Y95.989 E1183.00342
G1 X119.963 Y95.84 E1183.01341
G1 X119.681 Y95.718 E1183.02363
G1 X119.681 Y93.202 E1183.10732
G1 X119.681 Y93.071 E1183.10928
G1 X119.681 Y93.012
G0 F9000 X119.94 Y93.358
G0 X120.593 Y93.88
;TYPE:FILL
G1 F4800 X120.241 Y95.194 E1183.15452
G0 F9000 X120.239 Y94.87
G1 F4800 X125.083 Y99.714 E1183.38237
G0 F9000 X125.082 Y99.682
G1 F4800 X120.239 Y100.98 E1183.54914
G0 F9000 X119.908 Y101.536
G0 X118.453 Y101.866
G1 F4800 X112.47 Y124.195 E1184.318
G0 F9000 X116.133 Y124.704
G1 F4800 X106.493 Y115.064 E1184.77144
G0 F9000 X106.634 Y115.064
G0 X106.634 Y117.087
G0 X106.493 Y117.087
G1 F4800 X125.083 Y112.105 E1185.41156
G0 F9000 X125.083 Y116.684
G1 F4800 X112.429 Y104.03 E1186.00676
G0 F9000 X112.523 Y104.135
G0 X114.027 Y102.775
G0 X113.933 Y102.67
G1 F4800 X116.928 Y101.867 E1186.1099
G0 F9000 X125.083 Y123.485
G1 F4800 X124.015 Y127.473 E1186.24721
G0 F9000 X125.082 Y124.529
G1 F4800 X120.238 Y125.827 E1186.41401
G0 F9000 X119.942 Y125.591
G0 X106.306 Y123.388
G0 X106.344 Y123.111
;TYPE:SKIN
G1 F1500 X101.031 Y122.372 E1186.59242
G1 X101.03 Y112.956 E1186.9056
G1 X113.043 Y102.098 E1187.44417
G1 X114.288 Y102.098 E1187.48558
G1 X114.302 Y102.136 E1187.48693
G1 X106.343 Y109.33 E1187.84376
G1 X106.344 Y123.111 E1188.30212
G0 F9000 X105.679 Y122.856
G1 F1500 X106.182 Y122.354 E1188.32575
G0 F9000 X106.182 Y121.788
G1 F1500 X105.183 Y122.787 E1188.37274
G0 F9000 X104.687 Y122.718
G1 F1500 X106.182 Y121.222 E1188.44309
G0 F9000 X106.182 Y120.657
G1 F1500 X104.19 Y122.649 E1188.53679
G0 F9000 X103.693 Y122.58
G1 F1500 X106.182 Y120.091 E1188.65386
G0 F9000 X106.182 Y119.525
G1 F1500 X103.197 Y122.511 E1188.79429
G0 F9000 X102.7 Y122.441
G1 F1500 X106.182 Y118.96 E1188.95805
G0 F9000 X106.182 Y118.394
G1 F1500 X102.203 Y122.373 E1189.14521
G0 F9000 X101.707 Y122.304
G1 F1500 X106.182 Y117.828 E1189.35572
G0 F9000 X106.182 Y117.263
G1 F1500 X101.211 Y122.234 E1189.58954
G0 F9000 X101.191 Y121.688
G1 F1500 X106.182 Y116.697 E1189.8243
G0 F9000 X106.182 Y116.131
G1 F1500 X101.191 Y121.123 E1190.05909
G0 F9000 X101.191 Y120.557
G1 F1500 X106.182 Y115.565 E1190.29387
G0 F9000 X106.182 Y115
G1 F1500 X101.191 Y119.991 E1190.52863
G0 F9000 X101.191 Y119.426
G1 F1500 X106.182 Y114.434 E1190.76342
G0 F9000 X106.182 Y113.868
G1 F1500 X101.191 Y118.86 E1190.9982
G0 F9000 X101.191 Y118.294
G1 F1500 X106.182 Y113.303 E1191.23297
G0 F9000 X106.182 Y112.737
G1 F1500 X101.191 Y117.729 E1191.46775
G0 F9000 X101.19 Y117.164
G1 F1500 X106.182 Y112.171 E1191.70258
G0 F9000 X106.182 Y111.606
G1 F1500 X101.19 Y116.598 E1191.93739
G0 F9000 X101.19 Y116.032
G1 F1500 X106.182 Y111.04 E1192.1722
G0 F9000 X106.182 Y110.474
G1 F1500 X101.19 Y115.467 E1192.40703
G0 F9000 X101.19 Y114.901
G1 F1500 X106.182 Y109.909 E1192.64184
G0 F9000 X106.182 Y109.343
G1 F1500 X101.19 Y114.335 E1192.87665
G0 F9000 X101.19 Y113.769
G1 F1500 X108.941 Y106.019 E1193.24121
G0 F9000 X108.648 Y105.694
G0 X112.961 Y101.881
G0 X114.444 Y101.886
G0 X114.552 Y102.167
G0 X107.365 Y108.795
G0 X107.064 Y108.461
G1 F1500 X113.268 Y102.257 E1193.53302
G0 F9000 X113.834 Y102.257
G1 F1500 X112.945 Y103.146 E1193.57484
G0 F9000 X113.247 Y103.481
G0 X114.564 Y102.199
G0 X114.444 Y101.886
G0 X112.961 Y101.881
G0 X102.765 Y111.012
G0 X103.057 Y111.336
G1 F1500 X101.19 Y113.204 E1193.66268
G0 F9000 X100.841 Y113.205
G1 F2400 E1192.86268
;MESH:NONMESH
G0 F300 X100.841 Y113.205 Z8.6
G0 F9000 X100.75 Y113.204
G0 X100.821 Y122.554
G0 X106.56 Y123.349
G0 X125.424 Y97.326
G0 X127.044 Y97.326
;TIME_ELAPSED:1470.537006
;LAYER:42
;TYPE:SUPPORT
G1 F2400 E1193.66268
G1 X127.064 Y97.34 E1193.66349
G1 X127.175 Y97.559 E1193.67166
G1 X127.251 Y97.618 E1193.67486
G1 X127.368 Y97.863 E1193.68389
G1 X127.439 Y97.92 E1193.68692
G1 X127.573 Y98.204 E1193.69736
G1 X127.584 Y98.223 E1193.69809
G1 X127.646 Y98.28 E1193.70089
G1 X127.775 Y98.567 E1193.71136
G1 X127.837 Y98.622 E1193.71412
G1 X127.997 Y98.987 E1193.72737
G1 X128.062 Y99.047 E1193.73031
G1 X128.17 Y99.309 E1193.73974
G1 X128.188 Y99.344 E1193.74105
G1 X128.231 Y99.394 E1193.74324
G1 X128.379 Y99.766 E1193.75656
G1 X128.386 Y99.778 E1193.75702
G1 X128.438 Y99.831 E1193.75949
G1 X128.444 Y99.84 E1193.75985
G1 X128.607 Y100.253 E1193.77462
G1 X128.637 Y100.284 E1193.77605
G1 X128.807 Y100.745 E1193.79239
G1 X128.85 Y100.801 E1193.79474
G1 X128.995 Y101.236 E1193.80999
G1 X129.044 Y101.304 E1193.81278
G1 X129.208 Y101.846 E1193.83162
G1 X129.244 Y101.893 E1193.83358
G1 X129.244 Y102.207 E1193.84403
G1 X129.444 Y102.529 E1193.85664
G1 X129.444 Y102.993 E1193.87207
G1 X129.644 Y103.361 E1193.886
G1 X129.644 Y103.652 E1193.89568
G1 X129.844 Y104.076 E1193.91127
G1 X129.844 Y104.494 E1193.92517
G1 X130.029 Y105.03 E1193.94403
G1 X130.043 Y105.126 E1193.94726
G1 X130.047 Y105.722 E1193.96708
G1 X130.227 Y106.357 E1193.98903
G1 X130.244 Y106.438 E1193.99179
G1 X130.245 Y128.033 E1194.71004
G1 X127.044 Y128.033 E1194.81651
G1 X127.044 Y97.326 E1195.83782
G0 F9000 X127.404 Y98.619
G1 F2400 X127.404 Y127.673 E1196.80416
G1 X128 Y127.673 E1196.82399
G1 X128 Y99.788 E1197.75145
G1 X127.917 Y99.58 E1197.75889
G1 X127.888 Y99.546 E1197.76038
G1 X127.843 Y99.461 E1197.76358
G1 X127.759 Y99.257 E1197.77092
G1 X127.698 Y99.201 E1197.77367
G1 X127.54 Y98.841 E1197.78675
G1 X127.478 Y98.784 E1197.78955
G1 X127.404 Y98.619 E1197.79556
G0 F9000 X128 Y99.788
G1 F2400 X128.055 Y99.925 E1197.80047
G1 X128.097 Y99.997 E1197.80325
G1 X128.134 Y100.036 E1197.80503
G1 X128.298 Y100.45 E1197.81985
G1 X128.324 Y100.478 E1197.82112
G1 X128.488 Y100.921 E1197.83683
G1 X128.527 Y100.972 E1197.83896
G1 X128.671 Y101.402 E1197.85405
G1 X128.718 Y101.466 E1197.85669
G1 X128.882 Y102.013 E1197.87568
G0 F9000 X128.884 Y102.016
G1 F2400 X128.884 Y102.31 E1197.88546
G1 X129.084 Y102.632 E1197.89807
G1 X129.084 Y103.085 E1197.91313
G1 X129.284 Y103.454 E1197.92709
G1 X129.284 Y103.733 E1197.93637
G1 X129.484 Y104.157 E1197.95196
G1 X129.484 Y104.555 E1197.9652
G1 X129.677 Y105.109 E1197.98471
G1 X129.683 Y105.157 E1197.98632
G1 X129.687 Y105.773 E1198.00681
G1 X129.874 Y106.431 E1198.02956
G1 X129.884 Y106.479 E1198.03119
G1 X129.885 Y127.673 E1198.73611
G1 X128 Y127.673 E1198.7988
G1 F2400 E1197.9988
;MESH:1x_1xm_pusher.stl
G0 F9000 X125.624 Y127.673
G0 X121.083 Y97.088
G0 X120.281 Y93.677
;TYPE:WALL-INNER
G1 F2400 E1198.7988
G1 X120.558 Y93.765 E1198.80847
G1 X120.638 Y93.793 E1198.81129
G1 X121.525 Y94.108 E1198.8426
G1 X122.457 Y94.475 E1198.87591
G1 X123.384 Y94.879 E1198.90955
G1 X124.266 Y95.302 E1198.94208
G1 X125.114 Y95.747 E1198.97393
G1 X125.444 Y95.936 E1198.98658
G1 X125.444 Y127.633 E1200.04083
G1 X120.279 Y127.633 E1200.21262
G1 X120.279 Y125.246 E1200.29201
G1 X102.064 Y122.711 E1200.90368
G1 X102.063 Y111.919 E1201.26262
G1 X113.36 Y101.708 E1201.7691
G1 X120.28 Y101.708 E1201.99926
G1 X120.28 Y99.055 E1202.0875
G1 X120.502 Y98.892 E1202.09666
G1 X120.75 Y98.652 E1202.10814
G1 X121 Y98.315 E1202.1221
G1 X121.181 Y97.918 E1202.13661
G1 X121.262 Y97.494 E1202.15097
G1 X121.242 Y97.06 E1202.16542
G1 X121.113 Y96.641 E1202.18
G1 X120.897 Y96.266 E1202.19439
G1 X120.668 Y95.999 E1202.20609
G1 X120.418 Y95.778 E1202.21719
G1 X120.28 Y95.684 E1202.22274
G1 X120.28 Y93.85 E1202.28374
G1 X120.28 Y93.765 E1202.28396
G1 X120.281 Y93.677
G0 F9000 X119.881 Y93.131
;TYPE:WALL-OUTER
G1 F2400 X120.141 Y93.213 E1202.29303
G1 X120.692 Y93.388 E1202.31225
G1 X121.659 Y93.731 E1202.34638
G1 X122.617 Y94.108 E1202.38062
G1 X123.544 Y94.512 E1202.41426
G1 X124.439 Y94.941 E1202.44727
G1 X125.313 Y95.4 E1202.4801
G1 X125.844 Y95.704 E1202.50045
G1 X125.844 Y128.033 E1203.57572
G1 X119.879 Y128.033 E1203.77411
G1 X119.879 Y125.594 E1203.85524
G1 X101.664 Y123.059 E1204.46691
G1 X101.663 Y111.741 E1204.84335
G1 X113.206 Y101.308 E1205.36085
G1 X119.88 Y101.308 E1205.58283
G1 X119.88 Y98.831 E1205.66521
G1 X120.013 Y98.755 E1205.67031
G1 X120.243 Y98.586 E1205.6798
G1 X120.448 Y98.387 E1205.6893
G1 X120.654 Y98.11 E1205.70078
G1 X120.797 Y97.796 E1205.71226
G1 X120.86 Y97.465 E1205.72347
G1 X120.845 Y97.129 E1205.73465
G1 X120.744 Y96.802 E1205.74603
G1 X120.569 Y96.498 E1205.7577
G1 X120.383 Y96.281 E1205.76721
G1 X120.172 Y96.095 E1205.77656
G1 X119.88 Y95.896 E1205.78832
G1 X119.881 Y93.404 E1205.8712
G1 X119.881 Y93.403 E1205.87123
G1 X119.881 Y93.131 E1205.87663
G0 F9000 X120.14 Y93.484
G0 X120.439 Y94.868
;TYPE:FILL
G1 F4800 X125.283 Y99.713 E1206.1045
G0 F9000 X125.282 Y99.776
G1 F4800 X120.439 Y101.073 E1206.27126
G0 F9000 X120.108 Y101.536
G0 X118.306 Y101.866
G1 F4800 X112.379 Y123.985 E1207.03289
G0 F9000 X116.135 Y124.506
G1 F4800 X107.917 Y116.287 E1207.41946
G0 F9000 X107.916 Y116.852
G1 F4800 X125.282 Y112.199 E1208.01743
G0 F9000 X125.284 Y116.684
G1 F4800 X112.755 Y104.156 E1208.60673
G0 F9000 X112.849 Y104.261
G0 X114.459 Y102.806
G0 X114.365 Y102.701
G1 F4800 X117.476 Y101.867 E1208.71386
G0 F9000 X125.283 Y122.191
G1 F4800 X123.868 Y127.473 E1208.89574
G0 F9000 X125.282 Y124.622
G1 F4800 X120.438 Y125.92 E1209.06253
G0 F9000 X120.109 Y125.394
G0 X107.73 Y123.388
G0 X107.768 Y123.111
;TYPE:SKIN
G1 F1500 X102.454 Y122.372 E1209.24098
G1 X102.453 Y112.091 E1209.58292
G1 X113.509 Y102.098 E1210.0786
G1 X114.754 Y102.098 E1210.12
G1 X114.768 Y102.136 E1210.12135
G1 X107.766 Y108.464 E1210.43525
G1 X107.768 Y123.111 E1210.92241
G0 F9000 X107.73 Y123.388
G0 X102.244 Y122.554
G0 X102.173 Y121.846
G0 X102.613 Y121.846
G1 F1500 X103.06 Y122.293 E1210.94344
G0 F9000 X103.717 Y122.385
G1 F1500 X102.613 Y121.28 E1210.99539
G0 F9000 X102.613 Y120.715
G1 F1500 X104.374 Y122.476 E1211.07822
G0 F9000 X105.031 Y122.567
G1 F1500 X102.613 Y120.149 E1211.19196
G0 F9000 X102.613 Y119.583
G1 F1500 X105.688 Y122.658 E1211.3366
G0 F9000 X106.345 Y122.75
G1 F1500 X102.613 Y119.018 E1211.51214
G0 F9000 X102.613 Y118.452
G1 F1500 X107.002 Y122.842 E1211.71861
G0 F9000 X107.607 Y122.881
G1 F1500 X102.613 Y117.886 E1211.95353
G0 F9000 X102.613 Y117.321
G1 F1500 X107.607 Y122.315 E1212.18844
G0 F9000 X107.607 Y121.749
G1 F1500 X102.613 Y116.755 E1212.42334
G0 F9000 X102.613 Y116.189
G1 F1500 X107.607 Y121.183 E1212.65824
G0 F9000 X107.607 Y120.618
G1 F1500 X102.613 Y115.623 E1212.89317
G0 F9000 X102.613 Y115.058
G1 F1500 X107.607 Y120.052 E1213.12807
G0 F9000 X107.607 Y119.486
G1 F1500 X102.613 Y114.492 E1213.36297
G0 F9000 X102.613 Y113.926
G1 F1500 X107.607 Y118.921 E1213.5979
G0 F9000 X107.607 Y118.355
G1 F1500 X102.613 Y113.361 E1213.8328
G0 F9000 X102.613 Y112.795
G1 F1500 X107.607 Y117.789 E1214.0677
G0 F9000 X107.607 Y117.224
G1 F1500 X102.613 Y112.229 E1214.30263
G0 F9000 X102.874 Y111.925
G1 F1500 X107.607 Y116.658 E1214.52525
G0 F9000 X107.607 Y116.092
G1 F1500 X103.171 Y111.656 E1214.73391
G0 F9000 X103.468 Y111.388
G1 F1500 X107.606 Y115.526 E1214.92855
G0 F9000 X107.606 Y114.96
G1 F1500 X103.765 Y111.119 E1215.10922
G0 F9000 X104.062 Y110.851
G1 F1500 X107.606 Y114.395 E1215.27592
G0 F9000 X107.606 Y113.829
G1 F1500 X104.359 Y110.582 E1215.42865
G0 F9000 X104.656 Y110.313
G1 F1500 X107.606 Y113.263 E1215.56741
G0 F9000 X107.606 Y112.697
G1 F1500 X104.954 Y110.045 E1215.69215
G0 F9000 X105.251 Y109.776
G1 F1500 X107.606 Y112.132 E1215.80294
G0 F9000 X107.606 Y111.566
G1 F1500 X105.548 Y109.508 E1215.89974
G0 F9000 X105.845 Y109.239
G1 F1500 X107.606 Y111 E1215.98258
G0 F9000 X107.606 Y110.435
G1 F1500 X106.142 Y108.97 E1216.05146
G0 F9000 X106.44 Y108.702
G1 F1500 X107.606 Y109.869 E1216.10633
G0 F9000 X107.606 Y109.303
G1 F1500 X106.737 Y108.434 E1216.14721
G0 F9000 X107.034 Y108.165
G1 F1500 X107.606 Y108.738 E1216.17413
G0 F9000 X107.721 Y108.287
G1 F1500 X107.331 Y107.896 E1216.1925
G0 F9000 X107.628 Y107.628
G1 F1500 X108.019 Y108.019 E1216.21089
G0 F9000 X108.316 Y107.75
G1 F1500 X107.925 Y107.36 E1216.22926
G0 F9000 X108.222 Y107.091
G1 F1500 X108.613 Y107.481 E1216.24763
G0 F9000 X108.91 Y107.212
G1 F1500 X108.519 Y106.822 E1216.266
G0 F9000 X108.816 Y106.553
G1 F1500 X109.206 Y106.944 E1216.28437
G0 F9000 X109.504 Y106.676
G1 F1500 X109.114 Y106.285 E1216.30273
G0 F9000 X109.411 Y106.017
G1 F1500 X109.801 Y106.407 E1216.32108
G0 F9000 X110.098 Y106.138
G1 F1500 X109.708 Y105.748 E1216.33942
G0 F9000 X110.005 Y105.479
G1 F1500 X110.395 Y105.87 E1216.35779
G0 F9000 X110.693 Y105.602
G1 F1500 X110.302 Y105.211 E1216.37618
G0 F9000 X110.599 Y104.943
G1 F1500 X110.99 Y105.333 E1216.39455
G0 F9000 X111.287 Y105.064
G1 F1500 X110.896 Y104.674 E1216.41292
G0 F9000 X111.193 Y104.405
G1 F1500 X111.584 Y104.796 E1216.43131
G0 F9000 X111.881 Y104.527
G1 F1500 X111.49 Y104.137 E1216.44968
G0 F9000 X111.787 Y103.868
G1 F1500 X112.178 Y104.259 E1216.46807
G0 F9000 X112.475 Y103.99
G1 F1500 X112.085 Y103.6 E1216.48641
G0 F9000 X112.382 Y103.331
G1 F1500 X112.772 Y103.721 E1216.50476
G0 F9000 X113.069 Y103.453
G1 F1500 X112.679 Y103.062 E1216.52313
G0 F9000 X112.976 Y102.794
G1 F1500 X113.367 Y103.185 E1216.54152
G0 F9000 X113.664 Y102.916
G1 F1500 X113.273 Y102.525 E1216.55991
G0 F9000 X113.571 Y102.258
G1 F1500 X113.961 Y102.647 E1216.57823
G0 F9000 X114.258 Y102.379
G1 F1500 X114.137 Y102.258 E1216.58392
G0 F9000 X114.137 Y101.908
G1 F2400 E1215.78392
;MESH:NONMESH
G0 F300 X114.137 Y101.908 Z8.8
G0 F9000 X114.137 Y101.818
G0 X120.108 Y101.536
G0 X125.624 Y97.612
G0 X127.244 Y97.612
;TIME_ELAPSED:1500.495933
;LAYER:43
;TYPE:SUPPORT
G1 F2400 E1216.58392
G1 X127.251 Y97.618 E1216.58423
G1 X127.368 Y97.863 E1216.59326
G1 X127.439 Y97.92 E1216.59629
G1 X127.573 Y98.204 E1216.60673
G1 X127.584 Y98.223 E1216.60746
G1 X127.646 Y98.28 E1216.61026
G1 X127.775 Y98.567 E1216.62073
G1 X127.837 Y98.622 E1216.62348
G1 X127.997 Y98.987 E1216.63674
G1 X128.062 Y99.047 E1216.63968
G1 X128.17 Y99.309 E1216.64911
G1 X128.188 Y99.344 E1216.65042
G1 X128.231 Y99.394 E1216.65261
G1 X128.379 Y99.766 E1216.66592
G1 X128.386 Y99.778 E1216.66639
G1 X128.438 Y99.831 E1216.66886
G1 X128.444 Y99.84 E1216.66922
G1 X128.607 Y100.253 E1216.68398
G1 X128.637 Y100.284 E1216.68542
G1 X128.807 Y100.745 E1216.70176
G1 X128.85 Y100.801 E1216.70411
G1 X128.995 Y101.235 E1216.71933
G1 X129.043 Y101.303 E1216.7221
G1 X129.208 Y101.847 E1216.741
G1 X129.244 Y101.892 E1216.74292
G1 X129.244 Y102.207 E1216.7534
G1 X129.444 Y102.529 E1216.76601
G1 X129.444 Y102.993 E1216.78144
G1 X129.644 Y103.361 E1216.79537
G1 X129.644 Y103.652 E1216.80505
G1 X129.844 Y104.076 E1216.82064
G1 X129.844 Y104.494 E1216.83454
G1 X130.03 Y105.034 E1216.85354
G1 X130.043 Y105.126 E1216.85663
G1 X130.047 Y105.722 E1216.87645
G1 X130.227 Y106.357 E1216.8984
G1 X130.244 Y106.438 E1216.90116
G1 X130.245 Y128.033 E1217.61941
G1 X127.244 Y128.033 E1217.71922
G1 X127.244 Y105.13 E1218.48098
G1 X127.16 Y104.818 E1218.49173
G1 X127.044 Y104.621 E1218.49933
G1 X127.044 Y104.083 E1218.51723
G1 X127.244 Y103.76 E1218.52986
G1 X127.244 Y97.612 E1218.73434
G0 F9000 X127.604 Y98.986
G1 F2400 X127.604 Y103.863 E1218.89655
G1 X127.404 Y104.185 E1218.90916
G1 X127.404 Y104.523 E1218.9204
G1 X127.495 Y104.677 E1218.92635
G1 X127.604 Y105.083 E1218.94033
G1 X127.604 Y127.673 E1219.69168
G1 X128 Y127.673 E1219.70485
G1 X128 Y99.788 E1220.63231
G1 X127.917 Y99.58 E1220.63976
G1 X127.888 Y99.546 E1220.64125
G1 X127.843 Y99.461 E1220.64444
G1 X127.759 Y99.257 E1220.65178
G1 X127.698 Y99.201 E1220.65454
G1 X127.604 Y98.986 E1220.66234
G0 F9000 X128 Y99.788
G1 F2400 X128.055 Y99.925 E1220.66725
G1 X128.097 Y99.997 E1220.67002
G1 X128.134 Y100.036 E1220.67181
G1 X128.298 Y100.45 E1220.68662
G1 X128.324 Y100.478 E1220.68789
G1 X128.488 Y100.921 E1220.7036
G1 X128.527 Y100.972 E1220.70574
G1 X128.671 Y101.399 E1220.72073
G1 X128.716 Y101.463 E1220.72333
G1 X128.884 Y102.018 E1220.74262
G1 X128.884 Y102.31 E1220.75233
G1 X129.084 Y102.632 E1220.76494
G1 X129.084 Y103.085 E1220.78
G1 X129.284 Y103.454 E1220.79396
G1 X129.284 Y103.733 E1220.80324
G1 X129.484 Y104.157 E1220.81883
G1 X129.484 Y104.554 E1220.83204
G1 X129.678 Y105.114 E1220.85175
G1 X129.683 Y105.154 E1220.85309
G1 X129.687 Y105.773 E1220.87368
G1 X129.874 Y106.431 E1220.89643
G1 X129.884 Y106.479 E1220.89806
G1 X129.885 Y127.673 E1221.60298
G1 X128 Y127.673 E1221.66567
G1 F2400 E1220.86567
;MESH:1x_1xm_pusher.stl
G0 F9000 X125.824 Y127.673
G0 X120.481 Y93.809
;TYPE:WALL-INNER
G1 F2400 E1221.66567
G1 X120.746 Y93.903 E1221.67503
G1 X121.325 Y94.108 E1221.69545
G1 X122.257 Y94.475 E1221.72877
G1 X123.184 Y94.879 E1221.7624
G1 X124.066 Y95.302 E1221.79494
G1 X124.92 Y95.75 E1221.82701
G1 X125.644 Y96.166 E1221.85478
G1 X125.644 Y103.316 E1222.09259
G1 X125.566 Y103.425 E1222.09705
G1 X125.389 Y103.819 E1222.11142
G1 X125.31 Y104.249 E1222.12596
G1 X125.337 Y104.682 E1222.14039
G1 X125.467 Y105.099 E1222.15492
G1 X125.644 Y105.398 E1222.16647
G1 X125.644 Y127.633 E1222.90601
G1 X120.479 Y127.633 E1223.0778
G1 X120.479 Y125.076 E1223.16285
G1 X103.487 Y122.711 E1223.73345
G1 X103.486 Y111.054 E1224.12117
G1 X113.827 Y101.708 E1224.58476
G1 X120.48 Y101.708 E1224.80604
G1 X120.48 Y98.72 E1224.90543
G1 X120.546 Y98.658 E1224.90844
G1 X120.805 Y98.308 E1224.92292
G1 X120.982 Y97.912 E1224.93735
G1 X121.063 Y97.488 E1224.9517
G1 X121.04 Y97.054 E1224.96616
G1 X120.91 Y96.635 E1224.98075
G1 X120.69 Y96.256 E1224.99532
G1 X120.48 Y96.021 E1225.00581
G1 X120.481 Y94.091 E1225.07
G1 X120.481 Y94.09 E1225.07003
G1 X120.481 Y93.809 E1225.07556
G0 F9000 X120.081 Y93.258
;TYPE:WALL-OUTER
G1 F2400 X120.341 Y93.34 E1225.08463
G1 X120.491 Y93.388 E1225.08987
G1 X121.459 Y93.731 E1225.12403
G1 X122.417 Y94.108 E1225.15827
G1 X123.344 Y94.512 E1225.1919
G1 X124.239 Y94.941 E1225.22491
G1 X125.119 Y95.403 E1225.25797
G1 X125.964 Y95.888 E1225.29037
G1 X126.044 Y95.938 E1225.29351
G1 X126.044 Y103.444 E1225.54316
G1 X125.915 Y103.625 E1225.55055
G1 X125.774 Y103.939 E1225.562
G1 X125.712 Y104.273 E1225.5733
G1 X125.733 Y104.609 E1225.5845
G1 X125.835 Y104.935 E1225.59586
G1 X126.044 Y105.289 E1225.60953
G1 X126.044 Y128.033 E1226.366
G1 X120.079 Y128.033 E1226.5644
G1 X120.079 Y125.424 E1226.65117
G1 X103.087 Y123.059 E1227.22178
G1 X103.086 Y110.876 E1227.62699
G1 X113.673 Y101.308 E1228.10161
G1 X120.08 Y101.308 E1228.3147
G1 X120.08 Y98.546 E1228.40657
G1 X120.246 Y98.391 E1228.41412
G1 X120.458 Y98.105 E1228.42596
G1 X120.598 Y97.791 E1228.4374
G1 X120.661 Y97.461 E1228.44857
G1 X120.643 Y97.125 E1228.45976
G1 X120.541 Y96.796 E1228.47122
G1 X120.365 Y96.492 E1228.4829
G1 X120.131 Y96.231 E1228.49456
G1 X120.08 Y96.167 E1228.49728
G1 X120.081 Y93.531 E1228.58496
G1 X120.081 Y93.53 E1228.58499
G1 X120.081 Y93.258 E1228.59039
G0 F9000 X120.339 Y93.611
G0 X120.639 Y94.869
;TYPE:FILL
G1 F4800 X125.483 Y99.713 E1228.81823
G0 F9000 X125.482 Y99.868
G1 F4800 X120.639 Y101.166 E1228.985
G0 F9000 X120.342 Y101.499
G0 X118.16 Y101.867
G1 F4800 X112.289 Y123.775 E1229.73937
G0 F9000 X116.138 Y124.31
G1 F4800 X109.339 Y117.511 E1230.05918
G0 F9000 X109.34 Y116.617
G1 F4800 X125.483 Y112.291 E1230.61504
G0 F9000 X125.483 Y116.684
G1 F4800 X113.081 Y104.282 E1231.19839
G0 F9000 X113.176 Y104.388
G0 X114.893 Y102.836
G0 X114.799 Y102.731
G1 F4800 X118.023 Y101.867 E1231.30941
G0 F9000 X125.483 Y120.9
G1 F4800 X123.722 Y127.472 E1231.5357
G0 F9000 X125.482 Y124.715
G1 F4800 X120.639 Y126.013 E1231.70247
G0 F9000 X120.309 Y125.224
G0 X109.153 Y123.388
G0 X109.191 Y123.112
;TYPE:SKIN
G1 F1500 X103.877 Y122.372 E1231.88092
G1 X103.876 Y111.226 E1232.25163
G1 X113.976 Y102.098 E1232.70442
G1 X115.221 Y102.098 E1232.74583
G1 X115.235 Y102.136 E1232.74718
G1 X109.19 Y107.599 E1233.01818
G1 X109.191 Y123.112 E1233.53414
G0 F9000 X108.51 Y122.854
G1 F1500 X109.03 Y122.335 E1233.55858
G0 F9000 X109.03 Y121.769
G1 F1500 X108.013 Y122.786 E1233.60641
G0 F9000 X107.517 Y122.716
G1 F1500 X109.03 Y121.203 E1233.67758
G0 F9000 X109.03 Y120.638
G1 F1500 X107.02 Y122.647 E1233.7721
G0 F9000 X106.523 Y122.579
G1 F1500 X109.03 Y120.072 E1233.89002
G0 F9000 X109.03 Y119.506
G1 F1500 X106.027 Y122.509 E1234.03127
G0 F9000 X105.53 Y122.44
G1 F1500 X109.03 Y118.941 E1234.19588
G0 F9000 X109.03 Y118.375
G1 F1500 X105.033 Y122.371 E1234.38386
G0 F9000 X104.537 Y122.302
G1 F1500 X109.03 Y117.809 E1234.5952
G0 F9000 X109.03 Y117.243
G1 F1500 X104.04 Y122.233 E1234.82991
G0 F9000 X104.037 Y121.671
G1 F1500 X109.03 Y116.678 E1235.06477
G0 F9000 X109.03 Y116.112
G1 F1500 X104.037 Y121.105 E1235.29962
G0 F9000 X104.037 Y120.539
G1 F1500 X109.03 Y115.546 E1235.53448
G0 F9000 X109.029 Y114.981
G1 F1500 X104.037 Y119.974 E1235.76931
G0 F9000 X104.037 Y119.408
G1 F1500 X109.029 Y114.416 E1236.00412
G0 F9000 X109.029 Y113.85
G1 F1500 X104.037 Y118.842 E1236.23893
G0 F9000 X104.037 Y118.277
G1 F1500 X109.029 Y113.284 E1236.47376
G0 F9000 X109.029 Y112.719
G1 F1500 X104.037 Y117.711 E1236.70857
G0 F9000 X104.037 Y117.145
G1 F1500 X109.029 Y112.153 E1236.94338
G0 F9000 X109.029 Y111.587
G1 F1500 X104.036 Y116.58 E1237.17823
G0 F9000 X104.036 Y116.015
G1 F1500 X109.029 Y111.022 E1237.41309
G0 F9000 X109.029 Y110.456
G1 F1500 X104.036 Y115.449 E1237.64794
G0 F9000 X104.036 Y114.883
G1 F1500 X109.029 Y109.89 E1237.8828
G0 F9000 X109.029 Y109.325
G1 F1500 X104.036 Y114.317 E1238.11763
G0 F9000 X104.036 Y113.752
G1 F1500 X109.029 Y108.759 E1238.35249
G0 F9000 X109.029 Y108.193
G1 F1500 X104.036 Y113.186 E1238.58734
G0 F9000 X104.036 Y112.62
G1 F1500 X109.029 Y107.628 E1238.82217
G0 F9000 X109.471 Y107.722
G0 X110.373 Y106.919
G0 X110.072 Y106.585
G1 F1500 X114.399 Y102.257 E1239.02573
G0 F9000 X114.399 Y101.818
G0 X113.945 Y101.874
G0 X111.644 Y103.829
G0 X111.937 Y104.154
G1 F1500 X104.036 Y112.055 E1239.39736
G0 F9000 X104.036 Y111.489
G1 F1500 X106.062 Y109.463 E1239.49266
G0 F9000 X105.828 Y109.205
G1 F2400 E1238.69266
;MESH:NONMESH
G0 F300 X105.828 Y109.205 Z9
G0 F9000 X105.769 Y109.139
G0 X113.894 Y101.881
G0 X120.308 Y101.536
G0 X125.824 Y97.931
G0 X127.444 Y97.931
;TIME_ELAPSED:1529.178588
;LAYER:44
;TYPE:SUPPORT
G1 F2400 E1239.49266
G1 X127.576 Y98.207 E1239.50284
G1 X127.584 Y98.223 E1239.50343
G1 X127.646 Y98.28 E1239.50623
G1 X127.775 Y98.567 E1239.5167
G1 X127.837 Y98.622 E1239.51946
G1 X127.997 Y98.987 E1239.53271
G1 X128.061 Y99.046 E1239.53561
G1 X128.17 Y99.309 E1239.54507
G1 X128.188 Y99.344 E1239.54638
G1 X128.231 Y99.394 E1239.54858
G1 X128.379 Y99.766 E1239.56189
G1 X128.386 Y99.778 E1239.56236
G1 X128.438 Y99.831 E1239.56482
G1 X128.444 Y99.84 E1239.56518
G1 X128.607 Y100.253 E1239.57995
G1 X128.637 Y100.284 E1239.58139
G1 X128.807 Y100.745 E1239.59773
G1 X128.85 Y100.801 E1239.60008
G1 X128.995 Y101.235 E1239.6153
G1 X129.043 Y101.303 E1239.61807
G1 X129.208 Y101.847 E1239.63697
G1 X129.244 Y101.892 E1239.63889
G1 X129.244 Y102.207 E1239.64937
G1 X129.444 Y102.529 E1239.66197
G1 X129.444 Y102.993 E1239.67741
G1 X129.644 Y103.361 E1239.69134
G1 X129.644 Y103.652 E1239.70102
G1 X129.844 Y104.076 E1239.71661
G1 X129.844 Y104.494 E1239.73051
G1 X130.031 Y105.036 E1239.74958
G1 X130.043 Y105.125 E1239.75257
G1 X130.047 Y105.722 E1239.77242
G1 X130.227 Y106.357 E1239.79438
G1 X130.244 Y106.438 E1239.79713
G1 X130.245 Y128.033 E1240.51538
G1 X127.444 Y128.033 E1240.60854
G1 X127.445 Y125.018 E1240.70882
G1 X127.244 Y124.649 E1240.7228
G1 X127.244 Y124.088 E1240.74146
G1 X127.324 Y123.98 E1240.74593
G1 X127.444 Y123.615 E1240.75871
G1 X127.444 Y114.972 E1241.04617
G1 X127.244 Y114.648 E1241.05884
G1 X127.244 Y114.089 E1241.07743
G1 X127.325 Y113.979 E1241.08197
G1 X127.445 Y113.614 E1241.09475
G1 X127.443 Y105.387 E1241.36838
G1 X127.209 Y104.896 E1241.38648
G1 X127.173 Y104.867 E1241.38801
G1 X127.16 Y104.818 E1241.3897
G1 X127.044 Y104.621 E1241.3973
G1 X127.044 Y104.083 E1241.4152
G1 X127.22 Y103.799 E1241.42631
G1 X127.444 Y103.333 E1241.44351
G1 X127.444 Y97.931 E1241.62318
G0 F9000 X127.804 Y99.367
G1 F2400 X127.804 Y103.415 E1241.75781
G1 X127.536 Y103.972 E1241.77837
G1 X127.404 Y104.185 E1241.78671
G1 X127.404 Y104.523 E1241.79795
G1 X127.48 Y104.652 E1241.80293
G1 X127.499 Y104.667 E1241.80373
G1 X127.803 Y105.306 E1241.82727
G1 X127.805 Y113.672 E1242.10552
G1 X127.649 Y114.146 E1242.12212
G1 X127.604 Y114.208 E1242.12467
G1 X127.604 Y114.547 E1242.13595
G1 X127.804 Y114.869 E1242.14855
G1 X127.804 Y123.673 E1242.44137
G1 X127.648 Y124.147 E1242.45797
G1 X127.604 Y124.207 E1242.46045
G1 X127.604 Y124.556 E1242.47205
G1 X127.805 Y124.926 E1242.48606
G1 X127.804 Y127.673 E1242.57742
G1 X128 Y127.673 E1242.58394
G1 X128 Y99.788 E1243.5114
G1 X127.917 Y99.58 E1243.51885
G1 X127.888 Y99.546 E1243.52034
G1 X127.843 Y99.461 E1243.52354
G1 X127.804 Y99.367 E1243.52692
G0 F9000 X128 Y99.788
G1 F2400 X128.055 Y99.925 E1243.53183
G1 X128.097 Y99.997 E1243.5346
G1 X128.134 Y100.036 E1243.53639
G1 X128.298 Y100.45 E1243.5512
G1 X128.324 Y100.478 E1243.55247
G1 X128.488 Y100.921 E1243.56819
G1 X128.527 Y100.972 E1243.57032
G1 X128.671 Y101.399 E1243.58531
G1 X128.716 Y101.463 E1243.58791
G1 X128.884 Y102.018 E1243.6072
G1 X128.884 Y102.31 E1243.61691
G1 X129.084 Y102.632 E1243.62952
G1 X129.084 Y103.085 E1243.64458
G1 X129.284 Y103.454 E1243.65854
G1 X129.284 Y103.733 E1243.66782
G1 X129.484 Y104.157 E1243.68342
G1 X129.484 Y104.555 E1243.69665
G1 X129.679 Y105.117 E1243.71644
G1 X129.683 Y105.151 E1243.71758
G1 X129.687 Y105.773 E1243.73827
G1 X129.874 Y106.431 E1243.76102
G1 X129.884 Y106.479 E1243.76265
G1 X129.885 Y127.673 E1244.46756
G1 X128 Y127.673 E1244.53026
G1 F2400 E1243.73026
;MESH:1x_1xm_pusher.stl
G0 F9000 X128 Y128.898
G0 X130.602 Y128.894
G0 X131.106 Y128.39
G0 X131.108 Y106.345
G0 X130.663 Y103.783
G0 X130.107 Y101.68
G0 X129.187 Y99.371
G0 X128.138 Y97.379
G0 X127.596 Y96.494
G0 X126.891 Y95.576
G0 X124.428 Y94.169
G0 X121.564 Y92.922
G0 X120.119 Y92.436
G0 X119.421 Y92.952
G0 X119.417 Y96.362
G0 X119.47 Y96.911
G0 X120.519 Y96.58
G0 X120.681 Y93.95
;TYPE:WALL-INNER
G1 F2400 E1244.53026
G1 X120.946 Y94.044 E1244.53961
G1 X121.125 Y94.108 E1244.54593
G1 X122.057 Y94.475 E1244.57925
G1 X122.984 Y94.879 E1244.61288
G1 X123.866 Y95.302 E1244.64542
G1 X124.72 Y95.75 E1244.67749
G1 X125.559 Y96.232 E1244.70967
G1 X125.844 Y96.41 E1244.72085
G1 X125.844 Y102.863 E1244.93548
G1 X125.787 Y102.908 E1244.93789
G1 X125.549 Y103.163 E1244.94949
G1 X125.314 Y103.516 E1244.9636
G1 X125.159 Y103.926 E1244.97818
G1 X125.107 Y104.357 E1244.99262
G1 X125.159 Y104.787 E1245.00702
G1 X125.314 Y105.195 E1245.02154
G1 X125.552 Y105.558 E1245.03598
G1 X125.79 Y105.805 E1245.04738
G1 X125.843 Y105.848 E1245.04965
G1 X125.845 Y113.291 E1245.29721
G1 X125.751 Y113.418 E1245.30246
G1 X125.574 Y113.817 E1245.31698
G1 X125.495 Y114.244 E1245.33143
G1 X125.522 Y114.678 E1245.34589
G1 X125.652 Y115.092 E1245.36032
G1 X125.844 Y115.424 E1245.37308
G1 X125.844 Y123.291 E1245.63473
G1 X125.751 Y123.418 E1245.63997
G1 X125.574 Y123.817 E1245.65449
G1 X125.495 Y124.244 E1245.66893
G1 X125.522 Y124.678 E1245.68339
G1 X125.652 Y125.093 E1245.69786
G1 X125.845 Y125.424 E1245.7106
G1 X125.844 Y127.633 E1245.78407
G1 X120.679 Y127.633 E1245.95586
G1 X120.679 Y124.906 E1246.04656
G1 X104.911 Y122.711 E1246.57607
G1 X104.91 Y110.189 E1246.99255
G1 X114.293 Y101.708 E1247.41322
G1 X120.68 Y101.708 E1247.62565
G1 X120.68 Y98.138 E1247.74439
G1 X120.785 Y97.907 E1247.75283
G1 X120.863 Y97.481 E1247.76723
G1 X120.84 Y97.047 E1247.78169
G1 X120.726 Y96.684 E1247.79434
G1 X120.68 Y96.552 E1247.79899
G1 X120.681 Y94.232 E1247.87616
G1 X120.681 Y94.231 E1247.87619
G1 X120.681 Y93.95 E1247.88172
G0 F9000 X120.281 Y93.386
;TYPE:WALL-OUTER
G1 F2400 X120.34 Y93.404 E1247.88377
G1 X120.566 Y93.484 E1247.89174
G1 X121.259 Y93.731 E1247.91621
G1 X122.217 Y94.108 E1247.95046
G1 X123.144 Y94.512 E1247.98409
G1 X124.039 Y94.941 E1248.0171
G1 X124.919 Y95.403 E1248.05016
G1 X125.758 Y95.885 E1248.08234
G1 X126.244 Y96.189 E1248.10141
G1 X126.244 Y103.058 E1248.32987
G1 X126.058 Y103.204 E1248.33773
G1 X125.864 Y103.412 E1248.34719
G1 X125.672 Y103.7 E1248.35871
G1 X125.55 Y104.022 E1248.37016
G1 X125.51 Y104.357 E1248.38138
G1 X125.55 Y104.691 E1248.39257
G1 X125.672 Y105.012 E1248.40399
G1 X125.866 Y105.307 E1248.41573
G1 X126.061 Y105.51 E1248.4251
G1 X126.243 Y105.658 E1248.4329
G1 X126.245 Y113.422 E1248.69113
G1 X126.099 Y113.62 E1248.69931
G1 X125.959 Y113.936 E1248.71081
G1 X125.897 Y114.269 E1248.72207
G1 X125.918 Y114.605 E1248.73327
G1 X126.02 Y114.93 E1248.7446
G1 X126.194 Y115.23 E1248.75613
G1 X126.244 Y115.29 E1248.75873
G1 X126.245 Y123.047 E1249.01673
G1 X126.244 Y123.423 E1249.02924
G1 X126.099 Y123.62 E1249.03737
G1 X125.959 Y123.936 E1249.04887
G1 X125.897 Y124.269 E1249.06013
G1 X125.918 Y124.605 E1249.07133
G1 X126.02 Y124.93 E1249.08266
G1 X126.19 Y125.222 E1249.0939
G1 X126.245 Y125.302 E1249.09713
G1 X126.244 Y128.033 E1249.18796
G1 X120.279 Y128.033 E1249.38636
G1 X120.279 Y125.254 E1249.47879
G1 X104.511 Y123.059 E1250.00829
G1 X104.51 Y110.011 E1250.44227
G1 X114.139 Y101.308 E1250.87396
G1 X120.28 Y101.308 E1251.07821
G1 X120.28 Y98.052 E1251.18651
G1 X120.4 Y97.787 E1251.19618
G1 X120.461 Y97.455 E1251.20741
G1 X120.443 Y97.119 E1251.2186
G1 X120.346 Y96.81 E1251.22937
G1 X120.28 Y96.62 E1251.23606
G1 X120.28 Y93.644 E1251.33504
G1 X120.28 Y93.404 E1251.34026
G1 X120.281 Y93.386
G0 F9000 X120.538 Y93.747
G0 X120.839 Y94.87
;TYPE:FILL
G1 F4800 X125.683 Y99.714 E1251.56811
G0 F9000 X125.682 Y99.961
G1 F4800 X120.84 Y101.258 E1251.73483
G0 F9000 X120.542 Y101.508
G0 X118.568 Y101.867
G1 F4800 X115.231 Y102.761 E1251.84974
G0 F9000 X115.325 Y102.866
G0 X113.501 Y104.514
G0 X113.407 Y104.409
G1 F4800 X125.683 Y116.684 E1252.42714
G0 F9000 X125.683 Y119.608
G1 F4800 X123.576 Y127.473 E1252.69795
G0 F9000 X120.838 Y126.105
G1 F4800 X125.417 Y124.878 E1252.85562
G0 F9000 X116.14 Y124.112
G1 F4800 X110.763 Y118.735 E1253.10854
G0 F9000 X110.905 Y118.735
G0 X110.905 Y116.381
G0 X110.764 Y116.381
G1 F4800 X125.683 Y112.384 E1253.62225
G0 F9000 X118.014 Y101.867
G1 F4800 X112.2 Y123.564 E1254.36935
G0 F9000 X110.577 Y123.388
G0 X110.615 Y123.112
;TYPE:SKIN
G1 F1500 X105.301 Y122.372 E1254.5478
G1 X105.3 Y110.361 E1254.94729
G1 X114.442 Y102.098 E1255.35715
G1 X115.687 Y102.098 E1255.39856
G1 X115.701 Y102.136 E1255.39991
G1 X110.613 Y106.734 E1255.628
G1 X110.615 Y123.112 E1256.17273
G0 F9000 X110.577 Y123.388
G0 X105.091 Y122.554
G0 X105.02 Y121.864
G0 X105.46 Y121.864
G1 F1500 X105.885 Y122.29 E1256.19275
G0 F9000 X106.543 Y122.382
G1 F1500 X105.46 Y121.299 E1256.24369
G0 F9000 X105.46 Y120.733
G1 F1500 X107.2 Y122.473 E1256.32553
G0 F9000 X107.857 Y122.564
G1 F1500 X105.46 Y120.167 E1256.43828
G0 F9000 X105.46 Y119.602
G1 F1500 X108.514 Y122.656 E1256.58193
G0 F9000 X109.171 Y122.748
G1 F1500 X105.46 Y119.036 E1256.75651
G0 F9000 X105.46 Y118.47
G1 F1500 X109.828 Y122.839 E1256.96199
G0 F9000 X110.455 Y122.9
G1 F1500 X105.46 Y117.905 E1257.19694
G0 F9000 X105.46 Y117.339
G1 F1500 X110.455 Y122.334 E1257.43189
G0 F9000 X110.455 Y121.768
G1 F1500 X105.46 Y116.773 E1257.66684
G0 F9000 X105.459 Y116.207
G1 F1500 X110.455 Y121.203 E1257.90183
G0 F9000 X110.455 Y120.637
G1 F1500 X105.459 Y115.641 E1258.13683
G0 F9000 X105.459 Y115.075
G1 F1500 X110.455 Y120.071 E1258.37183
G0 F9000 X110.455 Y119.505
G1 F1500 X105.459 Y114.51 E1258.6068
G0 F9000 X105.459 Y113.944
G1 F1500 X110.455 Y118.94 E1258.8418
G0 F9000 X110.454 Y118.373
G1 F1500 X105.459 Y113.378 E1259.07675
G0 F9000 X105.459 Y112.813
G1 F1500 X110.454 Y117.808 E1259.3117
G0 F9000 X110.454 Y117.242
G1 F1500 X105.459 Y112.247 E1259.54665
G0 F9000 X105.459 Y111.681
G1 F1500 X110.454 Y116.676 E1259.78159
G0 F9000 X110.454 Y116.111
G1 F1500 X105.459 Y111.116 E1260.01654
G0 F9000 X105.459 Y110.55
G1 F1500 X110.454 Y115.545 E1260.25149
G0 F9000 X110.454 Y114.979
G1 F1500 X105.693 Y110.218 E1260.47544
G0 F9000 X105.991 Y109.95
G1 F1500 X110.453 Y114.413 E1260.68534
G0 F9000 X110.453 Y113.847
G1 F1500 X106.288 Y109.682 E1260.88125
G0 F9000 X106.585 Y109.413
G1 F1500 X110.453 Y113.282 E1261.06321
G0 F9000 X110.453 Y112.716
G1 F1500 X106.882 Y109.144 E1261.2312
G0 F9000 X107.179 Y108.876
G1 F1500 X110.453 Y112.15 E1261.3852
G0 F9000 X110.453 Y111.584
G1 F1500 X107.476 Y108.608 E1261.52521
G0 F9000 X107.773 Y108.339
G1 F1500 X110.453 Y111.019 E1261.65127
G0 F9000 X110.452 Y110.452
G1 F1500 X108.07 Y108.07 E1261.76331
G0 F9000 X108.368 Y107.802
G1 F1500 X110.452 Y109.887 E1261.86136
G0 F9000 X110.452 Y109.321
G1 F1500 X108.665 Y107.533 E1261.94543
G0 F9000 X108.962 Y107.265
G1 F1500 X110.452 Y108.755 E1262.01552
G0 F9000 X110.452 Y108.19
G1 F1500 X109.259 Y106.996 E1262.07166
G0 F9000 X109.557 Y106.728
G1 F1500 X110.452 Y107.624 E1262.11378
G0 F9000 X110.452 Y107.058
G1 F1500 X109.853 Y106.459 E1262.14195
G0 F9000 X110.15 Y106.191
G1 F1500 X110.542 Y106.582 E1262.16037
G0 F9000 X110.838 Y106.313
G1 F1500 X110.447 Y105.922 E1262.17876
G0 F9000 X110.745 Y105.654
G1 F1500 X111.135 Y106.044 E1262.19711
G0 F9000 X111.432 Y105.776
G1 F1500 X111.042 Y105.385 E1262.21547
G0 F9000 X111.339 Y105.117
G1 F1500 X111.73 Y105.508 E1262.23387
G0 F9000 X112.027 Y105.239
G1 F1500 X111.636 Y104.848 E1262.25226
G0 F9000 X111.934 Y104.58
G1 F1500 X112.324 Y104.97 E1262.2706
G0 F9000 X112.621 Y104.702
G1 F1500 X112.231 Y104.311 E1262.28897
G0 F9000 X112.528 Y104.042
G1 F1500 X112.918 Y104.433 E1262.30734
G0 F9000 X113.216 Y104.165
G1 F1500 X112.825 Y103.774 E1262.32573
G0 F9000 X113.122 Y103.505
G1 F1500 X113.513 Y103.896 E1262.34412
G0 F9000 X113.81 Y103.627
G1 F1500 X113.419 Y103.237 E1262.36249
G0 F9000 X113.716 Y102.968
G1 F1500 X114.107 Y103.359 E1262.38088
G0 F9000 X114.404 Y103.091
G1 F1500 X114.013 Y102.7 E1262.39927
G0 F9000 X114.31 Y102.431
G1 F1500 X114.701 Y102.822 E1262.41766
G0 F9000 X114.998 Y102.553
G1 F1500 X114.703 Y102.258 E1262.43154
G0 F9000 X114.703 Y101.908
G1 F2400 E1261.63154
;MESH:NONMESH
G0 F300 X114.703 Y101.908 Z9.2
G0 F9000 X114.703 Y101.818
G0 X120.508 Y101.536
G0 X126.024 Y98.278
G0 X127.644 Y98.278
;TIME_ELAPSED:1560.087318
;LAYER:45
;TYPE:SUPPORT
G1 F2400 E1262.43154
G1 X127.775 Y98.567 E1262.44209
G1 X127.837 Y98.622 E1262.44485
G1 X127.997 Y98.987 E1262.4581
G1 X128.058 Y99.042 E1262.46083
G1 X128.182 Y99.343 E1262.47166
G1 X128.232 Y99.397 E1262.47411
G1 X128.379 Y99.766 E1262.48732
G1 X128.386 Y99.778 E1262.48778
G1 X128.438 Y99.831 E1262.49025
G1 X128.444 Y99.84 E1262.49061
G1 X128.607 Y100.253 E1262.50538
G1 X128.637 Y100.284 E1262.50682
G1 X128.807 Y100.745 E1262.52316
G1 X128.85 Y100.801 E1262.52551
G1 X128.995 Y101.235 E1262.54072
G1 X129.043 Y101.303 E1262.54349
G1 X129.208 Y101.847 E1262.5624
G1 X129.244 Y101.892 E1262.56432
G1 X129.244 Y102.207 E1262.57479
G1 X129.444 Y102.529 E1262.5874
G1 X129.444 Y102.993 E1262.60283
G1 X129.644 Y103.361 E1262.61677
G1 X129.644 Y103.652 E1262.62644
G1 X129.844 Y104.076 E1262.64204
G1 X129.844 Y104.494 E1262.65594
G1 X130.031 Y105.036 E1262.67501
G1 X130.043 Y105.125 E1262.678
G1 X130.047 Y105.722 E1262.69785
G1 X130.227 Y106.357 E1262.7198
G1 X130.244 Y106.438 E1262.72256
G1 X130.245 Y128.033 E1263.44081
G1 X127.644 Y128.033 E1263.52732
G1 X127.645 Y125.398 E1263.61496
G1 X127.411 Y124.906 E1263.63308
G1 X127.364 Y124.866 E1263.63513
G1 X127.244 Y124.649 E1263.64338
G1 X127.244 Y124.088 E1263.66204
G1 X127.324 Y123.98 E1263.66651
G1 X127.373 Y123.831 E1263.67173
G1 X127.405 Y123.804 E1263.67312
G1 X127.645 Y123.328 E1263.69085
G1 X127.644 Y115.397 E1263.95464
G1 X127.412 Y114.908 E1263.97264
G1 X127.396 Y114.895 E1263.97332
G1 X127.244 Y114.648 E1263.98297
G1 X127.244 Y114.089 E1264.00156
G1 X127.325 Y113.978 E1264.00613
G1 X127.373 Y113.83 E1264.01131
G1 X127.404 Y113.805 E1264.01263
G1 X127.645 Y113.328 E1264.03041
G1 X127.644 Y105.546 E1264.28924
G1 X127.261 Y104.952 E1264.31274
G1 X127.229 Y104.938 E1264.31391
G1 X127.209 Y104.896 E1264.31545
G1 X127.173 Y104.867 E1264.31699
G1 X127.16 Y104.818 E1264.31868
G1 X127.044 Y104.621 E1264.32628
G1 X127.044 Y104.083 E1264.34418
G1 X127.22 Y103.799 E1264.35529
G1 X127.237 Y103.762 E1264.35664
G1 X127.285 Y103.738 E1264.35843
G1 X127.645 Y103.162 E1264.38102
G1 X127.644 Y98.278 E1264.54346
G0 F9000 X128.004 Y99.798
G1 F2400 X128.005 Y103.265 E1264.65877
G1 X128 Y103.273 E1264.65909
G1 X128 Y105.433 E1264.73093
G1 X127.505 Y104.666 E1264.76129
G1 X127.489 Y104.659 E1264.76187
G1 X127.48 Y104.652 E1264.76225
G1 X127.404 Y104.523 E1264.76723
G1 X127.404 Y104.185 E1264.77847
G1 X127.497 Y104.035 E1264.78434
G1 X127.536 Y104.016 E1264.78579
G1 X128 Y103.273 E1264.81492
G0 F9000 X128 Y105.433
G1 F2400 X128.004 Y105.44 E1264.81519
G1 X128.005 Y113.414 E1265.08041
G1 X128 Y113.423 E1265.08075
G1 X128 Y115.307 E1265.14341
G1 X127.702 Y114.679 E1265.16653
G1 X127.669 Y114.653 E1265.16793
G1 X127.604 Y114.547 E1265.17206
G1 X127.604 Y114.205 E1265.18344
G1 X127.649 Y114.143 E1265.18599
G1 X127.681 Y114.045 E1265.18942
G1 X127.69 Y114.038 E1265.18979
G1 X128 Y113.423 E1265.2127
G0 F9000 X128 Y115.307
G1 F2400 X128.004 Y115.316 E1265.21303
G1 X128.005 Y123.414 E1265.48237
G1 X128 Y123.423 E1265.48271
G1 X128 Y125.306 E1265.54534
G1 X127.703 Y124.681 E1265.56836
G1 X127.647 Y124.634 E1265.57079
G1 X127.604 Y124.556 E1265.57375
G1 X127.604 Y124.207 E1265.58536
G1 X127.648 Y124.147 E1265.58783
G1 X127.683 Y124.041 E1265.59155
G1 X127.693 Y124.032 E1265.59199
G1 X128 Y123.423 E1265.61468
G0 F9000 X128 Y125.306
G1 F2400 X128.005 Y125.317 E1265.61508
G1 X128.004 Y127.673 E1265.69344
G1 X129.885 Y127.673 E1265.756
G1 X129.884 Y106.479 E1266.46092
G1 X129.874 Y106.431 E1266.46255
G1 X129.687 Y105.773 E1266.4853
G1 X129.683 Y105.151 E1266.50599
G1 X129.679 Y105.117 E1266.50713
G1 X129.484 Y104.555 E1266.52691
G1 X129.484 Y104.157 E1266.54015
G1 X129.284 Y103.733 E1266.55574
G1 X129.284 Y103.454 E1266.56502
G1 X129.084 Y103.085 E1266.57898
G1 X129.084 Y102.632 E1266.59405
G1 X128.884 Y102.31 E1266.60666
G1 X128.884 Y102.018 E1266.61637
G1 X128.716 Y101.463 E1266.63565
G1 X128.671 Y101.399 E1266.63826
G1 X128.527 Y100.972 E1266.65324
G1 X128.488 Y100.921 E1266.65538
G1 X128.324 Y100.478 E1266.67109
G1 X128.298 Y100.45 E1266.67236
G1 X128.134 Y100.036 E1266.68717
G1 X128.097 Y99.997 E1266.68896
G1 X128.055 Y99.925 E1266.69173
G1 X128.004 Y99.798 E1266.69628
G1 F2400 E1265.89628
;MESH:1x_1xm_pusher.stl
G0 F9000 X126.244 Y99.798
G0 X120.881 Y94.093
;TYPE:WALL-INNER
G1 F2400 E1266.69628
G1 X120.924 Y94.108 E1266.6978
G1 X121.166 Y94.203 E1266.70645
G1 X121.857 Y94.475 E1266.73115
G1 X122.784 Y94.879 E1266.76478
G1 X123.666 Y95.302 E1266.79731
G1 X124.52 Y95.75 E1266.82939
G1 X125.365 Y96.235 E1266.86179
G1 X126.044 Y96.661 E1266.88845
G1 X126.045 Y102.573 E1267.08509
G1 X125.755 Y102.766 E1267.09667
G1 X125.502 Y102.99 E1267.10791
G1 X125.278 Y103.256 E1267.11948
G1 X125.067 Y103.615 E1267.13333
G1 X124.937 Y104.031 E1267.14783
G1 X124.91 Y104.466 E1267.16232
G1 X124.989 Y104.894 E1267.1768
G1 X125.167 Y105.291 E1267.19127
G1 X125.423 Y105.64 E1267.20566
G1 X125.669 Y105.876 E1267.217
G1 X125.939 Y106.077 E1267.2282
G1 X126.044 Y106.136 E1267.2322
G1 X126.045 Y112.841 E1267.45521
G1 X125.808 Y113.07 E1267.46617
G1 X125.551 Y113.418 E1267.48056
G1 X125.374 Y113.817 E1267.49508
G1 X125.295 Y114.244 E1267.50952
G1 X125.322 Y114.678 E1267.52399
G1 X125.452 Y115.093 E1267.53845
G1 X125.672 Y115.471 E1267.553
G1 X125.964 Y115.794 E1267.56748
G1 X126.044 Y115.859 E1267.57091
G1 X126.045 Y122.841 E1267.80313
G1 X125.808 Y123.07 E1267.81409
G1 X125.551 Y123.418 E1267.82848
G1 X125.374 Y123.817 E1267.843
G1 X125.295 Y124.244 E1267.85744
G1 X125.322 Y124.678 E1267.8719
G1 X125.452 Y125.093 E1267.88637
G1 X125.672 Y125.471 E1267.90092
G1 X125.964 Y125.795 E1267.91542
G1 X126.045 Y125.86 E1267.91888
G1 X126.044 Y127.633 E1267.97785
G1 X120.879 Y127.633 E1268.14964
G1 X120.879 Y124.735 E1268.24602
G1 X106.334 Y122.711 E1268.73445
G1 X106.333 Y109.324 E1269.17971
G1 X114.759 Y101.708 E1269.55747
G1 X120.88 Y101.708 E1269.76106
G1 X120.88 Y94.368 E1270.00519
G1 X120.88 Y94.108 E1270.01066
G1 X120.881 Y94.093
G0 F9000 X120.481 Y93.526
;TYPE:WALL-OUTER
G1 F2400 X120.747 Y93.62 E1270.02004
G1 X121.058 Y93.731 E1270.03103
G1 X122.017 Y94.108 E1270.0653
G1 X122.944 Y94.512 E1270.09893
G1 X123.839 Y94.941 E1270.13194
G1 X124.719 Y95.403 E1270.165
G1 X125.564 Y95.888 E1270.1974
G1 X126.371 Y96.394 E1270.22909
G1 X126.444 Y96.444 E1270.23203
G1 X126.445 Y102.819 E1270.44406
G1 X126.244 Y102.92 E1270.45154
G1 X126 Y103.083 E1270.4613
G1 X125.789 Y103.27 E1270.47068
G1 X125.606 Y103.488 E1270.48015
G1 X125.435 Y103.778 E1270.49134
G1 X125.333 Y104.104 E1270.50271
G1 X125.312 Y104.441 E1270.51394
G1 X125.374 Y104.774 E1270.5252
G1 X125.515 Y105.089 E1270.53668
G1 X125.725 Y105.375 E1270.54848
G1 X125.928 Y105.57 E1270.55784
G1 X126.158 Y105.741 E1270.56738
G1 X126.415 Y105.887 E1270.57721
G1 X126.444 Y105.9 E1270.57826
G1 X126.445 Y113.041 E1270.81578
G1 X126.312 Y113.139 E1270.82127
G1 X126.11 Y113.334 E1270.83061
G1 X125.899 Y113.62 E1270.84243
G1 X125.759 Y113.936 E1270.85392
G1 X125.697 Y114.269 E1270.86519
G1 X125.718 Y114.605 E1270.87639
G1 X125.82 Y114.93 E1270.88772
G1 X125.997 Y115.234 E1270.89942
G1 X126.24 Y115.503 E1270.91147
G1 X126.444 Y115.668 E1270.9202
G1 X126.445 Y123.041 E1271.16543
G1 X126.312 Y123.139 E1271.17092
G1 X126.11 Y123.334 E1271.18026
G1 X125.899 Y123.62 E1271.19208
G1 X125.759 Y123.936 E1271.20358
G1 X125.697 Y124.269 E1271.21484
G1 X125.718 Y124.605 E1271.22604
G1 X125.82 Y124.93 E1271.23737
G1 X125.997 Y125.234 E1271.24907
G1 X126.24 Y125.503 E1271.26113
G1 X126.445 Y125.668 E1271.26988
G1 X126.444 Y128.033 E1271.34854
G1 X120.479 Y128.033 E1271.54694
G1 X120.479 Y125.083 E1271.64505
G1 X105.934 Y123.059 E1272.13348
G1 X105.933 Y109.146 E1272.59623
G1 X114.605 Y101.308 E1272.98502
G1 X120.48 Y101.308 E1273.18042
G1 X120.481 Y93.809 E1273.42984
G1 X120.481 Y93.808 E1273.42987
G1 X120.481 Y93.526 E1273.43543
G0 F9000 X120.738 Y93.89
G0 X121.039 Y94.869
;TYPE:FILL
G1 F4800 X125.884 Y99.714 E1273.66332
G0 F9000 X125.883 Y100.054
G1 F4800 X121.04 Y101.351 E1273.83008
G0 F9000 X120.772 Y101.5
G0 X119.116 Y101.867
G1 F4800 X115.663 Y102.792 E1273.94897
G0 F9000 X115.758 Y102.898
G0 X117.867 Y101.867
G1 F4800 X112.188 Y123.061 E1274.67875
G0 F9000 X112.328 Y123.061
G0 X112.328 Y119.958
G0 X112.187 Y119.958
G1 F4800 X116.142 Y123.913 E1274.86479
G0 F9000 X120.709 Y124.883
G0 X121.038 Y126.198
G1 F4800 X125.275 Y125.063 E1275.01068
G0 F9000 X123.429 Y127.473
G1 F4800 X125.884 Y118.311 E1275.32616
G0 F9000 X125.884 Y116.684
G1 F4800 X113.735 Y104.535 E1275.89761
G0 F9000 X113.829 Y104.64
G0 X112.328 Y116.147
G0 X112.187 Y116.147
G1 F4800 X125.883 Y112.477 E1276.36921
G0 F9000 X116.439 Y102.034
G0 X116.168 Y102.136
;TYPE:SKIN
G1 F1500 X112.037 Y105.869 E1276.5544
G1 X112.038 Y123.111 E1277.12787
G1 X106.724 Y122.372 E1277.30631
G1 X106.723 Y109.496 E1277.73457
G1 X114.908 Y102.098 E1278.10153
G1 X116.154 Y102.098 E1278.14297
G1 X116.168 Y102.136 E1278.14431
G0 F9000 X116.439 Y102.034
G0 X114.826 Y101.881
G0 X106.507 Y109.402
G0 X106.443 Y109.774
G0 X106.883 Y109.774
G1 F1500 X109.059 Y107.598 E1278.24667
G0 F9000 X108.766 Y107.273
G0 X114.826 Y101.881
G0 X116.31 Y101.886
G0 X116.418 Y102.167
G0 X112.328 Y107.609
G0 X111.876 Y107.609
G1 F1500 X106.883 Y112.602 E1278.48152
G0 F9000 X106.883 Y112.036
G1 F1500 X111.876 Y107.043 E1278.71638
G0 F9000 X111.876 Y106.478
G1 F1500 X106.883 Y111.471 E1278.95123
G0 F9000 X106.883 Y110.905
G1 F1500 X111.876 Y105.912 E1279.18609
G0 F9000 X112.318 Y105.992
G0 X113.366 Y105.058
G0 X113.064 Y104.723
G1 F1500 X115.531 Y102.257 E1279.30211
G0 F9000 X114.939 Y102.283
G1 F1500 X106.883 Y110.339 E1279.68103
G0 F9000 X106.443 Y110.339
G0 X106.443 Y113.168
G0 X106.883 Y113.168
G1 F1500 X111.876 Y108.175 E1279.91589
G0 F9000 X111.876 Y108.741
G1 F1500 X106.883 Y113.733 E1280.15072
G0 F9000 X106.883 Y114.299
G1 F1500 X111.876 Y109.306 E1280.38558
G0 F9000 X111.876 Y109.872
G1 F1500 X106.883 Y114.865 E1280.62043
G0 F9000 X106.883 Y115.43
G1 F1500 X111.876 Y110.438 E1280.85526
G0 F9000 X111.876 Y111.003
G1 F1500 X106.884 Y115.995 E1281.09007
G0 F9000 X106.884 Y116.561
G1 F1500 X111.877 Y111.568 E1281.32493
G0 F9000 X111.877 Y112.134
G1 F1500 X106.884 Y117.127 E1281.55978
G0 F9000 X106.884 Y117.692
G1 F1500 X111.877 Y112.7 E1281.79462
G0 F9000 X111.877 Y113.265
G1 F1500 X106.884 Y118.258 E1282.02947
G0 F9000 X106.884 Y118.824
G1 F1500 X111.877 Y113.831 E1282.26433
G0 F9000 X111.877 Y114.397
G1 F1500 X106.884 Y119.39 E1282.49918
G0 F9000 X106.884 Y119.955
G1 F1500 X111.877 Y114.962 E1282.73404
G0 F9000 X111.877 Y115.528
G1 F1500 X106.884 Y120.521 E1282.96889
G0 F9000 X106.884 Y121.087
G1 F1500 X111.877 Y116.094 E1283.20375
G0 F9000 X111.877 Y116.659
G1 F1500 X106.884 Y121.652 E1283.4386
G0 F9000 X106.884 Y122.218
G1 F1500 X111.877 Y117.224 E1283.67348
G0 F9000 X111.877 Y117.79
G1 F1500 X107.367 Y122.3 E1283.88562
G0 F9000 X107.864 Y122.369
G1 F1500 X111.877 Y118.356 E1284.07438
G0 F9000 X111.877 Y118.921
G1 F1500 X108.361 Y122.438 E1284.23978
G0 F9000 X108.858 Y122.506
G1 F1500 X111.877 Y119.487 E1284.38179
G0 F9000 X111.877 Y120.053
G1 F1500 X109.354 Y122.576 E1284.50046
G0 F9000 X109.851 Y122.644
G1 F1500 X111.877 Y120.618 E1284.59576
G0 F9000 X111.877 Y121.184
G1 F1500 X110.348 Y122.714 E1284.6677
G0 F9000 X110.844 Y122.783
G1 F1500 X111.877 Y121.75 E1284.71629
G0 F9000 X111.877 Y122.316
G1 F1500 X111.341 Y122.852 E1284.7415
G0 F9000 X111.293 Y123.2
G1 F2400 E1283.9415
;MESH:NONMESH
G0 F300 X111.293 Y123.2 Z9.4
G0 F9000 X111.281 Y123.288
G0 X112.254 Y123.349
G0 X126.244 Y98.635
G0 X127.843 Y98.635
;TIME_ELAPSED:1590.358615
;LAYER:46
;TYPE:SUPPORT
G1 F2400 E1284.7415
G1 X127.997 Y98.987 E1284.75428
G1 X128.058 Y99.042 E1284.75701
G1 X128.182 Y99.343 E1284.76784
G1 X128.232 Y99.397 E1284.77029
G1 X128.379 Y99.766 E1284.7835
G1 X128.386 Y99.778 E1284.78396
G1 X128.438 Y99.831 E1284.78643
G1 X128.444 Y99.84 E1284.78679
G1 X128.607 Y100.253 E1284.80156
G1 X128.639 Y100.287 E1284.80311
G1 X128.807 Y100.745 E1284.81934
G1 X128.848 Y100.798 E1284.82157
G1 X128.995 Y101.236 E1284.83693
G1 X129.043 Y101.303 E1284.83967
G1 X129.208 Y101.847 E1284.85858
G1 X129.244 Y101.892 E1284.8605
G1 X129.244 Y102.207 E1284.87098
G1 X129.444 Y102.529 E1284.88358
G1 X129.444 Y102.993 E1284.89902
G1 X129.644 Y103.361 E1284.91295
G1 X129.644 Y103.652 E1284.92263
G1 X129.844 Y104.076 E1284.93822
G1 X129.844 Y104.494 E1284.95212
G1 X130.031 Y105.036 E1284.97119
G1 X130.043 Y105.125 E1284.97418
G1 X130.047 Y105.722 E1284.99403
G1 X130.227 Y106.357 E1285.01599
G1 X130.244 Y106.438 E1285.01874
G1 X130.245 Y128.033 E1285.73699
G1 X127.844 Y128.033 E1285.81685
G1 X127.844 Y125.552 E1285.89937
G1 X127.472 Y124.965 E1285.92248
G1 X127.43 Y124.945 E1285.92403
G1 X127.411 Y124.905 E1285.9255
G1 X127.363 Y124.866 E1285.92756
G1 X127.244 Y124.649 E1285.93579
G1 X127.244 Y124.088 E1285.95445
G1 X127.324 Y123.98 E1285.95892
G1 X127.374 Y123.83 E1285.96418
G1 X127.404 Y123.804 E1285.9655
G1 X127.424 Y123.765 E1285.96696
G1 X127.474 Y123.741 E1285.9688
G1 X127.845 Y123.153 E1285.99193
G1 X127.844 Y115.552 E1286.24474
G1 X127.472 Y114.963 E1286.26791
G1 X127.428 Y114.943 E1286.26951
G1 X127.412 Y114.909 E1286.27076
G1 X127.397 Y114.896 E1286.27142
G1 X127.244 Y114.648 E1286.28112
G1 X127.244 Y114.089 E1286.29971
G1 X127.325 Y113.978 E1286.30428
G1 X127.373 Y113.83 E1286.30945
G1 X127.403 Y113.805 E1286.31075
G1 X127.424 Y113.765 E1286.31225
G1 X127.474 Y113.741 E1286.3141
G1 X127.845 Y113.153 E1286.33722
G1 X127.843 Y105.653 E1286.58667
G1 X127.357 Y105.011 E1286.61346
G1 X127.286 Y104.991 E1286.61591
G1 X127.261 Y104.952 E1286.61745
G1 X127.229 Y104.938 E1286.61861
G1 X127.209 Y104.896 E1286.62016
G1 X127.173 Y104.867 E1286.6217
G1 X127.16 Y104.818 E1286.62338
G1 X127.044 Y104.621 E1286.63099
G1 X127.044 Y104.083 E1286.64888
G1 X127.22 Y103.799 E1286.65999
G1 X127.237 Y103.762 E1286.66135
G1 X127.284 Y103.738 E1286.6631
G1 X127.302 Y103.71 E1286.66421
G1 X127.381 Y103.685 E1286.66697
G1 X127.844 Y103.052 E1286.69305
G1 X127.845 Y98.699 E1286.83783
G1 X127.843 Y98.635 E1286.83996
G0 F9000 X128.205 Y100.216
G1 F2400 X128.204 Y103.169 E1286.93818
G1 X128 Y103.448 E1286.94967
G1 X127.602 Y103.993 E1286.97212
G1 X127.536 Y104.014 E1286.97442
G0 F9000 X127.535 Y104.015
G1 F2400 X127.499 Y104.033 E1286.97576
G1 X127.404 Y104.185 E1286.98172
G1 X127.404 Y104.523 E1286.99297
G1 X127.48 Y104.652 E1286.99795
G1 X127.488 Y104.658 E1286.99828
G1 X127.504 Y104.665 E1286.99886
G1 X127.515 Y104.681 E1286.9995
G1 X127.572 Y104.698 E1287.00148
G1 X128 Y105.263 E1287.02506
G1 X128 Y103.448 E1287.08543
G0 F9000 X128 Y105.263
G1 F2400 X128.203 Y105.532 E1287.09663
G1 X128.205 Y113.257 E1287.35357
G1 X128 Y113.581 E1287.36632
G1 X128 Y115.124 E1287.41764
G1 X127.719 Y114.68 E1287.43512
G1 X127.674 Y114.659 E1287.43677
G1 X127.604 Y114.547 E1287.44116
G1 X127.604 Y114.206 E1287.4525
G1 X127.649 Y114.144 E1287.45505
G1 X127.683 Y114.041 E1287.45866
G0 F9000 X127.685 Y114.039
G1 F2400 X127.723 Y114.02 E1287.46007
G1 X128 Y113.581 E1287.47734
G0 F9000 X128 Y115.124
G1 F2400 X128.204 Y115.448 E1287.49007
G1 X128.205 Y123.257 E1287.7498
G1 X128 Y123.581 E1287.76255
G1 X128 Y125.125 E1287.81391
G1 X127.72 Y124.684 E1287.83128
G1 X127.695 Y124.672 E1287.8322
G1 X127.644 Y124.63 E1287.8344
G1 X127.604 Y124.558 E1287.83714
G1 X127.604 Y124.207 E1287.84881
G1 X127.648 Y124.148 E1287.85126
G1 X127.685 Y124.039 E1287.85509
G1 X127.723 Y124.02 E1287.8565
G1 X128 Y123.581 E1287.87377
G0 F9000 X128 Y125.125
G1 F2400 X128.204 Y125.448 E1287.88647
G1 X128.204 Y127.673 E1287.96048
G1 X129.885 Y127.673 E1288.01639
G1 X129.884 Y106.479 E1288.7213
G1 X129.874 Y106.431 E1288.72293
G1 X129.687 Y105.773 E1288.74569
G1 X129.683 Y105.151 E1288.76638
G1 X129.679 Y105.117 E1288.76751
G1 X129.484 Y104.555 E1288.7873
G1 X129.484 Y104.157 E1288.80054
G1 X129.284 Y103.733 E1288.81613
G1 X129.284 Y103.454 E1288.82541
G1 X129.084 Y103.085 E1288.83937
G1 X129.084 Y102.632 E1288.85444
G1 X128.884 Y102.31 E1288.86704
G1 X128.884 Y102.018 E1288.87675
G1 X128.717 Y101.466 E1288.89594
G1 X128.671 Y101.402 E1288.89856
G1 X128.524 Y100.967 E1288.91383
G1 X128.488 Y100.921 E1288.91577
G1 X128.326 Y100.48 E1288.9314
G1 X128.297 Y100.449 E1288.93281
G1 X128.205 Y100.216 E1288.94114
G1 F2400 E1288.14114
;MESH:1x_1xm_pusher.stl
G0 F9000 X126.425 Y100.214
G0 X121.081 Y94.248
;TYPE:WALL-INNER
G1 F2400 E1288.94114
G1 X121.353 Y94.355 E1288.95086
G1 X121.657 Y94.475 E1288.96173
G1 X122.584 Y94.879 E1288.99537
G1 X123.466 Y95.302 E1289.0279
G1 X124.32 Y95.75 E1289.05998
G1 X125.165 Y96.235 E1289.09238
G1 X125.945 Y96.724 E1289.123
G1 X126.244 Y96.928 E1289.13504
G1 X126.244 Y102.379 E1289.31634
G1 X126.038 Y102.467 E1289.32379
G1 X125.739 Y102.636 E1289.33522
G1 X125.47 Y102.837 E1289.34638
G1 X125.227 Y103.069 E1289.35756
G1 X125.012 Y103.351 E1289.36935
G1 X124.825 Y103.716 E1289.38299
G1 X124.719 Y104.138 E1289.39747
G1 X124.719 Y104.575 E1289.412
G1 X124.825 Y104.997 E1289.42647
G1 X125.022 Y105.381 E1289.44083
G1 X125.247 Y105.664 E1289.45285
G1 X125.549 Y105.943 E1289.46653
G1 X125.839 Y106.138 E1289.47815
G1 X126.144 Y106.296 E1289.48957
G1 X126.243 Y106.334 E1289.4931
G1 X126.245 Y112.563 E1289.70028
G1 X126.032 Y112.695 E1289.70861
G1 X125.767 Y112.908 E1289.71992
G1 X125.53 Y113.164 E1289.73152
G1 X125.3 Y113.513 E1289.74543
G1 X125.144 Y113.92 E1289.75992
G1 X125.092 Y114.353 E1289.77443
G1 X125.144 Y114.784 E1289.78887
G1 X125.3 Y115.193 E1289.80343
G1 X125.538 Y115.553 E1289.81778
G1 X125.78 Y115.806 E1289.82943
G1 X126.038 Y116.014 E1289.84045
G1 X126.244 Y116.142 E1289.84851
G1 X126.245 Y122.563 E1290.06208
G1 X126.032 Y122.695 E1290.07041
G1 X125.767 Y122.908 E1290.08172
G1 X125.53 Y123.164 E1290.09332
G1 X125.3 Y123.513 E1290.10723
G1 X125.144 Y123.92 E1290.12172
G1 X125.092 Y124.353 E1290.13623
G1 X125.144 Y124.784 E1290.15067
G1 X125.3 Y125.193 E1290.16523
G1 X125.538 Y125.553 E1290.17958
G1 X125.78 Y125.806 E1290.19122
G1 X126.038 Y126.014 E1290.20225
G1 X126.244 Y126.142 E1290.21031
G1 X126.244 Y127.633 E1290.2599
G1 X121.079 Y127.633 E1290.43169
G1 X121.079 Y124.565 E1290.53373
G1 X107.758 Y122.711 E1290.98106
G1 X107.756 Y108.459 E1291.45509
G1 X115.226 Y101.708 E1291.78997
G1 X121.08 Y101.708 E1291.98468
G1 X121.081 Y94.541 E1292.22305
G1 X121.081 Y94.54 E1292.22308
G1 X121.081 Y94.248 E1292.22879
G0 F9000 X120.681 Y93.668
;TYPE:WALL-OUTER
G1 F2400 X120.858 Y93.731 E1292.23504
G1 X121.008 Y93.79 E1292.2404
G1 X121.817 Y94.108 E1292.26931
G1 X122.744 Y94.512 E1292.30294
G1 X123.639 Y94.941 E1292.33595
G1 X124.519 Y95.403 E1292.36901
G1 X125.364 Y95.888 E1292.40142
G1 X126.171 Y96.394 E1292.4331
G1 X126.643 Y96.717 E1292.45212
G1 X126.645 Y97.336 E1292.47271
G1 X126.643 Y98.681 E1292.51744
G1 X126.645 Y98.722 E1292.51881
G1 X126.644 Y102.659 E1292.64975
G1 X126.498 Y102.705 E1292.65484
G1 X126.216 Y102.826 E1292.66505
G1 X125.958 Y102.972 E1292.67491
G1 X125.728 Y103.143 E1292.68444
G1 X125.526 Y103.336 E1292.69373
G1 X125.352 Y103.565 E1292.7033
G1 X125.202 Y103.858 E1292.71425
G1 X125.119 Y104.188 E1292.72557
G1 X125.119 Y104.525 E1292.73678
G1 X125.202 Y104.855 E1292.74809
G1 X125.36 Y105.163 E1292.75961
G1 X125.541 Y105.391 E1292.76929
G1 X125.798 Y105.628 E1292.78092
G1 X126.043 Y105.793 E1292.79074
G1 X126.309 Y105.931 E1292.80071
G1 X126.594 Y106.042 E1292.81088
G1 X126.643 Y106.056 E1292.81258
G1 X126.645 Y112.805 E1293.03705
G1 X126.513 Y112.868 E1293.04191
G1 X126.263 Y113.022 E1293.05168
G1 X126.041 Y113.201 E1293.06116
G1 X125.846 Y113.412 E1293.07072
G1 X125.658 Y113.697 E1293.08208
G1 X125.535 Y114.017 E1293.09348
G1 X125.495 Y114.353 E1293.10473
G1 X125.535 Y114.687 E1293.11592
G1 X125.658 Y115.009 E1293.12738
G1 X125.852 Y115.303 E1293.1391
G1 X126.051 Y115.511 E1293.14867
G1 X126.27 Y115.687 E1293.15802
G1 X126.513 Y115.838 E1293.16753
G1 X126.644 Y115.9 E1293.17236
G1 X126.645 Y122.805 E1293.40202
G1 X126.513 Y122.868 E1293.40688
G1 X126.263 Y123.022 E1293.41665
G1 X126.041 Y123.201 E1293.42613
G1 X125.846 Y123.412 E1293.43569
G1 X125.658 Y123.697 E1293.44704
G1 X125.535 Y124.017 E1293.45845
G1 X125.495 Y124.353 E1293.4697
G1 X125.535 Y124.687 E1293.48089
G1 X125.658 Y125.009 E1293.49235
G1 X125.852 Y125.303 E1293.50407
G1 X126.051 Y125.511 E1293.51364
G1 X126.27 Y125.687 E1293.52299
G1 X126.513 Y125.838 E1293.5325
G1 X126.644 Y125.9 E1293.53732
G1 X126.644 Y128.033 E1293.60827
G1 X120.679 Y128.033 E1293.80666
G1 X120.679 Y124.913 E1293.91044
G1 X107.358 Y123.059 E1294.35776
G1 X107.356 Y108.281 E1294.84928
G1 X115.072 Y101.308 E1295.19519
G1 X120.68 Y101.308 E1295.38171
G1 X120.68 Y93.893 E1295.62833
G1 X120.68 Y93.731 E1295.63155
G1 X120.681 Y93.668
G0 F9000 X120.937 Y94.037
G0 X121.239 Y94.87
;TYPE:FILL
G1 F4800 X126.083 Y99.714 E1295.8594
G0 F9000 X126.083 Y100.146
G1 F4800 X121.239 Y101.444 E1296.02619
G0 F9000 X119.66 Y101.867
G1 F4800 X116.095 Y102.822 E1296.14895
G0 F9000 X116.189 Y102.927
G0 X117.721 Y101.867
G1 F4800 X113.61 Y117.209 E1296.67722
G0 F9000 X113.751 Y117.209
G0 X113.751 Y115.912
G0 X113.61 Y115.912
G1 F4800 X125.852 Y112.631 E1297.09876
G0 F9000 X125.301 Y113.96
G0 X125.254 Y114.353
G0 X125.291 Y114.668
G0 X126.083 Y116.684
G1 F4800 X114.061 Y104.662 E1297.66424
G0 F9000 X114.155 Y104.766
G0 X113.751 Y121.181
G0 X113.61 Y121.181
G1 F4800 X116.143 Y123.715 E1297.78341
G0 F9000 X120.909 Y124.713
G0 X121.238 Y126.291
G1 F4800 X125.147 Y125.243 E1297.91802
G0 F9000 X123.283 Y127.472
G1 F4800 X126.084 Y117.02 E1298.27792
G0 F9000 X113.677 Y123.349
G0 X113.423 Y123.388
G0 X113.461 Y123.111
;TYPE:SKIN
G1 F1500 X108.148 Y122.372 E1298.45633
G1 X108.146 Y108.631 E1298.91336
G1 X115.375 Y102.098 E1299.23743
G1 X116.619 Y102.098 E1299.27881
G1 X116.633 Y102.135 E1299.28012
G1 X113.46 Y105.005 E1299.42242
G1 X113.461 Y123.111 E1300.02463
G0 F9000 X113.423 Y123.388
G0 X107.938 Y122.554
G0 X107.867 Y121.883
G0 X108.307 Y121.883
G1 F1500 X108.712 Y122.288 E1300.04368
G0 F9000 X109.368 Y122.379
G1 F1500 X108.307 Y121.318 E1300.09359
G0 F9000 X108.307 Y120.752
G1 F1500 X110.025 Y122.47 E1300.1744
G0 F9000 X110.682 Y122.562
G1 F1500 X108.307 Y120.186 E1300.28613
G0 F9000 X108.307 Y119.621
G1 F1500 X111.339 Y122.653 E1300.42875
G0 F9000 X111.996 Y122.744
G1 F1500 X108.307 Y119.055 E1300.60227
G0 F9000 X108.307 Y118.489
G1 F1500 X112.653 Y122.835 E1300.80669
G0 F9000 X113.301 Y122.917
G1 F1500 X108.307 Y117.924 E1301.04157
G0 F9000 X108.306 Y117.357
G1 F1500 X113.301 Y122.352 E1301.27652
G0 F9000 X113.301 Y121.786
G1 F1500 X108.306 Y116.792 E1301.51145
G0 F9000 X108.306 Y116.226
G1 F1500 X113.301 Y121.22 E1301.74637
G0 F9000 X113.301 Y120.655
G1 F1500 X108.306 Y115.66 E1301.98132
G0 F9000 X108.306 Y115.095
G1 F1500 X113.301 Y120.089 E1302.21625
G0 F9000 X113.301 Y119.523
G1 F1500 X108.306 Y114.529 E1302.45117
G0 F9000 X108.306 Y113.963
G1 F1500 X113.301 Y118.957 E1302.6861
G0 F9000 X113.301 Y118.392
G1 F1500 X108.306 Y113.398 E1302.92103
G0 F9000 X108.306 Y112.831
G1 F1500 X113.301 Y117.826 E1303.15598
G0 F9000 X113.301 Y117.26
G1 F1500 X108.306 Y112.265 E1303.39092
G0 F9000 X108.306 Y111.7
G1 F1500 X113.3 Y116.694 E1303.62583
G0 F9000 X113.3 Y116.128
G1 F1500 X108.306 Y111.134 E1303.86073
G0 F9000 X108.306 Y110.568
G1 F1500 X113.3 Y115.563 E1304.09566
G0 F9000 X113.3 Y114.997
G1 F1500 X108.306 Y110.003 E1304.33056
G0 F9000 X108.306 Y109.437
G1 F1500 X113.3 Y114.431 E1304.56546
G0 F9000 X113.3 Y113.866
G1 F1500 X108.306 Y108.871 E1304.80039
G0 F9000 X108.514 Y108.514
G1 F1500 X113.3 Y113.3 E1305.02551
G0 F9000 X113.3 Y112.734
G1 F1500 X108.811 Y108.245 E1305.23665
G0 F9000 X109.107 Y107.976
G1 F1500 X113.3 Y112.169 E1305.43388
G0 F9000 X113.3 Y111.603
G1 F1500 X109.404 Y107.707 E1305.61714
G0 F9000 X109.701 Y107.439
G1 F1500 X113.3 Y111.037 E1305.7864
G0 F9000 X113.299 Y110.471
G1 F1500 X109.999 Y107.171 E1305.94162
G0 F9000 X110.296 Y106.902
G1 F1500 X113.299 Y109.905 E1306.08287
G0 F9000 X113.299 Y109.339
G1 F1500 X110.593 Y106.633 E1306.21015
G0 F9000 X110.89 Y106.365
G1 F1500 X113.299 Y108.774 E1306.32347
G0 F9000 X113.299 Y108.208
G1 F1500 X111.188 Y106.097 E1306.42276
G0 F9000 X111.485 Y105.828
G1 F1500 X113.299 Y107.642 E1306.50809
G0 F9000 X113.299 Y107.077
G1 F1500 X111.782 Y105.559 E1306.57946
G0 F9000 X112.079 Y105.291
G1 F1500 X113.299 Y106.511 E1306.63685
G0 F9000 X113.299 Y105.945
G1 F1500 X112.376 Y105.022 E1306.68026
G0 F9000 X112.673 Y104.754
G1 F1500 X113.299 Y105.38 E1306.70971
G0 F9000 X113.361 Y104.876
G1 F1500 X112.97 Y104.485 E1306.7281
G0 F9000 X113.267 Y104.216
G1 F1500 X113.658 Y104.607 E1306.74649
G0 F9000 X113.955 Y104.339
G1 F1500 X113.564 Y103.948 E1306.76488
G0 F9000 X113.861 Y103.679
G1 F1500 X114.252 Y104.07 E1306.78328
G0 F9000 X114.549 Y103.801
G1 F1500 X114.159 Y103.411 E1306.80162
G0 F9000 X114.456 Y103.142
G1 F1500 X114.846 Y103.533 E1306.81999
G0 F9000 X115.143 Y103.264
G1 F1500 X114.753 Y102.874 E1306.83833
G0 F9000 X115.05 Y102.605
G1 F1500 X115.44 Y102.995 E1306.85668
G0 F9000 X115.737 Y102.727
G1 F1500 X115.348 Y102.337 E1306.875
G0 F9000 X115.834 Y102.258
G1 F1500 X116.034 Y102.458 E1306.8844
G0 F9000 X116.538 Y103.016
G1 F2400 E1306.0844
;MESH:NONMESH
G0 F300 X116.538 Y103.016 Z9.6
G0 F9000 X120.908 Y101.536
G0 X126.425 Y99.028
G0 X128.045 Y99.03
;TIME_ELAPSED:1620.915322
;LAYER:47
;TYPE:SUPPORT
G1 F2400 E1306.8844
G1 X128.057 Y99.041 E1306.88495
G1 X128.182 Y99.344 E1306.89585
G1 X128.233 Y99.399 E1306.89834
G1 X128.379 Y99.766 E1306.91148
G1 X128.386 Y99.778 E1306.91194
G1 X128.438 Y99.831 E1306.91441
G1 X128.444 Y99.84 E1306.91477
G1 X128.606 Y100.25 E1306.92943
G1 X128.639 Y100.289 E1306.93113
G1 X128.807 Y100.745 E1306.9473
G1 X128.848 Y100.798 E1306.94952
G1 X128.995 Y101.236 E1306.96489
G1 X129.043 Y101.303 E1306.96763
G1 X129.208 Y101.847 E1306.98654
G1 X129.244 Y101.892 E1306.98846
G1 X129.244 Y102.207 E1306.99893
G1 X129.444 Y102.529 E1307.01154
G1 X129.444 Y102.993 E1307.02697
G1 X129.644 Y103.361 E1307.0409
G1 X129.644 Y103.652 E1307.05058
G1 X129.844 Y104.076 E1307.06618
G1 X129.844 Y104.494 E1307.08008
G1 X130.031 Y105.036 E1307.09915
G1 X130.043 Y105.125 E1307.10213
G1 X130.047 Y105.722 E1307.12199
G1 X130.227 Y106.357 E1307.14394
G1 X130.244 Y106.438 E1307.1467
G1 X130.245 Y128.033 E1307.86495
G1 X128.044 Y128.033 E1307.93815
G1 X128.045 Y125.707 E1308.01552
G1 X127.649 Y125.107 E1308.03943
G1 X127.53 Y125.055 E1308.04375
G1 X127.472 Y124.965 E1308.04731
G1 X127.43 Y124.945 E1308.04886
G1 X127.411 Y124.905 E1308.05033
G1 X127.363 Y124.866 E1308.05239
G1 X127.244 Y124.649 E1308.06062
G1 X127.244 Y124.088 E1308.07928
G1 X127.324 Y123.98 E1308.08375
G1 X127.374 Y123.83 E1308.08901
G1 X127.404 Y123.804 E1308.09033
G1 X127.425 Y123.765 E1308.0918
G1 X127.473 Y123.741 E1308.09358
G1 X127.495 Y123.707 E1308.09493
G1 X127.577 Y123.682 E1308.09778
G1 X128.045 Y123.046 E1308.12405
G1 X128.044 Y115.655 E1308.36987
G1 X127.563 Y115.017 E1308.39645
G1 X127.493 Y114.996 E1308.39888
G1 X127.471 Y114.963 E1308.4002
G1 X127.428 Y114.943 E1308.40177
G1 X127.412 Y114.909 E1308.40302
G1 X127.397 Y114.896 E1308.40368
G1 X127.244 Y114.648 E1308.41338
G1 X127.244 Y114.089 E1308.43197
G1 X127.325 Y113.978 E1308.43654
G1 X127.373 Y113.83 E1308.44171
G1 X127.403 Y113.805 E1308.44301
G1 X127.424 Y113.765 E1308.44451
G1 X127.473 Y113.741 E1308.44633
G1 X127.495 Y113.707 E1308.44768
G1 X127.577 Y113.682 E1308.45053
G1 X128.045 Y113.046 E1308.47679
G1 X128.044 Y105.725 E1308.72029
G1 X127.504 Y105.06 E1308.74878
G1 X127.375 Y105.034 E1308.75316
G1 X127.357 Y105.011 E1308.75413
G1 X127.286 Y104.991 E1308.75658
G1 X127.261 Y104.952 E1308.75812
G1 X127.229 Y104.938 E1308.75928
G1 X127.209 Y104.896 E1308.76083
G1 X127.173 Y104.867 E1308.76237
G1 X127.16 Y104.818 E1308.76406
G1 X127.044 Y104.621 E1308.77166
G1 X127.044 Y104.083 E1308.78955
G1 X127.22 Y103.799 E1308.80067
G1 X127.237 Y103.762 E1308.80202
G1 X127.284 Y103.738 E1308.80378
G1 X127.302 Y103.71 E1308.80488
G1 X127.353 Y103.694 E1308.80666
G1 X127.481 Y103.672 E1308.81098
G1 X128.045 Y103 E1308.84016
G1 X128.045 Y99.03 E1308.9722
G0 F9000 X128.405 Y100.696
G1 F2400 X128.405 Y103.131 E1309.05319
G1 X128 Y103.613 E1309.07413
G1 X128 Y105.099 E1309.12355
G1 X127.702 Y104.733 E1309.13925
G1 X127.575 Y104.707 E1309.14356
G1 X127.566 Y104.696 E1309.14404
G1 X127.516 Y104.682 E1309.14576
G1 X127.506 Y104.665 E1309.14642
G1 X127.487 Y104.657 E1309.14711
G1 X127.48 Y104.652 E1309.14739
G1 X127.404 Y104.523 E1309.15237
G1 X127.404 Y104.185 E1309.16361
G1 X127.498 Y104.035 E1309.1695
G1 X127.672 Y104.005 E1309.17537
G1 X128 Y103.613 E1309.19237
G0 F9000 X128 Y105.099
G1 F2400 X128.404 Y105.597 E1309.2137
G1 X128.405 Y113.165 E1309.46541
G1 X128 Y113.715 E1309.48813
G1 X127.797 Y113.991 E1309.49953
G1 X127.725 Y114.013 E1309.50203
G1 X127.72 Y114.021 E1309.50235
G1 X127.686 Y114.038 E1309.50361
G0 F9000 X127.683 Y114.041
G1 F2400 X127.649 Y114.144 E1309.50722
G1 X127.604 Y114.206 E1309.50977
G1 X127.604 Y114.547 E1309.52111
G1 X127.674 Y114.66 E1309.52553
G1 X127.715 Y114.679 E1309.52703
G1 X127.721 Y114.689 E1309.52742
G1 X127.779 Y114.706 E1309.52943
G1 X128 Y114.998 E1309.54161
G1 X128 Y113.715 E1309.58428
G0 F9000 X128 Y114.998
G1 F2400 X128.404 Y115.534 E1309.60661
G1 X128.405 Y123.165 E1309.86041
G1 X128 Y123.714 E1309.88311
G1 X127.796 Y123.992 E1309.89457
G1 X127.724 Y124.014 E1309.89708
G1 X127.721 Y124.018 E1309.89724
G1 X127.686 Y124.036 E1309.89855
G1 X127.648 Y124.148 E1309.90249
G1 X127.604 Y124.207 E1309.90494
G1 X127.604 Y124.558 E1309.91661
G1 X127.644 Y124.63 E1309.91935
G1 X127.698 Y124.675 E1309.92169
G1 X127.719 Y124.685 E1309.92246
G1 X127.774 Y124.769 E1309.9258
G1 X127.89 Y124.819 E1309.93
G1 X128 Y124.985 E1309.93662
G1 X128 Y123.714 E1309.9789
G0 F9000 X128 Y124.985
G1 F2400 X128.405 Y125.599 E1310.00336
G1 X128.404 Y127.673 E1310.07234
G1 X129.885 Y127.673 E1310.1216
G1 X129.884 Y106.479 E1310.82652
G1 X129.874 Y106.431 E1310.82815
G1 X129.687 Y105.773 E1310.8509
G1 X129.683 Y105.151 E1310.87159
G1 X129.679 Y105.117 E1310.87273
G1 X129.484 Y104.555 E1310.89251
G1 X129.484 Y104.157 E1310.90575
G1 X129.284 Y103.733 E1310.92134
G1 X129.284 Y103.454 E1310.93062
G1 X129.084 Y103.085 E1310.94458
G1 X129.084 Y102.632 E1310.95965
G1 X128.884 Y102.31 E1310.97226
G1 X128.884 Y102.018 E1310.98197
G1 X128.717 Y101.466 E1311.00115
G1 X128.671 Y101.402 E1311.00377
G1 X128.524 Y100.968 E1311.01901
G1 X128.488 Y100.922 E1311.02095
G1 X128.405 Y100.696 E1311.02896
G1 F2400 E1310.22896
;MESH:1x_1xm_pusher.stl
G0 F9000 X126.625 Y100.696
G0 X121.281 Y94.406
;TYPE:WALL-INNER
G1 F2400 E1311.02896
G1 X121.457 Y94.475 E1311.03525
G1 X121.611 Y94.542 E1311.04084
G1 X122.384 Y94.879 E1311.06888
G1 X123.266 Y95.302 E1311.10142
G1 X124.12 Y95.75 E1311.13349
G1 X124.965 Y96.235 E1311.1659
G1 X125.745 Y96.724 E1311.19652
G1 X126.444 Y97.201 E1311.22466
G1 X126.445 Y102.243 E1311.39236
G1 X126.269 Y102.291 E1311.39843
G1 X125.942 Y102.418 E1311.4101
G1 X125.639 Y102.576 E1311.42146
G1 X125.355 Y102.765 E1311.43281
G1 X125.101 Y102.991 E1311.44412
G1 X124.871 Y103.266 E1311.45604
G1 X124.667 Y103.616 E1311.46951
G1 X124.537 Y104.031 E1311.48398
G1 X124.51 Y104.466 E1311.49847
G1 X124.59 Y104.894 E1311.51296
G1 X124.766 Y105.288 E1311.52731
G1 X124.978 Y105.585 E1311.53945
G1 X125.263 Y105.872 E1311.5529
G1 X125.54 Y106.077 E1311.56436
G1 X125.838 Y106.246 E1311.57575
G1 X126.159 Y106.384 E1311.58738
G1 X126.444 Y106.473 E1311.59731
G1 X126.445 Y112.368 E1311.79337
G1 X126.224 Y112.463 E1311.80138
G1 X125.926 Y112.632 E1311.81277
G1 X125.653 Y112.833 E1311.82405
G1 X125.411 Y113.067 E1311.83524
G1 X125.197 Y113.348 E1311.84699
G1 X125.009 Y113.714 E1311.86067
G1 X124.905 Y114.137 E1311.87516
G1 X124.905 Y114.57 E1311.88956
G1 X125.01 Y114.993 E1311.90406
G1 X125.208 Y115.377 E1311.91843
G1 X125.432 Y115.659 E1311.93041
G1 X125.735 Y115.939 E1311.94413
G1 X126.022 Y116.133 E1311.95565
G1 X126.328 Y116.292 E1311.96712
G1 X126.444 Y116.337 E1311.97126
G1 X126.445 Y122.368 E1312.17185
G1 X126.224 Y122.463 E1312.17985
G1 X125.926 Y122.632 E1312.19125
G1 X125.653 Y122.833 E1312.20252
G1 X125.411 Y123.067 E1312.21372
G1 X125.197 Y123.348 E1312.22547
G1 X125.009 Y123.714 E1312.23915
G1 X124.905 Y124.137 E1312.25364
G1 X124.905 Y124.57 E1312.26804
G1 X125.01 Y124.993 E1312.28254
G1 X125.208 Y125.377 E1312.29691
G1 X125.432 Y125.659 E1312.30889
G1 X125.735 Y125.939 E1312.32261
G1 X126.022 Y126.133 E1312.33413
G1 X126.328 Y126.292 E1312.3456
G1 X126.445 Y126.337 E1312.34977
G1 X126.444 Y127.633 E1312.39287
G1 X121.279 Y127.633 E1312.56466
G1 X121.279 Y124.395 E1312.67236
G1 X109.181 Y122.711 E1313.07862
G1 X109.18 Y107.594 E1313.58141
G1 X115.692 Y101.708 E1313.87337
G1 X121.28 Y101.708 E1314.05922
G1 X121.28 Y94.644 E1314.29417
G1 X121.28 Y94.475 E1314.29762
G1 X121.281 Y94.406
G0 F9000 X120.881 Y93.818
;TYPE:WALL-OUTER
G1 F2400 X121.153 Y93.925 E1314.30734
G1 X121.617 Y94.108 E1314.32393
G1 X122.544 Y94.512 E1314.35756
G1 X123.439 Y94.941 E1314.39058
G1 X124.319 Y95.403 E1314.42363
G1 X125.164 Y95.888 E1314.45604
G1 X125.971 Y96.394 E1314.48772
G1 X126.753 Y96.928 E1314.51921
G1 X126.843 Y96.996 E1314.52297
G1 X126.845 Y97.333 E1314.53417
G1 X126.845 Y102.563 E1314.70813
G1 X126.7 Y102.588 E1314.71302
G1 X126.395 Y102.671 E1314.72353
G1 X126.108 Y102.783 E1314.73378
G1 X125.843 Y102.921 E1314.74372
G1 X125.6 Y103.083 E1314.75343
G1 X125.389 Y103.27 E1314.76281
G1 X125.2 Y103.497 E1314.77263
G1 X125.035 Y103.779 E1314.7835
G1 X124.933 Y104.104 E1314.79483
G1 X124.912 Y104.441 E1314.80606
G1 X124.974 Y104.774 E1314.81732
G1 X125.115 Y105.088 E1314.82877
G1 X125.285 Y105.326 E1314.8385
G1 X125.526 Y105.569 E1314.84988
G1 X125.758 Y105.741 E1314.85949
G1 X126.016 Y105.887 E1314.86935
G1 X126.298 Y106.008 E1314.87956
G1 X126.596 Y106.101 E1314.88994
G1 X126.844 Y106.151 E1314.89835
G1 X126.845 Y112.651 E1315.11454
G1 X126.683 Y112.701 E1315.12018
G1 X126.402 Y112.822 E1315.13036
G1 X126.144 Y112.968 E1315.14022
G1 X125.912 Y113.139 E1315.1498
G1 X125.711 Y113.333 E1315.1591
G1 X125.537 Y113.562 E1315.16866
G1 X125.386 Y113.855 E1315.17962
G1 X125.305 Y114.185 E1315.19093
G1 X125.305 Y114.521 E1315.2021
G1 X125.387 Y114.851 E1315.21341
G1 X125.546 Y115.159 E1315.22494
G1 X125.726 Y115.386 E1315.23458
G1 X125.984 Y115.625 E1315.24627
G1 X126.227 Y115.789 E1315.25602
G1 X126.493 Y115.927 E1315.26599
G1 X126.779 Y116.038 E1315.27619
G1 X126.844 Y116.057 E1315.27845
G1 X126.845 Y122.651 E1315.49776
G1 X126.683 Y122.701 E1315.5034
G1 X126.402 Y122.822 E1315.51358
G1 X126.144 Y122.968 E1315.52344
G1 X125.912 Y123.139 E1315.53302
G1 X125.711 Y123.333 E1315.54232
G1 X125.537 Y123.562 E1315.55188
G1 X125.386 Y123.855 E1315.56284
G1 X125.305 Y124.185 E1315.57415
G1 X125.305 Y124.521 E1315.58532
G1 X125.387 Y124.851 E1315.59663
G1 X125.546 Y125.159 E1315.60816
G1 X125.726 Y125.386 E1315.6178
G1 X125.984 Y125.625 E1315.62949
G1 X126.227 Y125.789 E1315.63924
G1 X126.493 Y125.927 E1315.64921
G1 X126.764 Y126.032 E1315.65888
G1 X126.845 Y126.067 E1315.66181
G1 X126.844 Y128.033 E1315.7272
G1 X120.879 Y128.033 E1315.9256
G1 X120.879 Y124.743 E1316.03502
G1 X108.781 Y123.059 E1316.44128
G1 X108.78 Y107.416 E1316.96157
G1 X115.538 Y101.308 E1317.26455
G1 X120.88 Y101.308 E1317.44222
G1 X120.881 Y94.111 E1317.6816
G1 X120.881 Y94.11 E1317.68163
G1 X120.881 Y93.818 E1317.68733
G0 F9000 X121.137 Y94.194
G0 X121.439 Y94.869
;TYPE:FILL
G1 F4800 X126.284 Y99.714 E1317.91523
G0 F9000 X126.284 Y100.239
G1 F4800 X121.439 Y101.537 E1318.08206
G0 F9000 X120.21 Y101.867
G1 F4800 X116.525 Y102.854 E1318.20894
G0 F9000 X116.619 Y102.959
G0 X117.219 Y102.344
G0 X117.574 Y101.866
G1 F4800 X115.033 Y111.348 E1318.53544
G0 F9000 X115.174 Y111.348
G0 X115.175 Y115.677
G0 X115.034 Y115.677
G1 F4800 X125.334 Y112.917 E1318.8901
G0 F9000 X125.093 Y114.033
G0 X125.102 Y115.502
G1 F4800 X115.032 Y105.432 E1319.36377
G0 F9000 X115.174 Y105.432
G0 X125.725 Y116.126
G1 F4800 X126.283 Y116.683 E1319.38999
G0 F9000 X126.113 Y116.361
G1 F4800 X123.136 Y127.472 E1319.77258
G0 F9000 X121.438 Y126.384
G1 F4800 X125.049 Y125.417 E1319.89691
G0 F9000 X123.933 Y125.17
G0 X116.147 Y123.518
G1 F4800 X115.034 Y122.405 E1319.94926
G0 F9000 X114.885 Y123.112
;TYPE:SKIN
G1 F1500 X109.571 Y122.372 E1320.12771
G1 X109.57 Y107.766 E1320.61351
G1 X115.841 Y102.098 E1320.89466
G1 X117.085 Y102.098 E1320.93603
G1 X117.099 Y102.135 E1320.93735
G1 X114.883 Y104.139 E1321.03672
G1 X114.885 Y123.112 E1321.66777
G0 F9000 X114.667 Y122.919
G1 F1500 X114.724 Y122.863 E1321.67042
G0 F9000 X114.17 Y122.851
G1 F1500 X114.724 Y122.297 E1321.69648
G0 F9000 X114.724 Y121.731
G1 F1500 X113.674 Y122.782 E1321.74589
G0 F9000 X113.178 Y122.712
G1 F1500 X114.724 Y121.166 E1321.81861
G0 F9000 X114.724 Y120.6
G1 F1500 X112.681 Y122.643 E1321.91471
G0 F9000 X112.184 Y122.574
G1 F1500 X114.724 Y120.034 E1322.03418
G0 F9000 X114.724 Y119.469
G1 F1500 X111.688 Y122.505 E1322.17699
G0 F9000 X111.191 Y122.436
G1 F1500 X114.724 Y118.903 E1322.34317
G0 F9000 X114.724 Y118.337
G1 F1500 X110.695 Y122.366 E1322.53268
G0 F9000 X110.198 Y122.298
G1 F1500 X114.723 Y117.772 E1322.74555
G0 F9000 X114.723 Y117.207
G1 F1500 X109.73 Y122.2 E1322.9804
G0 F9000 X109.73 Y121.634
G1 F1500 X114.723 Y116.641 E1323.21526
G0 F9000 X114.723 Y116.075
G1 F1500 X109.73 Y121.068 E1323.45011
G0 F9000 X109.73 Y120.503
G1 F1500 X114.723 Y115.51 E1323.68497
G0 F9000 X114.723 Y114.944
G1 F1500 X109.73 Y119.937 E1323.91982
G0 F9000 X109.73 Y119.371
G1 F1500 X114.723 Y114.378 E1324.15468
G0 F9000 X114.723 Y113.813
G1 F1500 X109.73 Y118.805 E1324.38951
G0 F9000 X109.73 Y118.24
G1 F1500 X114.723 Y113.248 E1324.62434
G0 F9000 X114.723 Y112.682
G1 F1500 X109.73 Y117.674 E1324.85917
G0 F9000 X109.73 Y117.108
G1 F1500 X114.723 Y112.116 E1325.09401
G0 F9000 X114.723 Y111.551
G1 F1500 X109.73 Y116.543 E1325.32884
G0 F9000 X109.73 Y115.977
G1 F1500 X114.723 Y110.985 E1325.56367
G0 F9000 X114.723 Y110.419
G1 F1500 X109.73 Y115.411 E1325.7985
G0 F9000 X109.73 Y114.846
G1 F1500 X114.723 Y109.853 E1326.03336
G0 F9000 X114.723 Y109.288
G1 F1500 X109.73 Y114.281 E1326.26821
G0 F9000 X109.73 Y113.715
G1 F1500 X114.722 Y108.723 E1326.50302
G0 F9000 X114.722 Y108.157
G1 F1500 X109.73 Y113.149 E1326.73783
G0 F9000 X109.73 Y112.584
G1 F1500 X114.722 Y107.591 E1326.97266
G0 F9000 X114.722 Y107.026
G1 F1500 X109.73 Y112.018 E1327.20747
G0 F9000 X109.73 Y111.452
G1 F1500 X114.722 Y106.46 E1327.44228
G0 F9000 X114.722 Y105.894
G1 F1500 X109.73 Y110.887 E1327.67711
G0 F9000 X109.73 Y110.321
G1 F1500 X114.722 Y105.329 E1327.91192
G0 F9000 X114.722 Y104.763
G1 F1500 X109.73 Y109.755 E1328.14673
G0 F9000 X109.73 Y109.19
G1 F1500 X114.722 Y104.197 E1328.38156
G0 F9000 X115.164 Y104.262
G0 X116.379 Y103.177
G0 X116.077 Y102.842
G1 F1500 X116.651 Y102.268 E1328.40856
G0 F9000 X116.097 Y102.257
G1 F1500 X109.73 Y108.624 E1328.70804
G0 F9000 X109.73 Y108.058
G1 F1500 X112.051 Y105.737 E1328.81721
G0 F9000 X111.817 Y105.478
G1 F2400 E1328.01721
;MESH:NONMESH
G0 F300 X111.817 Y105.478 Z9.8
G0 F9000 X111.758 Y105.412
G0 X115.759 Y101.881
G0 X117.24 Y101.886
G0 X117.361 Y102.198
G0 X115.773 Y103.611
G0 X126.625 Y99.426
G0 X128.244 Y99.426
;TIME_ELAPSED:1650.745754
;LAYER:48
;TYPE:SUPPORT
G1 F2400 E1328.81721
G1 X128.379 Y99.766 E1328.82938
G1 X128.386 Y99.778 E1328.82984
G1 X128.438 Y99.831 E1328.83231
G1 X128.444 Y99.839 E1328.83265
G1 X128.606 Y100.252 E1328.8474
G1 X128.64 Y100.292 E1328.84915
G1 X128.807 Y100.745 E1328.86521
G1 X128.848 Y100.798 E1328.86743
G1 X128.995 Y101.236 E1328.8828
G1 X129.043 Y101.303 E1328.88554
G1 X129.208 Y101.847 E1328.90445
G1 X129.244 Y101.892 E1328.90637
G1 X129.244 Y102.207 E1328.91684
G1 X129.444 Y102.529 E1328.92945
G1 X129.444 Y102.993 E1328.94488
G1 X129.644 Y103.361 E1328.95881
G1 X129.644 Y103.652 E1328.96849
G1 X129.844 Y104.076 E1328.98409
G1 X129.844 Y104.494 E1328.99799
G1 X130.031 Y105.036 E1329.01706
G1 X130.043 Y105.125 E1329.02004
G1 X130.047 Y105.722 E1329.0399
G1 X130.227 Y106.357 E1329.06185
G1 X130.244 Y106.438 E1329.06461
G1 X130.245 Y128.033 E1329.78286
G1 X128.244 Y128.033 E1329.84941
G1 X128.245 Y125.725 E1329.92618
G1 X127.705 Y125.065 E1329.95454
G1 X127.509 Y125.023 E1329.96121
G1 X127.472 Y124.965 E1329.9635
G1 X127.43 Y124.945 E1329.96504
G1 X127.411 Y124.905 E1329.96652
G1 X127.363 Y124.866 E1329.96857
G1 X127.244 Y124.649 E1329.9768
G1 X127.244 Y124.088 E1329.99546
G1 X127.324 Y123.98 E1329.99993
G1 X127.374 Y123.83 E1330.00519
G1 X127.404 Y123.804 E1330.00651
G1 X127.425 Y123.765 E1330.00799
G1 X127.473 Y123.741 E1330.00977
G1 X127.495 Y123.707 E1330.01112
G1 X127.541 Y123.693 E1330.01272
G1 X127.672 Y123.672 E1330.01713
G1 X128.244 Y122.998 E1330.04653
G1 X128.244 Y115.725 E1330.28843
G1 X127.705 Y115.061 E1330.31688
G1 X127.577 Y115.035 E1330.32122
G1 X127.564 Y115.017 E1330.32196
G1 X127.492 Y114.996 E1330.32445
G1 X127.471 Y114.963 E1330.32576
G1 X127.428 Y114.943 E1330.32733
G1 X127.412 Y114.909 E1330.32858
G1 X127.397 Y114.896 E1330.32924
G1 X127.244 Y114.648 E1330.33893
G1 X127.244 Y114.089 E1330.35753
G1 X127.325 Y113.978 E1330.3621
G1 X127.373 Y113.83 E1330.36727
G1 X127.403 Y113.805 E1330.36857
G1 X127.424 Y113.765 E1330.37007
G1 X127.473 Y113.741 E1330.37189
G1 X127.495 Y113.707 E1330.37324
G1 X127.541 Y113.693 E1330.37483
G1 X127.672 Y113.672 E1330.37925
G1 X128.244 Y112.998 E1330.40865
G1 X128.243 Y105.718 E1330.65078
G1 X127.583 Y105.022 E1330.68269
G1 X127.356 Y105.011 E1330.69024
G1 X127.286 Y104.991 E1330.69267
G1 X127.261 Y104.952 E1330.69421
G1 X127.229 Y104.938 E1330.69537
G1 X127.209 Y104.896 E1330.69692
G1 X127.173 Y104.867 E1330.69845
G1 X127.16 Y104.818 E1330.70014
G1 X127.044 Y104.621 E1330.70774
G1 X127.044 Y104.083 E1330.72564
G1 X127.22 Y103.799 E1330.73675
G1 X127.237 Y103.762 E1330.7381
G1 X127.284 Y103.738 E1330.73986
G1 X127.302 Y103.71 E1330.74097
G1 X127.322 Y103.704 E1330.74166
G1 X127.584 Y103.691 E1330.75039
G1 X128.244 Y102.995 E1330.78229
G1 X128.244 Y99.426 E1330.90099
G0 F9000 X128.604 Y101.204
G1 F2400 X128.604 Y103.139 E1330.96535
G1 X128 Y103.776 E1330.99455
G1 X128 Y104.937 E1331.03316
G1 X127.745 Y104.669 E1331.04547
G1 X127.486 Y104.656 E1331.05409
G1 X127.48 Y104.652 E1331.05433
G1 X127.404 Y104.523 E1331.05931
G1 X127.404 Y104.185 E1331.07055
G1 X127.484 Y104.057 E1331.07557
G1 X127.746 Y104.044 E1331.0843
G1 X128 Y103.776 E1331.09658
G0 F9000 X128 Y104.937
G1 F2400 X128.603 Y105.574 E1331.12575
G1 X128.604 Y113.13 E1331.37707
G1 X128 Y113.842 E1331.40812
G1 X128 Y114.853 E1331.44175
G1 X127.903 Y114.734 E1331.44685
G1 X127.788 Y114.71 E1331.45076
G1 X127.785 Y114.706 E1331.45093
G1 X127.722 Y114.688 E1331.45311
G1 X127.718 Y114.681 E1331.45338
G1 X127.674 Y114.66 E1331.455
G1 X127.604 Y114.547 E1331.45942
G1 X127.604 Y114.206 E1331.47076
G1 X127.649 Y114.144 E1331.47331
G1 X127.683 Y114.041 E1331.47692
G1 X127.687 Y114.037 E1331.4771
G1 X127.695 Y114.033 E1331.4774
G1 X127.861 Y114.007 E1331.48299
G1 X128 Y113.842 E1331.49017
G0 F9000 X128 Y114.853
G1 F2400 X128.604 Y115.597 E1331.52204
G1 X128.604 Y123.13 E1331.77259
G1 X128 Y123.842 E1331.80364
G1 X128 Y124.857 E1331.8374
G1 X127.903 Y124.739 E1331.84248
G1 X127.732 Y124.703 E1331.84829
G1 X127.72 Y124.684 E1331.84904
G1 X127.695 Y124.672 E1331.84996
G1 X127.644 Y124.63 E1331.85216
G1 X127.604 Y124.558 E1331.8549
G1 X127.604 Y124.207 E1331.86657
G1 X127.648 Y124.148 E1331.86902
G1 X127.686 Y124.036 E1331.87296
G0 F9000 X127.69 Y124.034
G1 F2400 X127.861 Y124.007 E1331.87871
G1 X128 Y123.842 E1331.88589
G0 F9000 X128 Y124.857
G1 F2400 X128.605 Y125.597 E1331.91768
G1 X128.604 Y127.673 E1331.98673
G1 X129.885 Y127.673 E1332.02934
G1 X129.884 Y106.479 E1332.73425
G1 X129.874 Y106.431 E1332.73588
G1 X129.687 Y105.773 E1332.75863
G1 X129.683 Y105.151 E1332.77932
G1 X129.679 Y105.117 E1332.78046
G1 X129.484 Y104.555 E1332.80025
G1 X129.484 Y104.157 E1332.81348
G1 X129.284 Y103.733 E1332.82908
G1 X129.284 Y103.454 E1332.83836
G1 X129.084 Y103.085 E1332.85232
G1 X129.084 Y102.632 E1332.86738
G1 X128.884 Y102.31 E1332.87999
G1 X128.884 Y102.018 E1332.8897
G1 X128.717 Y101.466 E1332.90888
G1 X128.671 Y101.402 E1332.9115
G1 X128.604 Y101.204 E1332.91846
G1 F2400 E1332.11846
;MESH:1x_1xm_pusher.stl
G0 F9000 X126.824 Y101.204
G0 X121.481 Y94.573
;TYPE:WALL-INNER
G1 F2400 E1332.91846
G1 X121.759 Y94.694 E1332.92854
G1 X122.184 Y94.879 E1332.94396
G1 X123.066 Y95.302 E1332.97649
G1 X123.92 Y95.75 E1333.00857
G1 X124.765 Y96.235 E1333.04097
G1 X125.545 Y96.724 E1333.07159
G1 X126.321 Y97.254 E1333.10285
G1 X126.644 Y97.494 E1333.11623
G1 X126.644 Y102.156 E1333.27129
G1 X126.529 Y102.172 E1333.27515
G1 X126.182 Y102.256 E1333.28703
G1 X125.849 Y102.372 E1333.29875
G1 X125.535 Y102.52 E1333.3103
G1 X125.246 Y102.7 E1333.32162
G1 X124.982 Y102.913 E1333.33291
G1 X124.735 Y103.182 E1333.34505
G1 X124.514 Y103.518 E1333.35843
G1 X124.359 Y103.926 E1333.37295
G1 X124.307 Y104.357 E1333.38739
G1 X124.359 Y104.787 E1333.40179
G1 X124.513 Y105.194 E1333.41626
G1 X124.715 Y105.504 E1333.42857
G1 X124.979 Y105.799 E1333.44174
G1 X125.246 Y106.013 E1333.45312
G1 X125.535 Y106.194 E1333.46446
G1 X125.85 Y106.341 E1333.47602
G1 X126.182 Y106.457 E1333.48772
G1 X126.529 Y106.541 E1333.49959
G1 X126.643 Y106.557 E1333.50342
G1 X126.644 Y112.235 E1333.69227
G1 X126.454 Y112.287 E1333.69883
G1 X126.127 Y112.414 E1333.71049
G1 X125.821 Y112.573 E1333.72196
G1 X125.541 Y112.762 E1333.7332
G1 X125.286 Y112.986 E1333.74449
G1 X125.056 Y113.263 E1333.75646
G1 X124.852 Y113.613 E1333.76994
G1 X124.722 Y114.028 E1333.7844
G1 X124.696 Y114.462 E1333.79886
G1 X124.774 Y114.888 E1333.81327
G1 X124.95 Y115.284 E1333.82768
G1 X125.163 Y115.582 E1333.83986
G1 X125.448 Y115.869 E1333.85332
G1 X125.726 Y116.073 E1333.86478
G1 X126.024 Y116.242 E1333.87618
G1 X126.344 Y116.38 E1333.88777
G1 X126.644 Y116.473 E1333.89822
G1 X126.644 Y122.235 E1334.08986
G1 X126.454 Y122.287 E1334.09641
G1 X126.127 Y122.414 E1334.10808
G1 X125.821 Y122.573 E1334.11955
G1 X125.541 Y122.762 E1334.13079
G1 X125.286 Y122.986 E1334.14207
G1 X125.056 Y123.263 E1334.15405
G1 X124.852 Y123.613 E1334.16752
G1 X124.722 Y124.028 E1334.18199
G1 X124.696 Y124.462 E1334.19645
G1 X124.774 Y124.888 E1334.21085
G1 X124.95 Y125.284 E1334.22527
G1 X125.163 Y125.582 E1334.23745
G1 X125.448 Y125.869 E1334.2509
G1 X125.726 Y126.073 E1334.26237
G1 X126.024 Y126.242 E1334.27376
G1 X126.344 Y126.38 E1334.28536
G1 X126.645 Y126.474 E1334.29584
G1 X126.644 Y127.633 E1334.33439
G1 X121.479 Y127.633 E1334.50618
G1 X121.479 Y124.225 E1334.61953
G1 X110.605 Y122.711 E1334.98469
G1 X110.603 Y106.729 E1335.51625
G1 X116.158 Y101.708 E1335.7653
G1 X121.48 Y101.708 E1335.94231
G1 X121.481 Y94.877 E1336.16951
G1 X121.481 Y94.876 E1336.16955
G1 X121.481 Y94.573 E1336.17541
G0 F9000 X121.081 Y93.976
;TYPE:WALL-OUTER
G1 F2400 X121.416 Y94.108 E1336.18738
G1 X121.46 Y94.127 E1336.18898
G1 X122.344 Y94.512 E1336.22105
G1 X123.239 Y94.941 E1336.25406
G1 X124.119 Y95.403 E1336.28712
G1 X124.964 Y95.888 E1336.31952
G1 X125.771 Y96.394 E1336.3512
G1 X126.56 Y96.933 E1336.38298
G1 X127.044 Y97.293 E1336.40305
G1 X127.044 Y102.516 E1336.57676
G1 X126.92 Y102.522 E1336.58089
G1 X126.603 Y102.566 E1336.59154
G1 X126.295 Y102.64 E1336.60207
G1 X126.001 Y102.743 E1336.61243
G1 X125.727 Y102.872 E1336.62251
G1 X125.478 Y103.027 E1336.63226
G1 X125.256 Y103.206 E1336.64175
G1 X125.051 Y103.429 E1336.65182
G1 X124.872 Y103.701 E1336.66265
G1 X124.75 Y104.022 E1336.67407
G1 X124.71 Y104.357 E1336.68529
G1 X124.75 Y104.691 E1336.69648
G1 X124.872 Y105.012 E1336.7079
G1 X125.033 Y105.26 E1336.71774
G1 X125.255 Y105.507 E1336.72878
G1 X125.478 Y105.686 E1336.7383
G1 X125.727 Y105.842 E1336.74807
G1 X126.001 Y105.97 E1336.75813
G1 X126.295 Y106.073 E1336.76849
G1 X126.603 Y106.147 E1336.77902
G1 X126.92 Y106.191 E1336.78967
G1 X127.043 Y106.197 E1336.79376
G1 X127.044 Y112.557 E1337.0053
G1 X126.884 Y112.583 E1337.01069
G1 X126.58 Y112.667 E1337.02118
G1 X126.292 Y112.779 E1337.03146
G1 X126.026 Y112.917 E1337.04142
G1 X125.786 Y113.079 E1337.05106
G1 X125.574 Y113.266 E1337.06046
G1 X125.385 Y113.493 E1337.07028
G1 X125.22 Y113.776 E1337.08118
G1 X125.118 Y114.101 E1337.09251
G1 X125.098 Y114.437 E1337.1037
G1 X125.159 Y114.769 E1337.11493
G1 X125.299 Y115.084 E1337.12639
G1 X125.47 Y115.323 E1337.13617
G1 X125.71 Y115.565 E1337.1475
G1 X125.944 Y115.737 E1337.15716
G1 X126.202 Y115.883 E1337.16702
G1 X126.483 Y116.004 E1337.1772
G1 X126.781 Y116.097 E1337.18758
G1 X127.044 Y116.151 E1337.19651
G1 X127.044 Y122.557 E1337.40958
G1 X126.884 Y122.583 E1337.41497
G1 X126.58 Y122.667 E1337.42546
G1 X126.292 Y122.779 E1337.43574
G1 X126.026 Y122.917 E1337.4457
G1 X125.786 Y123.079 E1337.45533
G1 X125.574 Y123.266 E1337.46474
G1 X125.385 Y123.493 E1337.47456
G1 X125.22 Y123.776 E1337.48546
G1 X125.118 Y124.101 E1337.49679
G1 X125.098 Y124.437 E1337.50798
G1 X125.159 Y124.769 E1337.51921
G1 X125.299 Y125.084 E1337.53067
G1 X125.47 Y125.323 E1337.54045
G1 X125.71 Y125.565 E1337.55178
G1 X125.944 Y125.737 E1337.56144
G1 X126.202 Y125.883 E1337.5713
G1 X126.483 Y126.004 E1337.58148
G1 X126.781 Y126.097 E1337.59186
G1 X127.045 Y126.152 E1337.60083
G1 X127.044 Y128.033 E1337.66339
G1 X121.079 Y128.033 E1337.86179
G1 X121.079 Y124.573 E1337.97687
G1 X110.205 Y123.059 E1338.34203
G1 X110.203 Y106.551 E1338.89109
G1 X116.004 Y101.308 E1339.15116
G1 X121.08 Y101.308 E1339.31998
G1 X121.08 Y94.156 E1339.55786
G1 X121.08 Y94.108
G1 X121.081 Y93.976 E1339.55815
G0 F9000 X121.337 Y94.352
G0 X121.639 Y94.869
;TYPE:FILL
G1 F4800 X126.483 Y99.713 E1339.786
G0 F9000 X126.482 Y100.332
G1 F4800 X121.639 Y101.63 E1339.95276
G0 F9000 X120.753 Y101.867
G1 F4800 X116.959 Y102.884 E1340.08341
G0 F9000 X117.218 Y102.65
G1 F4800 X116.456 Y105.492 E1340.18127
G0 F9000 X116.598 Y105.492
G0 X116.598 Y106.657
G0 X116.456 Y106.657
G1 F4800 X124.593 Y114.794 E1340.56401
G0 F9000 X124.922 Y113.174
G1 F4800 X116.456 Y115.442 E1340.85552
G0 F9000 X116.598 Y115.442
G0 X125.96 Y116.387
G1 F4800 X122.99 Y127.472 E1341.23721
G0 F9000 X121.638 Y126.477
G1 F4800 X124.968 Y125.584 E1341.35188
G0 F9000 X124.858 Y124.451
G0 X126.483 Y116.684
G1 F4800 X126.347 Y116.548 E1341.35828
G0 F9000 X116.524 Y123.349
G0 X116.27 Y123.388
G0 X116.308 Y123.112
;TYPE:SKIN
G1 F1500 X110.995 Y122.372 E1341.5367
G1 X110.993 Y106.901 E1342.05126
G1 X116.307 Y102.098 E1342.2895
G1 X117.552 Y102.098 E1342.33091
G1 X117.566 Y102.135 E1342.33223
G1 X116.307 Y103.274 E1342.3887
G1 X116.308 Y123.112 E1343.04851
G0 F9000 X116.27 Y123.388
G0 X110.785 Y122.554
G0 X110.714 Y121.902
G0 X111.154 Y121.902
G1 F1500 X111.537 Y122.285 E1343.06653
G0 F9000 X112.194 Y122.376
G1 F1500 X111.154 Y121.336 E1343.11544
G0 F9000 X111.154 Y120.771
G1 F1500 X112.852 Y122.468 E1343.19529
G0 F9000 X113.509 Y122.559
G1 F1500 X111.154 Y120.205 E1343.30604
G0 F9000 X111.154 Y119.639
G1 F1500 X114.165 Y122.651 E1343.44769
G0 F9000 X114.823 Y122.743
G1 F1500 X111.154 Y119.073 E1343.62029
G0 F9000 X111.154 Y118.508
G1 F1500 X115.48 Y122.834 E1343.82377
G0 F9000 X116.138 Y122.926
G1 F1500 X111.153 Y117.941 E1344.05825
G0 F9000 X111.153 Y117.376
G1 F1500 X116.147 Y122.37 E1344.29315
G0 F9000 X116.147 Y121.804
G1 F1500 X111.153 Y116.81 E1344.52806
G0 F9000 X111.153 Y116.244
G1 F1500 X116.147 Y121.239 E1344.76298
G0 F9000 X116.147 Y120.673
G1 F1500 X111.153 Y115.679 E1344.99789
G0 F9000 X111.153 Y115.113
G1 F1500 X116.147 Y120.107 E1345.23279
G0 F9000 X116.147 Y119.542
G1 F1500 X111.152 Y114.547 E1345.46774
G0 F9000 X111.152 Y113.981
G1 F1500 X116.147 Y118.976 E1345.70269
G0 F9000 X116.147 Y118.41
G1 F1500 X111.152 Y113.415 E1345.93764
G0 F9000 X111.152 Y112.849
G1 F1500 X116.147 Y117.845 E1346.17261
G0 F9000 X116.147 Y117.279
G1 F1500 X111.152 Y112.284 E1346.40756
G0 F9000 X111.152 Y111.718
G1 F1500 X116.147 Y116.713 E1346.64251
G0 F9000 X116.147 Y116.147
G1 F1500 X111.152 Y111.152 E1346.87746
G0 F9000 X111.152 Y110.586
G1 F1500 X116.147 Y115.581 E1347.11241
G0 F9000 X116.147 Y115.015
G1 F1500 X111.152 Y110.02 E1347.34736
G0 F9000 X111.152 Y109.455
G1 F1500 X116.147 Y114.45 E1347.58231
G0 F9000 X116.147 Y113.884
G1 F1500 X111.152 Y108.889 E1347.81726
G0 F9000 X111.152 Y108.323
G1 F1500 X116.147 Y113.318 E1348.05221
G0 F9000 X116.147 Y112.753
G1 F1500 X111.152 Y107.758 E1348.28715
G0 F9000 X111.152 Y107.192
G1 F1500 X116.147 Y112.187 E1348.5221
G0 F9000 X116.147 Y111.621
G1 F1500 X111.333 Y106.807 E1348.74854
G0 F9000 X111.63 Y106.539
G1 F1500 X116.147 Y111.056 E1348.96101
G0 F9000 X116.147 Y110.49
G1 F1500 X111.927 Y106.27 E1349.1595
G0 F9000 X112.224 Y106.001
G1 F1500 X116.147 Y109.924 E1349.34403
G0 F9000 X116.146 Y109.358
G1 F1500 X112.521 Y105.733 E1349.51454
G0 F9000 X112.818 Y105.464
G1 F1500 X116.146 Y108.792 E1349.67108
G0 F9000 X116.146 Y108.226
G1 F1500 X113.115 Y105.196 E1349.81362
G0 F9000 X113.412 Y104.927
G1 F1500 X116.146 Y107.661 E1349.94222
G0 F9000 X116.146 Y107.095
G1 F1500 X113.71 Y104.659 E1350.0568
G0 F9000 X114.007 Y104.39
G1 F1500 X116.146 Y106.529 E1350.15741
G0 F9000 X116.146 Y105.964
G1 F1500 X114.304 Y104.122 E1350.24406
G0 F9000 X114.601 Y103.853
G1 F1500 X116.146 Y105.398 E1350.31673
G0 F9000 X116.146 Y104.832
G1 F1500 X114.899 Y103.585 E1350.37538
G0 F9000 X115.196 Y103.316
G1 F1500 X116.146 Y104.267 E1350.42009
G0 F9000 X116.146 Y103.701
G1 F1500 X115.493 Y103.048 E1350.45081
G0 F9000 X115.79 Y102.779
G1 F1500 X116.181 Y103.17 E1350.4692
G0 F9000 X116.478 Y102.901
G1 F1500 X116.087 Y102.51 E1350.48759
G0 F9000 X116.4 Y102.258
G1 F1500 X116.775 Y102.633 E1350.50523
G0 F9000 X117.072 Y102.364
G1 F1500 X116.966 Y102.258 E1350.51021
G0 F9000 X116.966 Y101.908
G1 F2400 E1349.71021
;MESH:NONMESH
G0 F300 X116.966 Y101.908 Z10
G0 F9000 X116.966 Y101.818
G0 X121.308 Y101.536
G0 X126.824 Y99.839
G0 X128.443 Y99.839
;TIME_ELAPSED:1680.993583
;LAYER:49
;TYPE:SUPPORT
G1 F2400 E1350.51021
G1 X128.48 Y99.929 E1350.51345
G1 X128.608 Y100.256 E1350.52513
G1 X128.642 Y100.295 E1350.52685
G1 X128.807 Y100.745 E1350.54279
G1 X128.848 Y100.798 E1350.54502
G1 X128.995 Y101.236 E1350.56039
G1 X129.043 Y101.303 E1350.56313
G1 X129.208 Y101.847 E1350.58204
G1 X129.244 Y101.892 E1350.58395
G1 X129.244 Y102.207 E1350.59443
G1 X129.444 Y102.529 E1350.60704
G1 X129.444 Y102.993 E1350.62247
G1 X129.644 Y103.361 E1350.6364
G1 X129.644 Y103.652 E1350.64608
G1 X129.844 Y104.076 E1350.66167
G1 X129.844 Y104.494 E1350.67557
G1 X130.031 Y105.036 E1350.69464
G1 X130.043 Y105.125 E1350.69763
G1 X130.047 Y105.722 E1350.71749
G1 X130.227 Y106.357 E1350.73944
G1 X130.244 Y106.438 E1350.74219
G1 X130.245 Y128.033 E1351.46045
G1 X128.445 Y128.033 E1351.52031
G1 X128.445 Y125.716 E1351.59738
G1 X127.785 Y125.02 E1351.62928
G1 X127.498 Y125.005 E1351.63884
G1 X127.472 Y124.964 E1351.64045
G1 X127.43 Y124.944 E1351.642
G1 X127.411 Y124.905 E1351.64344
G1 X127.363 Y124.866 E1351.6455
G1 X127.244 Y124.649 E1351.65373
G1 X127.244 Y124.088 E1351.67239
G1 X127.324 Y123.98 E1351.67686
G1 X127.374 Y123.83 E1351.68212
G1 X127.404 Y123.804 E1351.68344
G1 X127.425 Y123.765 E1351.68491
G1 X127.473 Y123.741 E1351.6867
G1 X127.495 Y123.707 E1351.68805
G1 X127.516 Y123.701 E1351.68877
G1 X127.779 Y123.688 E1351.69753
G1 X128.444 Y122.993 E1351.72952
G1 X128.444 Y115.716 E1351.97156
G1 X127.784 Y115.02 E1352.00346
G1 X127.532 Y115.007 E1352.01185
G1 X127.492 Y114.996 E1352.01323
G1 X127.471 Y114.963 E1352.01453
G1 X127.428 Y114.943 E1352.01611
G1 X127.412 Y114.909 E1352.01736
G1 X127.397 Y114.896 E1352.01802
G1 X127.244 Y114.648 E1352.02771
G1 X127.244 Y114.089 E1352.0463
G1 X127.325 Y113.978 E1352.05088
G1 X127.373 Y113.83 E1352.05605
G1 X127.403 Y113.805 E1352.05735
G1 X127.424 Y113.765 E1352.05885
G1 X127.473 Y113.741 E1352.06067
G1 X127.495 Y113.707 E1352.06201
G1 X127.516 Y113.701 E1352.06274
G1 X127.78 Y113.688 E1352.07153
G1 X128.445 Y112.993 E1352.10352
G1 X128.444 Y105.682 E1352.34669
G1 X127.699 Y104.973 E1352.38089
G1 X127.293 Y104.993 E1352.39441
G1 X127.286 Y104.991 E1352.39466
G1 X127.261 Y104.952 E1352.3962
G1 X127.229 Y104.938 E1352.39736
G1 X127.209 Y104.896 E1352.39891
G1 X127.173 Y104.867 E1352.40044
G1 X127.16 Y104.818 E1352.40213
G1 X127.044 Y104.621 E1352.40973
G1 X127.044 Y104.083 E1352.42763
G1 X127.22 Y103.799 E1352.43874
G1 X127.237 Y103.762 E1352.4401
G1 X127.284 Y103.738 E1352.44185
G1 X127.294 Y103.722 E1352.44248
G1 X127.675 Y103.752 E1352.45519
G1 X128.444 Y103.038 E1352.49009
G1 X128.443 Y99.839 E1352.59649
G0 F9000 X128.803 Y101.752
G1 F2400 X128.804 Y103.195 E1352.64448
G1 X128 Y103.941 E1352.68096
G1 X128 Y104.762 E1352.70827
G1 X127.836 Y104.606 E1352.7158
G1 X127.463 Y104.624 E1352.72822
G1 X127.404 Y104.523 E1352.73211
G1 X127.404 Y104.185 E1352.74335
G1 X127.459 Y104.096 E1352.74683
G1 X127.804 Y104.123 E1352.75834
G1 X128 Y103.941 E1352.76724
G0 F9000 X128 Y104.762
G1 F2400 X128.804 Y105.527 E1352.80415
G1 X128.805 Y113.137 E1353.05726
G1 X128 Y113.979 E1353.096
G1 X128 Y114.723 E1353.12075
G1 X127.946 Y114.667 E1353.12334
G1 X127.67 Y114.653 E1353.13253
G1 X127.604 Y114.547 E1353.13668
G1 X127.604 Y114.206 E1353.14802
G1 X127.649 Y114.144 E1353.15057
G1 X127.678 Y114.054 E1353.15372
G1 X127.941 Y114.041 E1353.16247
G1 X128 Y113.979 E1353.16532
G0 F9000 X128 Y114.723
G1 F2400 X128.804 Y115.572 E1353.20421
G1 X128.804 Y123.137 E1353.45582
G1 X128 Y123.978 E1353.49452
G1 X128 Y124.723 E1353.5193
G1 X127.947 Y124.668 E1353.52184
G1 X127.67 Y124.653 E1353.53107
G1 X127.644 Y124.631 E1353.5322
G1 X127.604 Y124.559 E1353.53494
G1 X127.604 Y124.207 E1353.54665
G1 X127.648 Y124.148 E1353.5491
G1 X127.68 Y124.054 E1353.5524
G1 X127.94 Y124.041 E1353.56106
G1 X128 Y123.978 E1353.56395
G0 F9000 X128 Y124.723
G1 F2400 X128.805 Y125.572 E1353.60286
G1 X128.805 Y127.673 E1353.67274
G1 X129.885 Y127.673 E1353.70866
G1 X129.884 Y106.479 E1354.41358
G1 X129.874 Y106.431 E1354.41521
G1 X129.687 Y105.773 E1354.43796
G1 X129.683 Y105.151 E1354.45865
G1 X129.679 Y105.117 E1354.45979
G1 X129.484 Y104.555 E1354.47957
G1 X129.484 Y104.157 E1354.49281
G1 X129.284 Y103.733 E1354.5084
G1 X129.284 Y103.454 E1354.51768
G1 X129.084 Y103.085 E1354.53164
G1 X129.084 Y102.632 E1354.54671
G1 X128.884 Y102.31 E1354.55932
G1 X128.884 Y102.018 E1354.56903
G1 X128.803 Y101.752 E1354.57828
G1 F2400 E1353.77828
;MESH:1x_1xm_pusher.stl
G0 F9000 X127.043 Y101.752
G0 X121.681 Y94.747
;TYPE:WALL-INNER
G1 F2400 E1354.57828
G1 X121.984 Y94.879 E1354.58927
G1 X122.051 Y94.911 E1354.59174
G1 X122.866 Y95.302 E1354.62181
G1 X123.72 Y95.75 E1354.65388
G1 X124.565 Y96.235 E1354.68629
G1 X125.345 Y96.724 E1354.71691
G1 X126.114 Y97.249 E1354.74787
G1 X126.843 Y97.793 E1354.77813
G1 X126.844 Y102.112 E1354.92178
G1 X126.803 Y102.113 E1354.92314
G1 X126.446 Y102.152 E1354.93509
G1 X126.096 Y102.224 E1354.94697
G1 X125.759 Y102.329 E1354.95871
G1 X125.438 Y102.467 E1354.97033
G1 X125.139 Y102.636 E1354.98176
G1 X124.869 Y102.837 E1354.99295
G1 X124.626 Y103.07 E1355.00415
G1 X124.402 Y103.367 E1355.01652
G1 X124.227 Y103.715 E1355.02948
G1 X124.131 Y104.077 E1355.04193
G1 X124.11 Y104.469 E1355.05499
G1 X124.189 Y104.891 E1355.06927
G1 X124.339 Y105.236 E1355.08178
G1 X124.554 Y105.561 E1355.09474
G1 X124.815 Y105.827 E1355.10714
G1 X125.075 Y106.033 E1355.11817
G1 X125.365 Y106.209 E1355.12945
G1 X125.651 Y106.341 E1355.13993
G1 X125.982 Y106.457 E1355.1516
G1 X126.329 Y106.541 E1355.16347
G1 X126.683 Y106.59 E1355.17536
G1 X126.844 Y106.598 E1355.18072
G1 X126.845 Y112.15 E1355.36538
G1 X126.714 Y112.168 E1355.36978
G1 X126.367 Y112.252 E1355.38165
G1 X126.035 Y112.368 E1355.39335
G1 X125.722 Y112.516 E1355.40486
G1 X125.431 Y112.695 E1355.41623
G1 X125.166 Y112.91 E1355.42758
G1 X124.919 Y113.179 E1355.43972
G1 X124.7 Y113.515 E1355.45306
G1 X124.544 Y113.92 E1355.4675
G1 X124.492 Y114.353 E1355.482
G1 X124.544 Y114.783 E1355.49641
G1 X124.698 Y115.188 E1355.51082
G1 X124.898 Y115.501 E1355.52318
G1 X125.165 Y115.795 E1355.53638
G1 X125.431 Y116.01 E1355.54776
G1 X125.722 Y116.19 E1355.55914
G1 X126.036 Y116.338 E1355.57069
G1 X126.367 Y116.453 E1355.58234
G1 X126.712 Y116.537 E1355.59415
G1 X126.844 Y116.556 E1355.59859
G1 X126.844 Y122.15 E1355.78464
G1 X126.714 Y122.168 E1355.78901
G1 X126.367 Y122.252 E1355.80088
G1 X126.035 Y122.368 E1355.81258
G1 X125.722 Y122.516 E1355.8241
G1 X125.431 Y122.695 E1355.83546
G1 X125.166 Y122.91 E1355.84681
G1 X124.919 Y123.179 E1355.85896
G1 X124.7 Y123.515 E1355.8723
G1 X124.544 Y123.92 E1355.88673
G1 X124.492 Y124.353 E1355.90124
G1 X124.544 Y124.783 E1355.91564
G1 X124.698 Y125.188 E1355.93005
G1 X124.898 Y125.501 E1355.94241
G1 X125.165 Y125.795 E1355.95562
G1 X125.431 Y126.01 E1355.96699
G1 X125.722 Y126.19 E1355.97837
G1 X126.036 Y126.338 E1355.98992
G1 X126.367 Y126.453 E1356.00157
G1 X126.712 Y126.537 E1356.01338
G1 X126.845 Y126.556 E1356.01785
G1 X126.845 Y127.633 E1356.05367
G1 X121.679 Y127.633 E1356.22549
G1 X121.679 Y124.054 E1356.34453
G1 X112.028 Y122.711 E1356.66862
G1 X112.027 Y105.864 E1357.22895
G1 X116.625 Y101.708 E1357.4351
G1 X121.68 Y101.708 E1357.60323
G1 X121.68 Y94.954 E1357.82786
G1 X121.68 Y94.879 E1357.82787
G1 X121.681 Y94.747 E1357.82813
G0 F9000 X121.281 Y94.136
;TYPE:WALL-OUTER
G1 F2400 X121.56 Y94.257 E1357.83825
G1 X122.144 Y94.512 E1357.85944
G1 X123.039 Y94.941 E1357.89245
G1 X123.919 Y95.403 E1357.92551
G1 X124.764 Y95.888 E1357.95791
G1 X125.571 Y96.394 E1357.9896
G1 X126.353 Y96.928 E1358.02109
G1 X127.108 Y97.491 E1358.05241
G1 X127.243 Y97.601 E1358.05821
G1 X127.244 Y102.515 E1358.22165
G1 X127.152 Y102.508 E1358.22472
G1 X126.828 Y102.513 E1358.23549
G1 X126.508 Y102.548 E1358.2462
G1 X126.196 Y102.612 E1358.25679
G1 X125.898 Y102.705 E1358.26718
G1 X125.616 Y102.826 E1358.27738
G1 X125.358 Y102.972 E1358.28724
G1 X125.128 Y103.143 E1358.29678
G1 X124.926 Y103.337 E1358.30609
G1 X124.743 Y103.579 E1358.31618
G1 X124.603 Y103.858 E1358.32656
G1 X124.528 Y104.14 E1358.33627
G1 X124.512 Y104.442 E1358.34633
G1 X124.574 Y104.773 E1358.35753
G1 X124.692 Y105.044 E1358.36736
G1 X124.867 Y105.308 E1358.37789
G1 X125.083 Y105.529 E1358.38817
G1 X125.304 Y105.704 E1358.39755
G1 X125.553 Y105.855 E1358.40723
G1 X125.802 Y105.97 E1358.41636
G1 X126.095 Y106.073 E1358.42669
G1 X126.403 Y106.147 E1358.43722
G1 X126.72 Y106.191 E1358.44787
G1 X127.044 Y106.207 E1358.45866
G1 X127.244 Y106.197 E1358.46532
G1 X127.245 Y112.512 E1358.67535
G1 X127.107 Y112.518 E1358.67995
G1 X126.788 Y112.562 E1358.69066
G1 X126.48 Y112.636 E1358.70119
G1 X126.187 Y112.739 E1358.71152
G1 X125.913 Y112.868 E1358.7216
G1 X125.663 Y113.022 E1358.73136
G1 X125.441 Y113.202 E1358.74087
G1 X125.236 Y113.425 E1358.75094
G1 X125.058 Y113.698 E1358.76178
G1 X124.935 Y114.017 E1358.77315
G1 X124.895 Y114.353 E1358.78441
G1 X124.935 Y114.687 E1358.7956
G1 X125.057 Y115.007 E1358.80699
G1 X125.217 Y115.257 E1358.81686
G1 X125.44 Y115.503 E1358.8279
G1 X125.663 Y115.683 E1358.83743
G1 X125.913 Y115.838 E1358.84722
G1 X126.187 Y115.967 E1358.85729
G1 X126.48 Y116.069 E1358.86761
G1 X126.787 Y116.144 E1358.87812
G1 X127.106 Y116.188 E1358.88883
G1 X127.244 Y116.195 E1358.89343
G1 X127.244 Y122.512 E1359.10353
G1 X127.107 Y122.518 E1359.10809
G1 X126.788 Y122.562 E1359.1188
G1 X126.48 Y122.636 E1359.12934
G1 X126.187 Y122.739 E1359.13967
G1 X125.913 Y122.868 E1359.14974
G1 X125.663 Y123.022 E1359.15951
G1 X125.441 Y123.202 E1359.16901
G1 X125.236 Y123.425 E1359.17909
G1 X125.058 Y123.698 E1359.18993
G1 X124.935 Y124.017 E1359.2013
G1 X124.895 Y124.353 E1359.21255
G1 X124.935 Y124.687 E1359.22374
G1 X125.057 Y125.007 E1359.23513
G1 X125.217 Y125.257 E1359.245
G1 X125.44 Y125.503 E1359.25605
G1 X125.663 Y125.683 E1359.26558
G1 X125.913 Y125.838 E1359.27536
G1 X126.187 Y125.967 E1359.28544
G1 X126.48 Y126.069 E1359.29575
G1 X126.787 Y126.144 E1359.30627
G1 X127.106 Y126.188 E1359.31698
G1 X127.245 Y126.195 E1359.3216
G1 X127.245 Y128.033 E1359.38274
G1 X121.279 Y128.033 E1359.58117
G1 X121.279 Y124.402 E1359.70193
G1 X111.628 Y123.059 E1360.02602
G1 X111.627 Y105.686 E1360.60385
G1 X116.471 Y101.308 E1360.82101
G1 X121.28 Y101.308 E1360.98096
G1 X121.281 Y94.441 E1361.20936
G1 X121.281 Y94.44 E1361.20939
G1 X121.281 Y94.136 E1361.21528
G0 F9000 X121.535 Y94.524
G0 X122.066 Y95.095
;TYPE:FILL
G1 F4800 X126.683 Y99.712 E1361.43245
G0 F9000 X126.682 Y100.426
G1 F4800 X121.84 Y101.723 E1361.59917
G0 F9000 X121.303 Y101.867
G1 F4800 X117.88 Y102.784 E1361.71704
G0 F9000 X118.021 Y102.784
G0 X118.021 Y107.879
G0 X117.879 Y107.879
G1 F4800 X124.334 Y114.334 E1362.02066
G0 F9000 X124.574 Y113.414
G1 F4800 X117.881 Y115.207 E1362.25112
G0 F9000 X118.022 Y115.207
G0 X125.808 Y116.407
G1 F4800 X122.843 Y127.472 E1362.63213
G0 F9000 X121.838 Y126.57
G1 F4800 X124.907 Y125.748 E1362.7378
G0 F9000 X121.509 Y124.202
G0 X117.694 Y123.388
G0 X117.732 Y123.111
;TYPE:SKIN
G1 F1500 X112.418 Y122.372 E1362.91624
G1 X112.417 Y106.036 E1363.45958
G1 X116.774 Y102.098 E1363.65492
G1 X118.018 Y102.098 E1363.69629
G1 X118.032 Y102.135 E1363.69761
G1 X117.73 Y102.409 E1363.71117
G1 X117.732 Y123.111 E1364.39972
G0 F9000 X117.499 Y122.916
G1 F1500 X117.571 Y122.844 E1364.40311
G0 F9000 X117.571 Y122.279
G1 F1500 X117.002 Y122.847 E1364.42985
G0 F9000 X116.506 Y122.778
G1 F1500 X117.571 Y121.713 E1364.47994
G0 F9000 X117.571 Y121.147
G1 F1500 X116.009 Y122.709 E1364.55341
G0 F9000 X115.512 Y122.64
G1 F1500 X117.571 Y120.582 E1364.65024
G0 F9000 X117.571 Y120.016
G1 F1500 X115.015 Y122.572 E1364.77047
G0 F9000 X114.519 Y122.502
G1 F1500 X117.571 Y119.45 E1364.91402
G0 F9000 X117.571 Y118.885
G1 F1500 X114.023 Y122.433 E1365.08091
G0 F9000 X113.525 Y122.364
G1 F1500 X117.571 Y118.319 E1365.2712
G0 F9000 X117.57 Y117.754
G1 F1500 X113.029 Y122.295 E1365.48479
G0 F9000 X112.577 Y122.181
G1 F1500 X117.57 Y117.188 E1365.71965
G0 F9000 X117.57 Y116.623
G1 F1500 X112.577 Y121.616 E1365.9545
G0 F9000 X112.577 Y121.05
G1 F1500 X117.57 Y116.057 E1366.18936
G0 F9000 X117.57 Y115.491
G1 F1500 X112.577 Y120.484 E1366.42421
G0 F9000 X112.577 Y119.918
G1 F1500 X117.57 Y114.926 E1366.65905
G0 F9000 X117.57 Y114.36
G1 F1500 X112.577 Y119.353 E1366.8939
G0 F9000 X112.577 Y118.787
G1 F1500 X117.57 Y113.794 E1367.12876
G0 F9000 X117.57 Y113.229
G1 F1500 X112.577 Y118.221 E1367.36359
G0 F9000 X112.577 Y117.656
G1 F1500 X117.57 Y112.663 E1367.59844
G0 F9000 X117.569 Y112.098
G1 F1500 X112.577 Y117.09 E1367.83325
G0 F9000 X112.577 Y116.524
G1 F1500 X117.569 Y111.532 E1368.06806
G0 F9000 X117.569 Y110.966
G1 F1500 X112.577 Y115.959 E1368.30289
G0 F9000 X112.577 Y115.393
G1 F1500 X117.569 Y110.401 E1368.5377
G0 F9000 X117.569 Y109.835
G1 F1500 X112.577 Y114.827 E1368.77251
G0 F9000 X112.577 Y114.262
G1 F1500 X117.569 Y109.269 E1369.00734
G0 F9000 X117.569 Y108.704
G1 F1500 X112.577 Y113.697 E1369.24217
G0 F9000 X112.577 Y113.131
G1 F1500 X117.569 Y108.138 E1369.47701
G0 F9000 X117.569 Y107.572
G1 F1500 X112.577 Y112.565 E1369.71184
G0 F9000 X112.577 Y112
G1 F1500 X117.569 Y107.007 E1369.94667
G0 F9000 X117.569 Y106.442
G1 F1500 X112.577 Y111.434 E1370.18148
G0 F9000 X112.577 Y110.868
G1 F1500 X117.569 Y105.876 E1370.41629
G0 F9000 X117.569 Y105.31
G1 F1500 X112.577 Y110.303 E1370.65112
G0 F9000 X112.577 Y109.737
G1 F1500 X117.569 Y104.745 E1370.88593
G0 F9000 X117.569 Y104.179
G1 F1500 X112.577 Y109.171 E1371.12074
G0 F9000 X112.577 Y108.605
G1 F1500 X117.569 Y103.613 E1371.35554
G0 F9000 X117.569 Y103.048
G1 F1500 X112.577 Y108.04 E1371.59035
G0 F9000 X112.577 Y107.474
G1 F1500 X117.569 Y102.482 E1371.82516
G0 F9000 X117.227 Y102.258
G1 F1500 X112.577 Y106.908 E1372.04388
G0 F9000 X112.577 Y106.343
G1 F1500 X115.043 Y103.876 E1372.1599
G0 F9000 X114.809 Y103.617
G1 F2400 E1371.3599
;MESH:NONMESH
G0 F300 X114.809 Y103.617 Z10.2
G0 F9000 X114.75 Y103.551
G0 X116.692 Y101.881
G0 X117.53 Y101.883
G0 X126.815 Y102.294
G0 X129.245 Y102.209
;TIME_ELAPSED:1710.365919
;LAYER:50
;TYPE:SUPPORT
G1 F2400 E1372.1599
G1 X129.444 Y102.529 E1372.17243
G1 X129.444 Y102.993 E1372.18786
G1 X129.644 Y103.361 E1372.2018
G1 X129.644 Y103.652 E1372.21147
G1 X129.844 Y104.076 E1372.22707
G1 X129.844 Y104.494 E1372.24097
G1 X130.031 Y105.036 E1372.26004
G1 X130.043 Y105.125 E1372.26303
G1 X130.047 Y105.722 E1372.28288
G1 X130.227 Y106.357 E1372.30484
G1 X130.244 Y106.438 E1372.30759
G1 X130.245 Y128.033 E1373.02584
G1 X128.645 Y128.033 E1373.07906
G1 X128.645 Y126.195 E1373.14019
G1 X128.613 Y125.624 E1373.15921
G1 X127.856 Y124.957 E1373.19277
G1 X127.485 Y124.986 E1373.20514
G1 X127.472 Y124.965 E1373.20597
G1 X127.43 Y124.945 E1373.20751
G1 X127.411 Y124.905 E1373.20899
G1 X127.363 Y124.866 E1373.21104
G1 X127.244 Y124.649 E1373.21927
G1 X127.244 Y124.088 E1373.23793
G1 X127.324 Y123.98 E1373.2424
G1 X127.374 Y123.83 E1373.24766
G1 X127.404 Y123.804 E1373.24898
G1 X127.425 Y123.765 E1373.25046
G1 X127.473 Y123.741 E1373.25224
G1 X127.486 Y123.721 E1373.25303
G1 X127.868 Y123.755 E1373.26579
G1 X128.644 Y123.039 E1373.30091
G1 X128.644 Y115.67 E1373.546
G1 X127.876 Y114.956 E1373.58088
G1 X127.486 Y114.986 E1373.59389
G1 X127.471 Y114.963 E1373.5948
G1 X127.428 Y114.943 E1373.59638
G1 X127.412 Y114.909 E1373.59763
G1 X127.397 Y114.896 E1373.59829
G1 X127.244 Y114.648 E1373.60798
G1 X127.244 Y114.089 E1373.62657
G1 X127.325 Y113.978 E1373.63114
G1 X127.373 Y113.83 E1373.63632
G1 X127.403 Y113.805 E1373.63762
G1 X127.424 Y113.765 E1373.63912
G1 X127.473 Y113.741 E1373.64094
G1 X127.486 Y113.721 E1373.64173
G1 X127.602 Y113.731 E1373.6456
G1 X127.663 Y113.781 E1373.64822
G1 X128.217 Y114.398 E1373.6758
G1 X129.245 Y114.006 E1373.7124
G1 X129.245 Y102.209 E1374.10477
G0 F9000 X129.605 Y104.904
G1 F2400 X129.605 Y114.254 E1374.41575
G1 X128.218 Y114.783 E1374.46512
G1 X129.004 Y115.513 E1374.5008
G1 X129.004 Y123.197 E1374.75637
G1 X128 Y124.123 E1374.8018
G1 X127.995 Y124.128 E1374.80203
G1 X127.665 Y124.098 E1374.81306
G1 X127.648 Y124.148 E1374.81481
G1 X127.604 Y124.207 E1374.81726
G1 X127.604 Y124.558 E1374.82893
G1 X127.634 Y124.612 E1374.83099
G1 X127.98 Y124.586 E1374.84253
G1 X128 Y124.603 E1374.8434
G1 X128 Y124.123 E1374.85937
G0 F9000 X128 Y124.603
G1 F2400 X128.964 Y125.453 E1374.90211
G1 X129.005 Y126.185 E1374.9265
G1 X129.005 Y127.673 E1374.97599
G1 X129.885 Y127.673 E1375.00526
G1 X129.884 Y106.479 E1375.71017
G1 X129.874 Y106.431 E1375.71181
G1 X129.687 Y105.773 E1375.73456
G1 X129.683 Y105.151 E1375.75525
G1 X129.679 Y105.117 E1375.75638
G1 X129.605 Y104.904 E1375.76388
G1 F2400 E1374.96388
G0 F9000 X130.907 Y105.062
G0 X126.662 Y113.411
G0 X127.604 Y114.255
G1 F2400 E1375.76388
G1 X127.907 Y114.593 E1375.77898
G1 X127.645 Y114.613 E1375.78772
G1 X127.604 Y114.547 E1375.79031
G1 X127.604 Y114.255 E1375.80002
G1 F2400 E1375.00002
G0 F9000 X126.573 Y113.543
G0 X126.483 Y105.337
G0 X127.272 Y104.962
G1 F2400 E1375.80002
G1 X127.261 Y104.952 E1375.80051
G1 X127.229 Y104.938 E1375.80167
G1 X127.209 Y104.896 E1375.80322
G1 X127.173 Y104.867 E1375.80476
G1 X127.16 Y104.818 E1375.80644
G1 X127.044 Y104.621 E1375.81405
G1 X127.044 Y104.083 E1375.83194
G1 X127.22 Y103.799 E1375.84305
G1 X127.237 Y103.762 E1375.84441
G1 X127.257 Y103.752 E1375.84515
G1 X127.425 Y103.948 E1375.85374
G1 X127.518 Y104.107 E1375.85987
G1 X127.562 Y104.248 E1375.86478
G1 X127.572 Y104.394 E1375.86965
G1 X127.546 Y104.534 E1375.87438
G1 X127.48 Y104.681 E1375.87974
G1 X127.272 Y104.962 E1375.89137
G0 F9000 X127.569 Y103.81
;TYPE:SUPPORT-INTERFACE
G1 F1500 X129.044 Y105.285 E1375.96075
G0 F9000 X129.043 Y105.15
G1 F1500 X128.443 Y105.749 E1375.98895
G0 F9000 X128.443 Y108.078
G1 F1500 X129.044 Y108.679 E1376.01722
G0 F9000 X129.043 Y108.544
G1 F1500 X128.443 Y109.144 E1376.04544
G0 F9000 X128.443 Y111.472
G1 F1500 X129.044 Y112.073 E1376.07371
G0 F9000 X129.043 Y111.938
G1 F1500 X128.443 Y112.538 E1376.10193
G1 F2400 E1375.30193
G0 F9000 X126.662 Y113.411
G0 X130.107 Y101.962
G0 X128.444 Y102.355
G1 F2400 E1376.10193
G1 F1500 X129.043 Y101.756 E1376.1301
G0 F9000 X129.044 Y101.891
G1 F1500 X128.443 Y101.29 E1376.15837
G1 F2400 E1375.35837
;MESH:1x_1xm_pusher.stl
G0 F9000 X127.225 Y101.29
G0 X121.881 Y94.926
;TYPE:WALL-INNER
G1 F2400 E1376.15837
G1 X122.166 Y95.062 E1376.16888
G1 X122.666 Y95.302 E1376.18732
G1 X123.52 Y95.75 E1376.2194
G1 X124.365 Y96.235 E1376.2518
G1 X125.145 Y96.724 E1376.28242
G1 X125.914 Y97.249 E1376.31339
G1 X126.669 Y97.812 E1376.34472
G1 X127.043 Y98.116 E1376.36075
G1 X127.045 Y98.949 E1376.38845
G1 X127.045 Y102.112 E1376.49366
G1 X126.725 Y102.108 E1376.5043
G1 X126.364 Y102.136 E1376.51634
G1 X126.013 Y102.197 E1376.52819
G1 X125.669 Y102.291 E1376.54005
G1 X125.342 Y102.418 E1376.55172
G1 X125.039 Y102.576 E1376.56309
G1 X124.755 Y102.765 E1376.57443
G1 X124.501 Y102.991 E1376.58574
G1 X124.261 Y103.279 E1376.59821
G1 X124.067 Y103.615 E1376.61111
G1 X123.951 Y103.976 E1376.62372
G1 X123.907 Y104.357 E1376.63648
G1 X123.951 Y104.733 E1376.64907
G1 X124.067 Y105.096 E1376.66175
G1 X124.256 Y105.426 E1376.6744
G1 X124.501 Y105.722 E1376.68718
G1 X124.755 Y105.946 E1376.69844
G1 X125.038 Y106.137 E1376.7098
G1 X125.344 Y106.296 E1376.72127
G1 X125.67 Y106.422 E1376.73289
G1 X126.013 Y106.516 E1376.74472
G1 X126.364 Y106.577 E1376.75657
G1 X126.725 Y106.605 E1376.76861
G1 X127.044 Y106.601 E1376.77922
G1 X127.045 Y112.108 E1376.96239
G1 X126.988 Y112.109 E1376.96428
G1 X126.632 Y112.148 E1376.97619
G1 X126.281 Y112.22 E1376.98811
G1 X125.944 Y112.325 E1376.99985
G1 X125.624 Y112.463 E1377.01144
G1 X125.326 Y112.632 E1377.02284
G1 X125.054 Y112.833 E1377.03408
G1 X124.81 Y113.067 E1377.04533
G1 X124.588 Y113.364 E1377.05766
G1 X124.409 Y113.715 E1377.07077
G1 X124.305 Y114.136 E1377.08519
G1 X124.305 Y114.57 E1377.09962
G1 X124.408 Y114.99 E1377.11401
G1 X124.578 Y115.326 E1377.12653
G1 X124.809 Y115.637 E1377.13942
G1 X125.055 Y115.873 E1377.15076
G1 X125.326 Y116.073 E1377.16196
G1 X125.624 Y116.242 E1377.17335
G1 X125.944 Y116.38 E1377.18494
G1 X126.281 Y116.485 E1377.19668
G1 X126.631 Y116.558 E1377.20857
G1 X126.99 Y116.597 E1377.22059
G1 X127.044 Y116.598 E1377.22238
G1 X127.044 Y122.108 E1377.40565
G1 X126.988 Y122.109 E1377.40751
G1 X126.632 Y122.148 E1377.41942
G1 X126.281 Y122.22 E1377.43134
G1 X125.944 Y122.325 E1377.44308
G1 X125.624 Y122.463 E1377.45467
G1 X125.326 Y122.632 E1377.46606
G1 X125.054 Y122.833 E1377.47731
G1 X124.81 Y123.067 E1377.48856
G1 X124.588 Y123.364 E1377.50089
G1 X124.409 Y123.715 E1377.51399
G1 X124.305 Y124.136 E1377.52842
G1 X124.305 Y124.57 E1377.54285
G1 X124.408 Y124.99 E1377.55723
G1 X124.578 Y125.326 E1377.56976
G1 X124.809 Y125.637 E1377.58264
G1 X125.055 Y125.873 E1377.59398
G1 X125.326 Y126.073 E1377.60518
G1 X125.624 Y126.242 E1377.61658
G1 X125.944 Y126.38 E1377.62817
G1 X126.281 Y126.485 E1377.63991
G1 X126.631 Y126.558 E1377.6518
G1 X126.99 Y126.597 E1377.66381
G1 X127.045 Y126.598 E1377.66564
G1 X127.045 Y127.633 E1377.70007
G1 X122.078 Y127.633 E1377.86527
G1 X121.879 Y127.633 E1377.87189
G1 X121.879 Y127.434 E1377.87617
G1 X121.88 Y123.884 E1377.99424
G1 X113.451 Y122.711 E1378.27729
G1 X113.45 Y104.999 E1378.8664
G1 X117.091 Y101.708 E1379.02964
G1 X121.88 Y101.708 E1379.18892
G1 X121.881 Y95.242 E1379.40398
G1 X121.881 Y95.241 E1379.40401
G1 X121.881 Y94.926 E1379.41006
G0 F9000 X121.481 Y94.311
;TYPE:WALL-OUTER
G1 F2400 X121.76 Y94.431 E1379.42016
G1 X121.761 Y94.432 E1379.42021
G1 X121.943 Y94.512 E1379.42682
G1 X122.839 Y94.941 E1379.45986
G1 X123.719 Y95.403 E1379.49292
G1 X124.564 Y95.888 E1379.52532
G1 X125.371 Y96.394 E1379.557
G1 X126.153 Y96.928 E1379.5885
G1 X126.908 Y97.491 E1379.61982
G1 X127.443 Y97.926 E1379.64276
G1 X127.445 Y98.948 E1379.67675
G1 X127.445 Y102.506 E1379.79509
G1 X127.445 Y102.513 E1379.79532
G1 X127.445 Y102.548 E1379.79648
G1 X127.445 Y102.561 E1379.79692
G1 X127.379 Y102.548 E1379.79795
G1 X127.06 Y102.513 E1379.80625
G1 X127.053 Y102.513 E1379.80648
G1 X126.737 Y102.508 E1379.81699
G1 X126.414 Y102.533 E1379.82777
G1 X126.1 Y102.588 E1379.83837
G1 X125.795 Y102.671 E1379.84888
G1 X125.508 Y102.783 E1379.85913
G1 X125.243 Y102.921 E1379.86907
G1 X125 Y103.083 E1379.87878
G1 X124.789 Y103.27 E1379.88816
G1 X124.59 Y103.509 E1379.8985
G1 X124.435 Y103.778 E1379.90883
G1 X124.344 Y104.061 E1379.91872
G1 X124.31 Y104.357 E1379.92863
G1 X124.344 Y104.648 E1379.93837
G1 X124.435 Y104.934 E1379.94835
G1 X124.586 Y105.197 E1379.95844
G1 X124.789 Y105.443 E1379.96905
G1 X125 Y105.629 E1379.9784
G1 X125.243 Y105.793 E1379.98815
G1 X125.509 Y105.931 E1379.99812
G1 X125.795 Y106.042 E1380.00832
G1 X126.1 Y106.125 E1380.01884
G1 X126.414 Y106.18 E1380.02944
G1 X126.737 Y106.205 E1380.04021
G1 X127.052 Y106.2 E1380.05069
G1 X127.06 Y106.2 E1380.05096
G1 X127.38 Y106.165 E1380.06167
G1 X127.444 Y106.152 E1380.06384
G1 X127.444 Y106.165
G1 X127.444 Y106.199
G1 X127.444 Y106.207 E1380.0641
G1 X127.444 Y112.503 E1380.27351
G1 X127.445 Y112.513 E1380.27384
G1 X127.338 Y112.504 E1380.27583
G1 X127.013 Y112.509 E1380.28664
G1 X126.694 Y112.544 E1380.29732
G1 X126.381 Y112.608 E1380.30794
G1 X126.083 Y112.701 E1380.31833
G1 X125.802 Y112.822 E1380.3285
G1 X125.544 Y112.968 E1380.33836
G1 X125.313 Y113.139 E1380.34792
G1 X125.111 Y113.333 E1380.35724
G1 X124.929 Y113.576 E1380.36733
G1 X124.786 Y113.856 E1380.37779
G1 X124.705 Y114.185 E1380.38906
G1 X124.705 Y114.521 E1380.40024
G1 X124.786 Y114.85 E1380.41151
G1 X124.92 Y115.115 E1380.42138
G1 X125.11 Y115.372 E1380.43201
G1 X125.313 Y115.566 E1380.44135
G1 X125.544 Y115.737 E1380.45091
G1 X125.802 Y115.883 E1380.46077
G1 X126.083 Y116.004 E1380.47095
G1 X126.381 Y116.097 E1380.48133
G1 X126.694 Y116.162 E1380.49196
G1 X127.014 Y116.197 E1380.50267
G1 X127.337 Y116.201 E1380.51341
G1 X127.444 Y116.193 E1380.51698
G1 X127.444 Y122.513 E1380.72719
G1 X127.337 Y122.504 E1380.73076
G1 X127.013 Y122.509 E1380.74153
G1 X126.694 Y122.544 E1380.75221
G1 X126.381 Y122.608 E1380.76283
G1 X126.083 Y122.701 E1380.77322
G1 X125.802 Y122.822 E1380.78339
G1 X125.544 Y122.968 E1380.79325
G1 X125.313 Y123.139 E1380.80281
G1 X125.111 Y123.333 E1380.81213
G1 X124.929 Y123.576 E1380.82222
G1 X124.786 Y123.856 E1380.83268
G1 X124.705 Y124.185 E1380.84395
G1 X124.705 Y124.521 E1380.85513
G1 X124.786 Y124.85 E1380.8664
G1 X124.92 Y125.115 E1380.87627
G1 X125.11 Y125.372 E1380.8869
G1 X125.313 Y125.566 E1380.89624
G1 X125.544 Y125.737 E1380.9058
G1 X125.802 Y125.883 E1380.91566
G1 X126.083 Y126.004 E1380.92584
G1 X126.381 Y126.097 E1380.93622
G1 X126.694 Y126.162 E1380.94685
G1 X127.014 Y126.197 E1380.95756
G1 X127.337 Y126.201 E1380.9683
G1 X127.443 Y126.193 E1380.97184
G1 X127.445 Y126.231
G1 X127.445 Y128.033 E1381.03177
G1 X121.679 Y128.033 E1381.22355
G1 X121.479 Y128.033 E1381.2302
G1 X121.479 Y127.833 E1381.23451
G1 X121.48 Y124.232 E1381.35428
G1 X113.051 Y123.059 E1381.63733
G1 X113.05 Y104.821 E1382.24393
G1 X116.937 Y101.308 E1382.41819
G1 X121.48 Y101.308 E1382.56929
G1 X121.48 Y96.4 E1382.73253
G1 X121.479 Y96.088 E1382.74291
G1 X121.481 Y95.964 E1382.74703
G1 X121.481 Y94.616 E1382.79187
G1 X121.481 Y94.615 E1382.7919
G1 X121.481 Y94.311 E1382.7978
G0 F9000 X121.735 Y94.699
G0 X122.636 Y95.466
;TYPE:FILL
G1 F4800 X126.884 Y99.714 E1382.99761
G0 F9000 X126.884 Y100.517
G1 F4800 X122.04 Y101.815 E1383.1644
G0 F9000 X121.847 Y101.867
G1 F4800 X119.302 Y102.549 E1383.25204
G0 F9000 X119.444 Y102.549
G0 X119.444 Y109.103
G0 X119.303 Y109.103
G1 F4800 X124.178 Y113.979 E1383.48137
G0 F9000 X124.264 Y113.643
G1 F4800 X119.304 Y114.972 E1383.65216
G0 F9000 X119.445 Y114.972
G0 X125.656 Y116.429
G1 F4800 X122.697 Y127.472 E1384.0324
G0 F9000 X122.039 Y126.662
G1 F4800 X124.86 Y125.906 E1384.12954
G0 F9000 X124.466 Y124.549
G0 X124.466 Y114.157
G0 X124.56 Y113.773
G0 X124.932 Y113.174
G0 X125.321 Y112.845
G0 X126.853 Y111.963
G1 F4800 X126.884 Y111.847 E1384.13354
G0 F9000 X119.371 Y101.89
G0 X119.153 Y102.098
;TYPE:SKIN
G1 F1500 X119.155 Y123.111 E1384.83243
G1 X113.841 Y122.372 E1385.01088
G1 X113.84 Y105.171 E1385.58298
G1 X117.24 Y102.098 E1385.73541
G1 X119.153 Y102.098 E1385.79904
G0 F9000 X118.663 Y102.258
G1 F1500 X118.993 Y102.588 E1385.81456
G0 F9000 X118.993 Y103.154
G1 F1500 X118.097 Y102.258 E1385.85671
G0 F9000 X117.531 Y102.258
G1 F1500 X118.993 Y103.719 E1385.92545
G0 F9000 X118.993 Y104.285
G1 F1500 X117.125 Y102.417 E1386.01332
G0 F9000 X116.827 Y102.685
G1 F1500 X118.993 Y104.851 E1386.1152
G0 F9000 X118.993 Y105.416
G1 F1500 X116.53 Y102.954 E1386.23103
G0 F9000 X116.233 Y103.222
G1 F1500 X118.993 Y105.982 E1386.36085
G0 F9000 X118.993 Y106.548
G1 F1500 X115.935 Y103.49 E1386.50469
G0 F9000 X115.638 Y103.759
G1 F1500 X118.993 Y107.113 E1386.66247
G0 F9000 X118.993 Y107.679
G1 F1500 X115.341 Y104.028 E1386.83423
G0 F9000 X115.044 Y104.296
G1 F1500 X118.993 Y108.245 E1387.01998
G0 F9000 X118.993 Y108.811
G1 F1500 X114.747 Y104.564 E1387.21972
G0 F9000 X114.45 Y104.833
G1 F1500 X118.994 Y109.377 E1387.43346
G0 F9000 X118.994 Y109.943
G1 F1500 X114.153 Y105.102 E1387.66116
G0 F9000 X113.999 Y105.513
G1 F1500 X118.994 Y110.508 E1387.89611
G0 F9000 X118.994 Y111.074
G1 F1500 X113.999 Y106.079 E1388.13106
G0 F9000 X113.999 Y106.645
G1 F1500 X118.994 Y111.64 E1388.36601
G0 F9000 X118.994 Y112.205
G1 F1500 X113.999 Y107.21 E1388.60096
G0 F9000 X113.999 Y107.776
G1 F1500 X118.994 Y112.771 E1388.83591
G0 F9000 X118.994 Y113.337
G1 F1500 X113.999 Y108.342 E1389.07086
G0 F9000 X113.999 Y108.907
G1 F1500 X118.994 Y113.902 E1389.30581
G0 F9000 X118.994 Y114.468
G1 F1500 X113.999 Y109.473 E1389.54076
G0 F9000 X113.999 Y110.039
G1 F1500 X118.994 Y115.034 E1389.77571
G0 F9000 X118.994 Y115.599
G1 F1500 X113.999 Y110.604 E1390.01066
G0 F9000 X113.999 Y111.171
G1 F1500 X118.994 Y116.166 E1390.24561
G0 F9000 X118.994 Y116.732
G1 F1500 X113.999 Y111.737 E1390.48056
G0 F9000 X113.999 Y112.302
G1 F1500 X118.994 Y117.297 E1390.7155
G0 F9000 X118.994 Y117.863
G1 F1500 X113.999 Y112.868 E1390.95045
G0 F9000 X113.999 Y113.434
G1 F1500 X118.994 Y118.429 E1391.1854
G0 F9000 X118.994 Y118.994
G1 F1500 X113.999 Y113.999 E1391.42035
G0 F9000 X113.999 Y114.565
G1 F1500 X118.994 Y119.56 E1391.6553
G0 F9000 X118.994 Y120.126
G1 F1500 X113.999 Y115.131 E1391.89025
G0 F9000 X113.999 Y115.696
G1 F1500 X118.994 Y120.691 E1392.1252
G0 F9000 X118.994 Y121.257
G1 F1500 X113.999 Y116.262 E1392.36015
G0 F9000 X114 Y116.828
G1 F1500 X118.994 Y121.823 E1392.59508
G0 F9000 X118.994 Y122.388
G1 F1500 X114 Y117.394 E1392.82998
G0 F9000 X114 Y117.96
G1 F1500 X118.961 Y122.921 E1393.06333
G0 F9000 X118.304 Y122.83
G1 F1500 X114 Y118.525 E1393.2658
G0 F9000 X114 Y119.091
G1 F1500 X117.647 Y122.738 E1393.43734
G0 F9000 X116.99 Y122.646
G1 F1500 X114 Y119.657 E1393.57796
G0 F9000 X114 Y120.223
G1 F1500 X116.333 Y122.555 E1393.68767
G0 F9000 X115.676 Y122.464
G1 F1500 X114 Y120.788 E1393.76651
G0 F9000 X114 Y121.354
G1 F1500 X115.019 Y122.373 E1393.81444
G0 F9000 X114.362 Y122.282
G1 F1500 X114 Y121.92 E1393.83147
G0 F9000 X113.651 Y121.921
G1 F2400 E1393.03147
;MESH:NONMESH
G0 F300 X113.651 Y121.921 Z10.4
G0 F9000 X113.56 Y121.92
G0 X113.631 Y122.554
G0 X119.371 Y123.349
G0 X125.726 Y106.251
G0 X127.184 Y103.857
;TIME_ELAPSED:1742.917540
;LAYER:51
;TYPE:SUPPORT
G1 F2400 E1393.83147
G1 X127.332 Y104.143 E1393.84218
G1 X127.369 Y104.289 E1393.84719
G1 X127.369 Y104.366 E1393.84975
G1 X127.044 Y104.471 E1393.86111
G1 X127.044 Y104.083 E1393.87401
G1 X127.184 Y103.857 E1393.88285
G0 F9000 X129.444 Y102.993
G1 F2400 X129.644 Y103.361 E1393.89678
G1 X129.644 Y103.652 E1393.90646
G1 X129.844 Y104.076 E1393.92206
G1 X129.844 Y104.494 E1393.93596
G1 X130.031 Y105.036 E1393.95503
G1 X130.043 Y105.125 E1393.95802
G1 X130.047 Y105.722 E1393.97787
G1 X130.227 Y106.357 E1393.99982
G1 X130.244 Y106.438 E1394.00258
G1 X130.245 Y128.033 E1394.72083
G1 X129.445 Y128.033 E1394.74744
G1 X129.444 Y102.993 E1395.58027
G1 F2400 E1394.78027
G0 F9000 X130.307 Y102.773
G0 X130.508 Y103.257
G0 X130.874 Y104.834
G0 X130.91 Y105.598
G0 X129.804 Y106.185
G1 F2400 E1395.58027
G1 X129.805 Y127.673 E1396.29497
G1 X129.885 Y127.673 E1396.29763
G1 X129.884 Y106.479 E1397.00254
G1 X129.874 Y106.431 E1397.00417
G1 X129.804 Y106.185 E1397.01268
G1 F2400 E1396.21268
G0 F9000 X131.067 Y106.154
G0 X126.679 Y113.368
G0 X127.449 Y113.753
G1 F2400 E1397.01268
G1 X127.605 Y113.936 E1397.02068
G1 X127.703 Y114.103 E1397.02712
G1 X127.747 Y114.245 E1397.03206
G1 X127.757 Y114.394 E1397.03703
G1 X127.732 Y114.525 E1397.04146
G1 X127.662 Y114.682 E1397.04718
G1 X127.46 Y114.958 E1397.05856
G1 X127.428 Y114.943 E1397.05973
G1 X127.412 Y114.909 E1397.06098
G1 X127.397 Y114.896 E1397.06164
G1 X127.244 Y114.648 E1397.07134
G1 X127.244 Y114.089 E1397.08993
G1 X127.325 Y113.978 E1397.0945
G1 X127.373 Y113.83 E1397.09967
G1 X127.403 Y113.805 E1397.10097
G1 X127.424 Y113.765 E1397.10247
G1 X127.449 Y113.753 E1397.1034
G1 F2400 E1396.3034
G0 F9000 X126.573 Y113.543
G0 X126.381 Y113.808
G0 X126.381 Y114.889
G0 X126.59 Y115.198
G0 X126.679 Y123.368
G0 X127.45 Y123.752
G1 F2400 E1397.1034
G1 X127.603 Y123.933 E1397.11128
G1 X127.703 Y124.104 E1397.11787
G1 X127.747 Y124.245 E1397.12278
G1 X127.757 Y124.394 E1397.12775
G1 X127.732 Y124.526 E1397.13222
G1 X127.664 Y124.679 E1397.13778
G1 X127.458 Y124.958 E1397.14932
G1 X127.43 Y124.945 E1397.15035
G1 X127.411 Y124.905 E1397.15182
G1 X127.363 Y124.866 E1397.15388
G1 X127.244 Y124.649 E1397.16211
G1 X127.244 Y124.088 E1397.18077
G1 X127.324 Y123.98 E1397.18524
G1 X127.374 Y123.83 E1397.1905
G1 X127.404 Y123.804 E1397.19182
G1 X127.425 Y123.765 E1397.19329
G1 X127.45 Y123.752 E1397.19423
G0 F9000 X127.931 Y124.537
;TYPE:SUPPORT-INTERFACE
G1 F1500 X129.244 Y125.85 E1397.25599
G0 F9000 X129.243 Y125.314
G1 F1500 X128.627 Y125.93 E1397.28496
G0 F9000 X128.643 Y122.521
G1 F1500 X129.243 Y121.92 E1397.31321
G0 F9000 X129.244 Y122.456
G1 F1500 X128.643 Y121.855 E1397.34148
G0 F9000 X128.643 Y119.126
G1 F1500 X129.243 Y118.526 E1397.3697
G0 F9000 X129.244 Y119.061
G1 F1500 X128.643 Y118.46 E1397.39797
G0 F9000 X128.643 Y115.732
G1 F1500 X129.243 Y115.132 E1397.42619
G0 F9000 X129.244 Y115.667
G1 F1500 X127.955 Y114.379 E1397.4868
G0 F9000 X128.644 Y112.337
G1 F1500 X129.242 Y111.739 E1397.51492
G0 F9000 X129.243 Y112.273
G1 F1500 X128.643 Y111.673 E1397.54315
G0 F9000 X128.643 Y108.943
G1 F1500 X129.242 Y108.345 E1397.5713
G0 F9000 X129.243 Y108.878
G1 F1500 X128.643 Y108.278 E1397.59952
G0 F9000 X128.636 Y105.556
G1 F1500 X129.242 Y104.95 E1397.62802
G0 F9000 X129.243 Y105.484
G1 F1500 X127.391 Y103.632 E1397.71514
G0 F9000 X128.643 Y102.156
G1 F1500 X129.242 Y101.556 E1397.74334
G0 F9000 X129.243 Y102.09
G1 F1500 X128.642 Y101.489 E1397.7716
G1 F2400 E1396.9716
;MESH:1x_1xm_pusher.stl
G0 F9000 X127.424 Y101.487
G0 X122.081 Y95.118
;TYPE:WALL-INNER
G1 F2400 E1397.7716
G1 X122.466 Y95.302 E1397.7858
G1 X122.474 Y95.306 E1397.78609
G1 X123.32 Y95.75 E1397.81787
G1 X124.165 Y96.235 E1397.85028
G1 X124.945 Y96.724 E1397.8809
G1 X125.714 Y97.249 E1397.91187
G1 X126.469 Y97.812 E1397.94319
G1 X127.161 Y98.376 E1397.97288
G1 X127.244 Y98.449 E1397.97656
G1 X127.244 Y102.04 E1398.096
G1 X127.244 Y102.123 E1398.09876
G1 X127.243 Y102.156 E1398.09986
G1 X127.005 Y102.123 E1398.10498
G1 X126.922 Y102.12 E1398.10734
G1 X126.644 Y102.107 E1398.1166
G1 X126.283 Y102.123 E1398.12862
G1 X125.93 Y102.172 E1398.14047
G1 X125.582 Y102.256 E1398.15238
G1 X125.249 Y102.372 E1398.16411
G1 X124.935 Y102.52 E1398.17565
G1 X124.646 Y102.7 E1398.18698
G1 X124.38 Y102.914 E1398.19833
G1 X124.124 Y103.195 E1398.21098
G1 X123.914 Y103.516 E1398.22373
G1 X123.775 Y103.877 E1398.2366
G1 X123.71 Y104.249 E1398.24916
G1 X123.731 Y104.633 E1398.26195
G1 X123.827 Y104.997 E1398.27447
G1 X123.999 Y105.339 E1398.2872
G1 X124.225 Y105.642 E1398.29978
G1 X124.469 Y105.876 E1398.31102
G1 X124.739 Y106.077 E1398.32222
G1 X125.038 Y106.246 E1398.33364
G1 X125.359 Y106.384 E1398.34526
G1 X125.696 Y106.489 E1398.357
G1 X126.046 Y106.561 E1398.36889
G1 X126.403 Y106.6 E1398.38083
G1 X126.764 Y106.605 E1398.39284
G1 X126.974 Y106.588 E1398.39985
G1 X127.124 Y106.577 E1398.40485
G1 X127.243 Y106.556 E1398.40887
G1 X127.243 Y106.576
G1 X127.243 Y106.727 E1398.41261
G1 X127.245 Y112.109 E1398.59161
G1 X126.909 Y112.104 E1398.60279
G1 X126.55 Y112.132 E1398.61477
G1 X126.197 Y112.193 E1398.62668
G1 X125.854 Y112.287 E1398.63851
G1 X125.527 Y112.414 E1398.65018
G1 X125.221 Y112.573 E1398.66165
G1 X124.941 Y112.762 E1398.67288
G1 X124.686 Y112.986 E1398.68417
G1 X124.445 Y113.276 E1398.69671
G1 X124.252 Y113.612 E1398.7096
G1 X124.135 Y113.973 E1398.72222
G1 X124.092 Y114.354 E1398.73497
G1 X124.136 Y114.731 E1398.7476
G1 X124.252 Y115.092 E1398.76021
G1 X124.441 Y115.422 E1398.77286
G1 X124.686 Y115.717 E1398.78561
G1 X124.94 Y115.943 E1398.79692
G1 X125.222 Y116.133 E1398.80823
G1 X125.528 Y116.292 E1398.8197
G1 X125.855 Y116.418 E1398.83136
G1 X126.195 Y116.512 E1398.84309
G1 X126.55 Y116.574 E1398.85507
G1 X126.909 Y116.601 E1398.86705
G1 X127.244 Y116.597 E1398.87819
G1 X127.244 Y122.109 E1399.06152
G1 X126.909 Y122.104 E1399.07266
G1 X126.55 Y122.132 E1399.08464
G1 X126.197 Y122.193 E1399.09656
G1 X125.854 Y122.287 E1399.10839
G1 X125.527 Y122.414 E1399.12005
G1 X125.221 Y122.573 E1399.13152
G1 X124.941 Y122.762 E1399.14276
G1 X124.686 Y122.986 E1399.15405
G1 X124.445 Y123.276 E1399.16659
G1 X124.252 Y123.612 E1399.17948
G1 X124.135 Y123.973 E1399.1921
G1 X124.092 Y124.354 E1399.20485
G1 X124.136 Y124.731 E1399.21747
G1 X124.252 Y125.092 E1399.23009
G1 X124.441 Y125.422 E1399.24273
G1 X124.686 Y125.717 E1399.25549
G1 X124.94 Y125.943 E1399.2668
G1 X125.222 Y126.133 E1399.27811
G1 X125.528 Y126.292 E1399.28958
G1 X125.855 Y126.418 E1399.30123
G1 X126.195 Y126.512 E1399.31296
G1 X126.55 Y126.574 E1399.32495
G1 X126.909 Y126.601 E1399.33692
G1 X127.244 Y126.597 E1399.34807
G1 X127.245 Y127.434 E1399.37591
G1 X127.245 Y127.633 E1399.38252
G1 X127.046 Y127.633 E1399.38681
G1 X122.278 Y127.633 E1399.54539
G1 X122.079 Y127.633 E1399.55201
G1 X122.079 Y127.434 E1399.55629
G1 X122.08 Y123.714 E1399.68002
G1 X114.875 Y122.711 E1399.92197
G1 X114.873 Y104.134 E1400.53984
G1 X117.557 Y101.708 E1400.66018
G1 X122.08 Y101.708 E1400.81061
G1 X122.08 Y95.312 E1401.02334
G1 X122.08 Y95.302
G1 X122.081 Y95.118 E1401.0249
G0 F9000 X121.681 Y94.485
;TYPE:WALL-OUTER
G1 F2400 X121.743 Y94.512 E1401.02715
G1 X121.984 Y94.627 E1401.03604
G1 X122.639 Y94.941 E1401.06019
G1 X123.519 Y95.403 E1401.09325
G1 X124.364 Y95.888 E1401.12566
G1 X125.171 Y96.394 E1401.15734
G1 X125.953 Y96.928 E1401.18883
G1 X126.708 Y97.491 E1401.22016
G1 X127.414 Y98.066 E1401.25044
G1 X127.644 Y98.27 E1401.26067
G1 X127.644 Y102.543 E1401.40279
G1 X127.644 Y102.566 E1401.40355
G1 X127.644 Y102.64 E1401.40601
G1 X127.643 Y102.658 E1401.40661
G1 X127.594 Y102.64 E1401.40685
G1 X127.285 Y102.566 E1401.41463
G1 X127.263 Y102.563 E1401.41534
G1 X126.968 Y102.522 E1401.42524
G1 X126.644 Y102.507 E1401.43603
G1 X126.32 Y102.522 E1401.44682
G1 X126.004 Y102.566 E1401.45743
G1 X125.695 Y102.64 E1401.468
G1 X125.401 Y102.743 E1401.47836
G1 X125.127 Y102.872 E1401.48843
G1 X124.878 Y103.027 E1401.49819
G1 X124.655 Y103.206 E1401.5077
G1 X124.441 Y103.441 E1401.51827
G1 X124.272 Y103.7 E1401.52856
G1 X124.162 Y103.984 E1401.53869
G1 X124.112 Y104.273 E1401.54844
G1 X124.128 Y104.571 E1401.55837
G1 X124.203 Y104.855 E1401.56814
G1 X124.34 Y105.128 E1401.5783
G1 X124.526 Y105.376 E1401.58861
G1 X124.728 Y105.57 E1401.59792
G1 X124.958 Y105.741 E1401.60745
G1 X125.216 Y105.887 E1401.61731
G1 X125.498 Y106.008 E1401.62752
G1 X125.796 Y106.101 E1401.6379
G1 X126.108 Y106.165 E1401.6485
G1 X126.428 Y106.2 E1401.6592
G1 X126.752 Y106.205 E1401.66998
G1 X127.074 Y106.18 E1401.68072
G1 X127.304 Y106.139 E1401.68849
G1 X127.388 Y106.125 E1401.69132
G1 X127.643 Y106.056 E1401.70011
G1 X127.643 Y106.124
G1 X127.643 Y106.21 E1401.70258
G1 X127.643 Y112.507 E1401.91202
G1 X127.643 Y112.508 E1401.91205
G1 X127.644 Y112.543 E1401.91322
G1 X127.645 Y112.561 E1401.91382
G1 X127.566 Y112.544 E1401.91511
G1 X127.246 Y112.509 E1401.9236
G1 X127.245 Y112.509 E1401.92363
G1 X126.921 Y112.504 E1401.93441
G1 X126.6 Y112.529 E1401.94512
G1 X126.284 Y112.584 E1401.95579
G1 X125.98 Y112.667 E1401.96627
G1 X125.692 Y112.779 E1401.97654
G1 X125.426 Y112.917 E1401.98651
G1 X125.186 Y113.079 E1401.99614
G1 X124.974 Y113.266 E1402.00554
G1 X124.775 Y113.505 E1402.01589
G1 X124.62 Y113.775 E1402.02624
G1 X124.528 Y114.058 E1402.03614
G1 X124.495 Y114.353 E1402.04601
G1 X124.529 Y114.646 E1402.05582
G1 X124.62 Y114.93 E1402.06574
G1 X124.771 Y115.193 E1402.07583
G1 X124.974 Y115.438 E1402.08641
G1 X125.186 Y115.626 E1402.09584
G1 X125.427 Y115.789 E1402.10551
G1 X125.693 Y115.927 E1402.11548
G1 X125.98 Y116.038 E1402.12572
G1 X126.283 Y116.121 E1402.13616
G1 X126.6 Y116.177 E1402.14687
G1 X126.921 Y116.201 E1402.15758
G1 X127.245 Y116.197 E1402.16835
G1 X127.566 Y116.162 E1402.17909
G1 X127.644 Y116.146 E1402.18174
G1 X127.644 Y116.162
G1 X127.644 Y116.197
G1 X127.644 Y122.508 E1402.39165
G1 X127.644 Y122.509 E1402.39168
G1 X127.644 Y122.544 E1402.39285
G1 X127.644 Y122.56 E1402.39338
G1 X127.566 Y122.544 E1402.39466
G1 X127.246 Y122.509 E1402.40316
G1 X127.245 Y122.509 E1402.40319
G1 X126.921 Y122.504 E1402.41397
G1 X126.6 Y122.529 E1402.42468
G1 X126.284 Y122.584 E1402.43535
G1 X125.98 Y122.667 E1402.44583
G1 X125.692 Y122.779 E1402.45611
G1 X125.426 Y122.917 E1402.46608
G1 X125.186 Y123.079 E1402.47571
G1 X124.974 Y123.266 E1402.48511
G1 X124.775 Y123.505 E1402.49545
G1 X124.62 Y123.775 E1402.50581
G1 X124.528 Y124.058 E1402.5157
G1 X124.495 Y124.353 E1402.52558
G1 X124.529 Y124.646 E1402.53539
G1 X124.62 Y124.93 E1402.54531
G1 X124.771 Y125.193 E1402.55539
G1 X124.974 Y125.438 E1402.56598
G1 X125.186 Y125.626 E1402.5754
G1 X125.427 Y125.789 E1402.58508
G1 X125.693 Y125.927 E1402.59504
G1 X125.98 Y126.038 E1402.60528
G1 X126.283 Y126.121 E1402.61573
G1 X126.6 Y126.177 E1402.62643
G1 X126.921 Y126.201 E1402.63714
G1 X127.245 Y126.197 E1402.64792
G1 X127.566 Y126.162 E1402.65866
G1 X127.641 Y126.146 E1402.66121
G1 X127.641 Y126.158
G1 X127.642 Y126.169
G1 X127.644 Y126.19
G1 X127.645 Y127.833 E1402.71586
G1 X127.645 Y128.033 E1402.72251
G1 X127.445 Y128.033 E1402.72681
G1 X121.879 Y128.033 E1402.91194
G1 X121.679 Y128.033 E1402.91859
G1 X121.679 Y127.833 E1402.9229
G1 X121.68 Y124.062 E1403.04832
G1 X114.475 Y123.059 E1403.29027
G1 X114.473 Y103.956 E1403.92564
G1 X117.403 Y101.308 E1404.057
G1 X121.68 Y101.308 E1404.19925
G1 X121.68 Y96.319 E1404.36518
G1 X121.679 Y95.953 E1404.37736
G1 X121.681 Y95.847 E1404.38088
G1 X121.681 Y94.78 E1404.41637
G1 X121.681 Y94.512 E1404.42211
G1 X121.681 Y94.485
G0 F9000 X121.934 Y94.883
G0 X123.285 Y95.916
;TYPE:FILL
G1 F4800 X127.083 Y99.714 E1404.60076
G0 F9000 X127.082 Y100.61
G1 F4800 X120.726 Y102.313 E1404.81961
G0 F9000 X120.868 Y102.313
G0 X120.868 Y110.327
G0 X120.726 Y110.327
G1 F4800 X124.065 Y113.666 E1404.97667
G0 F9000 X124.001 Y113.859
G1 F4800 X120.727 Y114.736 E1405.0894
G0 F9000 X120.868 Y114.736
G0 X125.503 Y116.453
G1 F4800 X122.551 Y127.473 E1405.46885
G0 F9000 X122.238 Y126.755
G1 F4800 X124.832 Y126.06 E1405.55817
G0 F9000 X124.294 Y124.696
G0 X124.254 Y114.353
G0 X124.4 Y113.677
G0 X124.802 Y113.099
G0 X125.085 Y112.88
G0 X126.708 Y111.959
G1 F4800 X127.084 Y110.556 E1405.60648
G0 F9000 X120.795 Y101.89
G0 X120.577 Y102.098
;TYPE:SKIN
G1 F1500 X120.578 Y123.112 E1406.30541
G1 X115.265 Y122.372 E1406.48383
G1 X115.263 Y104.306 E1407.08471
G1 X117.706 Y102.098 E1407.19423
G1 X120.577 Y102.098 E1407.28972
G0 F9000 X120.577 Y101.818
G0 X117.624 Y101.881
G0 X115.047 Y104.212
G0 X114.983 Y104.628
G0 X115.423 Y104.628
G1 F1500 X117.793 Y102.258 E1407.4012
G0 F9000 X118.359 Y102.258
G1 F1500 X115.423 Y105.194 E1407.5393
G0 F9000 X115.423 Y105.759
G1 F1500 X118.924 Y102.258 E1407.70397
G0 F9000 X119.49 Y102.258
G1 F1500 X115.423 Y106.325 E1407.89527
G0 F9000 X115.423 Y106.891
G1 F1500 X120.056 Y102.258 E1408.1132
G0 F9000 X120.416 Y102.463
G1 F1500 X115.423 Y107.456 E1408.34805
G0 F9000 X115.423 Y108.022
G1 F1500 X120.416 Y103.028 E1408.58293
G0 F9000 X120.416 Y103.594
G1 F1500 X115.423 Y108.588 E1408.81781
G0 F9000 X115.423 Y109.153
G1 F1500 X120.416 Y104.16 E1409.05266
G0 F9000 X120.416 Y104.726
G1 F1500 X115.423 Y109.718 E1409.2875
G0 F9000 X115.423 Y110.284
G1 F1500 X120.416 Y105.291 E1409.52235
G0 F9000 X120.416 Y105.857
G1 F1500 X115.423 Y110.85 E1409.75721
G0 F9000 X115.423 Y111.415
G1 F1500 X120.416 Y106.423 E1409.99204
G0 F9000 X120.416 Y106.988
G1 F1500 X115.423 Y111.981 E1410.22689
G0 F9000 X115.423 Y112.547
G1 F1500 X120.416 Y107.554 E1410.46175
G0 F9000 X120.416 Y108.12
G1 F1500 X115.423 Y113.113 E1410.69661
G0 F9000 X115.424 Y113.678
G1 F1500 X120.416 Y108.685 E1410.93144
G0 F9000 X120.416 Y109.251
G1 F1500 X115.424 Y114.243 E1411.16625
G0 F9000 X115.424 Y114.809
G1 F1500 X120.416 Y109.817 E1411.40105
G0 F9000 X120.416 Y110.382
G1 F1500 X115.424 Y115.375 E1411.63589
G0 F9000 X115.424 Y115.94
G1 F1500 X120.416 Y110.948 E1411.87069
G0 F9000 X120.416 Y111.514
G1 F1500 X115.424 Y116.506 E1412.1055
G0 F9000 X115.424 Y117.072
G1 F1500 X120.416 Y112.079 E1412.34033
G0 F9000 X120.417 Y112.644
G1 F1500 X115.424 Y117.637 E1412.57519
G0 F9000 X115.425 Y118.202
G1 F1500 X120.417 Y113.21 E1412.81
G0 F9000 X120.417 Y113.776
G1 F1500 X115.425 Y118.768 E1413.04481
G0 F9000 X115.425 Y119.334
G1 F1500 X120.417 Y114.341 E1413.27964
G0 F9000 X120.417 Y114.907
G1 F1500 X115.425 Y119.899 E1413.51445
G0 F9000 X115.425 Y120.465
G1 F1500 X120.417 Y115.473 E1413.74926
G0 F9000 X120.417 Y116.039
G1 F1500 X115.425 Y121.031 E1413.98406
G0 F9000 X115.425 Y121.596
G1 F1500 X120.417 Y116.604 E1414.21887
G0 F9000 X120.417 Y117.17
G1 F1500 X115.425 Y122.162 E1414.45368
G0 F9000 X115.86 Y122.292
G1 F1500 X120.417 Y117.736 E1414.668
G0 F9000 X120.417 Y118.301
G1 F1500 X116.357 Y122.362 E1414.859
G0 F9000 X116.853 Y122.431
G1 F1500 X120.417 Y118.867 E1415.02664
G0 F9000 X120.417 Y119.433
G1 F1500 X117.35 Y122.5 E1415.1709
G0 F9000 X117.847 Y122.569
G1 F1500 X120.417 Y119.998 E1415.29181
G0 F9000 X120.417 Y120.564
G1 F1500 X118.343 Y122.638 E1415.38936
G0 F9000 X118.839 Y122.707
G1 F1500 X120.417 Y121.13 E1415.46356
G0 F9000 X120.417 Y121.695
G1 F1500 X119.336 Y122.777 E1415.51443
G0 F9000 X119.833 Y122.845
G1 F1500 X120.417 Y122.261 E1415.5419
G0 F9000 X120.417 Y122.827
G1 F1500 X120.329 Y122.914 E1415.54602
G0 F9000 X120.281 Y123.262
G1 F2400 E1414.74602
;MESH:NONMESH
G0 F300 X120.281 Y123.262 Z10.6
G0 F9000 X120.269 Y123.35
G0 X120.794 Y123.349
G0 X126.415 Y106.419
G0 X127.044 Y104.137
;TIME_ELAPSED:1775.942758
;LAYER:52
;TYPE:SUPPORT
G1 F2400 E1415.54602
G1 X127.137 Y104.16 E1415.54921
G1 X127.169 Y104.287 E1415.55356
G1 X127.169 Y104.431 E1415.55835
G1 X127.044 Y104.471 E1415.56272
G1 X127.044 Y104.137 E1415.57383
G0 F9000 X129.645 Y103.654
G1 F2400 X129.844 Y104.076 E1415.58934
G1 X129.844 Y104.494 E1415.60325
G1 X130.031 Y105.036 E1415.62232
G1 X130.043 Y105.125 E1415.6253
G1 X130.047 Y105.722 E1415.64516
G1 X130.227 Y106.357 E1415.66711
G1 X130.244 Y106.438 E1415.66986
G1 X130.245 Y128.033 E1416.38812
G1 X129.645 Y128.033 E1416.40807
G1 X129.645 Y111.984 E1416.94187
G1 X129.643 Y111.707 E1416.95108
G1 X129.645 Y106.242 E1417.13284
G1 X129.643 Y106.136 E1417.13637
G1 X129.645 Y103.654 E1417.21892
G1 F2400 E1416.41892
G0 F9000 X130.508 Y103.458
G0 X126.685 Y113.356
G0 X127.368 Y113.847
G1 F2400 E1417.21892
G1 X127.516 Y114.138 E1417.22978
G1 X127.554 Y114.285 E1417.23483
G1 X127.554 Y114.425 E1417.23949
G1 X127.519 Y114.567 E1417.24435
G1 X127.373 Y114.858 E1417.25518
G1 X127.244 Y114.648 E1417.26338
G1 X127.244 Y114.089 E1417.28197
G1 X127.325 Y113.978 E1417.28654
G1 X127.368 Y113.847 E1417.29113
G1 F2400 E1416.49113
G0 F9000 X126.573 Y113.543
G0 X126.381 Y113.808
G0 X126.381 Y114.889
G0 X126.591 Y115.2
G0 X126.685 Y123.355
G0 X127.368 Y123.849
G1 F2400 E1417.29113
G1 X127.517 Y124.137 E1417.30191
G1 X127.554 Y124.285 E1417.30699
G1 X127.554 Y124.425 E1417.31164
G1 X127.518 Y124.569 E1417.31658
G1 X127.366 Y124.868 E1417.32773
G1 X127.244 Y124.649 E1417.33607
G1 X127.244 Y124.088 E1417.35473
G1 X127.324 Y123.98 E1417.3592
G1 X127.368 Y123.849 E1417.3638
G0 F9000 X127.752 Y124.358
;TYPE:SUPPORT-INTERFACE
G1 F1500 X129.444 Y126.05 E1417.44338
G0 F9000 X128.844 Y125.714
G1 F1500 X129.444 Y125.114 E1417.47161
G0 F9000 X129.444 Y122.656
G1 F1500 X128.842 Y122.054 E1417.49992
G0 F9000 X128.843 Y122.32
G1 F1500 X129.444 Y121.719 E1417.52819
G0 F9000 X129.444 Y119.262
G1 F1500 X128.841 Y118.659 E1417.55656
G0 F9000 X128.842 Y118.927
G1 F1500 X129.444 Y118.325 E1417.58487
G0 F9000 X129.444 Y115.867
G1 F1500 X127.723 Y114.147 E1417.6658
G0 F9000 X128.832 Y115.544
G1 F1500 X129.444 Y114.931 E1417.69461
G0 F9000 X129.444 Y112.473
G1 F1500 X128.843 Y111.872 E1417.72288
G0 F9000 X128.843 Y112.138
G1 F1500 X129.442 Y111.539 E1417.75105
G0 F9000 X129.443 Y109.078
G1 F1500 X128.843 Y108.478 E1417.77928
G0 F9000 X128.843 Y108.744
G1 F1500 X129.442 Y108.144 E1417.80747
G0 F9000 X129.442 Y105.684
G1 F1500 X127.863 Y104.104 E1417.88177
G0 F9000 X128.843 Y105.35
G1 F1500 X129.442 Y104.75 E1417.90997
G0 F9000 X129.444 Y102.291
G1 F1500 X128.843 Y101.69 E1417.93824
G0 F9000 X128.843 Y101.956
G1 F1500 X129.309 Y101.49 E1417.96016
G1 F2400 E1417.16016
;MESH:1x_1xm_pusher.stl
G0 F9000 X127.624 Y101.49
G0 X122.281 Y95.31
;TYPE:WALL-INNER
G1 F2400 E1417.96016
G1 X122.572 Y95.462 E1417.97108
G1 X123.12 Y95.75 E1417.99167
G1 X123.965 Y96.235 E1418.02407
G1 X124.745 Y96.724 E1418.05469
G1 X125.514 Y97.249 E1418.08566
G1 X126.269 Y97.812 E1418.11698
G1 X126.948 Y98.364 E1418.14609
G1 X127.444 Y98.805 E1418.16816
G1 X127.444 Y102.011 E1418.2748
G1 X127.444 Y102.224 E1418.28188
G1 X127.444 Y102.24 E1418.28241
G1 X127.393 Y102.224 E1418.28325
G1 X127.185 Y102.182 E1418.28792
G1 X127.042 Y102.152 E1418.29278
G1 X126.685 Y102.113 E1418.30472
G1 X126.325 Y102.108 E1418.3167
G1 X125.964 Y102.136 E1418.32874
G1 X125.613 Y102.197 E1418.34059
G1 X125.269 Y102.291 E1418.35245
G1 X124.942 Y102.418 E1418.36412
G1 X124.639 Y102.576 E1418.37548
G1 X124.355 Y102.766 E1418.38685
G1 X124.1 Y102.993 E1418.3982
G1 X123.855 Y103.289 E1418.41098
G1 X123.667 Y103.617 E1418.42356
G1 X123.546 Y103.994 E1418.43673
G1 X123.509 Y104.423 E1418.45105
G1 X123.577 Y104.845 E1418.46526
G1 X123.715 Y105.198 E1418.47787
G1 X123.929 Y105.523 E1418.49081
G1 X124.181 Y105.799 E1418.50324
G1 X124.445 Y106.012 E1418.51453
G1 X124.735 Y106.194 E1418.52591
G1 X125.05 Y106.341 E1418.53748
G1 X125.382 Y106.457 E1418.54917
G1 X125.73 Y106.541 E1418.56108
G1 X126.082 Y106.59 E1418.5729
G1 X126.444 Y106.607 E1418.58495
G1 X126.805 Y106.59 E1418.59697
G1 X127.095 Y106.549 E1418.60671
G1 X127.159 Y106.541 E1418.60886
G1 X127.444 Y106.472 E1418.61861
G1 X127.444 Y106.541
G1 X127.444 Y106.606 E1418.62054
G1 X127.444 Y112.044 E1418.80141
G1 X127.444 Y112.119 E1418.80391
G1 X127.444 Y112.154 E1418.80507
G1 X127.19 Y112.119 E1418.81061
G1 X127.115 Y112.116 E1418.81278
G1 X126.829 Y112.103 E1418.82231
G1 X126.469 Y112.119 E1418.83429
G1 X126.114 Y112.168 E1418.84621
G1 X125.767 Y112.252 E1418.85808
G1 X125.435 Y112.368 E1418.86978
G1 X125.122 Y112.516 E1418.8813
G1 X124.832 Y112.695 E1418.89263
G1 X124.565 Y112.91 E1418.90403
G1 X124.308 Y113.193 E1418.91675
G1 X124.1 Y113.513 E1418.92944
G1 X123.96 Y113.872 E1418.94226
G1 X123.896 Y114.245 E1418.95485
G1 X123.916 Y114.627 E1418.96757
G1 X124.011 Y114.993 E1418.98015
G1 X124.184 Y115.336 E1418.99292
G1 X124.41 Y115.638 E1419.00547
G1 X124.654 Y115.872 E1419.01671
G1 X124.926 Y116.073 E1419.02796
G1 X125.224 Y116.242 E1419.03936
G1 X125.544 Y116.38 E1419.05095
G1 X125.881 Y116.485 E1419.06269
G1 X126.231 Y116.558 E1419.07458
G1 X126.59 Y116.597 E1419.08659
G1 X126.949 Y116.601 E1419.09853
G1 X127.168 Y116.584 E1419.10584
G1 X127.31 Y116.574 E1419.11057
G1 X127.443 Y116.551 E1419.11506
G1 X127.443 Y116.573
G1 X127.443 Y116.716 E1419.11866
G1 X127.443 Y122.042 E1419.29581
G1 X127.443 Y122.118 E1419.29833
G1 X127.444 Y122.154 E1419.29953
G1 X127.19 Y122.119 E1419.30506
G1 X127.114 Y122.116 E1419.30725
G1 X126.829 Y122.103 E1419.31674
G1 X126.469 Y122.119 E1419.32873
G1 X126.114 Y122.168 E1419.34065
G1 X125.767 Y122.252 E1419.35252
G1 X125.435 Y122.368 E1419.36422
G1 X125.122 Y122.516 E1419.37574
G1 X124.832 Y122.695 E1419.38707
G1 X124.565 Y122.91 E1419.39847
G1 X124.308 Y123.193 E1419.41119
G1 X124.1 Y123.513 E1419.42388
G1 X123.96 Y123.872 E1419.4367
G1 X123.896 Y124.245 E1419.44928
G1 X123.916 Y124.627 E1419.46201
G1 X124.011 Y124.993 E1419.47458
G1 X124.184 Y125.336 E1419.48736
G1 X124.41 Y125.638 E1419.49991
G1 X124.654 Y125.872 E1419.51115
G1 X124.926 Y126.073 E1419.5224
G1 X125.224 Y126.242 E1419.53379
G1 X125.544 Y126.38 E1419.54539
G1 X125.881 Y126.485 E1419.55713
G1 X126.231 Y126.558 E1419.56902
G1 X126.59 Y126.597 E1419.58103
G1 X126.949 Y126.601 E1419.59297
G1 X127.169 Y126.584 E1419.60031
G1 X127.31 Y126.574 E1419.60501
G1 X127.444 Y126.55 E1419.60954
G1 X127.444 Y126.573
G1 X127.444 Y126.715 E1419.61312
G1 X127.445 Y127.434 E1419.63703
G1 X127.445 Y127.633 E1419.64365
G1 X127.246 Y127.633 E1419.64793
G1 X122.478 Y127.633 E1419.80652
G1 X122.279 Y127.633 E1419.81314
G1 X122.279 Y127.434 E1419.81742
G1 X122.28 Y123.544 E1419.9468
G1 X116.298 Y122.711 E1420.14768
G1 X116.297 Y103.269 E1420.79432
G1 X118.024 Y101.708 E1420.87175
G1 X122.28 Y101.708 E1421.01331
G1 X122.281 Y95.639 E1421.21516
G1 X122.281 Y95.638 E1421.2152
G1 X122.281 Y95.31 E1421.22144
G0 F9000 X121.881 Y94.674
;TYPE:WALL-OUTER
G1 F2400 X122.167 Y94.811 E1421.23199
G1 X122.438 Y94.941 E1421.24199
G1 X123.319 Y95.403 E1421.27507
G1 X124.164 Y95.888 E1421.30748
G1 X124.971 Y96.394 E1421.33916
G1 X125.753 Y96.928 E1421.37065
G1 X126.508 Y97.491 E1421.40198
G1 X127.214 Y98.065 E1421.43224
G1 X127.844 Y98.625 E1421.46028
G1 X127.844 Y102.606 E1421.59268
G1 X127.844 Y102.705 E1421.59598
G1 X127.844 Y102.814 E1421.5996
G1 X127.59 Y102.705 E1421.605
G1 X127.496 Y102.676 E1421.60779
G1 X127.293 Y102.612 E1421.61487
G1 X126.98 Y102.548 E1421.6255
G1 X126.66 Y102.513 E1421.6362
G1 X126.337 Y102.508 E1421.64695
G1 X126.014 Y102.533 E1421.65772
G1 X125.7 Y102.588 E1421.66832
G1 X125.395 Y102.671 E1421.67884
G1 X125.108 Y102.783 E1421.68908
G1 X124.843 Y102.921 E1421.69902
G1 X124.6 Y103.083 E1421.70874
G1 X124.389 Y103.271 E1421.71813
G1 X124.185 Y103.518 E1421.72879
G1 X124.035 Y103.779 E1421.7388
G1 X123.941 Y104.073 E1421.74907
G1 X123.912 Y104.408 E1421.76025
G1 X123.965 Y104.739 E1421.7714
G1 X124.072 Y105.013 E1421.78118
G1 X124.246 Y105.277 E1421.7917
G1 X124.456 Y105.507 E1421.80206
G1 X124.678 Y105.686 E1421.81154
G1 X124.927 Y105.842 E1421.82132
G1 X125.201 Y105.97 E1421.83138
G1 X125.495 Y106.073 E1421.84174
G1 X125.804 Y106.147 E1421.85231
G1 X126.12 Y106.191 E1421.86292
G1 X126.444 Y106.207 E1421.87371
G1 X126.768 Y106.191 E1421.8845
G1 X127.085 Y106.147 E1421.89514
G1 X127.393 Y106.073 E1421.90568
G1 X127.526 Y106.026 E1421.91037
G1 X127.687 Y105.97 E1421.91604
G1 X127.844 Y105.897 E1421.9218
G1 X127.844 Y105.97
G1 X127.844 Y106.141 E1421.92608
G1 X127.844 Y112.548 E1422.13918
G1 X127.844 Y112.562 E1422.13964
G1 X127.844 Y112.636 E1422.1421
G1 X127.844 Y112.659 E1422.14287
G1 X127.78 Y112.636 E1422.14349
G1 X127.47 Y112.562 E1422.1515
G1 X127.457 Y112.561 E1422.15193
G1 X127.153 Y112.518 E1422.16214
G1 X126.829 Y112.503 E1422.17293
G1 X126.506 Y112.518 E1422.18368
G1 X126.188 Y112.562 E1422.19436
G1 X125.88 Y112.636 E1422.2049
G1 X125.587 Y112.739 E1422.21523
G1 X125.313 Y112.868 E1422.2253
G1 X125.063 Y113.022 E1422.23506
G1 X124.84 Y113.202 E1422.2446
G1 X124.626 Y113.438 E1422.25519
G1 X124.458 Y113.697 E1422.26546
G1 X124.347 Y113.98 E1422.27557
G1 X124.298 Y114.269 E1422.28532
G1 X124.313 Y114.566 E1422.29521
G1 X124.387 Y114.851 E1422.305
G1 X124.525 Y115.124 E1422.31518
G1 X124.711 Y115.372 E1422.32549
G1 X124.913 Y115.566 E1422.3348
G1 X125.144 Y115.737 E1422.34436
G1 X125.402 Y115.883 E1422.35422
G1 X125.683 Y116.004 E1422.3644
G1 X125.981 Y116.097 E1422.37478
G1 X126.294 Y116.162 E1422.38541
G1 X126.614 Y116.197 E1422.39612
G1 X126.937 Y116.201 E1422.40686
G1 X127.26 Y116.177 E1422.41764
G1 X127.498 Y116.134 E1422.42568
G1 X127.575 Y116.121 E1422.42828
G1 X127.843 Y116.047 E1422.43753
G1 X127.843 Y116.12
G1 X127.843 Y116.198 E1422.43979
G1 X127.843 Y122.547 E1422.65096
G1 X127.843 Y122.562 E1422.65146
G1 X127.843 Y122.635 E1422.65389
G1 X127.844 Y122.659 E1422.65469
G1 X127.781 Y122.636 E1422.65531
G1 X127.47 Y122.562 E1422.66333
G1 X127.456 Y122.56 E1422.66379
G1 X127.153 Y122.518 E1422.67396
G1 X126.829 Y122.503 E1422.68475
G1 X126.506 Y122.518 E1422.6955
G1 X126.188 Y122.562 E1422.70618
G1 X125.88 Y122.636 E1422.71672
G1 X125.587 Y122.739 E1422.72705
G1 X125.313 Y122.868 E1422.73712
G1 X125.063 Y123.022 E1422.74689
G1 X124.84 Y123.202 E1422.75642
G1 X124.626 Y123.438 E1422.76701
G1 X124.458 Y123.697 E1422.77728
G1 X124.347 Y123.98 E1422.78739
G1 X124.298 Y124.269 E1422.79714
G1 X124.313 Y124.566 E1422.80703
G1 X124.387 Y124.851 E1422.81683
G1 X124.525 Y125.124 E1422.827
G1 X124.711 Y125.372 E1422.83731
G1 X124.913 Y125.566 E1422.84663
G1 X125.144 Y125.737 E1422.85619
G1 X125.402 Y125.883 E1422.86605
G1 X125.683 Y126.004 E1422.87622
G1 X125.981 Y126.097 E1422.8866
G1 X126.294 Y126.162 E1422.89724
G1 X126.614 Y126.197 E1422.90794
G1 X126.937 Y126.201 E1422.91869
G1 X127.26 Y126.177 E1422.92946
G1 X127.498 Y126.134 E1422.9375
G1 X127.575 Y126.121 E1422.9401
G1 X127.844 Y126.047 E1422.94938
G1 X127.844 Y126.12
G1 X127.844 Y126.198 E1422.95165
G1 X127.845 Y127.833 E1423.00603
G1 X127.845 Y128.033 E1423.01268
G1 X127.645 Y128.033 E1423.01699
G1 X122.079 Y128.033 E1423.20212
G1 X121.879 Y128.033 E1423.20877
G1 X121.879 Y127.833 E1423.21308
G1 X121.88 Y123.892 E1423.34415
G1 X115.898 Y123.059 E1423.54504
G1 X115.897 Y103.091 E1424.20917
G1 X117.87 Y101.308 E1424.29762
G1 X121.88 Y101.308 E1424.431
G1 X121.88 Y96.238 E1424.59962
G1 X121.879 Y95.818 E1424.61359
G1 X121.881 Y95.731 E1424.61649
G1 X121.881 Y94.991 E1424.6411
G1 X121.881 Y94.674 E1424.64719
G0 F9000 X122.134 Y95.075
G0 X124.042 Y96.471
;TYPE:FILL
G1 F4800 X127.283 Y99.713 E1424.79966
G0 F9000 X127.282 Y100.704
G1 F4800 X122.151 Y102.079 E1424.97634
G0 F9000 X122.292 Y102.079
G0 X124.057 Y105.424
G0 X127.283 Y109.262
G1 F4800 X126.562 Y111.954 E1425.06903
G0 F9000 X125.791 Y112.351
G0 X123.989 Y113.39
G1 F4800 X122.15 Y111.551 E1425.15553
G0 F9000 X122.292 Y111.551
G0 X122.292 Y114.502
G0 X122.151 Y114.502
G1 F4800 X123.76 Y114.071 E1425.21093
G0 F9000 X124.321 Y115.251
G0 X125.352 Y116.471
G1 F4800 X122.439 Y127.343 E1425.58529
G0 F9000 X122.438 Y126.848
G1 F4800 X124.838 Y126.205 E1425.66793
G0 F9000 X121.964 Y123.389
G0 X122.002 Y123.112
;TYPE:SKIN
G1 F1500 X116.688 Y122.372 E1425.84638
G1 X116.687 Y103.441 E1426.47603
G1 X118.173 Y102.098 E1426.54265
G1 X122.001 Y102.098 E1426.66997
G1 X122.002 Y123.112 E1427.3689
G0 F9000 X121.964 Y123.389
G0 X116.478 Y122.554
G0 X116.407 Y121.938
G0 X116.847 Y121.938
G1 F1500 X117.187 Y122.278 E1427.38489
G0 F9000 X117.845 Y122.37
G1 F1500 X116.847 Y121.372 E1427.43183
G0 F9000 X116.847 Y120.807
G1 F1500 X118.501 Y122.461 E1427.50963
G0 F9000 X119.158 Y122.552
G1 F1500 X116.847 Y120.241 E1427.61833
G0 F9000 X116.847 Y119.675
G1 F1500 X119.816 Y122.644 E1427.75798
G0 F9000 X120.473 Y122.736
G1 F1500 X116.847 Y119.11 E1427.92854
G0 F9000 X116.847 Y118.544
G1 F1500 X121.13 Y122.827 E1428.13
G0 F9000 X121.787 Y122.919
G1 F1500 X116.847 Y117.978 E1428.36239
G0 F9000 X116.847 Y117.412
G1 F1500 X121.842 Y122.407 E1428.59734
G0 F9000 X121.842 Y121.842
G1 F1500 X116.847 Y116.847 E1428.83228
G0 F9000 X116.847 Y116.281
G1 F1500 X121.842 Y121.276 E1429.06723
G0 F9000 X121.842 Y120.71
G1 F1500 X116.846 Y115.715 E1429.30221
G0 F9000 X116.846 Y115.149
G1 F1500 X121.842 Y120.145 E1429.5372
G0 F9000 X121.842 Y119.579
G1 F1500 X116.846 Y114.583 E1429.7722
G0 F9000 X116.846 Y114.018
G1 F1500 X121.842 Y119.013 E1430.00717
G0 F9000 X121.842 Y118.448
G1 F1500 X116.846 Y113.452 E1430.24217
G0 F9000 X116.846 Y112.886
G1 F1500 X121.842 Y117.882 E1430.47717
G0 F9000 X121.842 Y117.316
G1 F1500 X116.846 Y112.321 E1430.71214
G0 F9000 X116.846 Y111.755
G1 F1500 X121.842 Y116.751 E1430.94714
G0 F9000 X121.842 Y116.185
G1 F1500 X116.846 Y111.189 E1431.18213
G0 F9000 X116.846 Y110.624
G1 F1500 X121.841 Y115.619 E1431.41708
G0 F9000 X121.841 Y115.053
G1 F1500 X116.846 Y110.058 E1431.65203
G0 F9000 X116.845 Y109.491
G1 F1500 X121.841 Y114.487 E1431.88703
G0 F9000 X121.841 Y113.921
G1 F1500 X116.845 Y108.926 E1432.122
G0 F9000 X116.845 Y108.36
G1 F1500 X121.841 Y113.356 E1432.357
G0 F9000 X121.841 Y112.79
G1 F1500 X116.845 Y107.794 E1432.59199
G0 F9000 X116.845 Y107.229
G1 F1500 X121.841 Y112.224 E1432.82697
G0 F9000 X121.841 Y111.659
G1 F1500 X116.845 Y106.663 E1433.06196
G0 F9000 X116.845 Y106.097
G1 F1500 X121.841 Y111.093 E1433.29696
G0 F9000 X121.841 Y110.527
G1 F1500 X116.845 Y105.532 E1433.53193
G0 F9000 X116.845 Y104.966
G1 F1500 X121.841 Y109.962 E1433.76693
G0 F9000 X121.841 Y109.396
G1 F1500 X116.845 Y104.4 E1434.00193
G0 F9000 X116.845 Y103.835
G1 F1500 X121.84 Y108.83 E1434.23688
G0 F9000 X121.84 Y108.264
G1 F1500 X116.973 Y103.396 E1434.46583
G0 F9000 X117.27 Y103.128
G1 F1500 X121.84 Y107.698 E1434.68079
G0 F9000 X121.84 Y107.133
G1 F1500 X117.567 Y102.859 E1434.8818
G0 F9000 X117.864 Y102.591
G1 F1500 X121.84 Y106.567 E1435.06882
G0 F9000 X121.84 Y106.001
G1 F1500 X118.162 Y102.323 E1435.24182
G0 F9000 X118.663 Y102.258
G1 F1500 X121.84 Y105.435 E1435.39126
G0 F9000 X121.84 Y104.87
G1 F1500 X119.228 Y102.258 E1435.51412
G0 F9000 X119.794 Y102.258
G1 F1500 X121.84 Y104.304 E1435.61035
G0 F9000 X121.84 Y103.738
G1 F1500 X120.36 Y102.258 E1435.67997
G0 F9000 X120.925 Y102.258
G1 F1500 X121.84 Y103.173 E1435.72301
G0 F9000 X121.84 Y102.607
G1 F1500 X121.491 Y102.258 E1435.73942
G0 F9000 X121.491 Y101.908
G1 F2400 E1434.93942
;MESH:NONMESH
G0 F300 X121.491 Y101.908 Z10.8
G0 F9000 X121.491 Y101.818
G0 X125.652 Y102.374
G0 X126.13 Y103.39
G0 X130.708 Y104.35
G0 X129.844 Y104.494
;TIME_ELAPSED:1807.267052
;LAYER:53
;TYPE:SUPPORT
G1 F2400 E1435.73942
G1 X130.031 Y105.036 E1435.75849
G1 X130.043 Y105.125 E1435.76148
G1 X130.047 Y105.722 E1435.78134
G1 X130.227 Y106.357 E1435.80329
G1 X130.244 Y106.438 E1435.80604
G1 X130.245 Y128.033 E1436.52429
G1 X129.845 Y128.033 E1436.5376
G1 X129.845 Y111.716 E1437.0803
G1 X129.843 Y111.408 E1437.09055
G1 X129.845 Y106.445 E1437.25562
G1 X129.843 Y106.354 E1437.25865
G1 X129.844 Y104.494 E1437.32051
G1 F2400 E1436.52051
G0 F9000 X130.708 Y104.35
G0 X127.609 Y113.703
G0 X127.244 Y114.486
G1 F2400 E1437.32051
G1 X127.332 Y114.529 E1437.32377
G1 X127.265 Y114.682 E1437.32932
G1 X127.244 Y114.648 E1437.33065
G1 X127.244 Y114.486 E1437.33604
G1 F2400 E1436.53604
G0 F9000 X126.665 Y115.355
G0 X127.596 Y123.67
G0 X127.244 Y124.46
G1 F2400 E1437.33604
G1 X127.337 Y124.502 E1437.33943
G1 X127.332 Y124.529 E1437.34035
G1 X127.264 Y124.685 E1437.34601
G1 X127.244 Y124.649 E1437.34738
G1 X127.244 Y124.46 E1437.35366
G0 F9000 X127.95 Y124.556
;TYPE:SUPPORT-INTERFACE
G1 F1500 X128.187 Y124.793 E1437.36481
G0 F9000 X129.043 Y125.514
G1 F1500 X129.644 Y124.913 E1437.39308
G0 F9000 X129.042 Y125.648
G1 F1500 X129.644 Y126.25 E1437.4214
G1 F2400 E1436.6214
G0 F9000 X131.109 Y126.249
G0 X131.109 Y122.855
G0 X129.644 Y122.856
G1 F2400 E1437.4214
G1 F1500 X129.044 Y122.255 E1437.44964
G0 F9000 X129.044 Y122.119
G1 F1500 X129.644 Y121.519 E1437.47786
G0 F9000 X129.644 Y119.462
G1 F1500 X129.043 Y118.861 E1437.50613
G0 F9000 X129.044 Y118.726
G1 F1500 X129.644 Y118.125 E1437.53438
G0 F9000 X129.644 Y116.068
G1 F1500 X129.043 Y115.467 E1437.56265
G0 F9000 X129.041 Y115.334
G1 F1500 X129.644 Y114.731 E1437.59101
G0 F9000 X128.684 Y115.107
G1 F1500 X128.123 Y114.547 E1437.61738
G0 F9000 X129.644 Y112.673
G1 F1500 X129.042 Y112.071 E1437.64569
G0 F9000 X129.042 Y111.939
G1 F1500 X129.642 Y111.339 E1437.67391
G0 F9000 X129.643 Y109.279
G1 F1500 X129.042 Y108.678 E1437.70218
G0 F9000 X129.043 Y108.544
G1 F1500 X129.643 Y107.944 E1437.73041
G0 F9000 X129.643 Y105.884
G1 F1500 X129.043 Y105.284 E1437.75863
G0 F9000 X129.044 Y105.149
G1 F1500 X129.643 Y104.55 E1437.7868
G0 F9000 X128.549 Y104.791
G1 F1500 X127.971 Y104.212 E1437.81401
G0 F9000 X129.639 Y102.486
G1 F1500 X129.043 Y101.89 E1437.84205
G0 F9000 X129.043 Y101.756
G1 F1500 X129.309 Y101.49 E1437.85456
G1 F2400 E1437.05456
;MESH:1x_1xm_pusher.stl
G0 F9000 X130.004 Y101.493
G0 X126.339 Y105.345
G0 X127.835 Y106.04
G0 X127.645 Y106.338
;TYPE:WALL-INNER
G1 F2400 E1437.85456
G1 X127.645 Y106.457 E1437.85852
G1 X127.645 Y106.495 E1437.85978
G1 X127.644 Y112.017 E1438.04344
G1 X127.644 Y112.22 E1438.0502
G1 X127.643 Y112.241 E1438.05089
G1 X127.577 Y112.22 E1438.05202
G1 X127.378 Y112.179 E1438.0566
G1 X127.228 Y112.148 E1438.0617
G1 X126.871 Y112.109 E1438.07364
G1 X126.509 Y112.104 E1438.08568
G1 X126.15 Y112.132 E1438.09766
G1 X125.797 Y112.193 E1438.10958
G1 X125.454 Y112.287 E1438.12141
G1 X125.127 Y112.414 E1438.13307
G1 X124.821 Y112.573 E1438.14454
G1 X124.54 Y112.762 E1438.15581
G1 X124.285 Y112.989 E1438.16716
G1 X124.04 Y113.286 E1438.17997
G1 X123.852 Y113.612 E1438.19248
G1 X123.73 Y113.993 E1438.20579
G1 X123.695 Y114.421 E1438.22007
G1 X123.763 Y114.841 E1438.23422
G1 X123.9 Y115.193 E1438.24679
G1 X124.113 Y115.52 E1438.25977
G1 X124.367 Y115.795 E1438.27222
G1 X124.631 Y116.01 E1438.28354
G1 X124.922 Y116.19 E1438.29492
G1 X125.236 Y116.338 E1438.30647
G1 X125.567 Y116.453 E1438.31812
G1 X125.912 Y116.537 E1438.32993
G1 X126.269 Y116.587 E1438.34192
G1 X126.629 Y116.603 E1438.35391
G1 X126.99 Y116.587 E1438.36593
G1 X127.289 Y116.544 E1438.37597
G1 X127.345 Y116.537 E1438.37785
G1 X127.644 Y116.465 E1438.38808
G1 X127.644 Y116.536
G1 X127.644 Y116.593 E1438.3898
G1 X127.644 Y122.016 E1438.57017
G1 X127.644 Y122.219 E1438.57692
G1 X127.645 Y122.241 E1438.57765
G1 X127.577 Y122.22 E1438.57878
G1 X127.378 Y122.179 E1438.58337
G1 X127.228 Y122.148 E1438.58846
G1 X126.871 Y122.109 E1438.6004
G1 X126.509 Y122.104 E1438.61245
G1 X126.15 Y122.132 E1438.62442
G1 X125.797 Y122.193 E1438.63634
G1 X125.454 Y122.287 E1438.64817
G1 X125.127 Y122.414 E1438.65983
G1 X124.821 Y122.573 E1438.6713
G1 X124.54 Y122.762 E1438.68257
G1 X124.285 Y122.989 E1438.69392
G1 X124.04 Y123.286 E1438.70673
G1 X123.852 Y123.612 E1438.71924
G1 X123.73 Y123.993 E1438.73255
G1 X123.695 Y124.421 E1438.74683
G1 X123.763 Y124.841 E1438.76098
G1 X123.9 Y125.193 E1438.77355
G1 X124.113 Y125.52 E1438.78653
G1 X124.367 Y125.795 E1438.79898
G1 X124.631 Y126.01 E1438.8103
G1 X124.922 Y126.19 E1438.82168
G1 X125.236 Y126.338 E1438.83323
G1 X125.567 Y126.453 E1438.84488
G1 X125.912 Y126.537 E1438.85669
G1 X126.269 Y126.587 E1438.86868
G1 X126.629 Y126.603 E1438.88067
G1 X126.99 Y126.587 E1438.89269
G1 X127.289 Y126.544 E1438.90273
G1 X127.345 Y126.537 E1438.90461
G1 X127.644 Y126.465 E1438.91484
G1 X127.644 Y126.536
G1 X127.644 Y126.593 E1438.91656
G1 X127.645 Y127.434 E1438.94453
G1 X127.645 Y127.633 E1438.95115
G1 X127.446 Y127.633 E1438.95543
G1 X122.678 Y127.633 E1439.11402
G1 X122.479 Y127.633 E1439.12063
G1 X122.479 Y127.434 E1439.12492
G1 X122.48 Y123.373 E1439.25999
G1 X117.722 Y122.711 E1439.41976
G1 X117.72 Y102.404 E1440.09518
G1 X118.49 Y101.708 E1440.1297
G1 X122.48 Y101.708 E1440.26241
G1 X122.481 Y95.849 E1440.45728
G1 X122.481 Y95.848 E1440.45731
G1 X122.481 Y95.52 E1440.46822
G1 X122.772 Y95.672 E1440.47447
G1 X122.92 Y95.75 E1440.48003
G1 X123.765 Y96.235 E1440.51244
G1 X124.545 Y96.724 E1440.54306
G1 X125.314 Y97.249 E1440.57403
G1 X126.069 Y97.812 E1440.60535
G1 X126.748 Y98.364 E1440.63446
G1 X127.424 Y98.965 E1440.66454
G1 X127.644 Y99.179 E1440.67475
G1 X127.644 Y102.136 E1440.7731
G1 X127.644 Y102.329 E1440.77952
G1 X127.644 Y102.378 E1440.78115
G1 X127.529 Y102.329 E1440.78316
G1 X127.345 Y102.272 E1440.78772
G1 X127.193 Y102.224 E1440.79303
G1 X126.842 Y102.152 E1440.80494
G1 X126.485 Y102.113 E1440.81689
G1 X126.125 Y102.108 E1440.82886
G1 X125.764 Y102.136 E1440.84091
G1 X125.413 Y102.197 E1440.85275
G1 X125.069 Y102.291 E1440.86462
G1 X124.742 Y102.418 E1440.87628
G1 X124.439 Y102.576 E1440.88765
G1 X124.155 Y102.766 E1440.89901
G1 X123.9 Y102.993 E1440.91037
G1 X123.652 Y103.294 E1440.92334
G1 X123.467 Y103.617 E1440.93572
G1 X123.344 Y104.002 E1440.94916
G1 X123.31 Y104.431 E1440.96348
G1 X123.381 Y104.859 E1440.97791
G1 X123.547 Y105.253 E1440.99213
G1 X123.757 Y105.564 E1441.00461
G1 X124.035 Y105.844 E1441.01773
G1 X124.3 Y106.049 E1441.02887
G1 X124.591 Y106.222 E1441.04013
G1 X124.905 Y106.362 E1441.05157
G1 X125.232 Y106.47 E1441.06302
G1 X125.53 Y106.541 E1441.07321
G1 X125.882 Y106.59 E1441.08503
G1 X126.244 Y106.607 E1441.09709
G1 X126.605 Y106.59 E1441.10911
G1 X126.959 Y106.541 E1441.12099
G1 X127.27 Y106.465 E1441.13164
G1 X127.306 Y106.457 E1441.13261
G1 X127.645 Y106.338 E1441.1406
G0 F9000 X128.045 Y105.658
;TYPE:WALL-OUTER
G1 F2400 X128.045 Y105.686 E1441.14153
G1 X128.045 Y105.842 E1441.14672
G1 X128.045 Y105.933 E1441.14975
G1 X128.044 Y112.612 E1441.37189
G1 X128.044 Y112.701 E1441.37485
G1 X128.043 Y112.816 E1441.37868
G1 X127.776 Y112.701 E1441.38445
G1 X127.691 Y112.675 E1441.38701
G1 X127.477 Y112.608 E1441.39447
G1 X127.166 Y112.544 E1441.40503
G1 X126.846 Y112.509 E1441.41574
G1 X126.521 Y112.504 E1441.42655
G1 X126.2 Y112.529 E1441.43726
G1 X125.884 Y112.584 E1441.44793
G1 X125.58 Y112.667 E1441.45841
G1 X125.292 Y112.779 E1441.46869
G1 X125.026 Y112.917 E1441.47865
G1 X124.786 Y113.079 E1441.48828
G1 X124.574 Y113.267 E1441.49771
G1 X124.37 Y113.515 E1441.50839
G1 X124.22 Y113.775 E1441.51837
G1 X124.125 Y114.071 E1441.52871
G1 X124.098 Y114.405 E1441.53986
G1 X124.151 Y114.735 E1441.55097
G1 X124.258 Y115.009 E1441.56076
G1 X124.43 Y115.274 E1441.57127
G1 X124.641 Y115.503 E1441.58162
G1 X124.863 Y115.683 E1441.59113
G1 X125.113 Y115.838 E1441.60091
G1 X125.387 Y115.967 E1441.61098
G1 X125.68 Y116.069 E1441.6213
G1 X125.987 Y116.144 E1441.63181
G1 X126.306 Y116.188 E1441.64252
G1 X126.629 Y116.203 E1441.65328
G1 X126.953 Y116.188 E1441.66407
G1 X127.27 Y116.144 E1441.67471
G1 X127.579 Y116.069 E1441.68529
G1 X127.721 Y116.019 E1441.69029
G1 X127.872 Y115.967 E1441.69561
G1 X128.044 Y115.886 E1441.70193
G1 X128.044 Y115.966
G1 X128.044 Y116.126 E1441.70602
G1 X128.044 Y122.611 E1441.92171
G1 X128.044 Y122.7 E1441.92467
G1 X128.045 Y122.817 E1441.92856
G1 X127.776 Y122.701 E1441.93436
G1 X127.691 Y122.675 E1441.93692
G1 X127.477 Y122.608 E1441.94437
G1 X127.166 Y122.544 E1441.95494
G1 X126.846 Y122.509 E1441.96564
G1 X126.521 Y122.504 E1441.97645
G1 X126.2 Y122.529 E1441.98716
G1 X125.884 Y122.584 E1441.99783
G1 X125.58 Y122.667 E1442.00831
G1 X125.292 Y122.779 E1442.01859
G1 X125.026 Y122.917 E1442.02856
G1 X124.786 Y123.079 E1442.03819
G1 X124.574 Y123.267 E1442.04761
G1 X124.37 Y123.515 E1442.05829
G1 X124.22 Y123.775 E1442.06828
G1 X124.125 Y124.071 E1442.07861
G1 X124.098 Y124.405 E1442.08976
G1 X124.151 Y124.735 E1442.10088
G1 X124.258 Y125.009 E1442.11066
G1 X124.43 Y125.274 E1442.12117
G1 X124.641 Y125.503 E1442.13152
G1 X124.863 Y125.683 E1442.14103
G1 X125.113 Y125.838 E1442.15081
G1 X125.387 Y125.967 E1442.16089
G1 X125.68 Y126.069 E1442.17121
G1 X125.987 Y126.144 E1442.18172
G1 X126.306 Y126.188 E1442.19243
G1 X126.629 Y126.203 E1442.20318
G1 X126.953 Y126.188 E1442.21397
G1 X127.27 Y126.144 E1442.22461
G1 X127.579 Y126.069 E1442.23519
G1 X127.721 Y126.019 E1442.2402
G1 X127.872 Y125.967 E1442.24551
G1 X128.044 Y125.886 E1442.25183
G1 X128.044 Y125.966
G1 X128.044 Y126.126 E1442.25592
G1 X128.045 Y127.833 E1442.3127
G1 X128.045 Y128.033 E1442.31935
G1 X127.845 Y128.033 E1442.32366
G1 X122.279 Y128.033 E1442.50878
G1 X122.079 Y128.033 E1442.51543
G1 X122.079 Y127.833 E1442.51974
G1 X122.08 Y123.721 E1442.65651
G1 X117.322 Y123.059 E1442.81628
G1 X117.32 Y102.226 E1443.50919
G1 X118.336 Y101.308 E1443.55473
G1 X122.08 Y101.308 E1443.67926
G1 X122.08 Y96.157 E1443.85058
G1 X122.079 Y95.684 E1443.86632
G1 X122.081 Y95.616 E1443.86858
G1 X122.081 Y95.141 E1443.88438
G1 X122.081 Y94.941 E1443.89103
G1 X122.081 Y94.866 E1443.89352
G1 X122.238 Y94.941 E1443.89639
G1 X122.415 Y95.033 E1443.9013
G1 X123.119 Y95.403 E1443.92775
G1 X123.964 Y95.888 E1443.96016
G1 X124.771 Y96.394 E1443.99184
G1 X125.553 Y96.928 E1444.02333
G1 X126.308 Y97.491 E1444.05466
G1 X127.014 Y98.065 E1444.08492
G1 X127.69 Y98.666 E1444.11501
G1 X128.044 Y99.011 E1444.13145
G1 X128.044 Y102.805 E1444.25764
G1 X128.044 Y102.826 E1444.25833
G1 X128.044 Y102.972 E1444.26319
G1 X128.044 Y103.056 E1444.26598
G1 X127.93 Y102.972 E1444.26779
G1 X127.672 Y102.826 E1444.2751
G1 X127.653 Y102.818 E1444.27577
G1 X127.39 Y102.705 E1444.28529
G1 X127.093 Y102.612 E1444.29564
G1 X126.78 Y102.548 E1444.30627
G1 X126.46 Y102.513 E1444.31697
G1 X126.137 Y102.508 E1444.32772
G1 X125.814 Y102.533 E1444.33849
G1 X125.5 Y102.588 E1444.3491
G1 X125.195 Y102.671 E1444.35961
G1 X124.908 Y102.783 E1444.36986
G1 X124.643 Y102.921 E1444.37979
G1 X124.4 Y103.083 E1444.38951
G1 X124.189 Y103.271 E1444.39891
G1 X123.982 Y103.522 E1444.40973
G1 X123.835 Y103.779 E1444.41958
G1 X123.739 Y104.079 E1444.43005
G1 X123.713 Y104.414 E1444.44123
G1 X123.768 Y104.747 E1444.45245
G1 X123.9 Y105.061 E1444.46378
G1 X124.068 Y105.309 E1444.47374
G1 X124.3 Y105.544 E1444.48473
G1 X124.525 Y105.717 E1444.49417
G1 X124.776 Y105.866 E1444.50388
G1 X125.05 Y105.989 E1444.51387
G1 X125.341 Y106.085 E1444.52406
G1 X125.604 Y106.147 E1444.53304
G1 X125.92 Y106.191 E1444.54366
G1 X126.244 Y106.207 E1444.55445
G1 X126.568 Y106.191 E1444.56524
G1 X126.885 Y106.147 E1444.57588
G1 X127.193 Y106.073 E1444.58642
G1 X127.487 Y105.97 E1444.59678
G1 X127.679 Y105.88 E1444.60383
G1 X127.761 Y105.842 E1444.60621
G1 X128.01 Y105.686 E1444.61198
G1 X128.045 Y105.658 E1444.6124
G0 F9000 X127.792 Y106.108
G0 X127.484 Y107.97
;TYPE:FILL
G1 F4800 X126.417 Y111.949 E1444.74942
G0 F9000 X123.945 Y113.146
G1 F4800 X123.439 Y112.64 E1444.77322
G0 F9000 X123.57 Y112.641
G0 X123.919 Y114.798
G0 X124.178 Y115.302
G0 X125.2 Y116.494
G1 F4800 X123.439 Y123.066 E1444.99952
G0 F9000 X123.569 Y123.067
G0 X123.493 Y124.346
G0 X123.109 Y124.359
G0 X123.127 Y124.229
G1 F4800 X122.639 Y126.051 E1445.06226
G0 F9000 X122.638 Y126.941
G1 F4800 X124.871 Y126.342 E1445.13915
G0 F9000 X124.044 Y125.119
G0 X123.858 Y124.414
G0 X123.502 Y104.033
G0 X123.581 Y101.879
G0 X123.44 Y101.879
G1 F4800 X127.482 Y100.796 E1445.27833
G0 F9000 X127.483 Y99.714
G1 F4800 X124.995 Y97.225 E1445.39538
G0 F9000 X123.291 Y100.808
G0 X123.291 Y101.098
;TYPE:SKIN
G1 F1500 X123.291 Y103.14 E1445.4633
G1 X123.108 Y103.459 E1445.47553
G1 X122.958 Y103.926 E1445.49184
G1 X122.918 Y104.448 E1445.50926
G1 X123.004 Y104.968 E1445.52679
G1 X123.202 Y105.44 E1445.54381
G1 X123.291 Y105.571 E1445.54908
G1 X123.289 Y124.102 E1446.16542
G1 X122.87 Y124.044 E1446.17949
G1 X122.87 Y123.034 E1446.21308
G1 X118.112 Y122.372 E1446.37286
G1 X118.11 Y102.576 E1447.03128
G1 X118.639 Y102.098 E1447.05499
G1 X122.87 Y102.098 E1447.19572
G1 X122.87 Y101.098 E1447.22898
G1 X123.291 Y101.098 E1447.24298
G0 F9000 X123.291 Y100.808
G0 X122.662 Y100.88
G0 X122.308 Y101.536
G0 X118.557 Y101.881
G0 X117.894 Y102.482
G0 X117.83 Y102.913
G0 X118.269 Y102.913
G1 F1500 X118.925 Y102.257 E1447.27383
G0 F9000 X119.491 Y102.257
G1 F1500 X118.269 Y103.478 E1447.33129
G0 F9000 X118.269 Y104.044
G1 F1500 X120.056 Y102.257 E1447.41534
G0 F9000 X120.622 Y102.257
G1 F1500 X118.269 Y104.61 E1447.52602
G0 F9000 X118.269 Y105.175
G1 F1500 X121.188 Y102.257 E1447.6633
G0 F9000 X121.753 Y102.257
G1 F1500 X118.269 Y105.741 E1447.82718
G0 F9000 X118.269 Y106.307
G1 F1500 X122.319 Y102.257 E1448.01768
G0 F9000 X122.885 Y102.257
G1 F1500 X118.269 Y106.872 E1448.23478
G0 F9000 X118.269 Y107.438
G1 F1500 X123.129 Y102.578 E1448.46337
G0 F9000 X123.029 Y102.113
G1 F1500 X123.129 Y102.012 E1448.4681
G0 F9000 X123.029 Y101.547
G1 F1500 X123.129 Y101.447 E1448.47281
G0 F9000 X123.581 Y101.447
G0 X123.525 Y102.865
G0 X123.45 Y103.424
G0 X123.069 Y103.205
G1 F1500 X118.27 Y108.003 E1448.69851
G0 F9000 X118.27 Y108.569
G1 F1500 X122.786 Y104.052 E1448.91095
G0 F9000 X122.783 Y104.622
G1 F1500 X118.27 Y109.134 E1449.12321
G0 F9000 X118.27 Y109.7
G1 F1500 X122.881 Y105.09 E1449.34007
G0 F9000 X123.047 Y105.489
G1 F1500 X118.27 Y110.266 E1449.56477
G0 F9000 X118.27 Y110.831
G1 F1500 X123.129 Y105.972 E1449.79332
G0 F9000 X123.129 Y106.538
G1 F1500 X118.27 Y111.397 E1450.02187
G0 F9000 X118.27 Y111.963
G1 F1500 X123.129 Y107.104 E1450.25043
G0 F9000 X123.129 Y107.669
G1 F1500 X118.271 Y112.528 E1450.47895
G0 F9000 X118.271 Y113.093
G1 F1500 X123.129 Y108.235 E1450.70746
G0 F9000 X123.129 Y108.801
G1 F1500 X118.271 Y113.659 E1450.93597
G0 F9000 X118.271 Y114.225
G1 F1500 X123.129 Y109.366 E1451.16449
G0 F9000 X123.129 Y109.932
G1 F1500 X118.271 Y114.791 E1451.39302
G0 F9000 X118.271 Y115.356
G1 F1500 X123.129 Y110.498 E1451.62153
G0 F9000 X123.129 Y111.063
G1 F1500 X118.271 Y115.922 E1451.85006
G0 F9000 X118.271 Y116.488
G1 F1500 X123.129 Y111.629 E1452.07859
G0 F9000 X123.129 Y112.195
G1 F1500 X118.271 Y117.053 E1452.30709
G0 F9000 X118.272 Y117.618
G1 F1500 X123.129 Y112.76 E1452.53557
G0 F9000 X123.129 Y113.326
G1 F1500 X118.272 Y118.184 E1452.76406
G0 F9000 X118.272 Y118.75
G1 F1500 X123.129 Y113.892 E1452.99254
G0 F9000 X123.129 Y114.457
G1 F1500 X118.272 Y119.315 E1453.22102
G0 F9000 X118.272 Y119.881
G1 F1500 X123.129 Y115.024 E1453.44948
G0 F9000 X123.129 Y115.59
G1 F1500 X118.272 Y120.447 E1453.67794
G0 F9000 X118.272 Y121.012
G1 F1500 X123.129 Y116.155 E1453.90639
G0 F9000 X123.129 Y116.721
G1 F1500 X118.272 Y121.578 E1454.13485
G0 F9000 X118.272 Y122.144
G1 F1500 X123.129 Y117.287 E1454.36331
G0 F9000 X123.129 Y117.852
G1 F1500 X118.691 Y122.29 E1454.57206
G0 F9000 X119.187 Y122.359
G1 F1500 X123.129 Y118.418 E1454.75746
G0 F9000 X123.129 Y118.984
G1 F1500 X119.684 Y122.429 E1454.9195
G0 F9000 X120.18 Y122.498
G1 F1500 X123.129 Y119.549 E1455.05821
G0 F9000 X123.129 Y120.115
G1 F1500 X120.676 Y122.567 E1455.17357
G0 F9000 X121.173 Y122.637
G1 F1500 X123.129 Y120.681 E1455.26557
G0 F9000 X123.129 Y121.246
G1 F1500 X121.669 Y122.706 E1455.33425
G0 F9000 X122.166 Y122.774
G1 F1500 X123.129 Y121.812 E1455.37952
G0 F9000 X123.129 Y122.378
G1 F1500 X122.663 Y122.844 E1455.40144
G0 F9000 X123.029 Y123.043
G1 F1500 X123.129 Y122.943 E1455.40614
G0 F9000 X123.129 Y123.509
G1 F1500 X123.029 Y123.609 E1455.41085
G0 F9000 X123.545 Y123.375
;TYPE:SKIN
G1 F1500 X123.478 Y123.159 E1455.4127
G1 X123.478 Y115.522 E1455.47527
G1 X123.548 Y115.169 E1455.47822
G1 X123.495 Y114.092 E1455.48705
G1 X123.586 Y113.434 E1455.4925
G1 X123.479 Y112.976 E1455.49635
G1 X123.479 Y106.187 E1455.55197
G1 X123.491 Y105.611 E1455.55669
G0 F9000 X123.57 Y105.663
G0 X123.492 Y104.66
G0 X123.571 Y103.116
G0 X123.576 Y102.979
G1 F1500 X123.479 Y102.794 E1455.56497
G0 F9000 X123.571 Y102.833
G0 X123.492 Y104.12
G0 X123.726 Y123.477
G0 X123.582 Y123.62
G1 F1500 X123.505 Y123.981 E1455.56984
G1 X123.486 Y124.283 E1455.57383
G1 X122.708 Y124.212 E1455.58414
G0 F9000 X122.679 Y124.464
G1 F2400 E1454.78414
;MESH:NONMESH
G0 F300 X122.679 Y124.464 Z11
G0 F9000 X123.497 Y124.338
G0 X123.889 Y114.025
G0 X124.049 Y113.66
G0 X127.835 Y106.04
G0 X130.044 Y105.248
;TIME_ELAPSED:1840.480576
;LAYER:54
;TYPE:SUPPORT
G1 F2400 E1455.58414
G1 X130.047 Y105.722 E1455.5999
G1 X130.227 Y106.357 E1455.62185
G1 X130.244 Y106.438 E1455.62461
G1 X130.245 Y128.033 E1456.34286
G1 X130.045 Y128.033 E1456.34951
G1 X130.045 Y111.371 E1456.90369
G1 X130.043 Y111.109 E1456.91241
G1 X130.045 Y106.645 E1457.06088
G1 X130.043 Y106.573 E1457.06327
G1 X130.044 Y105.248 E1457.10734
G0 F9000 X129.242 Y105.484
;TYPE:SUPPORT-INTERFACE
G1 F1500 X129.843 Y106.084 E1457.13559
G0 F9000 X129.242 Y104.951
G1 F1500 X129.843 Y104.35 E1457.16386
G0 F9000 X129.639 Y102.486
G1 F1500 X129.244 Y102.091 E1457.18244
G0 F9000 X129.244 Y101.555
G1 F1500 X129.309 Y101.49 E1457.1855
G1 F2400 E1456.3855
G0 F9000 X130.004 Y101.495
G0 X130.308 Y102.409
G0 X130.874 Y104.837
G0 X131.063 Y106.058
G0 X131.109 Y107.742
G0 X129.843 Y107.743
G1 F2400 E1457.1855
G1 F1500 X129.243 Y108.344 E1457.21374
G0 F9000 X129.242 Y108.878
G1 F1500 X129.843 Y109.478 E1457.24199
G0 F9000 X129.841 Y111.14
G1 F1500 X129.242 Y111.739 E1457.27016
G0 F9000 X129.242 Y112.271
G1 F1500 X129.844 Y112.874 E1457.2985
G0 F9000 X129.843 Y114.532
G1 F1500 X129.243 Y115.132 E1457.32672
G0 F9000 X129.242 Y115.666
G1 F1500 X129.844 Y116.268 E1457.35504
G0 F9000 X129.843 Y117.926
G1 F1500 X129.243 Y118.526 E1457.38326
G0 F9000 X129.242 Y119.06
G1 F1500 X129.844 Y119.662 E1457.41158
G0 F9000 X129.843 Y121.32
G1 F1500 X129.243 Y121.92 E1457.4398
G0 F9000 X129.242 Y122.454
G1 F1500 X129.844 Y123.056 E1457.46812
G0 F9000 X129.843 Y124.714
G1 F1500 X129.244 Y125.314 E1457.49632
G0 F9000 X129.244 Y125.85
G1 F1500 X129.844 Y126.45 E1457.52454
G0 F9000 X129.843 Y128.108
G1 F1500 X129.719 Y128.233 E1457.53039
G1 F2400 E1456.73039
;MESH:1x_1xm_pusher.stl
G0 F9000 X129.719 Y128.898
G0 X127.717 Y123.726
G0 X128.134 Y122.854
G0 X123.818 Y114.785
G0 X123.758 Y114.418
G0 X123.786 Y114.046
G0 X123.935 Y113.706
G0 X127.845 Y106.136
;TYPE:WALL-INNER
G1 F2400 E1457.53039
G1 X127.845 Y106.246 E1457.53405
G1 X127.845 Y106.4 E1457.53918
G1 X127.844 Y112.142 E1457.73016
G1 X127.844 Y112.325 E1457.73624
G1 X127.843 Y112.38 E1457.73807
G1 X127.715 Y112.325 E1457.74036
G1 X127.54 Y112.271 E1457.74479
G1 X127.377 Y112.22 E1457.75047
G1 X127.028 Y112.148 E1457.76233
G1 X126.671 Y112.109 E1457.77427
G1 X126.309 Y112.104 E1457.78631
G1 X125.95 Y112.132 E1457.79829
G1 X125.597 Y112.193 E1457.8102
G1 X125.254 Y112.287 E1457.82203
G1 X124.927 Y112.414 E1457.8337
G1 X124.621 Y112.573 E1457.84517
G1 X124.34 Y112.762 E1457.85643
G1 X124.085 Y112.989 E1457.86779
G1 X123.837 Y113.291 E1457.88079
G1 X123.652 Y113.613 E1457.89314
G1 X123.528 Y113.997 E1457.90656
G1 X123.496 Y114.429 E1457.92097
G1 X123.566 Y114.855 E1457.93532
G1 X123.732 Y115.249 E1457.94954
G1 X123.944 Y115.56 E1457.96206
G1 X124.219 Y115.84 E1457.97512
G1 X124.485 Y116.046 E1457.98631
G1 X124.778 Y116.218 E1457.99761
G1 X125.091 Y116.359 E1458.00902
G1 X125.417 Y116.466 E1458.02044
G1 X125.714 Y116.538 E1458.0306
G1 X126.069 Y116.587 E1458.04252
G1 X126.429 Y116.603 E1458.05451
G1 X126.79 Y116.587 E1458.06652
G1 X127.145 Y116.537 E1458.07845
G1 X127.464 Y116.459 E1458.08937
G1 X127.492 Y116.453 E1458.09032
G1 X127.823 Y116.338 E1458.10198
G1 X127.844 Y116.328 E1458.10275
G1 X127.844 Y116.453 E1458.1033
G1 X127.844 Y116.482 E1458.10422
G1 X127.844 Y122.142 E1458.29247
G1 X127.844 Y122.325 E1458.29856
G1 X127.844 Y122.381 E1458.30042
G1 X127.715 Y122.325 E1458.30272
G1 X127.54 Y122.271 E1458.30715
G1 X127.377 Y122.22 E1458.31283
G1 X127.028 Y122.148 E1458.32468
G1 X126.671 Y122.109 E1458.33663
G1 X126.309 Y122.104 E1458.34867
G1 X125.95 Y122.132 E1458.36065
G1 X125.597 Y122.193 E1458.37256
G1 X125.254 Y122.287 E1458.38439
G1 X124.927 Y122.414 E1458.39606
G1 X124.621 Y122.573 E1458.40753
G1 X124.34 Y122.762 E1458.41879
G1 X124.085 Y122.989 E1458.43015
G1 X123.837 Y123.291 E1458.44314
G1 X123.652 Y123.613 E1458.45549
G1 X123.528 Y123.997 E1458.46892
G1 X123.496 Y124.429 E1458.48332
G1 X123.566 Y124.855 E1458.49768
G1 X123.732 Y125.249 E1458.5119
G1 X123.944 Y125.56 E1458.52442
G1 X124.219 Y125.84 E1458.53747
G1 X124.485 Y126.046 E1458.54866
G1 X124.778 Y126.218 E1458.55996
G1 X125.091 Y126.359 E1458.57138
G1 X125.417 Y126.466 E1458.58279
G1 X125.714 Y126.538 E1458.59296
G1 X126.069 Y126.587 E1458.60488
G1 X126.429 Y126.603 E1458.61686
G1 X126.79 Y126.587 E1458.62888
G1 X127.145 Y126.537 E1458.64081
G1 X127.464 Y126.459 E1458.65173
G1 X127.492 Y126.453 E1458.65268
G1 X127.823 Y126.338 E1458.66434
G1 X127.845 Y126.328 E1458.66514
G1 X127.845 Y126.453 E1458.6657
G1 X127.845 Y126.482 E1458.66662
G1 X127.845 Y127.633 E1458.70491
G1 X122.878 Y127.633 E1458.87011
G1 X122.679 Y127.633 E1458.87673
G1 X122.679 Y127.434 E1458.88101
G1 X122.68 Y123.203 E1459.02173
G1 X119.145 Y122.711 E1459.14044
G1 X119.143 Y101.907 E1459.83238
G1 X119.143 Y101.708 E1459.839
G1 X119.342 Y101.708 E1459.84329
G1 X122.68 Y101.708 E1459.95431
G1 X122.68 Y96.059 E1460.14219
G1 X122.68 Y95.75 E1460.15247
G1 X122.681 Y95.73 E1460.15314
G1 X122.72 Y95.75 E1460.15371
G1 X122.988 Y95.903 E1460.15997
G1 X123.565 Y96.235 E1460.18211
G1 X124.345 Y96.724 E1460.21273
G1 X125.114 Y97.249 E1460.2437
G1 X125.869 Y97.812 E1460.27503
G1 X126.548 Y98.364 E1460.30413
G1 X127.211 Y98.953 E1460.33363
G1 X127.844 Y99.569 E1460.363
G1 X127.844 Y102.277 E1460.45307
G1 X127.844 Y102.519 E1460.46112
G1 X127.845 Y102.577 E1460.46305
G1 X127.753 Y102.52 E1460.46448
G1 X127.535 Y102.417 E1460.46988
G1 X127.439 Y102.372 E1460.47341
G1 X127.106 Y102.256 E1460.48513
G1 X126.759 Y102.172 E1460.49701
G1 X126.405 Y102.123 E1460.5089
G1 X126.044 Y102.107 E1460.52091
G1 X125.683 Y102.123 E1460.53293
G1 X125.33 Y102.172 E1460.54479
G1 X124.982 Y102.256 E1460.55669
G1 X124.649 Y102.372 E1460.56842
G1 X124.335 Y102.52 E1460.57997
G1 X124.046 Y102.7 E1460.59129
G1 X123.779 Y102.914 E1460.60267
G1 X123.513 Y103.21 E1460.61591
G1 X123.313 Y103.519 E1460.62815
G1 X123.168 Y103.901 E1460.64174
G1 X123.117 Y104.268 E1460.65406
G1 X123.108 Y104.364 E1460.65727
G1 X123.155 Y104.763 E1460.67063
G1 X123.299 Y105.163 E1460.68477
G1 X123.492 Y105.478 E1460.69706
G1 X123.757 Y105.774 E1460.71028
G1 X124.013 Y105.989 E1460.72139
G1 X124.299 Y106.172 E1460.73269
G1 X124.605 Y106.322 E1460.74402
G1 X124.93 Y106.441 E1460.75553
G1 X125.267 Y106.527 E1460.7671
G1 X125.565 Y106.577 E1460.77715
G1 X125.925 Y106.605 E1460.78916
G1 X126.285 Y106.6 E1460.80114
G1 X126.642 Y106.561 E1460.81308
G1 X126.993 Y106.489 E1460.825
G1 X127.329 Y106.384 E1460.83671
G1 X127.509 Y106.306 E1460.84323
G1 X127.65 Y106.246 E1460.84724
G1 X127.845 Y106.136 E1460.85099
G0 F9000 X128.243 Y105.266
;TYPE:WALL-OUTER
G1 F2400 X128.243 Y105.375 E1460.85461
G1 X128.243 Y105.569 E1460.86107
G1 X128.243 Y105.684 E1460.86489
G1 X128.245 Y105.893 E1460.87184
G1 X128.243 Y112.603 E1461.09502
G1 X128.243 Y112.615 E1461.09542
G1 X128.243 Y112.811 E1461.10194
G1 X128.243 Y112.82 E1461.10223
G1 X128.244 Y112.967 E1461.10712
G1 X128.245 Y113.064 E1461.11035
G1 X128.123 Y112.975 E1461.11537
G1 X128.114 Y112.968 E1461.11575
G1 X128.056 Y112.935 E1461.11618
G1 X127.856 Y112.822 E1461.1223
G1 X127.848 Y112.819 E1461.12258
G1 X127.576 Y112.701 E1461.13244
G1 X127.277 Y112.608 E1461.14285
G1 X126.966 Y112.544 E1461.15341
G1 X126.646 Y112.509 E1461.16412
G1 X126.321 Y112.504 E1461.17493
G1 X126 Y112.529 E1461.18564
G1 X125.684 Y112.584 E1461.19631
G1 X125.38 Y112.667 E1461.20679
G1 X125.092 Y112.779 E1461.21707
G1 X124.826 Y112.917 E1461.22703
G1 X124.586 Y113.079 E1461.23666
G1 X124.374 Y113.267 E1461.24609
G1 X124.167 Y113.519 E1461.25693
G1 X124.02 Y113.776 E1461.26678
G1 X123.923 Y114.075 E1461.27724
G1 X123.898 Y114.411 E1461.28844
G1 X123.953 Y114.743 E1461.29964
G1 X124.085 Y115.057 E1461.31097
G1 X124.254 Y115.305 E1461.32095
G1 X124.485 Y115.54 E1461.33191
G1 X124.71 Y115.714 E1461.34137
G1 X124.962 Y115.862 E1461.35109
G1 X125.236 Y115.986 E1461.36109
G1 X125.526 Y116.081 E1461.37124
G1 X125.788 Y116.144 E1461.3802
G1 X126.106 Y116.188 E1461.39088
G1 X126.429 Y116.203 E1461.40163
G1 X126.753 Y116.188 E1461.41242
G1 X127.07 Y116.144 E1461.42307
G1 X127.379 Y116.069 E1461.43364
G1 X127.672 Y115.967 E1461.44396
G1 X127.874 Y115.872 E1461.45139
G1 X127.946 Y115.838 E1461.45403
G1 X128.195 Y115.683 E1461.46379
G1 X128.244 Y115.644 E1461.46587
G1 X128.244 Y115.683
G1 X128.244 Y115.838 E1461.46729
G1 X128.244 Y115.918 E1461.46967
G1 X128.244 Y122.813 E1461.699
G1 X128.244 Y122.822 E1461.69929
G1 X128.244 Y122.968 E1461.70415
G1 X128.244 Y123.064 E1461.70734
G1 X128.114 Y122.968 E1461.70949
G1 X127.856 Y122.822 E1461.71707
G1 X127.848 Y122.819 E1461.71735
G1 X127.576 Y122.701 E1461.72721
G1 X127.277 Y122.608 E1461.73762
G1 X126.966 Y122.544 E1461.74818
G1 X126.646 Y122.509 E1461.75889
G1 X126.321 Y122.504 E1461.7697
G1 X126 Y122.529 E1461.78041
G1 X125.684 Y122.584 E1461.79108
G1 X125.38 Y122.667 E1461.80156
G1 X125.092 Y122.779 E1461.81184
G1 X124.826 Y122.917 E1461.8218
G1 X124.586 Y123.079 E1461.83143
G1 X124.374 Y123.267 E1461.84086
G1 X124.167 Y123.519 E1461.8517
G1 X124.02 Y123.776 E1461.86155
G1 X123.923 Y124.075 E1461.87201
G1 X123.898 Y124.411 E1461.88321
G1 X123.953 Y124.743 E1461.89441
G1 X124.085 Y125.057 E1461.90574
G1 X124.254 Y125.305 E1461.91572
G1 X124.485 Y125.54 E1461.92668
G1 X124.71 Y125.714 E1461.93614
G1 X124.962 Y125.862 E1461.94586
G1 X125.236 Y125.986 E1461.95586
G1 X125.526 Y126.081 E1461.96601
G1 X125.788 Y126.144 E1461.97497
G1 X126.106 Y126.188 E1461.98565
G1 X126.429 Y126.203 E1461.9964
G1 X126.753 Y126.188 E1462.00719
G1 X127.07 Y126.144 E1462.01784
G1 X127.379 Y126.069 E1462.02841
G1 X127.672 Y125.967 E1462.03873
G1 X127.875 Y125.871 E1462.0462
G1 X127.946 Y125.838 E1462.0488
G1 X128.195 Y125.683 E1462.05856
G1 X128.245 Y125.643 E1462.06069
G1 X128.245 Y125.683
G1 X128.245 Y125.838 E1462.06212
G1 X128.245 Y125.917 E1462.06447
G1 X128.245 Y128.033 E1462.13485
G1 X122.479 Y128.033 E1462.32663
G1 X122.279 Y128.033 E1462.33328
G1 X122.279 Y127.833 E1462.33759
G1 X122.28 Y123.551 E1462.48001
G1 X118.745 Y123.059 E1462.59872
G1 X118.743 Y101.519 E1463.31514
G1 X118.743 Y101.373 E1463.32
G1 X118.829 Y101.308 E1463.32358
G1 X118.975 Y101.308 E1463.32844
G1 X122.28 Y101.308 E1463.43836
G1 X122.281 Y95.398 E1463.63493
G1 X122.281 Y95.397 E1463.63496
G1 X122.281 Y95.068 E1463.64591
G1 X122.573 Y95.221 E1463.65218
G1 X122.919 Y95.403 E1463.66518
G1 X123.764 Y95.888 E1463.69759
G1 X124.571 Y96.394 E1463.72927
G1 X125.353 Y96.928 E1463.76076
G1 X126.108 Y97.491 E1463.79209
G1 X126.814 Y98.065 E1463.82235
G1 X127.49 Y98.666 E1463.85244
G1 X128.128 Y99.287 E1463.88205
G1 X128.244 Y99.411 E1463.8877
G1 X128.245 Y102.305 E1463.98395
G1 X128.244 Y103.01 E1464.0074
G1 X128.244 Y103.206 E1464.01392
G1 X128.243 Y103.44 E1464.0217
G1 X128.033 Y103.206 E1464.02588
G1 X127.88 Y103.083 E1464.03102
G1 X127.81 Y103.027 E1464.034
G1 X127.561 Y102.872 E1464.04376
G1 X127.287 Y102.743 E1464.05383
G1 X126.993 Y102.64 E1464.06419
G1 X126.685 Y102.566 E1464.07473
G1 X126.368 Y102.522 E1464.08537
G1 X126.044 Y102.507 E1464.09616
G1 X125.72 Y102.522 E1464.10695
G1 X125.404 Y102.566 E1464.11756
G1 X125.095 Y102.64 E1464.12813
G1 X124.801 Y102.743 E1464.13849
G1 X124.527 Y102.872 E1464.14856
G1 X124.278 Y103.027 E1464.15832
G1 X124.055 Y103.206 E1464.16783
G1 X123.832 Y103.454 E1464.17892
G1 X123.672 Y103.701 E1464.18871
G1 X123.558 Y104.001 E1464.19938
G1 X123.514 Y104.314 E1464.2099
G1 X123.51 Y104.358 E1464.21137
G1 X123.547 Y104.67 E1464.22182
G1 X123.662 Y104.989 E1464.23309
G1 X123.814 Y105.238 E1464.2428
G1 X124.036 Y105.486 E1464.25387
G1 X124.251 Y105.666 E1464.26319
G1 X124.495 Y105.823 E1464.27284
G1 X124.762 Y105.953 E1464.28272
G1 X125.049 Y106.058 E1464.29289
G1 X125.35 Y106.135 E1464.30322
G1 X125.614 Y106.18 E1464.31213
G1 X125.937 Y106.205 E1464.3229
G1 X126.26 Y106.2 E1464.33365
G1 X126.58 Y106.165 E1464.34435
G1 X126.893 Y106.101 E1464.35498
G1 X127.19 Y106.008 E1464.36533
G1 X127.472 Y105.887 E1464.37554
G1 X127.73 Y105.741 E1464.3854
G1 X127.868 Y105.638 E1464.39112
G1 X127.96 Y105.57 E1464.39443
G1 X128.163 Y105.375 E1464.40134
G1 X128.243 Y105.266 E1464.40235
G1 F2400 E1463.60235
G0 F9000 X128.288 Y105.163
G0 X128.137 Y105.549
G0 X127.684 Y106.673
;TYPE:FILL
G1 F2400 E1464.40235
G1 F4800 X126.271 Y111.946 E1464.58392
G0 F9000 X123.912 Y112.912
G1 F4800 X123.639 Y112.639 E1464.59676
G0 F9000 X123.78 Y112.639
G0 X123.758 Y114.418
G0 X123.818 Y114.785
G0 X124.083 Y115.278
G0 X125.048 Y116.512
G1 F4800 X123.639 Y121.77 E1464.77782
G0 F9000 X123.78 Y121.77
G0 X123.696 Y123.193
G0 X123.335 Y124.119
G0 X123.016 Y124.156
G0 X123.037 Y124.017
G1 F4800 X122.839 Y124.755 E1464.80323
G0 F9000 X122.838 Y127.034
G1 F4800 X124.948 Y126.469 E1464.87588
G0 F9000 X123.961 Y125.123
G0 X123.818 Y124.785
G0 X123.758 Y124.418
G0 X123.786 Y124.046
G0 X123.935 Y123.706
G0 X127.683 Y116.683
G1 F4800 X127.593 Y116.593 E1464.88011
G0 F9000 X125.485 Y116.214
G0 X124.635 Y115.832
G0 X124.146 Y115.394
G0 X123.818 Y114.785
G0 X123.758 Y114.418
G0 X123.702 Y105.322
G0 X123.411 Y104.701
G0 X123.375 Y104.302
G0 X123.548 Y103.636
G0 X123.78 Y101.973
G0 X123.639 Y101.973
G1 F4800 X127.682 Y100.889 E1465.01933
G0 F9000 X127.683 Y99.713
G1 F4800 X126.564 Y98.594 E1465.07197
G0 F9000 X123.49 Y100.808
G0 X123.49 Y101.098
;TYPE:SKIN
G1 F1500 X123.49 Y102.651 E1465.12362
G1 X123.203 Y102.972 E1465.13794
G1 X122.964 Y103.342 E1465.15259
G1 X122.788 Y103.803 E1465.16901
G1 X122.729 Y104.223 E1465.18311
G1 X122.716 Y104.369 E1465.18799
G1 X122.773 Y104.853 E1465.2042
G1 X122.946 Y105.333 E1465.22117
G1 X123.178 Y105.712 E1465.23595
G1 X123.49 Y106.06 E1465.25149
G1 X123.49 Y113.113 E1465.48608
G1 X123.293 Y113.455 E1465.4992
G1 X123.142 Y113.921 E1465.5155
G1 X123.104 Y114.446 E1465.533
G1 X123.188 Y114.964 E1465.55046
G1 X123.387 Y115.436 E1465.56749
G1 X123.49 Y115.587 E1465.57357
G1 X123.49 Y123.113 E1465.82389
G1 X123.293 Y123.455 E1465.83702
G1 X123.154 Y123.885 E1465.85205
G1 X123.07 Y123.874 E1465.85486
G1 X123.07 Y122.864 E1465.88846
G1 X119.535 Y122.372 E1466.00717
G1 X119.533 Y102.098 E1466.68148
G1 X123.07 Y102.098 E1466.79912
G1 X123.07 Y101.098 E1466.83238
G1 X123.49 Y101.098 E1466.84635
G0 F9000 X123.228 Y101.732
G1 F1500 X123.329 Y101.833 E1466.8511
G0 F9000 X123.188 Y102.258
G1 F1500 X123.329 Y102.398 E1466.85771
G0 F9000 X123.152 Y102.787
G1 F1500 X122.622 Y102.258 E1466.88262
G0 F9000 X122.057 Y102.258
G1 F1500 X122.918 Y103.119 E1466.92312
G0 F9000 X122.732 Y103.499
G1 F1500 X121.491 Y102.258 E1466.98149
G0 F9000 X120.925 Y102.258
G1 F1500 X122.607 Y103.939 E1467.06058
G0 F9000 X122.565 Y104.463
G1 F1500 X120.36 Y102.258 E1467.1643
G0 F9000 X119.794 Y102.258
G1 F1500 X122.724 Y105.187 E1467.30209
G0 F9000 X123.138 Y105.039
G0 X123.702 Y106.006
G0 X123.329 Y106.358
G1 F1500 X119.692 Y102.722 E1467.47314
G0 F9000 X119.692 Y103.287
G1 F1500 X123.329 Y106.924 E1467.64422
G0 F9000 X123.329 Y107.49
G1 F1500 X119.692 Y103.853 E1467.81529
G0 F9000 X119.692 Y104.419
G1 F1500 X123.329 Y108.055 E1467.98634
G0 F9000 X123.329 Y108.621
G1 F1500 X119.692 Y104.984 E1468.15741
G0 F9000 X119.692 Y105.55
G1 F1500 X123.329 Y109.187 E1468.32849
G0 F9000 X123.329 Y109.752
G1 F1500 X119.692 Y106.116 E1468.49954
G0 F9000 X119.692 Y106.681
G1 F1500 X123.329 Y110.318 E1468.67061
G0 F9000 X123.329 Y110.884
G1 F1500 X119.692 Y107.247 E1468.84168
G0 F9000 X119.692 Y107.813
G1 F1500 X123.329 Y111.449 E1469.01273
G0 F9000 X123.329 Y112.015
G1 F1500 X119.692 Y108.378 E1469.18381
G0 F9000 X119.693 Y108.945
G1 F1500 X123.329 Y112.581 E1469.35483
G0 F9000 X123.301 Y113.119
G1 F1500 X119.693 Y109.511 E1469.52454
G0 F9000 X119.693 Y110.076
G1 F1500 X123.11 Y113.494 E1469.68529
G0 F9000 X122.98 Y113.929
G1 F1500 X119.693 Y110.642 E1469.8399
G0 F9000 X119.693 Y111.208
G1 F1500 X122.942 Y114.457 E1469.99272
G0 F9000 X123.108 Y115.189
G1 F1500 X119.693 Y111.773 E1470.15338
G0 F9000 X119.693 Y112.339
G1 F1500 X123.329 Y115.975 E1470.3244
G0 F9000 X123.329 Y116.541
G1 F1500 X119.693 Y112.905 E1470.49543
G0 F9000 X119.693 Y113.47
G1 F1500 X123.329 Y117.106 E1470.66646
G0 F9000 X123.329 Y117.672
G1 F1500 X119.693 Y114.036 E1470.83748
G0 F9000 X119.693 Y114.602
G1 F1500 X123.329 Y118.238 E1471.00851
G0 F9000 X123.329 Y118.803
G1 F1500 X119.693 Y115.167 E1471.17954
G0 F9000 X119.694 Y115.734
G1 F1500 X123.329 Y119.369 E1471.35051
G0 F9000 X123.329 Y119.935
G1 F1500 X119.694 Y116.299 E1471.52152
G0 F9000 X119.694 Y116.865
G1 F1500 X123.329 Y120.5 E1471.6925
G0 F9000 X123.329 Y121.066
G1 F1500 X119.694 Y117.431 E1471.86348
G0 F9000 X119.694 Y117.997
G1 F1500 X123.329 Y121.632 E1472.03446
G0 F9000 X123.329 Y122.197
G1 F1500 X119.694 Y118.562 E1472.20543
G0 F9000 X119.694 Y119.128
G1 F1500 X123.329 Y122.763 E1472.37641
G0 F9000 X122.642 Y122.642
G1 F1500 X119.694 Y119.694 E1472.51508
G0 F9000 X119.694 Y120.259
G1 F1500 X121.985 Y122.55 E1472.62284
G0 F9000 X121.328 Y122.459
G1 F1500 X119.694 Y120.825 E1472.6997
G0 F9000 X119.694 Y121.391
G1 F1500 X120.67 Y122.367 E1472.74561
G0 F9000 X120.012 Y122.275
G1 F1500 X119.694 Y121.956 E1472.76059
G0 F9000 X119.254 Y121.956
G0 X119.325 Y122.554
G0 X122.86 Y123.046
G0 X122.86 Y124.063
G0 X123.335 Y124.119
G0 X123.665 Y123.226
G0 X123.77 Y122.79
G0 X123.744 Y122.895
;TYPE:SKIN
G1 F1500 X123.68 Y123.114 E1472.76743
G0 F9000 X123.77 Y123.073
G0 X123.379 Y124.014
G0 X123.193 Y124.042
G1 F1500 X123.286 Y124.135 E1472.76961
G0 F9000 X123.28 Y124.185
G0 X123.702 Y123.126
G0 X123.832 Y115.912
G1 F1500 X123.639 Y115.719 E1472.77415
G0 F9000 X123.77 Y115.719
G0 X123.803 Y113.055
G0 X123.721 Y112.973
G1 F1500 X123.871 Y112.84 E1472.7808
G0 F9000 X123.931 Y112.9
G0 X127.583 Y111.955
G0 X127.571 Y112.015
G1 F1500 X127.667 Y112.111 E1472.78306
G0 F9000 X123.783 Y106.247
G1 F1500 X123.639 Y106.102 E1472.78646
G0 F9000 X123.77 Y106.102
G0 X123.37 Y104.359
G0 X123.73 Y102.811
G0 X123.664 Y102.734
G1 F1500 X123.742 Y102.529 E1472.79254
G0 F9000 X124.068 Y102.65
G1 F2400 E1471.99254
;MESH:NONMESH
G0 F300 X124.068 Y102.65 Z11.2
G0 F9000 X123.422 Y103.971
G0 X123.37 Y104.359
G0 X123.411 Y104.701
G0 X123.702 Y105.322
G0 X124.171 Y105.78
G0 X125.005 Y106.191
G0 X125.938 Y106.344
G0 X126.738 Y106.257
G0 X128.125 Y105.893
G0 X130.244 Y106.437
;TIME_ELAPSED:1869.800924
;LAYER:55
;TYPE:SUPPORT
G1 F2400 E1472.79254
G1 X130.244 Y106.817 E1472.80518
G1 X130.243 Y106.792 E1472.80601
G1 X130.244 Y106.437 E1472.81782
G0 F9000 X130.244 Y108.634
G1 F2400 X130.244 Y110.971 E1472.89555
G1 X130.243 Y110.811 E1472.90087
G1 X130.244 Y108.634 E1472.97328
G0 F9000 X129.443 Y109.078
;TYPE:SUPPORT-INTERFACE
G1 F1500 X130.043 Y109.678 E1473.0015
G0 F9000 X130.043 Y110.938
G1 F1500 X129.444 Y111.537 E1473.02967
G0 F9000 X129.443 Y112.473
G1 F1500 X130.044 Y113.074 E1473.05794
G0 F9000 X130.044 Y114.331
G1 F1500 X129.444 Y114.931 E1473.08617
G0 F9000 X129.444 Y115.867
G1 F1500 X130.044 Y116.468 E1473.11441
G0 F9000 X130.044 Y117.725
G1 F1500 X129.444 Y118.325 E1473.14263
G0 F9000 X129.444 Y119.262
G1 F1500 X130.044 Y119.862 E1473.17086
G0 F9000 X130.044 Y121.119
G1 F1500 X129.444 Y121.719 E1473.19908
G0 F9000 X129.444 Y122.656
G1 F1500 X130.044 Y123.256 E1473.2273
G0 F9000 X130.044 Y124.513
G1 F1500 X129.444 Y125.114 E1473.25555
G0 F9000 X129.444 Y126.05
G1 F1500 X130.044 Y126.65 E1473.28377
G0 F9000 X130.044 Y127.907
G1 F1500 X129.719 Y128.233 E1473.29908
G1 F2400 E1472.49908
G0 F9000 X129.719 Y128.898
G0 X130.698 Y128.886
G0 X131.106 Y128.39
G0 X131.109 Y108.143
G0 X129.443 Y108.144
G1 F2400 E1473.29908
G1 F1500 X130.044 Y107.543 E1473.32735
G0 F9000 X130.043 Y106.284
G1 F1500 X129.442 Y105.684 E1473.35559
G0 F9000 X129.443 Y104.75
G1 F1500 X130.043 Y104.15 E1473.38382
G0 F9000 X129.639 Y102.486
G1 F1500 X129.442 Y102.29 E1473.39306
G1 F2400 E1472.59306
;MESH:1x_1xm_pusher.stl
G0 F9000 X128.325 Y102.29
G0 X125.34 Y102.403
G0 X124.388 Y102.686
G0 X123.857 Y103.021
G0 X123.442 Y103.476
G0 X123.188 Y104.142
G0 X123.212 Y104.709
G0 X123.34 Y105.058
G0 X123.761 Y105.609
G0 X124.546 Y106.099
G0 X125.056 Y106.225
G0 X126.793 Y106.489
;TYPE:WALL-INNER
G1 F2400 E1473.39306
G1 X127.129 Y106.384 E1473.40477
G1 X127.45 Y106.246 E1473.41639
G1 X127.673 Y106.12 E1473.42491
G1 X127.749 Y106.077 E1473.42781
G1 X128.019 Y105.876 E1473.43901
G1 X128.045 Y105.851 E1473.44021
G1 X128.045 Y105.876
G1 X128.045 Y106.077 E1473.44209
G1 X128.045 Y106.165 E1473.44469
G1 X128.045 Y112.287 E1473.64831
G1 X128.045 Y112.516 E1473.65593
G1 X128.044 Y112.582 E1473.65812
G1 X127.937 Y112.516 E1473.65986
G1 X127.73 Y112.419 E1473.66512
G1 X127.624 Y112.368 E1473.66903
G1 X127.292 Y112.252 E1473.68073
G1 X126.944 Y112.168 E1473.69263
G1 X126.59 Y112.119 E1473.70452
G1 X126.229 Y112.103 E1473.71654
G1 X125.869 Y112.119 E1473.72852
G1 X125.514 Y112.168 E1473.74044
G1 X125.167 Y112.252 E1473.75232
G1 X124.835 Y112.368 E1473.76402
G1 X124.522 Y112.516 E1473.77553
G1 X124.232 Y112.695 E1473.78687
G1 X123.965 Y112.91 E1473.79827
G1 X123.696 Y113.207 E1473.81159
G1 X123.499 Y113.517 E1473.82381
G1 X123.352 Y113.896 E1473.83733
G1 X123.3 Y114.274 E1473.85002
G1 X123.293 Y114.371 E1473.85326
G1 X123.34 Y114.761 E1473.86632
G1 X123.485 Y115.157 E1473.88035
G1 X123.674 Y115.473 E1473.8926
G1 X123.943 Y115.771 E1473.90595
G1 X124.2 Y115.986 E1473.91709
G1 X124.485 Y116.168 E1473.92834
G1 X124.79 Y116.318 E1473.93964
G1 X125.115 Y116.436 E1473.95114
G1 X125.45 Y116.524 E1473.96266
G1 X125.753 Y116.575 E1473.97288
G1 X126.108 Y116.601 E1473.98472
G1 X126.469 Y116.597 E1473.99673
G1 X126.829 Y116.558 E1474.00877
G1 X127.178 Y116.485 E1474.02063
G1 X127.515 Y116.38 E1474.03237
G1 X127.703 Y116.298 E1474.0392
G1 X127.834 Y116.242 E1474.04393
G1 X128.045 Y116.122 E1474.05201
G1 X128.045 Y116.242 E1474.0521
G1 X128.045 Y116.385 E1474.05592
G1 X128.045 Y122.287 E1474.25222
G1 X128.045 Y122.516 E1474.25984
G1 X128.045 Y122.583 E1474.26207
G1 X127.937 Y122.516 E1474.26382
G1 X127.73 Y122.419 E1474.26907
G1 X127.624 Y122.368 E1474.27299
G1 X127.292 Y122.252 E1474.28468
G1 X126.944 Y122.168 E1474.29659
G1 X126.59 Y122.119 E1474.30848
G1 X126.229 Y122.103 E1474.3205
G1 X125.869 Y122.119 E1474.33248
G1 X125.514 Y122.168 E1474.3444
G1 X125.167 Y122.252 E1474.35628
G1 X124.835 Y122.368 E1474.36797
G1 X124.522 Y122.516 E1474.37949
G1 X124.232 Y122.695 E1474.39082
G1 X123.965 Y122.91 E1474.40222
G1 X123.696 Y123.207 E1474.41555
G1 X123.499 Y123.517 E1474.42777
G1 X123.352 Y123.896 E1474.44129
G1 X123.3 Y124.274 E1474.45398
G1 X123.293 Y124.371 E1474.45721
G1 X123.34 Y124.761 E1474.47028
G1 X123.485 Y125.157 E1474.48431
G1 X123.674 Y125.473 E1474.49655
G1 X123.943 Y125.771 E1474.50991
G1 X124.2 Y125.986 E1474.52105
G1 X124.485 Y126.168 E1474.5323
G1 X124.79 Y126.318 E1474.5436
G1 X125.115 Y126.436 E1474.5551
G1 X125.45 Y126.524 E1474.56662
G1 X125.753 Y126.575 E1474.57684
G1 X126.108 Y126.601 E1474.58868
G1 X126.469 Y126.597 E1474.60069
G1 X126.829 Y126.558 E1474.61273
G1 X127.178 Y126.485 E1474.62459
G1 X127.515 Y126.38 E1474.63633
G1 X127.703 Y126.298 E1474.64315
G1 X127.834 Y126.242 E1474.64789
G1 X128.045 Y126.122 E1474.65596
G1 X128.045 Y126.242 E1474.65605
G1 X128.045 Y126.385 E1474.65988
G1 X128.045 Y127.633 E1474.70139
G1 X123.078 Y127.633 E1474.86659
G1 X122.879 Y127.633 E1474.87321
G1 X122.879 Y127.434 E1474.87749
G1 X122.88 Y123.033 E1475.02387
G1 X120.568 Y122.711 E1475.10151
G1 X120.567 Y101.907 E1475.79345
G1 X120.567 Y101.708 E1475.80007
G1 X120.766 Y101.708 E1475.80435
G1 X122.881 Y101.708 E1475.8747
G1 X122.881 Y96.302 E1476.0545
G1 X122.881 Y96.301 E1476.05454
G1 X122.881 Y95.958 E1476.06594
G1 X123.179 Y96.129 E1476.07242
G1 X123.366 Y96.236 E1476.07959
G1 X124.145 Y96.724 E1476.11016
G1 X124.914 Y97.249 E1476.14113
G1 X125.669 Y97.812 E1476.17246
G1 X126.348 Y98.364 E1476.20156
G1 X127.011 Y98.953 E1476.23106
G1 X127.636 Y99.561 E1476.26006
G1 X128.044 Y99.996 E1476.2799
G1 X128.044 Y102.572 E1476.36557
G1 X128.044 Y102.576 E1476.36571
G1 X128.044 Y102.755 E1476.37166
G1 X128.045 Y102.865 E1476.37532
G1 X127.919 Y102.756 E1476.3773
G1 X127.65 Y102.576 E1476.38545
G1 X127.647 Y102.575 E1476.38556
G1 X127.347 Y102.418 E1476.39682
G1 X127.019 Y102.291 E1476.40852
G1 X126.675 Y102.197 E1476.42038
G1 X126.324 Y102.136 E1476.43223
G1 X125.964 Y102.108 E1476.44424
G1 X125.605 Y102.113 E1476.45618
G1 X125.302 Y102.145 E1476.46631
G1 X124.949 Y102.212 E1476.47826
G1 X124.604 Y102.313 E1476.49022
G1 X124.276 Y102.449 E1476.50203
G1 X123.972 Y102.617 E1476.51358
G1 X123.694 Y102.817 E1476.52497
G1 X123.45 Y103.047 E1476.53613
G1 X123.223 Y103.331 E1476.54822
G1 X123.034 Y103.698 E1476.56195
G1 X122.929 Y104.099 E1476.57574
G1 X122.908 Y104.371 E1476.58481
G1 X122.956 Y104.77 E1476.59818
G1 X123.105 Y105.175 E1476.61253
G1 X123.337 Y105.535 E1476.62677
G1 X123.582 Y105.8 E1476.63878
G1 X123.845 Y106.012 E1476.65001
G1 X124.135 Y106.194 E1476.6614
G1 X124.449 Y106.34 E1476.67292
G1 X124.74 Y106.444 E1476.6832
G1 X125.077 Y106.529 E1476.69476
G1 X125.422 Y106.583 E1476.70637
G1 X125.725 Y106.605 E1476.71647
G1 X126.085 Y106.6 E1476.72845
G1 X126.442 Y106.561 E1476.74039
G1 X126.793 Y106.489 E1476.75231
G0 F9000 X126.693 Y106.101
;TYPE:WALL-OUTER
G1 F1200 X126.99 Y106.008 E1476.76266
G1 X127.272 Y105.887 E1476.77287
G1 X127.53 Y105.741 E1476.78273
G1 X127.76 Y105.57 E1476.79226
G1 X127.963 Y105.375 E1476.80162
G1 X128.058 Y105.246 E1476.80695
G1 X128.174 Y105.089 E1476.81344
G1 X128.315 Y104.774 E1476.82492
G1 X128.376 Y104.441 E1476.83618
G1 X128.355 Y104.104 E1476.84741
G1 X128.253 Y103.779 E1476.85874
G1 X128.077 Y103.478 E1476.87034
G1 X128.049 Y103.446 E1476.87175
G1 X127.89 Y103.261 E1476.87987
G1 X127.676 Y103.074 E1476.88932
G1 X127.446 Y102.921 E1476.89851
G1 X127.181 Y102.783 E1476.90845
G1 X126.894 Y102.671 E1476.91869
G1 X126.588 Y102.588 E1476.92924
G1 X126.274 Y102.533 E1476.93984
G1 X125.952 Y102.508 E1476.95058
G1 X125.629 Y102.513 E1476.96133
G1 X125.36 Y102.541 E1476.97032
G1 X125.043 Y102.601 E1476.98105
G1 X124.737 Y102.691 E1476.99166
G1 X124.45 Y102.81 E1477.00199
G1 X124.186 Y102.956 E1477.01203
G1 X123.949 Y103.126 E1477.02173
G1 X123.745 Y103.319 E1477.03107
G1 X123.56 Y103.55 E1477.04091
G1 X123.41 Y103.842 E1477.05183
G1 X123.325 Y104.166 E1477.06297
G1 X123.31 Y104.362 E1477.06951
G1 X123.348 Y104.676 E1477.08003
G1 X123.465 Y104.996 E1477.09136
G1 X123.654 Y105.289 E1477.10296
G1 X123.856 Y105.507 E1477.11284
G1 X124.078 Y105.686 E1477.12233
G1 X124.327 Y105.842 E1477.1321
G1 X124.601 Y105.97 E1477.14216
G1 X124.856 Y106.061 E1477.15117
G1 X125.157 Y106.137 E1477.16149
G1 X125.467 Y106.185 E1477.17193
G1 X125.737 Y106.205 E1477.18093
G1 X126.06 Y106.2 E1477.19167
G1 X126.38 Y106.165 E1477.20238
G1 X126.693 Y106.101 E1477.21301
G0 F9000 X126.802 Y106.527
G1 F2400 E1476.41301
G0 F9000 X128.301 Y113.115
G0 X128.438 Y113.475
G0 X128.449 Y113.887
G0 X128.487 Y115.142
G0 X128.445 Y115.24
G1 F2400 E1477.21301
G1 X128.445 Y115.371 E1477.21736
G1 X128.445 Y115.566 E1477.22385
G1 X128.445 Y115.665 E1477.22714
G1 X128.445 Y123.021 E1477.4718
G1 X128.445 Y123.202 E1477.47782
G1 X128.445 Y123.454 E1477.48621
G1 X128.219 Y123.202 E1477.49087
G1 X128.078 Y123.089 E1477.49569
G1 X127.995 Y123.022 E1477.49924
G1 X127.746 Y122.868 E1477.50898
G1 X127.472 Y122.739 E1477.51905
G1 X127.179 Y122.636 E1477.52938
G1 X126.87 Y122.562 E1477.53995
G1 X126.553 Y122.518 E1477.55059
G1 X126.229 Y122.503 E1477.56138
G1 X125.906 Y122.518 E1477.57214
G1 X125.588 Y122.562 E1477.58281
G1 X125.28 Y122.636 E1477.59335
G1 X124.987 Y122.739 E1477.60368
G1 X124.713 Y122.868 E1477.61375
G1 X124.463 Y123.022 E1477.62352
G1 X124.24 Y123.202 E1477.63305
G1 X124.015 Y123.45 E1477.64419
G1 X123.858 Y123.698 E1477.65395
G1 X123.742 Y123.997 E1477.66462
G1 X123.698 Y124.315 E1477.67529
G1 X123.695 Y124.36 E1477.6768
G1 X123.732 Y124.667 E1477.68708
G1 X123.848 Y124.984 E1477.69831
G1 X123.997 Y125.234 E1477.70799
G1 X124.221 Y125.482 E1477.7191
G1 X124.437 Y125.663 E1477.72847
G1 X124.681 Y125.819 E1477.73811
G1 X124.947 Y125.949 E1477.74795
G1 X125.234 Y126.054 E1477.75812
G1 X125.534 Y126.132 E1477.76843
G1 X125.801 Y126.177 E1477.77743
G1 X126.121 Y126.201 E1477.78811
G1 X126.445 Y126.197 E1477.79888
G1 X126.766 Y126.162 E1477.80962
G1 X127.077 Y126.097 E1477.82019
G1 X127.376 Y126.004 E1477.83061
G1 X127.656 Y125.883 E1477.84075
G1 X127.914 Y125.737 E1477.85061
G1 X128.067 Y125.624 E1477.85694
G1 X128.146 Y125.566 E1477.8602
G1 X128.348 Y125.371 E1477.86954
G1 X128.445 Y125.24 E1477.87496
G1 X128.445 Y125.371 E1477.87524
G1 X128.445 Y125.566 E1477.87804
G1 X128.445 Y125.665 E1477.88096
G1 X128.445 Y128.033 E1477.95972
G1 X122.679 Y128.033 E1478.1515
G1 X122.479 Y128.033 E1478.15815
G1 X122.479 Y127.833 E1478.16246
G1 X122.48 Y123.381 E1478.31053
G1 X120.168 Y123.059 E1478.38817
G1 X120.167 Y101.508 E1479.10496
G1 X120.167 Y101.308 E1479.11161
G1 X120.367 Y101.308 E1479.11592
G1 X122.481 Y101.308 E1479.18623
G1 X122.481 Y95.545 E1479.37791
G1 X122.481 Y95.4 E1479.38273
G1 X122.481 Y95.278 E1479.38679
G1 X122.712 Y95.4 E1479.3915
G1 X122.837 Y95.472 E1479.39542
G1 X123.565 Y95.889 E1479.42332
G1 X124.371 Y96.394 E1479.45496
G1 X125.153 Y96.928 E1479.48645
G1 X125.908 Y97.491 E1479.51778
G1 X126.614 Y98.065 E1479.54804
G1 X127.29 Y98.666 E1479.57813
G1 X127.928 Y99.287 E1479.60774
G1 X128.444 Y99.837 E1479.63282
G1 X128.445 Y102.212 E1479.71182
G1 X128.445 Y103.435 E1479.75249
G1 X128.445 Y103.478 E1479.75338
G1 X128.445 Y103.779 E1479.76026
G1 X128.445 Y104.104 E1479.764
G1 X128.445 Y104.441 E1479.76623
G1 X128.445 Y104.774 E1479.76896
G1 X128.445 Y105.089 E1479.77408
G1 X128.445 Y105.285 E1479.77961
G1 X128.444 Y112.142 E1480.00767
G1 X128.444 Y113.019 E1480.03684
G1 X128.444 Y113.201 E1480.0429
G1 X128.445 Y113.454 E1480.05131
G1 X128.219 Y113.202 E1480.05595
G1 X128.077 Y113.088 E1480.06081
G1 X127.995 Y113.022 E1480.06431
G1 X127.746 Y112.868 E1480.07405
G1 X127.472 Y112.739 E1480.08412
G1 X127.179 Y112.636 E1480.09445
G1 X126.87 Y112.562 E1480.10502
G1 X126.553 Y112.518 E1480.11567
G1 X126.229 Y112.503 E1480.12645
G1 X125.906 Y112.518 E1480.13721
G1 X125.588 Y112.562 E1480.14789
G1 X125.28 Y112.636 E1480.15842
G1 X124.987 Y112.739 E1480.16875
G1 X124.713 Y112.868 E1480.17882
G1 X124.463 Y113.022 E1480.18859
G1 X124.24 Y113.202 E1480.19812
G1 X124.015 Y113.45 E1480.20926
G1 X123.858 Y113.698 E1480.21902
G1 X123.742 Y113.997 E1480.22969
G1 X123.698 Y114.315 E1480.24037
G1 X123.695 Y114.36 E1480.24187
G1 X123.732 Y114.667 E1480.25215
G1 X123.848 Y114.984 E1480.26338
G1 X123.997 Y115.234 E1480.27306
G1 X124.221 Y115.482 E1480.28417
G1 X124.437 Y115.663 E1480.29355
G1 X124.681 Y115.819 E1480.30318
G1 X124.947 Y115.949 E1480.31303
G1 X125.234 Y116.054 E1480.32319
G1 X125.534 Y116.132 E1480.3335
G1 X125.801 Y116.177 E1480.34251
G1 X126.121 Y116.201 E1480.35318
G1 X126.445 Y116.197 E1480.36396
G1 X126.766 Y116.162 E1480.3747
G1 X127.077 Y116.097 E1480.38526
G1 X127.376 Y116.004 E1480.39568
G1 X127.656 Y115.883 E1480.40582
G1 X127.914 Y115.737 E1480.41568
G1 X128.067 Y115.624 E1480.42201
G1 X128.146 Y115.566 E1480.42468
G1 X128.348 Y115.371 E1480.43032
G1 X128.445 Y115.24 E1480.43167
G0 F9000 X128.487 Y115.142
G0 X128.338 Y115.532
G0 X127.744 Y116.434
G0 X127.692 Y116.493
;TYPE:FILL
G1 F4800 X127.884 Y116.685 E1480.4407
G0 F9000 X124.898 Y116.527
G1 F4800 X123.839 Y120.479 E1480.57678
G0 F9000 X123.98 Y120.479
G0 X123.904 Y123.365
G0 X123.606 Y123.964
G0 X123.557 Y124.365
G0 X123.596 Y124.7
G0 X123.828 Y125.198
G0 X125.06 Y126.585
G1 F4800 X123.039 Y127.126 E1480.64636
G0 F9000 X123.606 Y123.964
G0 X123.728 Y123.733
G0 X124.896 Y116.078
G0 X124.122 Y115.58
G0 X123.721 Y115.045
G0 X123.596 Y114.7
G0 X123.559 Y114.295
G0 X123.606 Y113.964
G0 X123.904 Y113.365
G0 X124.334 Y112.953
G0 X126.125 Y111.948
G1 F4800 X127.632 Y106.323 E1480.84005
G0 F9000 X125.446 Y106.322
G0 X124.546 Y106.099
G0 X123.761 Y105.609
G0 X123.34 Y105.058
G0 X123.212 Y104.709
G0 X123.188 Y104.142
G0 X123.442 Y103.476
G0 X123.857 Y103.021
G0 X124.536 Y102.647
G0 X127.883 Y100.982
G1 F4800 X123.84 Y102.065 E1480.97926
G0 F9000 X123.69 Y102.34
;TYPE:SKIN
G1 F1500 X123.445 Y102.515 E1480.98928
G1 X123.163 Y102.782 E1481.00219
G1 X122.894 Y103.118 E1481.01651
G1 X122.667 Y103.558 E1481.03298
G1 X122.543 Y104.034 E1481.04934
G1 X122.516 Y104.379 E1481.06085
G1 X122.574 Y104.862 E1481.07703
G1 X122.754 Y105.35 E1481.09433
G1 X123.027 Y105.775 E1481.11113
G1 X123.315 Y106.086 E1481.12522
G1 X123.619 Y106.33 E1481.13819
G1 X123.69 Y106.375 E1481.14099
G1 X123.691 Y108.041 E1481.1964
G1 X123.689 Y108.335 E1481.20618
G1 X123.69 Y112.633 E1481.34913
G1 X123.384 Y112.97 E1481.36427
G1 X123.15 Y113.34 E1481.37883
G1 X122.972 Y113.798 E1481.39517
G1 X122.912 Y114.233 E1481.40978
G1 X122.901 Y114.38 E1481.41468
G1 X122.958 Y114.853 E1481.43053
G1 X123.132 Y115.325 E1481.44726
G1 X123.358 Y115.705 E1481.46196
G1 X123.672 Y116.052 E1481.47753
G1 X123.69 Y116.067 E1481.47831
G1 X123.69 Y122.633 E1481.69669
G1 X123.384 Y122.97 E1481.71183
G1 X123.27 Y123.15 E1481.71892
G1 X123.27 Y122.694 E1481.73409
G1 X120.958 Y122.372 E1481.81173
G1 X120.957 Y102.098 E1482.48604
G1 X123.271 Y102.098 E1482.563
G1 X123.271 Y101.098 E1482.59627
G1 X123.69 Y101.098 E1482.6102
G1 X123.69 Y102.34 E1482.65151
G0 F9000 X123.852 Y102.567
G0 X123.908 Y100.88
G0 X123.063 Y100.88
G0 X123.063 Y101.89
G0 X120.749 Y101.89
G0 X120.677 Y102.328
G0 X121.116 Y102.328
G1 F1500 X121.188 Y102.257 E1482.65487
G0 F9000 X121.753 Y102.257
G1 F1500 X121.116 Y102.894 E1482.68484
G0 F9000 X121.116 Y103.46
G1 F1500 X122.319 Y102.257 E1482.74142
G0 F9000 X122.885 Y102.257
G1 F1500 X121.116 Y104.026 E1482.82463
G0 F9000 X121.116 Y104.591
G1 F1500 X123.529 Y102.179 E1482.93811
G0 F9000 X123.43 Y101.712
G1 F1500 X123.529 Y101.613 E1482.94276
G0 F9000 X123.98 Y101.613
G0 X123.88 Y102.472
G0 X122.85 Y103.96
G0 X122.425 Y103.848
G1 F1500 X121.116 Y105.157 E1483.00433
G0 F9000 X121.116 Y105.723
G1 F1500 X122.364 Y104.475 E1483.06304
G0 F9000 X122.44 Y104.965
G1 F1500 X121.116 Y106.288 E1483.12529
G0 F9000 X121.116 Y106.854
G1 F1500 X122.592 Y105.378 E1483.19472
G0 F9000 X122.806 Y105.73
G1 F1500 X121.116 Y107.42 E1483.27421
G0 F9000 X121.116 Y107.985
G1 F1500 X123.057 Y106.045 E1483.36548
G0 F9000 X123.349 Y106.319
G1 F1500 X121.116 Y108.551 E1483.47049
G0 F9000 X121.117 Y109.116
G1 F1500 X123.529 Y106.704 E1483.58395
G0 F9000 X123.529 Y107.27
G1 F1500 X121.117 Y109.682 E1483.6974
G0 F9000 X121.117 Y110.247
G1 F1500 X123.529 Y107.835 E1483.81085
G0 F9000 X123.528 Y108.403
G1 F1500 X121.117 Y110.813 E1483.92424
G0 F9000 X121.117 Y111.379
G1 F1500 X123.528 Y108.968 E1484.03764
G0 F9000 X123.528 Y109.534
G1 F1500 X121.117 Y111.944 E1484.15102
G0 F9000 X121.117 Y112.51
G1 F1500 X123.528 Y110.1 E1484.26441
G0 F9000 X123.528 Y110.665
G1 F1500 X121.117 Y113.076 E1484.37781
G0 F9000 X121.117 Y113.641
G1 F1500 X123.528 Y111.23 E1484.49122
G0 F9000 X123.528 Y111.796
G1 F1500 X121.117 Y114.207 E1484.60462
G0 F9000 X121.117 Y114.773
G1 F1500 X123.528 Y112.362 E1484.71803
G0 F9000 X123.914 Y112.508
G0 X123.299 Y113.727
G0 X122.889 Y113.567
G1 F1500 X121.117 Y115.339 E1484.80138
G0 F9000 X121.118 Y115.903
G1 F1500 X122.747 Y114.274 E1484.878
G0 F9000 X122.788 Y114.799
G1 F1500 X121.118 Y116.469 E1484.95656
G0 F9000 X121.118 Y117.035
G1 F1500 X122.925 Y115.227 E1485.04157
G0 F9000 X123.112 Y115.607
G1 F1500 X121.118 Y117.601 E1485.13537
G0 F9000 X121.118 Y118.166
G1 F1500 X123.349 Y115.935 E1485.24031
G0 F9000 X123.529 Y116.321
G1 F1500 X121.118 Y118.732 E1485.35371
G0 F9000 X121.118 Y119.298
G1 F1500 X123.529 Y116.886 E1485.46714
G0 F9000 X123.529 Y117.452
G1 F1500 X121.118 Y119.863 E1485.58055
G0 F9000 X121.118 Y120.429
G1 F1500 X123.529 Y118.018 E1485.69395
G0 F9000 X123.529 Y118.583
G1 F1500 X121.118 Y120.995 E1485.80738
G0 F9000 X121.118 Y121.56
G1 F1500 X123.529 Y119.149 E1485.92079
G0 F9000 X123.529 Y119.715
G1 F1500 X121.118 Y122.126 E1486.03419
G0 F9000 X121.521 Y122.289
G1 F1500 X123.529 Y120.28 E1486.12867
G0 F9000 X123.529 Y120.846
G1 F1500 X122.017 Y122.358 E1486.19979
G0 F9000 X122.514 Y122.427
G1 F1500 X123.529 Y121.412 E1486.24753
G0 F9000 X123.529 Y121.978
G1 F1500 X123.01 Y122.497 E1486.27194
G0 F9000 X123.456 Y122.616
G1 F1500 X123.529 Y122.543 E1486.27538
G0 F9000 X123.886 Y122.468
;TYPE:SKIN
G1 F1500 X124.014 Y122.623 E1486.28238
G0 F9000 X123.976 Y122.705
G0 X123.167 Y123.9
G0 X123.073 Y123.847
G1 F1500 X123.103 Y124.1 E1486.28536
G1 X123.16 Y125.174 E1486.29795
G1 X123.253 Y125.365 E1486.30043
G0 F9000 X123.348 Y125.27
G0 X125.19 Y126.187
G0 X127.718 Y126.632
G0 X127.701 Y126.574
G1 F1500 X127.849 Y126.425 E1486.30392
G0 F9000 X125.505 Y126.269
G0 X124.613 Y125.94
G0 X124.122 Y125.58
G0 X123.721 Y125.045
G0 X123.596 Y124.7
G0 X123.559 Y124.295
G0 X123.606 Y123.964
G0 X123.904 Y123.365
G0 X124.382 Y122.907
G0 X125.238 Y122.503
G0 X125.798 Y122.424
G0 X127.753 Y122.309
G0 X127.781 Y122.251
G1 F1500 X127.843 Y122.189 E1486.30538
G0 F9000 X127.901 Y122.178
G0 X123.921 Y116.197
G0 X123.943 Y116.189
G1 F1500 X123.865 Y115.983 E1486.31149
G0 F9000 X123.97 Y116.01
G0 X123.596 Y114.7
G0 X123.559 Y114.295
G0 X123.97 Y112.616
G0 X123.839 Y112.616
G1 F1500 X123.999 Y112.456 E1486.31526
G0 F9000 X123.981 Y106.345
G0 X123.889 Y106.344
G1 F1500 X123.949 Y106.284 E1486.31667
G0 F9000 X123.906 Y106.223
G0 X127.732 Y106.461
G1 F1500 X127.869 Y106.324 E1486.31989
G0 F9000 X125.446 Y106.322
G0 X124.546 Y106.099
G0 X123.761 Y105.609
G0 X123.34 Y105.058
G0 X123.212 Y104.709
G0 X123.188 Y104.142
G0 X123.442 Y103.476
G0 X123.857 Y103.021
G0 X124.332 Y102.76
G0 X123.055 Y96.43
G1 F1500 X123.163 Y96.322 E1486.32243
G1 F2400 E1485.52243
;MESH:NONMESH
G0 F300 X123.163 Y96.322 Z11.4
G0 F9000 X128.19 Y103.395
G0 X128.34 Y103.718
G0 X129.644 Y104.549
;TIME_ELAPSED:1896.481009
;LAYER:56
;TYPE:SUPPORT-INTERFACE
G1 F2400 E1486.32243
G1 F1500 X130.043 Y104.15 E1486.3412
G0 F9000 X129.643 Y105.884
G1 F1500 X130.244 Y106.485 E1486.36947
G0 F9000 X130.243 Y107.344
G1 F1500 X129.644 Y107.943 E1486.39764
G0 F9000 X129.643 Y109.279
G1 F1500 X130.244 Y109.879 E1486.42589
G0 F9000 X130.243 Y110.738
G1 F1500 X129.644 Y111.337 E1486.45406
G0 F9000 X129.643 Y112.673
G1 F1500 X130.244 Y113.273 E1486.48231
G0 F9000 X130.243 Y114.132
G1 F1500 X129.644 Y114.731 E1486.51048
G0 F9000 X129.643 Y116.067
G1 F1500 X130.244 Y116.667 E1486.53873
G0 F9000 X130.243 Y117.526
G1 F1500 X129.644 Y118.125 E1486.5669
G0 F9000 X129.643 Y119.461
G1 F1500 X130.244 Y120.061 E1486.59515
G0 F9000 X130.243 Y120.92
G1 F1500 X129.644 Y121.519 E1486.62332
G0 F9000 X129.643 Y122.855
G1 F1500 X130.244 Y123.455 E1486.65157
G0 F9000 X130.243 Y124.315
G1 F1500 X129.644 Y124.913 E1486.67972
G0 F9000 X129.643 Y126.249
G1 F1500 X130.244 Y126.85 E1486.70799
G0 F9000 X130.243 Y127.709
G1 F1500 X129.719 Y128.233 E1486.73264
G1 F2400 E1485.93264
;MESH:1x_1xm_pusher.stl
G0 F9000 X128.531 Y127.919
G0 X128.245 Y125.833
;TYPE:WALL-INNER
G1 F2400 E1486.73264
G1 X128.245 Y125.872 E1486.73394
G1 X128.245 Y126.073 E1486.74062
G1 X128.245 Y126.146 E1486.74305
G1 X128.245 Y127.633 E1486.79251
G1 X123.079 Y127.633 E1486.96433
G1 X123.079 Y125.491 E1487.03557
G1 X123.079 Y125.17 E1487.04625
G1 X123.079 Y124.768 E1487.05962
G1 X123.079 Y124.359 E1487.07322
G1 X123.079 Y123.996 E1487.0853
G1 X123.079 Y123.594 E1487.09867
G1 X123.079 Y123.24 E1487.11044
G1 X123.079 Y123.23 E1487.11077
G1 X123.08 Y122.863 E1487.12298
G1 X121.992 Y122.711 E1487.15952
G1 X121.991 Y101.907 E1487.85146
G1 X121.991 Y101.708 E1487.85808
G1 X122.19 Y101.708 E1487.86236
G1 X123.081 Y101.708 E1487.892
G1 X123.081 Y96.519 E1488.06458
G1 X123.081 Y96.235 E1488.07403
G1 X123.081 Y96.187 E1488.07563
G1 X123.165 Y96.235 E1488.07694
G1 X123.405 Y96.385 E1488.0831
G1 X123.945 Y96.724 E1488.10431
G1 X124.714 Y97.249 E1488.13528
G1 X125.469 Y97.812 E1488.1666
G1 X126.148 Y98.364 E1488.19571
G1 X126.811 Y98.953 E1488.22521
G1 X127.436 Y99.561 E1488.25421
G1 X128.042 Y100.207 E1488.28367
G1 X128.244 Y100.444 E1488.29402
G1 X128.244 Y102.821 E1488.37308
G1 X128.244 Y103.054 E1488.38083
G1 X128.244 Y103.306 E1488.38921
G1 X128.046 Y103.054 E1488.3931
G1 X127.877 Y102.894 E1488.39904
G1 X127.801 Y102.822 E1488.40253
G1 X127.527 Y102.622 E1488.41381
G1 X127.249 Y102.466 E1488.42441
G1 X126.928 Y102.329 E1488.43602
G1 X126.593 Y102.224 E1488.4477
G1 X126.242 Y102.152 E1488.45961
G1 X125.886 Y102.113 E1488.47153
G1 X125.584 Y102.107 E1488.48157
G1 X125.282 Y102.123 E1488.49163
G1 X124.976 Y102.165 E1488.5019
G1 X124.625 Y102.243 E1488.51386
G1 X124.285 Y102.359 E1488.52581
G1 X123.966 Y102.505 E1488.53748
G1 X123.67 Y102.684 E1488.54899
G1 X123.403 Y102.895 E1488.5603
G1 X123.171 Y103.137 E1488.57145
G1 X122.965 Y103.425 E1488.58323
G1 X122.795 Y103.807 E1488.59714
G1 X122.718 Y104.202 E1488.61052
G1 X122.709 Y104.378 E1488.61638
G1 X122.758 Y104.775 E1488.62969
G1 X122.907 Y105.181 E1488.64407
G1 X123.141 Y105.539 E1488.6583
G1 X123.382 Y105.801 E1488.67014
G1 X123.646 Y106.013 E1488.6814
G1 X123.935 Y106.194 E1488.69274
G1 X124.222 Y106.328 E1488.70328
G1 X124.544 Y106.445 E1488.71467
G1 X124.884 Y106.53 E1488.72633
G1 X125.231 Y106.584 E1488.73801
G1 X125.584 Y106.606 E1488.74977
G1 X125.886 Y106.6 E1488.75982
G1 X126.242 Y106.561 E1488.77173
G1 X126.593 Y106.489 E1488.78365
G1 X126.929 Y106.384 E1488.79536
G1 X127.25 Y106.246 E1488.80698
G1 X127.549 Y106.077 E1488.8184
G1 X127.819 Y105.876 E1488.8296
G1 X127.879 Y105.819 E1488.83235
G1 X128.059 Y105.645 E1488.84067
G1 X128.244 Y105.407 E1488.8507
G1 X128.244 Y105.645 E1488.8521
G1 X128.244 Y105.896 E1488.85839
G1 X128.244 Y112.511 E1489.07841
G1 X128.244 Y112.751 E1489.08639
G1 X128.244 Y112.874 E1489.09048
G1 X128.101 Y112.751 E1489.09287
G1 X127.902 Y112.617 E1489.09858
G1 X127.835 Y112.572 E1489.10127
G1 X127.531 Y112.414 E1489.11266
G1 X127.204 Y112.287 E1489.12433
G1 X126.862 Y112.193 E1489.13613
G1 X126.51 Y112.132 E1489.14801
G1 X126.152 Y112.104 E1489.15995
G1 X125.854 Y112.106 E1489.16986
G1 X125.55 Y112.132 E1489.18001
G1 X125.248 Y112.182 E1489.19019
G1 X124.903 Y112.272 E1489.20205
G1 X124.568 Y112.396 E1489.21393
G1 X124.254 Y112.555 E1489.22564
G1 X123.969 Y112.743 E1489.23699
G1 X123.711 Y112.963 E1489.24827
G1 X123.47 Y113.24 E1489.26048
G1 X123.263 Y113.594 E1489.27412
G1 X123.129 Y113.996 E1489.28822
G1 X123.092 Y114.359 E1489.30035
G1 X123.142 Y114.768 E1489.31406
G1 X123.291 Y115.17 E1489.32832
G1 X123.521 Y115.532 E1489.34258
G1 X123.767 Y115.796 E1489.35458
G1 X124.031 Y116.01 E1489.36589
G1 X124.322 Y116.19 E1489.37727
G1 X124.635 Y116.337 E1489.38877
G1 X124.926 Y116.44 E1489.39904
G1 X125.262 Y116.525 E1489.41056
G1 X125.608 Y116.58 E1489.42222
G1 X125.909 Y116.601 E1489.43225
G1 X126.269 Y116.597 E1489.44423
G1 X126.629 Y116.558 E1489.45627
G1 X126.978 Y116.485 E1489.46813
G1 X127.315 Y116.38 E1489.47987
G1 X127.634 Y116.242 E1489.49143
G1 X127.869 Y116.109 E1489.50041
G1 X127.932 Y116.073 E1489.50282
G1 X128.205 Y115.872 E1489.5141
G1 X128.245 Y115.834 E1489.51593
G1 X128.245 Y115.872
G1 X128.245 Y116.073 E1489.51812
G1 X128.245 Y116.146 E1489.52033
G1 X128.245 Y122.512 E1489.73206
G1 X128.245 Y122.751 E1489.74001
G1 X128.245 Y122.874 E1489.7441
G1 X128.101 Y122.751 E1489.74651
G1 X127.903 Y122.618 E1489.7522
G1 X127.835 Y122.572 E1489.75493
G1 X127.531 Y122.414 E1489.76632
G1 X127.204 Y122.287 E1489.77799
G1 X126.862 Y122.193 E1489.78979
G1 X126.51 Y122.132 E1489.80167
G1 X126.152 Y122.104 E1489.81361
G1 X125.854 Y122.106 E1489.82352
G1 X125.55 Y122.132 E1489.83367
G1 X125.248 Y122.182 E1489.84385
G1 X124.903 Y122.272 E1489.85571
G1 X124.568 Y122.396 E1489.86759
G1 X124.254 Y122.555 E1489.8793
G1 X123.969 Y122.743 E1489.89066
G1 X123.711 Y122.963 E1489.90193
G1 X123.476 Y123.233 E1489.91384
G1 X123.47 Y123.24 E1489.91414
G1 X123.263 Y123.594 E1489.92436
G1 X123.129 Y123.996 E1489.92885
G1 X123.092 Y124.359 E1489.92984
G1 X123.142 Y124.768 E1489.93122
G1 X123.291 Y125.17 E1489.93656
G1 X123.463 Y125.441 E1489.94483
G1 X123.521 Y125.532 E1489.94842
G1 X123.767 Y125.796 E1489.96042
G1 X124.031 Y126.01 E1489.97172
G1 X124.322 Y126.19 E1489.98311
G1 X124.635 Y126.337 E1489.99461
G1 X124.926 Y126.44 E1490.00487
G1 X125.262 Y126.525 E1490.0164
G1 X125.608 Y126.58 E1490.02805
G1 X125.909 Y126.601 E1490.03809
G1 X126.269 Y126.597 E1490.05006
G1 X126.629 Y126.558 E1490.06211
G1 X126.978 Y126.485 E1490.07397
G1 X127.315 Y126.38 E1490.08571
G1 X127.634 Y126.242 E1490.09727
G1 X127.869 Y126.109 E1490.10625
G1 X127.932 Y126.073 E1490.10818
G1 X128.205 Y125.872 E1490.11496
G1 X128.245 Y125.833 E1490.11542
G0 F9000 X128.541 Y124.933
G0 X128.562 Y124.438
;TYPE:WALL-OUTER
G1 F1200 X128.541 Y124.1 E1490.12668
G1 X128.439 Y123.775 E1490.13801
G1 X128.263 Y123.475 E1490.14958
G1 X128.247 Y123.456 E1490.15041
G1 X128.076 Y123.256 E1490.15916
G1 X127.859 Y123.07 E1490.16867
G1 X127.631 Y122.917 E1490.1778
G1 X127.366 Y122.779 E1490.18774
G1 X127.078 Y122.667 E1490.19801
G1 X126.775 Y122.584 E1490.20846
G1 X126.46 Y122.529 E1490.2191
G1 X126.138 Y122.504 E1490.22984
G1 X125.872 Y122.506 E1490.23869
G1 X125.6 Y122.529 E1490.24777
G1 X125.331 Y122.574 E1490.25684
G1 X125.023 Y122.654 E1490.26742
G1 X124.728 Y122.763 E1490.27788
G1 X124.455 Y122.901 E1490.28806
G1 X124.21 Y123.063 E1490.29782
G1 X123.993 Y123.248 E1490.30731
G1 X123.796 Y123.474 E1490.31728
G1 X123.629 Y123.76 E1490.3283
G1 X123.522 Y124.081 E1490.33955
G1 X123.494 Y124.355 E1490.34871
G1 X123.533 Y124.673 E1490.35937
G1 X123.651 Y124.991 E1490.37065
G1 X123.839 Y125.286 E1490.38228
G1 X124.041 Y125.503 E1490.39214
G1 X124.263 Y125.683 E1490.40165
G1 X124.513 Y125.838 E1490.41143
G1 X124.787 Y125.967 E1490.42151
G1 X125.042 Y126.057 E1490.4305
G1 X125.342 Y126.133 E1490.44079
G1 X125.653 Y126.182 E1490.45126
G1 X125.921 Y126.201 E1490.4602
G1 X126.245 Y126.197 E1490.47098
G1 X126.566 Y126.162 E1490.48172
G1 X126.877 Y126.097 E1490.49229
G1 X127.176 Y126.004 E1490.5027
G1 X127.456 Y125.883 E1490.51285
G1 X127.714 Y125.737 E1490.5227
G1 X127.946 Y125.566 E1490.53229
G1 X128.148 Y125.371 E1490.54163
G1 X128.256 Y125.225 E1490.54767
G1 X128.359 Y125.085 E1490.55345
G1 X128.499 Y124.77 E1490.56492
G1 X128.562 Y124.438 E1490.57615
G1 F2400 E1489.77615
G0 F9000 X128.832 Y124.029
G0 X127.643 Y124.128
G0 X127.608 Y114.646
G0 X128.534 Y114.746
G0 X128.562 Y114.438
G1 F2400 E1490.57615
G1 F1200 X128.541 Y114.1 E1490.58742
G1 X128.439 Y113.775 E1490.59875
G1 X128.263 Y113.475 E1490.61032
G1 X128.247 Y113.456 E1490.61114
G1 X128.076 Y113.256 E1490.61989
G1 X127.859 Y113.07 E1490.6294
G1 X127.631 Y112.917 E1490.63853
G1 X127.366 Y112.779 E1490.64847
G1 X127.078 Y112.667 E1490.65875
G1 X126.775 Y112.584 E1490.6692
G1 X126.46 Y112.529 E1490.67983
G1 X126.138 Y112.504 E1490.69057
G1 X125.872 Y112.506 E1490.69942
G1 X125.6 Y112.529 E1490.7085
G1 X125.331 Y112.574 E1490.71757
G1 X125.023 Y112.654 E1490.72816
G1 X124.728 Y112.763 E1490.73862
G1 X124.455 Y112.901 E1490.74879
G1 X124.21 Y113.063 E1490.75856
G1 X123.993 Y113.248 E1490.76804
G1 X123.796 Y113.474 E1490.77802
G1 X123.629 Y113.76 E1490.78903
G1 X123.522 Y114.081 E1490.80028
G1 X123.494 Y114.355 E1490.80945
G1 X123.533 Y114.673 E1490.8201
G1 X123.651 Y114.991 E1490.83138
G1 X123.839 Y115.286 E1490.84302
G1 X124.041 Y115.503 E1490.85288
G1 X124.263 Y115.683 E1490.86238
G1 X124.513 Y115.838 E1490.87217
G1 X124.787 Y115.967 E1490.88224
G1 X125.042 Y116.057 E1490.89123
G1 X125.342 Y116.133 E1490.90153
G1 X125.653 Y116.182 E1490.912
G1 X125.921 Y116.201 E1490.92094
G1 X126.245 Y116.197 E1490.93171
G1 X126.566 Y116.162 E1490.94245
G1 X126.877 Y116.097 E1490.95302
G1 X127.176 Y116.004 E1490.96343
G1 X127.456 Y115.883 E1490.97358
G1 X127.714 Y115.737 E1490.98344
G1 X127.946 Y115.566 E1490.99303
G1 X128.148 Y115.371 E1491.00236
G1 X128.256 Y115.225 E1491.0084
G1 X128.359 Y115.085 E1491.01418
G1 X128.499 Y114.77 E1491.02565
G1 X128.562 Y114.438 E1491.03689
G1 F2400 E1490.23689
G0 F9000 X128.832 Y114.028
G0 X128.362 Y113.408
G0 X128.369 Y104.188
G0 X128.169 Y104.188
G1 F2400 E1491.03689
G1 F1200 X128.086 Y103.858 E1491.04821
G1 X127.928 Y103.551 E1491.05969
G1 X127.75 Y103.324 E1491.06929
G1 X127.545 Y103.13 E1491.07867
G1 X127.31 Y102.959 E1491.08834
G1 X127.072 Y102.825 E1491.09742
G1 X126.79 Y102.705 E1491.10762
G1 X126.493 Y102.612 E1491.11797
G1 X126.18 Y102.548 E1491.12859
G1 X125.86 Y102.513 E1491.1393
G1 X125.591 Y102.507 E1491.14825
G1 X125.32 Y102.522 E1491.15728
G1 X125.047 Y102.559 E1491.16644
G1 X124.733 Y102.629 E1491.17714
G1 X124.433 Y102.731 E1491.18768
G1 X124.153 Y102.859 E1491.19792
G1 X123.899 Y103.013 E1491.2078
G1 X123.673 Y103.192 E1491.21739
G1 X123.48 Y103.393 E1491.22666
G1 X123.314 Y103.625 E1491.23614
G1 X123.179 Y103.928 E1491.24718
G1 X123.116 Y104.251 E1491.25812
G1 X123.11 Y104.364 E1491.26189
G1 X123.149 Y104.68 E1491.27248
G1 X123.267 Y105 E1491.28382
G1 X123.458 Y105.293 E1491.29545
G1 X123.656 Y105.508 E1491.30517
G1 X123.878 Y105.686 E1491.31464
G1 X124.127 Y105.842 E1491.32441
G1 X124.375 Y105.958 E1491.33352
G1 X124.661 Y106.062 E1491.34364
G1 X124.963 Y106.138 E1491.354
G1 X125.274 Y106.186 E1491.36446
G1 X125.592 Y106.206 E1491.37506
G1 X125.86 Y106.2 E1491.38398
G1 X126.18 Y106.165 E1491.39468
G1 X126.493 Y106.101 E1491.40531
G1 X126.79 Y106.008 E1491.41566
G1 X127.072 Y105.887 E1491.42587
G1 X127.33 Y105.741 E1491.43573
G1 X127.56 Y105.57 E1491.44526
G1 X127.761 Y105.377 E1491.45453
G1 X127.937 Y105.15 E1491.46408
G1 X128.087 Y104.854 E1491.47512
G1 X128.169 Y104.525 E1491.48639
G1 X128.169 Y104.188 E1491.4976
G0 F9000 X128.369 Y104.188
G0 X128.109 Y103.613
G0 X122.831 Y95.756
G0 X122.681 Y95.496
G1 F2400 X122.98 Y95.667 E1491.50906
G1 X123.364 Y95.888 E1491.5238
G1 X124.171 Y96.394 E1491.55548
G1 X124.953 Y96.928 E1491.58697
G1 X125.708 Y97.491 E1491.6183
G1 X126.414 Y98.065 E1491.64856
G1 X127.09 Y98.666 E1491.67864
G1 X127.728 Y99.287 E1491.70826
G1 X128.334 Y99.933 E1491.73772
G1 X128.644 Y100.297 E1491.75362
G1 X128.644 Y113.45 E1492.19109
G1 X128.644 Y113.475 E1492.19152
G1 X128.644 Y113.775 E1492.19871
G1 X128.644 Y114.1 E1492.2028
G1 X128.644 Y114.438 E1492.2054
G1 X128.644 Y114.77 E1492.20851
G1 X128.644 Y115.085 E1492.21403
G1 X128.644 Y115.259 E1492.21903
G1 X128.644 Y123.45 E1492.49146
G1 X128.644 Y123.475 E1492.49189
G1 X128.644 Y123.775 E1492.49909
G1 X128.644 Y124.1 E1492.50318
G1 X128.644 Y124.438 E1492.50578
G1 X128.644 Y124.77 E1492.50889
G1 X128.644 Y125.084 E1492.51516
G1 X128.644 Y125.258 E1492.52016
G1 X128.645 Y127.833 E1492.60581
G1 X128.645 Y128.033 E1492.61246
G1 X128.445 Y128.033 E1492.61676
G1 X122.879 Y128.033 E1492.80189
G1 X122.679 Y128.033 E1492.80854
G1 X122.679 Y127.833 E1492.81285
G1 X122.68 Y123.211 E1492.96658
G1 X121.592 Y123.059 E1493.00312
G1 X121.591 Y101.508 E1493.71991
G1 X121.591 Y101.308 E1493.72656
G1 X121.791 Y101.308 E1493.73086
G1 X122.681 Y101.308 E1493.76047
G1 X122.681 Y95.841 E1493.9423
G1 X122.681 Y95.84 E1493.94233
G1 X122.681 Y95.496 E1493.94883
G0 F9000 X122.831 Y95.756
G0 X124.109 Y100.88
G0 X124.181 Y102.159
G0 X124.04 Y102.159
;TYPE:FILL
G1 F4800 X128.083 Y101.075 E1494.08805
G0 F9000 X128.308 Y104.542
G0 X127.493 Y106.291
G1 F4800 X125.979 Y111.945 E1494.28272
G0 F9000 X124.132 Y112.948
G0 X123.683 Y113.389
G0 X123.385 Y114.052
G0 X123.398 Y114.706
G0 X123.526 Y115.053
G0 X123.945 Y115.605
G0 X124.735 Y116.097
G0 X125.542 Y116.296
G0 X127.757 Y116.357
G1 F4800 X128.084 Y116.684 E1494.29811
G0 F9000 X124.746 Y116.545
G1 F4800 X124.039 Y119.182 E1494.38891
G0 F9000 X124.18 Y119.182
G0 X124.132 Y122.948
G0 X123.683 Y123.389
G0 X123.385 Y124.052
G0 X123.398 Y124.706
G0 X123.526 Y125.053
G0 X123.865 Y125.499
G0 X125.239 Y126.684
G1 F4800 X123.239 Y127.22 E1494.45778
G0 F9000 X123.385 Y124.052
G0 X123.65 Y122.87
G0 X123.47 Y122.656
;TYPE:SKIN
G1 F1500 X123.47 Y122.524 E1494.46217
G1 X122.382 Y122.372 E1494.49871
G1 X122.381 Y104.881 E1495.08046
G1 X122.556 Y105.357 E1495.09733
G1 X122.833 Y105.779 E1495.11412
G1 X123.115 Y106.086 E1495.12798
G1 X123.42 Y106.331 E1495.14099
G1 X123.748 Y106.537 E1495.15388
G1 X123.89 Y106.604 E1495.1591
G1 X123.891 Y112.327 E1495.34945
G1 X123.735 Y112.431 E1495.35568
G1 X123.436 Y112.685 E1495.36873
G1 X123.152 Y113.012 E1495.38314
G1 X122.906 Y113.432 E1495.39933
G1 X122.745 Y113.914 E1495.41623
G1 X122.7 Y114.363 E1495.43124
G1 X122.76 Y114.861 E1495.44792
G1 X122.94 Y115.344 E1495.46506
G1 X123.211 Y115.772 E1495.48191
G1 X123.5 Y116.082 E1495.49601
G1 X123.805 Y116.328 E1495.50904
G1 X123.889 Y116.38 E1495.51233
G1 X123.891 Y122.327 E1495.71013
G1 X123.735 Y122.431 E1495.71636
G1 X123.47 Y122.656 E1495.72792
G0 F9000 X123.65 Y122.87
G0 X124.116 Y122.435
G0 X124.102 Y116.308
G0 X123.26 Y115.478
G0 X123.331 Y113.14
G0 X124.116 Y112.435
G0 X124.113 Y106.472
G0 X123.326 Y105.779
G0 X122.655 Y103.947
G0 X122.381 Y103.893
G1 F750 X122.381 Y102.098 E1495.78763
G1 X123.471 Y102.098 E1495.82388
G1 X123.471 Y101.098 E1495.85714
G1 X123.891 Y101.098 E1495.87111
G1 X123.891 Y102.11 E1495.90477
G1 X123.783 Y102.16 E1495.90873
G1 X123.447 Y102.363 E1495.92178
G1 X123.14 Y102.606 E1495.93481
G1 X122.87 Y102.887 E1495.94777
G1 X122.625 Y103.23 E1495.96179
G1 X122.421 Y103.688 E1495.97846
G1 X122.381 Y103.893 E1495.98541
G0 F9000 X122.655 Y103.947
G0 X124.145 Y102.184
G0 X124.109 Y100.88
G0 X123.263 Y100.88
G0 X123.191 Y101.568
G0 X123.63 Y101.568
G1 F1500 X123.73 Y101.668 E1495.99011
G0 F9000 X123.188 Y102.258
G1 F1500 X123.247 Y102.316 E1495.99286
G0 F9000 X122.943 Y102.579
G1 F1500 X122.622 Y102.258 E1496.00796
G0 F9000 X122.54 Y102.741
G1 F1500 X122.678 Y102.879 E1496.01445
G0 F9000 X123.036 Y103.136
G0 X124.145 Y102.184
G0 X124.109 Y100.88
G0 X123.263 Y100.88
G0 X123.263 Y101.89
G0 X122.173 Y101.89
G0 X122.101 Y106.135
G0 X122.54 Y106.135
G1 F1500 X123.729 Y107.324 E1496.07038
G0 F9000 X123.729 Y106.758
G1 F1500 X123.613 Y106.643 E1496.07581
G0 F9000 X123.848 Y106.271
G0 X122.548 Y104.18
G0 X124.145 Y102.184
G0 X124.109 Y100.88
G0 X123.263 Y100.88
G0 X123.263 Y101.89
G0 X122.173 Y101.89
G0 X122.101 Y106.7
G0 X122.54 Y106.7
G1 F1500 X123.729 Y107.89 E1496.13176
G0 F9000 X123.729 Y108.456
G1 F1500 X122.54 Y107.266 E1496.18771
G0 F9000 X122.54 Y107.832
G1 F1500 X123.729 Y109.021 E1496.24364
G0 F9000 X123.73 Y109.588
G1 F1500 X122.54 Y108.398 E1496.29962
G0 F9000 X122.54 Y108.963
G1 F1500 X123.73 Y110.153 E1496.35559
G0 F9000 X123.73 Y110.719
G1 F1500 X122.54 Y109.529 E1496.41156
G0 F9000 X122.54 Y110.095
G1 F1500 X123.73 Y111.285 E1496.46754
G0 F9000 X123.73 Y111.85
G1 F1500 X122.54 Y110.661 E1496.52349
G0 F9000 X122.54 Y111.227
G1 F1500 X123.625 Y112.311 E1496.5745
G0 F9000 X123.32 Y112.572
G1 F1500 X122.54 Y111.792 E1496.61119
G0 F9000 X122.54 Y112.358
G1 F1500 X123.058 Y112.876 E1496.63555
G0 F9000 X122.842 Y113.225
G1 F1500 X122.54 Y112.924 E1496.64974
G0 F9000 X122.54 Y113.489
G1 F1500 X122.673 Y113.622 E1496.65599
G0 F9000 X123.09 Y113.762
G0 X123.932 Y116.15
G0 X124.116 Y122.435
G0 X123.282 Y123.172
G0 X122.172 Y122.554
G0 X122.101 Y115.187
G0 X122.541 Y115.187
G1 F1500 X122.84 Y115.486 E1496.67006
G0 F9000 X122.541 Y115.753
G1 F1500 X123.728 Y116.94 E1496.72589
G0 F9000 X123.728 Y117.506
G1 F1500 X122.541 Y116.319 E1496.78172
G0 F9000 X122.541 Y116.884
G1 F1500 X123.728 Y118.071 E1496.83755
G0 F9000 X123.729 Y118.638
G1 F1500 X122.541 Y117.45 E1496.89343
G0 F9000 X122.541 Y118.016
G1 F1500 X123.729 Y119.204 E1496.94931
G0 F9000 X123.729 Y119.769
G1 F1500 X122.541 Y118.581 E1497.00519
G0 F9000 X122.541 Y119.147
G1 F1500 X123.73 Y120.336 E1497.06112
G0 F9000 X123.73 Y120.901
G1 F1500 X122.541 Y119.713 E1497.11702
G0 F9000 X122.541 Y120.278
G1 F1500 X123.73 Y121.467 E1497.17295
G0 F9000 X123.73 Y122.033
G1 F1500 X122.541 Y120.844 E1497.22888
G0 F9000 X122.541 Y121.41
G1 F1500 X123.497 Y122.366 E1497.27384
G0 F9000 X122.84 Y122.274
G1 F1500 X122.541 Y121.975 E1497.28791
G0 F9000 X122.101 Y121.975
G0 X122.172 Y122.554
G0 X122.81 Y123.098
G0 X123.27 Y125.461
G0 X123.366 Y125.629
;TYPE:SKIN
G1 F1500 X123.321 Y125.867 E1497.29537
G0 F9000 X123.39 Y125.935
G0 X123.385 Y124.052
G0 X123.683 Y123.389
G0 X124.087 Y123.003
G0 X124.182 Y115.798
G0 X123.73 Y115.371
G0 X123.526 Y115.053
G0 X123.398 Y114.706
G0 X123.385 Y114.052
G0 X123.626 Y113.516
G0 X128.068 Y106.289
G0 X127.958 Y106.179
G1 F1500 X128.035 Y105.973 E1497.30205
G0 F9000 X128.034 Y106.063
G0 X128.308 Y104.542
G0 X128.068 Y102.612
G1 F1500 X127.943 Y102.487 E1497.30499
G0 F9000 X123.369 Y96.782
G1 F1500 X123.255 Y96.667 E1497.30768
G1 F2400 E1496.50768
;MESH:NONMESH
G0 F300 X123.255 Y96.667 Z11.6
G0 F9000 X128.047 Y103.478
G0 X128.524 Y104.349
G0 X129.843 Y104.349
;TIME_ELAPSED:1921.116060
;LAYER:57
;TYPE:SUPPORT-INTERFACE
G1 F2400 E1497.30768
G1 F1267 X130.043 Y104.15 E1497.31706
G0 F9000 X129.842 Y106.083
G1 F1267 X130.444 Y106.685 E1497.34538
G0 F9000 X130.443 Y107.144
G1 F1267 X129.844 Y107.743 E1497.37355
G0 F9000 X129.843 Y109.478
G1 F1267 X130.444 Y110.079 E1497.40182
G0 F9000 X130.443 Y110.538
G1 F1267 X129.843 Y111.138 E1497.43005
G0 F9000 X129.843 Y112.873
G1 F1267 X130.444 Y113.473 E1497.45829
G0 F9000 X130.443 Y113.932
G1 F1267 X129.844 Y114.531 E1497.48647
G0 F9000 X129.843 Y116.267
G1 F1267 X130.444 Y116.867 E1497.51471
G0 F9000 X130.443 Y117.326
G1 F1267 X129.844 Y117.925 E1497.54289
G0 F9000 X129.843 Y119.661
G1 F1267 X130.444 Y120.261 E1497.57113
G0 F9000 X130.443 Y120.72
G1 F1267 X129.844 Y121.319 E1497.59931
G0 F9000 X129.843 Y123.055
G1 F1267 X130.444 Y123.656 E1497.62758
G0 F9000 X130.443 Y124.114
G1 F1267 X129.844 Y124.713 E1497.65575
G0 F9000 X129.843 Y126.449
G1 F1267 X130.444 Y127.05 E1497.68402
G0 F9000 X130.443 Y127.509
G1 F1267 X129.844 Y128.107 E1497.71217
G1 F2400 E1496.91217
;MESH:1x_1xm_pusher.stl
G0 F9000 X128.731 Y127.919
G0 X124.244 Y125.96
G0 X123.745 Y125.606
G0 X123.328 Y125.06
G0 X123.199 Y124.71
G0 X123.17 Y124.37
G0 X123.279 Y123.242
;TYPE:WALL-INNER
G1 F2400 E1497.71217
G1 F2027.2 X123.279 Y123.153 E1497.71513
G1 X123.279 Y122.891 E1497.72385
G1 X123.279 Y122.798 E1497.72694
G1 X123.279 Y115.913 E1497.95594
G1 X123.279 Y115.797 E1497.95979
G1 X123.279 Y115.536 E1497.96848
G1 X123.28 Y115.465 E1497.97084
G1 X123.326 Y115.536 E1497.97099
G1 X123.567 Y115.797 E1497.97726
G1 X123.657 Y115.869 E1497.98061
G1 X123.831 Y116.01 E1497.98806
G1 X124.121 Y116.19 E1497.99941
G1 X124.406 Y116.325 E1498.0099
G1 X124.729 Y116.442 E1498.02133
G1 X125.069 Y116.526 E1498.03298
G1 X125.417 Y116.581 E1498.0447
G1 X125.769 Y116.602 E1498.05642
G1 X126.072 Y116.597 E1498.0665
G1 X126.429 Y116.558 E1498.07845
G1 X126.778 Y116.485 E1498.09031
G1 X127.115 Y116.38 E1498.10205
G1 X127.434 Y116.242 E1498.11361
G1 X127.732 Y116.073 E1498.125
G1 X128.005 Y115.872 E1498.13628
G1 X128.077 Y115.803 E1498.13959
G1 X128.244 Y115.641 E1498.14733
G1 X128.445 Y115.384 E1498.15818
G1 X128.445 Y115.641 E1498.15988
G1 X128.445 Y115.874 E1498.16586
G1 X128.445 Y122.833 E1498.39732
G1 X128.445 Y123.049 E1498.4045
G1 X128.445 Y123.322 E1498.41358
G1 X128.232 Y123.049 E1498.41795
G1 X128.076 Y122.901 E1498.42357
G1 X127.987 Y122.816 E1498.42766
G1 X127.709 Y122.617 E1498.43903
G1 X127.433 Y122.462 E1498.44956
G1 X127.115 Y122.325 E1498.46108
G1 X126.777 Y122.22 E1498.47285
G1 X126.428 Y122.148 E1498.4847
G1 X126.072 Y122.109 E1498.49661
G1 X125.768 Y122.103 E1498.50672
G1 X125.468 Y122.119 E1498.51672
G1 X125.162 Y122.161 E1498.52699
G1 X124.81 Y122.239 E1498.53898
G1 X124.47 Y122.355 E1498.55093
G1 X124.152 Y122.501 E1498.56257
G1 X123.856 Y122.679 E1498.57406
G1 X123.66 Y122.834 E1498.58237
G1 X123.587 Y122.891 E1498.58513
G1 X123.338 Y123.153 E1498.59194
G1 X123.279 Y123.242 E1498.59259
G0 F9000 X123.164 Y124.225
G0 X123.279 Y125.464
G1 F1013.6 X123.326 Y125.536 E1498.59545
G1 X123.567 Y125.797 E1498.60726
G1 X123.657 Y125.869 E1498.6111
G1 X123.831 Y126.01 E1498.61854
G1 X124.121 Y126.19 E1498.6299
G1 X124.406 Y126.325 E1498.64039
G1 X124.729 Y126.442 E1498.65181
G1 X125.069 Y126.526 E1498.66346
G1 X125.417 Y126.581 E1498.67518
G1 X125.769 Y126.602 E1498.68691
G1 X126.072 Y126.597 E1498.69699
G1 X126.429 Y126.558 E1498.70893
G1 X126.778 Y126.485 E1498.72079
G1 X127.115 Y126.38 E1498.73253
G1 X127.434 Y126.242 E1498.74409
G1 X127.732 Y126.073 E1498.75548
G1 X128.005 Y125.872 E1498.76676
G1 X128.077 Y125.803 E1498.77008
G1 X128.244 Y125.641 E1498.77782
G1 X128.445 Y125.384 E1498.78867
G1 X128.445 Y125.641 E1498.79036
G1 X128.445 Y125.874 E1498.79634
G1 X128.445 Y127.633 E1498.85485
G1 X123.279 Y127.633 E1499.02667
G1 X123.279 Y125.913 E1499.08388
G1 X123.279 Y125.797 E1499.08592
G1 X123.279 Y125.536 E1499.08907
G1 X123.279 Y125.464
G0 F9000 X123.099 Y124.292
G0 X123.292 Y124.344
;TYPE:WALL-OUTER
G1 F1013.6 X123.334 Y124.677 E1499.10023
G1 X123.453 Y124.997 E1499.11158
G1 X123.643 Y125.29 E1499.1232
G1 X123.841 Y125.504 E1499.1329
G1 X124.063 Y125.683 E1499.14238
G1 X124.313 Y125.838 E1499.15216
G1 X124.56 Y125.955 E1499.16125
G1 X124.846 Y126.059 E1499.17138
G1 X125.148 Y126.134 E1499.18173
G1 X125.46 Y126.183 E1499.19223
G1 X125.777 Y126.202 E1499.20279
G1 X126.046 Y126.197 E1499.21174
G1 X126.366 Y126.162 E1499.22245
G1 X126.677 Y126.097 E1499.23302
G1 X126.976 Y126.004 E1499.24343
G1 X127.256 Y125.883 E1499.25358
G1 X127.514 Y125.737 E1499.26344
G1 X127.746 Y125.566 E1499.27302
G1 X127.946 Y125.373 E1499.28227
G1 X128.123 Y125.146 E1499.29184
G1 X128.272 Y124.85 E1499.30286
G1 X128.354 Y124.522 E1499.31411
G1 X128.354 Y124.184 E1499.32535
G1 X128.271 Y123.855 E1499.33663
G1 X128.114 Y123.548 E1499.3481
G1 X127.935 Y123.319 E1499.35777
G1 X127.731 Y123.125 E1499.36713
G1 X127.494 Y122.955 E1499.37683
G1 X127.256 Y122.821 E1499.38592
G1 X126.976 Y122.701 E1499.39605
G1 X126.677 Y122.608 E1499.40646
G1 X126.366 Y122.544 E1499.41703
G1 X126.046 Y122.509 E1499.42773
G1 X125.775 Y122.503 E1499.43675
G1 X125.506 Y122.518 E1499.44571
G1 X125.232 Y122.555 E1499.4549
G1 X124.918 Y122.625 E1499.4656
G1 X124.618 Y122.727 E1499.47614
G1 X124.339 Y122.855 E1499.48635
G1 X124.084 Y123.009 E1499.49626
G1 X123.857 Y123.188 E1499.50588
G1 X123.652 Y123.403 E1499.51576
G1 X123.465 Y123.685 E1499.52701
G1 X123.34 Y124.006 E1499.53847
G1 X123.3 Y124.309 E1499.54863
G1 X123.292 Y124.344 E1499.54983
G0 F9000 X123.099 Y124.292
G0 X123.162 Y114.289
G0 X123.28 Y113.241
;TYPE:WALL-INNER
G1 F2027.2 X123.28 Y113.153 E1499.55275
G1 X123.28 Y112.891 E1499.56147
G1 X123.28 Y112.797 E1499.5646
G1 X123.28 Y106.222 E1499.78328
G1 X123.28 Y106.013 E1499.79023
G1 X123.28 Y105.88 E1499.79466
G1 X123.446 Y106.013 E1499.79759
G1 X123.623 Y106.123 E1499.80275
G1 X123.719 Y106.183 E1499.80652
G1 X124.025 Y106.33 E1499.81781
G1 X124.351 Y106.447 E1499.82933
G1 X124.69 Y106.532 E1499.84096
G1 X125.039 Y106.585 E1499.8527
G1 X125.393 Y106.606 E1499.86449
G1 X125.75 Y106.595 E1499.87637
G1 X126.097 Y106.551 E1499.888
G1 X126.395 Y106.489 E1499.89813
G1 X126.729 Y106.384 E1499.90977
G1 X127.05 Y106.246 E1499.92139
G1 X127.349 Y106.077 E1499.93282
G1 X127.619 Y105.876 E1499.94401
G1 X127.859 Y105.645 E1499.95509
G1 X128.049 Y105.4 E1499.9654
G1 X128.08 Y105.36 E1499.96709
G1 X128.264 Y104.994 E1499.98071
G1 X128.369 Y104.574 E1499.99511
G1 X128.369 Y104.138 E1500.00961
G1 X128.263 Y103.716 E1500.02408
G1 X128.22 Y103.633 E1500.02719
G1 X128.066 Y103.335 E1500.03835
G1 X128.048 Y103.312 E1500.03932
G1 X127.843 Y103.048 E1500.05044
G1 X127.594 Y102.816 E1500.06176
G1 X127.318 Y102.617 E1500.07308
G1 X127.015 Y102.451 E1500.08457
G1 X126.728 Y102.329 E1500.09494
G1 X126.393 Y102.224 E1500.10662
G1 X126.043 Y102.153 E1500.11849
G1 X125.742 Y102.118 E1500.12857
G1 X125.443 Y102.107 E1500.13852
G1 X125.129 Y102.12 E1500.14898
G1 X124.771 Y102.166 E1500.16098
G1 X124.418 Y102.246 E1500.17302
G1 X124.078 Y102.361 E1500.18496
G1 X123.76 Y102.508 E1500.19661
G1 X123.628 Y102.589 E1500.20176
G1 X123.463 Y102.689 E1500.20818
G1 X123.281 Y102.835 E1500.21594
G1 X123.281 Y102.689 E1500.21638
G1 X123.281 Y102.496 E1500.22128
G1 X123.281 Y96.794 E1500.41093
G1 X123.281 Y96.793 E1500.41096
G1 X123.281 Y96.434 E1500.4229
G1 X123.586 Y96.625 E1500.42964
G1 X123.752 Y96.729 E1500.43615
G1 X124.514 Y97.249 E1500.46683
G1 X125.269 Y97.812 E1500.49816
G1 X125.948 Y98.364 E1500.52726
G1 X126.611 Y98.953 E1500.55676
G1 X127.236 Y99.561 E1500.58576
G1 X127.842 Y100.207 E1500.61522
G1 X128.382 Y100.842 E1500.64295
G1 X128.443 Y100.922 E1500.64629
G1 X128.445 Y102.109 E1500.68577
G1 X128.444 Y103.305 E1500.72555
G1 X128.444 Y103.335 E1500.72621
G1 X128.443 Y103.517 E1500.7305
G1 X128.445 Y103.674 E1500.73388
G1 X128.445 Y103.716 E1500.73421
G1 X128.445 Y104.138 E1500.73868
G1 X128.445 Y104.574 E1500.74144
G1 X128.445 Y104.994 E1500.74588
G1 X128.444 Y105.36 E1500.75483
G1 X128.444 Y105.411 E1500.75645
G1 X128.443 Y106.139 E1500.78067
G1 X128.445 Y106.251 E1500.78439
G1 X128.443 Y111.708 E1500.96589
G1 X128.445 Y111.987 E1500.97517
G1 X128.445 Y112.833 E1501.00331
G1 X128.445 Y113.049 E1501.0105
G1 X128.445 Y113.322 E1501.01958
G1 X128.232 Y113.049 E1501.02394
G1 X128.076 Y112.901 E1501.02956
G1 X127.987 Y112.816 E1501.03365
G1 X127.709 Y112.617 E1501.04502
G1 X127.433 Y112.462 E1501.05555
G1 X127.115 Y112.325 E1501.06707
G1 X126.777 Y112.22 E1501.07884
G1 X126.428 Y112.148 E1501.09069
G1 X126.072 Y112.109 E1501.1026
G1 X125.768 Y112.103 E1501.11272
G1 X125.468 Y112.119 E1501.12271
G1 X125.162 Y112.161 E1501.13298
G1 X124.81 Y112.239 E1501.14497
G1 X124.47 Y112.355 E1501.15692
G1 X124.152 Y112.501 E1501.16856
G1 X123.856 Y112.679 E1501.18005
G1 X123.66 Y112.833 E1501.18834
G1 X123.587 Y112.891 E1501.19112
G1 X123.338 Y113.153 E1501.1979
G1 X123.28 Y113.241 E1501.19854
G0 F9000 X123.099 Y114.292
G0 X123.292 Y114.344
;TYPE:WALL-OUTER
G1 F1013.6 X123.334 Y114.677 E1501.2097
G1 X123.453 Y114.997 E1501.22106
G1 X123.643 Y115.29 E1501.23267
G1 X123.841 Y115.504 E1501.24237
G1 X124.063 Y115.683 E1501.25186
G1 X124.313 Y115.838 E1501.26164
G1 X124.56 Y115.955 E1501.27073
G1 X124.846 Y116.059 E1501.28085
G1 X125.148 Y116.134 E1501.2912
G1 X125.46 Y116.183 E1501.30171
G1 X125.777 Y116.202 E1501.31227
G1 X126.046 Y116.197 E1501.32122
G1 X126.366 Y116.162 E1501.33192
G1 X126.677 Y116.097 E1501.34249
G1 X126.976 Y116.004 E1501.35291
G1 X127.256 Y115.883 E1501.36305
G1 X127.514 Y115.737 E1501.37291
G1 X127.746 Y115.566 E1501.3825
G1 X127.946 Y115.373 E1501.39174
G1 X128.123 Y115.146 E1501.40132
G1 X128.272 Y114.85 E1501.41234
G1 X128.354 Y114.522 E1501.42358
G1 X128.354 Y114.184 E1501.43482
G1 X128.271 Y113.855 E1501.44611
G1 X128.114 Y113.548 E1501.45758
G1 X127.935 Y113.319 E1501.46725
G1 X127.731 Y113.125 E1501.47661
G1 X127.494 Y112.955 E1501.48631
G1 X127.256 Y112.821 E1501.49539
G1 X126.976 Y112.701 E1501.50553
G1 X126.677 Y112.608 E1501.51594
G1 X126.366 Y112.544 E1501.5265
G1 X126.046 Y112.509 E1501.53721
G1 X125.775 Y112.503 E1501.54622
G1 X125.506 Y112.518 E1501.55518
G1 X125.232 Y112.555 E1501.56438
G1 X124.918 Y112.625 E1501.57508
G1 X124.618 Y112.727 E1501.58562
G1 X124.339 Y112.855 E1501.59583
G1 X124.084 Y113.009 E1501.60574
G1 X123.857 Y113.188 E1501.61535
G1 X123.652 Y113.403 E1501.62523
G1 X123.465 Y113.685 E1501.63649
G1 X123.34 Y114.006 E1501.64794
G1 X123.3 Y114.309 E1501.65811
G1 X123.292 Y114.344 E1501.6593
G1 F2400 E1500.8593
G0 F9000 X123.099 Y114.292
G0 X122.985 Y105.071
G0 X122.909 Y104.35
G1 F2400 E1501.6593
G1 F1013.6 X122.95 Y104.686 E1501.67056
G1 X123.069 Y105.006 E1501.68192
G1 X123.261 Y105.298 E1501.69354
G1 X123.276 Y105.314 E1501.69427
G1 X123.456 Y105.508 E1501.70307
G1 X123.678 Y105.686 E1501.71254
G1 X123.912 Y105.832 E1501.72171
G1 X124.18 Y105.961 E1501.7316
G1 X124.467 Y106.064 E1501.74174
G1 X124.769 Y106.139 E1501.75209
G1 X125.081 Y106.187 E1501.76259
G1 X125.399 Y106.206 E1501.77319
G1 X125.718 Y106.196 E1501.7838
G1 X126.031 Y106.156 E1501.7943
G1 X126.294 Y106.101 E1501.80324
G1 X126.59 Y106.008 E1501.81356
G1 X126.872 Y105.887 E1501.82376
G1 X127.13 Y105.741 E1501.83362
G1 X127.36 Y105.57 E1501.84315
G1 X127.561 Y105.377 E1501.85242
G1 X127.74 Y105.146 E1501.86214
G1 X127.887 Y104.854 E1501.87302
G1 X127.969 Y104.525 E1501.88429
G1 X127.969 Y104.188 E1501.8955
G1 X127.886 Y103.858 E1501.90682
G1 X127.728 Y103.551 E1501.9183
G1 X127.547 Y103.319 E1501.92809
G1 X127.34 Y103.126 E1501.9375
G1 X127.104 Y102.956 E1501.94718
G1 X126.84 Y102.811 E1501.95719
G1 X126.59 Y102.705 E1501.96623
G1 X126.293 Y102.612 E1501.97658
G1 X125.98 Y102.548 E1501.9872
G1 X125.712 Y102.517 E1501.99618
G1 X125.444 Y102.507 E1502.0051
G1 X125.163 Y102.519 E1502.01445
G1 X124.841 Y102.56 E1502.02525
G1 X124.527 Y102.631 E1502.03595
G1 X124.227 Y102.733 E1502.04649
G1 X123.948 Y102.862 E1502.05672
G1 X123.693 Y103.017 E1502.06664
G1 X123.469 Y103.196 E1502.07618
G1 X123.278 Y103.394 E1502.08533
G1 X123.274 Y103.398 E1502.08552
G1 X123.077 Y103.694 E1502.09734
G1 X122.954 Y104.016 E1502.10881
G1 X122.916 Y104.313 E1502.11877
G1 X122.909 Y104.35 E1502.12002
G1 F2400 E1501.32002
G0 F9000 X122.991 Y103.683
G0 X123.182 Y103.322
G0 X123.081 Y95.986
G0 X122.881 Y95.726
G1 F2400 E1502.12002
G1 F2027.2 X123.157 Y95.885 E1502.13061
G1 X123.251 Y95.943 E1502.13429
G1 X123.978 Y96.399 E1502.16283
G1 X124.753 Y96.928 E1502.19404
G1 X125.508 Y97.491 E1502.22536
G1 X126.214 Y98.065 E1502.25563
G1 X126.89 Y98.666 E1502.28571
G1 X127.528 Y99.287 E1502.31532
G1 X128.134 Y99.933 E1502.34478
G1 X128.687 Y100.583 E1502.37317
G1 X128.843 Y100.786 E1502.38168
G1 X128.845 Y102.11 E1502.42572
G1 X128.843 Y103.515 E1502.47245
G1 X128.845 Y103.674 E1502.47774
G1 X128.843 Y106.136 E1502.55963
G1 X128.845 Y106.251 E1502.56345
G1 X128.843 Y111.707 E1502.74492
G1 X128.845 Y111.987 E1502.75423
G1 X128.845 Y128.033 E1503.28792
G1 X122.879 Y128.033 E1503.48635
G1 X122.879 Y105.32 E1504.24179
G1 X122.879 Y105.298 E1504.24202
G1 X122.879 Y105.006 E1504.24882
G1 X122.879 Y104.686 E1504.25218
G1 X122.879 Y104.35 E1504.25357
G1 X122.879 Y104.313
G1 X122.879 Y104.016 E1504.25494
G1 X122.879 Y103.694 E1504.25848
G1 X122.879 Y103.398 E1504.26564
G1 X122.879 Y103.392 E1504.26584
G1 X122.88 Y95.996 E1504.51183
G1 X122.88 Y95.885 E1504.51312
G1 X122.881 Y95.726 E1504.51384
G0 F9000 X123.03 Y95.986
G0 X125.363 Y101.95
;TYPE:FILL
G1 F4054.5 X128.282 Y101.168 E1504.61435
G0 F9000 X128.108 Y104.542
G0 X127.358 Y106.254
G1 F4054.5 X125.833 Y111.944 E1504.81028
G0 F9000 X124.002 Y112.403
G1 F4054.5 X123.438 Y111.839 E1504.83681
G0 F9000 X123.151 Y114.335
G0 X123.199 Y114.71
G0 X123.328 Y115.06
G0 X124.595 Y116.563
G1 F4054.5 X123.439 Y120.879 E1504.98542
G0 F9000 X127.81 Y116.211
G1 F4054.5 X128.284 Y116.685 E1505.00771
G0 F9000 X128.493 Y124.539
G0 X128.057 Y126.075
G1 F4054.5 X127.962 Y126.1 E1505.01098
G0 F9000 X125.545 Y126.748
G1 F4054.5 X123.439 Y127.312 E1505.0835
G0 F9000 X123.454 Y126.295
G0 X123.555 Y126.193
;TYPE:SKIN
G1 F1267 X123.477 Y125.989 E1505.08936
G0 F9000 X123.419 Y126.075
G0 X123.162 Y124.289
G0 X123.453 Y122.62
G1 F1267 X123.61 Y122.462 E1505.09306
G0 F9000 X125.812 Y122.38
G0 X127.992 Y122.605
G0 X128.026 Y122.571
G1 F1267 X128.21 Y122.671 E1505.09743
G0 F9000 X128.269 Y122.612
G0 X128.493 Y124.167
G0 X128.279 Y126.034
G0 X128.269 Y126.005
G1 F1267 X128.091 Y126.183 E1505.10162
G0 F9000 X128.493 Y124.539
G0 X128.158 Y116.217
G0 X128.213 Y116.161
G1 F1267 X127.986 Y116.106 E1505.10497
G0 F9000 X127.97 Y116.122
G0 X128.493 Y114.539
G0 X128.133 Y112.76
G0 X128.235 Y112.745
G1 F1267 X128.158 Y112.539 E1505.11161
G0 F9000 X128.266 Y112.432
G0 X126.023 Y112.391
G0 X123.675 Y112.498
G0 X123.566 Y112.607
G1 F1267 X123.474 Y112.416 E1505.11767
G0 F9000 X123.494 Y112.396
G0 X123.151 Y114.335
G0 X123.591 Y116.006
G0 X123.504 Y116.062
G1 F1267 X123.658 Y116.191 E1505.12253
G0 F9000 X123.711 Y116.138
G0 X123.199 Y114.71
G0 X123.162 Y114.289
G0 X123.205 Y113.97
G0 X128.054 Y105.856
G1 F1267 X128.267 Y105.643 E1505.12754
G0 F9000 X128.133 Y103.182
G0 X128.221 Y103.144
G1 F1267 X128.159 Y102.922 E1505.1348
G0 F9000 X128.267 Y102.814
G0 X123.583 Y97.034
G0 X123.644 Y96.972
G1 F1267 X123.495 Y96.838 E1505.13957
G0 F9000 X123.455 Y96.878
G1 F2400 E1504.33957
;MESH:NONMESH
G0 F300 X123.455 Y96.878 Z11.8
G0 F9000 X127.846 Y103.475
G0 X128.017 Y103.807
G0 X128.725 Y108.666
G0 X130.244 Y108.668
;TIME_ELAPSED:1938.421685
;LAYER:58
;TYPE:SUPPORT
G1 F2400 E1505.13957
G1 F1687 X130.244 Y111.597 E1505.23699
G1 X130.243 Y111.408 E1505.24327
G1 X130.244 Y108.668 E1505.33441
G1 F2400 E1504.53441
;MESH:1x_1xm_pusher.stl
G0 F9000 X131.109 Y108.667
G0 X127.139 Y114.752
G0 X127.911 Y115.397
G0 X128.564 Y124.463
;TYPE:WALL-INNER
G1 F2400 E1505.33441
G1 F1687 X128.537 Y124.027 E1505.34894
G1 X128.407 Y123.612 E1505.3634
G1 X128.258 Y123.358 E1505.3732
G1 X128.188 Y123.24 E1505.37776
G1 X127.95 Y122.965 E1505.38985
G1 X127.691 Y122.743 E1505.4012
G1 X127.406 Y122.554 E1505.41257
G1 X127.094 Y122.397 E1505.42419
G1 X126.801 Y122.286 E1505.43461
G1 X126.463 Y122.193 E1505.44627
G1 X126.111 Y122.132 E1505.45815
G1 X125.806 Y122.107 E1505.46833
G1 X125.508 Y122.104 E1505.47824
G1 X125.195 Y122.127 E1505.48868
G1 X124.836 Y122.184 E1505.50077
G1 X124.488 Y122.277 E1505.51275
G1 X124.154 Y122.403 E1505.52463
G1 X123.868 Y122.549 E1505.53531
G1 X123.843 Y122.561 E1505.53623
G1 X123.559 Y122.75 E1505.54758
G1 X123.479 Y122.819 E1505.55109
G1 X123.479 Y122.75
G1 X123.479 Y122.561 E1505.55389
G1 X123.479 Y122.533 E1505.55479
G1 X123.479 Y116.231 E1505.7644
G1 X123.479 Y116.011 E1505.77171
G1 X123.48 Y115.888 E1505.7758
G1 X123.631 Y116.011 E1505.77839
G1 X123.818 Y116.126 E1505.78372
G1 X123.906 Y116.18 E1505.78715
G1 X124.212 Y116.327 E1505.79844
G1 X124.535 Y116.442 E1505.80984
G1 X124.874 Y116.528 E1505.82148
G1 X125.225 Y116.582 E1505.83329
G1 X125.578 Y116.602 E1505.84505
G1 X125.934 Y116.592 E1505.85689
G1 X126.286 Y116.547 E1505.8687
G1 X126.629 Y116.471 E1505.88038
G1 X126.959 Y116.364 E1505.89192
G1 X127.272 Y116.223 E1505.90334
G1 X127.563 Y116.054 E1505.91453
G1 X127.834 Y115.848 E1505.92585
G1 X128.116 Y115.561 E1505.93923
G1 X128.254 Y115.361 E1505.94732
G1 X128.323 Y115.26 E1505.95138
G1 X128.484 Y114.887 E1505.9649
G1 X128.564 Y114.463 E1505.97925
G1 X128.537 Y114.027 E1505.99378
G1 X128.407 Y113.612 E1506.00824
G1 X128.258 Y113.358 E1506.01804
G1 X128.188 Y113.24 E1506.0226
G1 X127.95 Y112.965 E1506.0347
G1 X127.691 Y112.743 E1506.04604
G1 X127.406 Y112.554 E1506.05742
G1 X127.094 Y112.397 E1506.06903
G1 X126.801 Y112.286 E1506.07945
G1 X126.463 Y112.193 E1506.09111
G1 X126.111 Y112.132 E1506.103
G1 X125.806 Y112.107 E1506.11317
G1 X125.508 Y112.104 E1506.12309
G1 X125.195 Y112.127 E1506.13352
G1 X124.836 Y112.184 E1506.14561
G1 X124.488 Y112.277 E1506.15759
G1 X124.154 Y112.403 E1506.16947
G1 X123.868 Y112.548 E1506.18013
G1 X123.843 Y112.561 E1506.18107
G1 X123.559 Y112.75 E1506.19242
G1 X123.48 Y112.818 E1506.19588
G1 X123.48 Y112.75
G1 X123.48 Y112.561 E1506.19867
G1 X123.48 Y112.532 E1506.1996
G1 X123.48 Y106.367 E1506.40465
G1 X123.48 Y106.333 E1506.40578
G1 X123.48 Y106.186 E1506.41067
G1 X123.48 Y106.159 E1506.41156
G1 X123.524 Y106.186
G1 X123.831 Y106.333 E1506.41931
G1 X123.863 Y106.344 E1506.42038
G1 X124.158 Y106.45 E1506.43081
G1 X124.5 Y106.533 E1506.44251
G1 X124.845 Y106.585 E1506.45412
G1 X125.199 Y106.606 E1506.46591
G1 X125.556 Y106.595 E1506.47779
G1 X125.908 Y106.549 E1506.4896
G1 X126.25 Y106.473 E1506.50125
G1 X126.579 Y106.365 E1506.51277
G1 X126.894 Y106.225 E1506.52423
G1 X127.186 Y106.052 E1506.53552
G1 X127.453 Y105.848 E1506.5467
G1 X127.73 Y105.565 E1506.55987
G1 X127.939 Y105.262 E1506.57211
G1 X128.101 Y104.89 E1506.5856
G1 X128.178 Y104.464 E1506.6
G1 X128.151 Y104.031 E1506.61443
G1 X128.024 Y103.623 E1506.62865
G1 X127.844 Y103.299 E1506.64097
G1 X127.587 Y102.99 E1506.65434
G1 X127.333 Y102.766 E1506.6656
G1 X127.05 Y102.576 E1506.67694
G1 X126.747 Y102.418 E1506.68831
G1 X126.42 Y102.291 E1506.69997
G1 X126.077 Y102.197 E1506.7118
G1 X125.775 Y102.143 E1506.72201
G1 X125.413 Y102.11 E1506.7341
G1 X125.046 Y102.111 E1506.7463
G1 X124.682 Y102.148 E1506.75847
G1 X124.328 Y102.217 E1506.77047
G1 X123.984 Y102.321 E1506.78242
G1 X123.81 Y102.394 E1506.7887
G1 X123.656 Y102.458 E1506.79424
G1 X123.48 Y102.557 E1506.80096
G1 X123.48 Y102.458
G1 X123.48 Y102.291 E1506.80523
G1 X123.48 Y97.036 E1506.98001
G1 X123.48 Y96.733 E1506.99009
G1 X123.481 Y96.685 E1506.99168
G1 X123.558 Y96.733 E1506.99286
G1 X123.808 Y96.903 E1506.99933
G1 X124.314 Y97.249 E1507.01972
G1 X125.069 Y97.812 E1507.05104
G1 X125.748 Y98.364 E1507.08015
G1 X126.411 Y98.953 E1507.10964
G1 X127.036 Y99.561 E1507.13864
G1 X127.642 Y100.207 E1507.1681
G1 X128.189 Y100.85 E1507.19618
G1 X128.643 Y101.44 E1507.22094
G1 X128.645 Y102.094 E1507.2427
G1 X128.643 Y103.46 E1507.28813
G1 X128.645 Y103.576 E1507.29199
G1 X128.643 Y106.358 E1507.38452
G1 X128.645 Y106.454 E1507.38771
G1 X128.643 Y111.409 E1507.55252
G1 X128.645 Y111.719 E1507.56283
G1 X128.645 Y113.317 E1507.61598
G1 X128.645 Y113.612 E1507.62388
G1 X128.645 Y114.027 E1507.62977
G1 X128.645 Y114.463 E1507.63321
G1 X128.645 Y114.887 E1507.63745
G1 X128.645 Y115.26 E1507.64485
G1 X128.645 Y115.383 E1507.64856
G1 X128.645 Y123.317 E1507.91245
G1 X128.645 Y123.612 E1507.92035
G1 X128.645 Y124.027 E1507.92624
G1 X128.645 Y124.463 E1507.92968
G1 X128.645 Y124.887 E1507.94378
G1 X128.645 Y125.26 E1507.95619
G1 X128.645 Y125.383 E1507.96028
G1 X128.645 Y127.633 E1508.03511
G1 X123.479 Y127.633 E1508.20693
G1 X123.479 Y126.231 E1508.25357
G1 X123.479 Y126.011 E1508.26088
G1 X123.479 Y125.887 E1508.26501
G1 X123.631 Y126.011 E1508.26762
G1 X123.818 Y126.126 E1508.27295
G1 X123.906 Y126.18 E1508.27638
G1 X124.212 Y126.327 E1508.28767
G1 X124.535 Y126.442 E1508.29908
G1 X124.874 Y126.528 E1508.31071
G1 X125.225 Y126.582 E1508.32252
G1 X125.578 Y126.602 E1508.33428
G1 X125.934 Y126.592 E1508.34613
G1 X126.286 Y126.547 E1508.35793
G1 X126.629 Y126.471 E1508.36962
G1 X126.959 Y126.364 E1508.38115
G1 X127.272 Y126.223 E1508.39257
G1 X127.563 Y126.054 E1508.40376
G1 X127.834 Y125.848 E1508.41509
G1 X128.116 Y125.561 E1508.42847
G1 X128.254 Y125.361 E1508.43655
G1 X128.323 Y125.26 E1508.44024
G1 X128.484 Y124.887 E1508.44874
G1 X128.564 Y124.463 E1508.45322
G0 F9000 X128.162 Y124.438
;TYPE:WALL-OUTER
G1 F843.5 X128.141 Y124.1 E1508.46449
G1 X128.039 Y123.775 E1508.47582
G1 X127.862 Y123.474 E1508.48743
G1 X127.667 Y123.249 E1508.49733
G1 X127.45 Y123.063 E1508.50684
G1 X127.205 Y122.901 E1508.51661
G1 X126.933 Y122.764 E1508.52674
G1 X126.677 Y122.667 E1508.53584
G1 X126.375 Y122.584 E1508.54626
G1 X126.06 Y122.529 E1508.55689
G1 X125.788 Y122.507 E1508.56597
G1 X125.521 Y122.504 E1508.57485
G1 X125.241 Y122.525 E1508.58419
G1 X124.919 Y122.576 E1508.59503
G1 X124.61 Y122.658 E1508.60567
G1 X124.316 Y122.769 E1508.61612
G1 X124.045 Y122.907 E1508.62623
G1 X123.801 Y123.069 E1508.63598
G1 X123.584 Y123.256 E1508.6455
G1 X123.468 Y123.39 E1508.6514
G1 X123.395 Y123.474 E1508.6551
G1 X123.224 Y123.769 E1508.66644
G1 X123.12 Y124.091 E1508.67769
G1 X123.094 Y124.356 E1508.68655
G1 X123.136 Y124.683 E1508.69752
G1 X123.256 Y125.002 E1508.70885
G1 X123.447 Y125.295 E1508.72049
G1 X123.474 Y125.324 E1508.7218
G1 X123.641 Y125.503 E1508.72995
G1 X123.863 Y125.684 E1508.73947
G1 X124.098 Y125.828 E1508.74864
G1 X124.366 Y125.957 E1508.75853
G1 X124.652 Y126.059 E1508.76863
G1 X124.954 Y126.136 E1508.779
G1 X125.267 Y126.184 E1508.78953
G1 X125.584 Y126.202 E1508.80009
G1 X125.903 Y126.193 E1508.8107
G1 X126.217 Y126.153 E1508.82123
G1 X126.523 Y126.085 E1508.83166
G1 X126.815 Y125.99 E1508.84187
G1 X127.089 Y125.867 E1508.85186
G1 X127.341 Y125.721 E1508.86155
G1 X127.569 Y125.547 E1508.87109
G1 X127.806 Y125.306 E1508.88233
G1 X127.971 Y125.066 E1508.89202
G1 X128.099 Y124.769 E1508.90277
G1 X128.162 Y124.438 E1508.91398
G0 F9000 X128.601 Y124.465
G0 X128.358 Y114.477
G0 X128.162 Y114.438
G1 F843.5 X128.141 Y114.1 E1508.92524
G1 X128.039 Y113.775 E1508.93657
G1 X127.862 Y113.474 E1508.94819
G1 X127.667 Y113.249 E1508.95809
G1 X127.45 Y113.063 E1508.96759
G1 X127.205 Y112.901 E1508.97736
G1 X126.933 Y112.764 E1508.98749
G1 X126.677 Y112.667 E1508.9966
G1 X126.375 Y112.584 E1509.00702
G1 X126.06 Y112.529 E1509.01765
G1 X125.788 Y112.507 E1509.02673
G1 X125.521 Y112.504 E1509.03561
G1 X125.241 Y112.525 E1509.04495
G1 X124.919 Y112.576 E1509.05579
G1 X124.61 Y112.658 E1509.06642
G1 X124.316 Y112.769 E1509.07688
G1 X124.045 Y112.907 E1509.08699
G1 X123.801 Y113.069 E1509.09673
G1 X123.584 Y113.256 E1509.10626
G1 X123.468 Y113.39 E1509.11215
G1 X123.395 Y113.474 E1509.11586
G1 X123.224 Y113.769 E1509.1272
G1 X123.12 Y114.091 E1509.13845
G1 X123.094 Y114.356 E1509.14731
G1 X123.136 Y114.683 E1509.15827
G1 X123.256 Y115.002 E1509.16961
G1 X123.447 Y115.295 E1509.18124
G1 X123.474 Y115.324 E1509.18256
G1 X123.641 Y115.503 E1509.1907
G1 X123.863 Y115.684 E1509.20023
G1 X124.098 Y115.828 E1509.2094
G1 X124.366 Y115.957 E1509.21929
G1 X124.652 Y116.059 E1509.22939
G1 X124.954 Y116.136 E1509.23975
G1 X125.267 Y116.184 E1509.25029
G1 X125.584 Y116.202 E1509.26085
G1 X125.903 Y116.193 E1509.27146
G1 X126.217 Y116.153 E1509.28199
G1 X126.523 Y116.085 E1509.29241
G1 X126.815 Y115.99 E1509.30263
G1 X127.089 Y115.867 E1509.31262
G1 X127.341 Y115.721 E1509.3223
G1 X127.569 Y115.547 E1509.33184
G1 X127.806 Y115.306 E1509.34308
G1 X127.971 Y115.066 E1509.35277
G1 X128.099 Y114.769 E1509.36353
G1 X128.162 Y114.438 E1509.37473
G0 F9000 X128.601 Y114.465
G1 F2400 E1508.57473
G0 F9000 X123.188 Y105.591
G0 X123.201 Y105.21
G0 X122.91 Y104.652
G0 X122.873 Y104.358
G0 X123.031 Y103.515
G0 X123.08 Y103.401
G1 F2400 E1509.37473
G1 F1687 X123.08 Y103.333 E1509.377
G1 X123.08 Y103.137 E1509.38352
G1 X123.08 Y102.995 E1509.38824
G1 X123.081 Y96.322 E1509.61018
G1 X123.081 Y95.961 E1509.62219
G1 X123.387 Y96.153 E1509.62895
G1 X123.771 Y96.394 E1509.64403
G1 X124.553 Y96.928 E1509.67552
G1 X125.308 Y97.491 E1509.70685
G1 X126.014 Y98.065 E1509.73711
G1 X126.69 Y98.666 E1509.76719
G1 X127.328 Y99.287 E1509.79681
G1 X127.934 Y99.933 E1509.82627
G1 X128.494 Y100.591 E1509.855
G1 X129.007 Y101.256 E1509.88294
G1 X129.043 Y101.308 E1509.88504
G1 X129.045 Y102.095 E1509.91122
G1 X129.043 Y103.457 E1509.95652
G1 X129.045 Y103.576 E1509.96048
G1 X129.043 Y106.354 E1510.05287
G1 X129.045 Y106.454 E1510.0562
G1 X129.043 Y111.408 E1510.22097
G1 X129.045 Y111.719 E1510.23131
G1 X129.045 Y128.033 E1510.77392
G1 X123.079 Y128.033 E1510.97235
G1 X123.079 Y125.335 E1511.06209
G1 X123.079 Y125.295 E1511.06276
G1 X123.079 Y125.002 E1511.06924
G1 X123.079 Y124.683 E1511.07222
G1 X123.079 Y124.356 E1511.07318
G1 X123.079 Y124.091 E1511.0738
G1 X123.079 Y123.769 E1511.07619
G1 X123.079 Y123.474 E1511.08167
G1 X123.079 Y123.362 E1511.08503
G1 X123.079 Y115.335 E1511.35201
G1 X123.079 Y115.295 E1511.35269
G1 X123.079 Y115.002 E1511.35917
G1 X123.079 Y114.683 E1511.36214
G1 X123.079 Y114.356 E1511.36311
G1 X123.079 Y114.091 E1511.36372
G1 X123.079 Y113.769 E1511.36611
G1 X123.079 Y113.474 E1511.3716
G1 X123.079 Y113.362 E1511.37496
G1 X123.079 Y105.686 E1511.63026
G1 X123.079 Y105.508 E1511.63618
G1 X123.08 Y105.319 E1511.64247
G1 X123.257 Y105.508 E1511.64568
G1 X123.478 Y105.686 E1511.65317
G1 X123.717 Y105.835 E1511.66254
G1 X123.985 Y105.963 E1511.67242
G1 X124.273 Y106.066 E1511.68259
G1 X124.577 Y106.14 E1511.693
G1 X124.887 Y106.187 E1511.70343
G1 X125.205 Y106.206 E1511.71402
G1 X125.524 Y106.196 E1511.72464
G1 X125.839 Y106.155 E1511.7352
G1 X126.144 Y106.087 E1511.74559
G1 X126.435 Y105.991 E1511.75579
G1 X126.71 Y105.869 E1511.76579
G1 X126.962 Y105.72 E1511.77553
G1 X127.187 Y105.548 E1511.78495
G1 X127.42 Y105.31 E1511.79603
G1 X127.588 Y105.067 E1511.80585
G1 X127.716 Y104.773 E1511.81652
G1 X127.776 Y104.441 E1511.82774
G1 X127.755 Y104.104 E1511.83897
G1 X127.654 Y103.781 E1511.85023
G1 X127.513 Y103.526 E1511.85992
G1 X127.299 Y103.27 E1511.87102
G1 X127.088 Y103.083 E1511.88039
G1 X126.846 Y102.921 E1511.89008
G1 X126.581 Y102.783 E1511.90002
G1 X126.294 Y102.671 E1511.91026
G1 X125.989 Y102.588 E1511.92078
G1 X125.721 Y102.54 E1511.92983
G1 X125.395 Y102.51 E1511.94072
G1 X125.067 Y102.511 E1511.95163
G1 X124.741 Y102.544 E1511.96253
G1 X124.424 Y102.606 E1511.97327
G1 X124.119 Y102.698 E1511.98387
G1 X123.832 Y102.818 E1511.99421
G1 X123.569 Y102.966 E1512.00425
G1 X123.449 Y103.053 E1512.00918
G1 X123.335 Y103.137 E1512.01297
G1 X123.13 Y103.333 E1512.01785
G1 X123.08 Y103.401 E1512.0184
G1 F2400 E1511.2184
G0 F9000 X123.031 Y103.515
G0 X123.265 Y103.041
G0 X123.716 Y102.73
G0 X125.787 Y101.982
;TYPE:FILL
G1 F2400 E1512.0184
G1 F3374 X128.334 Y101.3 E1512.1061
G0 F9000 X128.482 Y101.513
G1 F3374 X128.011 Y103.27 E1512.1666
G0 F9000 X127.851 Y104.81
G0 X127.222 Y106.214
G1 F3374 X125.687 Y111.945 E1512.36393
G0 F9000 X124.065 Y112.266
G1 F3374 X123.639 Y111.84 E1512.38397
G0 F9000 X126.718 Y112.534
G0 X127.529 Y112.948
G0 X127.976 Y113.393
G0 X128.166 Y113.717
G0 X128.278 Y114.076
G0 X128.302 Y114.448
G0 X128.095 Y115.132
G0 X127.661 Y115.652
G0 X126.867 Y116.119
G0 X126.326 Y116.238
G0 X124.445 Y116.58
G1 F3374 X123.639 Y119.588 E1512.48755
G0 F9000 X127.842 Y116.043
G1 F3374 X128.484 Y116.686 E1512.51777
G0 F9000 X128.483 Y126.106
G1 F3374 X127.093 Y126.479 E1512.56563
G0 F9000 X126.202 Y126.718
G1 F3374 X123.638 Y127.405 E1512.65392
G0 F9000 X128.235 Y125.689
G0 X128.348 Y125.802
;TYPE:SKIN
G1 F1054.4 X128.41 Y125.582 E1512.66197
G0 F9000 X128.338 Y125.51
G0 X128.469 Y123.095
G1 F1054.4 X128.24 Y122.866 E1512.66736
G0 F9000 X128.29 Y115.845
G0 X128.237 Y115.792
G1 F1054.4 X128.39 Y115.662 E1512.67357
G0 F9000 X128.469 Y115.741
G0 X128.479 Y113.148
G0 X128.318 Y113.044
G1 F1054.4 X128.421 Y112.865 E1512.68287
G0 F9000 X128.469 Y112.912
G0 X128.275 Y105.365
G0 X128.208 Y105.298
G1 F1054.4 X128.347 Y105.154 E1512.68653
G1 X128.396 Y104.071 E1512.70634
G1 X128.359 Y103.469 E1512.71736
G0 F9000 X128.469 Y103.579
G0 X126.334 Y102.538
G0 X125.581 Y102.403
G0 X123.735 Y102.272
G0 X123.731 Y102.235
G1 F1054.4 X123.663 Y102.167 E1512.71896
G0 F9000 X123.856 Y97.268
G1 F1054.4 X123.655 Y97.068 E1512.72367
G0 F9000 X123.467 Y96.792
G1 F2400 E1511.92367
;MESH:NONMESH
G0 F300 X123.467 Y96.792 Z12
G0 F9000 X127.781 Y103.724
G0 X127.892 Y104.08
G0 X128.302 Y114.448
G0 X128.135 Y115.001
G0 X123.68 Y122.543
;TIME_ELAPSED:1953.868084
;LAYER:59
;TYPE:WALL-INNER
;MESH:1x_1xm_pusher.stl
G1 F2400 E1512.72367
G1 F1357.2 X123.68 Y122.507 E1512.72487
G1 X123.68 Y122.359 E1512.72979
G1 X123.68 Y122.345 E1512.73026
G1 X123.68 Y116.44 E1512.92666
G1 X123.68 Y116.234 E1512.93351
G1 X123.68 Y116.16 E1512.93597
G1 X123.809 Y116.234 E1512.93817
G1 X123.998 Y116.316 E1512.94309
G1 X124.123 Y116.371 E1512.94763
G1 X124.454 Y116.477 E1512.95919
G1 X124.799 Y116.552 E1512.97094
G1 X125.152 Y116.593 E1512.98276
G1 X125.506 Y116.602 E1512.99453
G1 X125.859 Y116.58 E1513.0063
G1 X126.209 Y116.524 E1513.01809
G1 X126.548 Y116.436 E1513.02973
G1 X126.872 Y116.317 E1513.04121
G1 X127.178 Y116.168 E1513.05253
G1 X127.461 Y115.986 E1513.06373
G1 X127.721 Y115.77 E1513.07497
G1 X127.982 Y115.474 E1513.08809
G1 X128.176 Y115.161 E1513.10034
G1 X128.314 Y114.78 E1513.11382
G1 X128.368 Y114.353 E1513.12813
G1 X128.313 Y113.92 E1513.14265
G1 X128.162 Y113.52 E1513.15687
G1 X127.964 Y113.206 E1513.16922
G1 X127.693 Y112.91 E1513.18257
G1 X127.427 Y112.695 E1513.19394
G1 X127.137 Y112.516 E1513.20528
G1 X126.824 Y112.368 E1513.21679
G1 X126.494 Y112.252 E1513.22843
G1 X126.197 Y112.18 E1513.23859
G1 X125.842 Y112.125 E1513.25054
G1 X125.478 Y112.104 E1513.26267
G1 X125.111 Y112.115 E1513.27488
G1 X124.747 Y112.163 E1513.28709
G1 X124.395 Y112.244 E1513.2991
G1 X124.071 Y112.355 E1513.3105
G1 X124.058 Y112.359 E1513.31095
G1 X123.739 Y112.507 E1513.32264
G1 X123.68 Y112.543 E1513.32494
G1 X123.68 Y112.507
G1 X123.68 Y112.36 E1513.32792
G1 X123.68 Y112.346 E1513.32837
G1 X123.679 Y108.334 E1513.46181
G1 X123.681 Y108.042 E1513.47152
G1 X123.681 Y106.567 E1513.52058
G1 X123.681 Y106.418 E1513.52554
G1 X123.68 Y106.348 E1513.52787
G1 X123.853 Y106.417 E1513.53116
G1 X123.996 Y106.457 E1513.53497
G1 X124.191 Y106.511 E1513.5417
G1 X124.537 Y106.572 E1513.55339
G1 X124.89 Y106.603 E1513.56518
G1 X125.244 Y106.602 E1513.57695
G1 X125.598 Y106.567 E1513.58878
G1 X125.944 Y106.501 E1513.6005
G1 X126.279 Y106.402 E1513.61212
G1 X126.597 Y106.272 E1513.62354
G1 X126.897 Y106.111 E1513.63487
G1 X127.175 Y105.914 E1513.6462
G1 X127.459 Y105.646 E1513.65919
G1 X127.686 Y105.351 E1513.67157
G1 X127.864 Y104.993 E1513.68486
G1 X127.969 Y104.574 E1513.69923
G1 X127.969 Y104.139 E1513.7137
G1 X127.865 Y103.722 E1513.72799
G1 X127.7 Y103.387 E1513.74041
G1 X127.462 Y103.071 E1513.75357
G1 X127.219 Y102.837 E1513.76479
G1 X126.949 Y102.636 E1513.77599
G1 X126.65 Y102.467 E1513.78741
G1 X126.329 Y102.329 E1513.79903
G1 X125.994 Y102.225 E1513.8107
G1 X125.687 Y102.16 E1513.82114
G1 X125.329 Y102.117 E1513.83313
G1 X124.962 Y102.107 E1513.84534
G1 X124.594 Y102.132 E1513.85761
G1 X124.238 Y102.191 E1513.86961
G1 X124.007 Y102.253 E1513.87757
G1 X123.888 Y102.284 E1513.88166
G1 X123.68 Y102.364 E1513.88907
G1 X123.68 Y102.284
G1 X123.68 Y102.16 E1513.89242
G1 X123.681 Y97.331 E1514.05303
G1 X123.681 Y97.33 E1514.05306
G1 X123.681 Y96.954 E1514.06557
G1 X123.992 Y97.166 E1514.07255
G1 X124.12 Y97.254 E1514.07772
G1 X124.863 Y97.807 E1514.10852
G1 X125.548 Y98.364 E1514.13789
G1 X126.211 Y98.953 E1514.16738
G1 X126.836 Y99.561 E1514.19639
G1 X127.442 Y100.207 E1514.22585
G1 X127.989 Y100.85 E1514.25392
G1 X128.478 Y101.484 E1514.28055
G1 X128.844 Y102.011 E1514.30189
G1 X128.845 Y102.743 E1514.32624
G1 X128.843 Y103.403 E1514.34819
G1 X128.845 Y103.478 E1514.35069
G1 X128.843 Y106.578 E1514.45379
G1 X128.845 Y106.657 E1514.45642
G1 X128.843 Y111.11 E1514.60453
G1 X128.845 Y111.375 E1514.61334
G1 X128.845 Y127.633 E1515.15409
G1 X123.679 Y127.633 E1515.32591
G1 X123.679 Y126.439 E1515.36562
G1 X123.679 Y126.234 E1515.37244
G1 X123.68 Y126.16 E1515.3749
G1 X123.809 Y126.234 E1515.37712
G1 X123.997 Y126.316 E1515.38202
G1 X124.123 Y126.371 E1515.38659
G1 X124.454 Y126.477 E1515.39815
G1 X124.799 Y126.552 E1515.40989
G1 X125.152 Y126.593 E1515.42171
G1 X125.506 Y126.602 E1515.43349
G1 X125.859 Y126.58 E1515.44526
G1 X126.209 Y126.524 E1515.45704
G1 X126.548 Y126.436 E1515.46869
G1 X126.872 Y126.317 E1515.48017
G1 X127.178 Y126.168 E1515.49149
G1 X127.461 Y125.986 E1515.50268
G1 X127.721 Y125.77 E1515.51393
G1 X127.982 Y125.474 E1515.52705
G1 X128.176 Y125.161 E1515.5393
G1 X128.314 Y124.78 E1515.55278
G1 X128.368 Y124.353 E1515.56709
G1 X128.313 Y123.92 E1515.58161
G1 X128.162 Y123.52 E1515.59583
G1 X127.964 Y123.206 E1515.60818
G1 X127.693 Y122.91 E1515.62153
G1 X127.427 Y122.695 E1515.6329
G1 X127.137 Y122.516 E1515.64424
G1 X126.824 Y122.368 E1515.65575
G1 X126.494 Y122.252 E1515.66739
G1 X126.197 Y122.18 E1515.67755
G1 X125.842 Y122.125 E1515.6895
G1 X125.478 Y122.104 E1515.70163
G1 X125.111 Y122.115 E1515.71384
G1 X124.747 Y122.163 E1515.72605
G1 X124.395 Y122.244 E1515.73806
G1 X124.071 Y122.355 E1515.74945
G1 X124.058 Y122.359 E1515.7499
G1 X123.739 Y122.507 E1515.75831
G1 X123.68 Y122.543 E1515.75918
G0 F9000 X123.28 Y123.373
;TYPE:WALL-OUTER
G1 F1357.2 X123.28 Y123.195 E1515.7651
G1 X123.28 Y123.016 E1515.77105
G1 X123.28 Y123.01 E1515.77125
G1 X123.28 Y115.732 E1516.01332
G1 X123.28 Y115.559 E1516.01907
G1 X123.28 Y115.329 E1516.02672
G1 X123.506 Y115.559 E1516.03133
G1 X123.645 Y115.662 E1516.03597
G1 X123.735 Y115.73 E1516.03972
G1 X123.989 Y115.876 E1516.04946
G1 X124.264 Y115.996 E1516.05944
G1 X124.558 Y116.09 E1516.06971
G1 X124.865 Y116.157 E1516.08016
G1 X125.18 Y116.194 E1516.09071
G1 X125.498 Y116.202 E1516.10129
G1 X125.815 Y116.182 E1516.11185
G1 X126.127 Y116.132 E1516.12236
G1 X126.429 Y116.054 E1516.13274
G1 X126.715 Y115.949 E1516.14287
G1 X126.981 Y115.819 E1516.15272
G1 X127.224 Y115.663 E1516.16232
G1 X127.442 Y115.482 E1516.17175
G1 X127.66 Y115.235 E1516.1827
G1 X127.814 Y114.986 E1516.19244
G1 X127.923 Y114.686 E1516.20306
G1 X127.965 Y114.353 E1516.21422
G1 X127.922 Y114.017 E1516.22549
G1 X127.802 Y113.699 E1516.23679
G1 X127.645 Y113.45 E1516.24658
G1 X127.418 Y113.202 E1516.25776
G1 X127.195 Y113.022 E1516.2673
G1 X126.946 Y112.868 E1516.27703
G1 X126.672 Y112.739 E1516.28711
G1 X126.38 Y112.636 E1516.2974
G1 X126.119 Y112.573 E1516.30633
G1 X125.799 Y112.523 E1516.31711
G1 X125.472 Y112.504 E1516.328
G1 X125.143 Y112.514 E1516.33895
G1 X124.818 Y112.557 E1516.34985
G1 X124.505 Y112.629 E1516.36054
G1 X124.207 Y112.731 E1516.37101
G1 X123.928 Y112.86 E1516.38123
G1 X123.678 Y113.013 E1516.39098
G1 X123.673 Y113.016 E1516.39118
G1 X123.448 Y113.195 E1516.40074
G1 X123.28 Y113.373 E1516.40888
G1 X123.28 Y113.195 E1516.40964
G1 X123.28 Y113.017 E1516.41347
G1 X123.28 Y113.011 E1516.41367
G1 X123.279 Y108.331 E1516.56932
G1 X123.281 Y108.041 E1516.57897
G1 X123.281 Y105.989 E1516.64722
G1 X123.281 Y105.79 E1516.65384
G1 X123.28 Y105.682 E1516.65743
G1 X123.438 Y105.789 E1516.66019
G1 X123.614 Y105.88 E1516.66507
G1 X123.7 Y105.925 E1516.6683
G1 X123.981 Y106.037 E1516.67836
G1 X124.28 Y106.12 E1516.68868
G1 X124.59 Y106.175 E1516.69915
G1 X124.907 Y106.203 E1516.70973
G1 X125.224 Y106.202 E1516.72028
G1 X125.541 Y106.171 E1516.73087
G1 X125.849 Y106.112 E1516.7413
G1 X126.146 Y106.024 E1516.7516
G1 X126.426 Y105.91 E1516.76166
G1 X126.686 Y105.77 E1516.77148
G1 X126.921 Y105.604 E1516.78105
G1 X127.161 Y105.377 E1516.79204
G1 X127.345 Y105.138 E1516.80207
G1 X127.487 Y104.854 E1516.81263
G1 X127.569 Y104.525 E1516.82391
G1 X127.569 Y104.188 E1516.83512
G1 X127.487 Y103.86 E1516.84636
G1 X127.358 Y103.597 E1516.85611
G1 X127.162 Y103.337 E1516.86693
G1 X126.96 Y103.143 E1516.87625
G1 X126.73 Y102.972 E1516.88578
G1 X126.472 Y102.826 E1516.89564
G1 X126.19 Y102.705 E1516.90585
G1 X125.893 Y102.612 E1516.9162
G1 X125.622 Y102.555 E1516.92541
G1 X125.299 Y102.516 E1516.93623
G1 X124.97 Y102.507 E1516.94718
G1 X124.641 Y102.53 E1516.95815
G1 X124.322 Y102.583 E1516.9689
G1 X124.012 Y102.665 E1516.97957
G1 X123.72 Y102.778 E1516.98998
G1 X123.616 Y102.831 E1516.99386
G1 X123.45 Y102.916 E1517.00007
G1 X123.28 Y103.03 E1517.00688
G1 X123.28 Y102.916 E1517.00695
G1 X123.28 Y102.729 E1517.01165
G1 X123.28 Y96.498 E1517.21889
G1 X123.28 Y96.394 E1517.22235
G1 X123.281 Y96.212 E1517.2284
G1 X123.57 Y96.394 E1517.23484
G1 X123.655 Y96.452 E1517.23784
G1 X124.359 Y96.933 E1517.2662
G1 X125.102 Y97.486 E1517.297
G1 X125.814 Y98.065 E1517.32753
G1 X126.49 Y98.666 E1517.35761
G1 X127.128 Y99.287 E1517.38722
G1 X127.734 Y99.933 E1517.41668
G1 X128.294 Y100.591 E1517.44542
G1 X128.807 Y101.256 E1517.47336
G1 X129.244 Y101.885 E1517.49883
G1 X129.245 Y102.744 E1517.5274
G1 X129.243 Y103.399 E1517.54919
G1 X129.245 Y103.478 E1517.55181
G1 X129.243 Y106.573 E1517.65475
G1 X129.245 Y106.657 E1517.65755
G1 X129.243 Y111.109 E1517.80562
G1 X129.245 Y111.375 E1517.81447
G1 X129.245 Y128.033 E1518.36852
G1 X123.279 Y128.033 E1518.56695
G1 X123.279 Y125.731 E1518.64351
G1 X123.279 Y125.559 E1518.64923
G1 X123.28 Y125.329 E1518.65688
G1 X123.506 Y125.559 E1518.6615
G1 X123.644 Y125.662 E1518.66612
G1 X123.735 Y125.73 E1518.6699
G1 X123.989 Y125.876 E1518.67965
G1 X124.264 Y125.996 E1518.68963
G1 X124.558 Y126.09 E1518.69989
G1 X124.865 Y126.157 E1518.71034
G1 X125.18 Y126.194 E1518.72089
G1 X125.498 Y126.202 E1518.73147
G1 X125.815 Y126.182 E1518.74204
G1 X126.127 Y126.132 E1518.75255
G1 X126.429 Y126.054 E1518.76292
G1 X126.715 Y125.949 E1518.77305
G1 X126.981 Y125.819 E1518.7829
G1 X127.224 Y125.663 E1518.7925
G1 X127.442 Y125.482 E1518.80193
G1 X127.66 Y125.235 E1518.81289
G1 X127.814 Y124.986 E1518.82262
G1 X127.923 Y124.686 E1518.83324
G1 X127.965 Y124.353 E1518.8444
G1 X127.922 Y124.017 E1518.85567
G1 X127.802 Y123.699 E1518.86697
G1 X127.645 Y123.45 E1518.87677
G1 X127.418 Y123.202 E1518.88795
G1 X127.195 Y123.022 E1518.89748
G1 X126.946 Y122.868 E1518.90722
G1 X126.672 Y122.739 E1518.91729
G1 X126.38 Y122.636 E1518.92759
G1 X126.119 Y122.573 E1518.93652
G1 X125.799 Y122.523 E1518.94729
G1 X125.472 Y122.504 E1518.95819
G1 X125.143 Y122.514 E1518.96913
G1 X124.818 Y122.557 E1518.98004
G1 X124.505 Y122.629 E1518.99072
G1 X124.207 Y122.731 E1519.00119
G1 X123.928 Y122.86 E1519.01142
G1 X123.678 Y123.013 E1519.02117
G1 X123.673 Y123.016 E1519.02136
G1 X123.448 Y123.195 E1519.02882
G1 X123.28 Y123.373 E1519.03178
G1 F2400 E1518.23178
G0 F9000 X123.224 Y123.489
G0 X123.095 Y124.053
G0 X123.091 Y125.358
G0 X123.387 Y125.592
G0 X123.934 Y127.472
;TYPE:FILL
G1 F2400 E1519.03178
G1 F2714.4 X128.683 Y126.2 E1519.1953
G0 F9000 X127.925 Y123.632
G0 X123.839 Y118.292
G1 F2714.4 X124.294 Y116.593 E1519.2538
G0 F9000 X126.058 Y116.265
G0 X127.856 Y115.856
G1 F2714.4 X128.684 Y116.684 E1519.29275
G0 F9000 X128.058 Y113.985
G0 X127.758 Y113.366
G0 X127.325 Y112.953
G0 X125.539 Y111.947
G1 F2714.4 X127.087 Y106.17 E1519.49167
G0 F9000 X127.619 Y104.901
G0 X127.849 Y103.326
G1 F2714.4 X128.325 Y101.548 E1519.55289
G0 F9000 X128.262 Y101.466
G1 F2714.4 X126.021 Y102.066 E1519.63005
G0 F9000 X127.268 Y103.246
G0 X127.618 Y103.813
G0 X127.708 Y104.171
G0 X127.708 Y104.542
G0 X127.636 Y104.832
G0 X123.838 Y111.838
G1 F2714.4 X124.155 Y112.156 E1519.64499
G0 F9000 X126.421 Y112.503
G0 X127.276 Y112.907
G0 X127.758 Y113.366
G0 X128.058 Y113.985
G0 X128.105 Y114.353
G0 X128.059 Y114.721
G0 X127.774 Y115.317
G0 X127.308 Y115.774
G0 X126.473 Y116.187
G0 X125.683 Y116.311
G0 X123.962 Y116.42
G0 X123.936 Y116.479
;TYPE:SKIN
G1 F848.2 X123.873 Y116.543 E1519.64648
G0 F9000 X123.822 Y116.555
G0 X126.153 Y116.269
G0 X126.879 Y116.003
G0 X128.358 Y115.169
G0 X128.513 Y115.013
G1 F848.2 X128.581 Y114.663 E1519.65366
G1 X128.542 Y113.57 E1519.67567
G1 X128.391 Y113.438 E1519.67971
G0 F9000 X128.337 Y113.492
G0 X128.669 Y115.141
G1 F848.2 X128.48 Y115.329 E1519.68414
G0 F9000 X128.669 Y123.343
G0 X128.528 Y123.483
G1 F848.2 X128.567 Y123.727 E1519.68924
G1 X128.588 Y124.555 E1519.70632
G1 X128.535 Y125.173 E1519.71911
G1 X128.645 Y125.346 E1519.72333
G0 F9000 X128.669 Y125.323
G0 X127.708 Y104.171
G0 X127.522 Y103.648
G0 X123.855 Y97.61
G1 F848.2 X124.047 Y97.418 E1519.72785
G0 F9000 X124.218 Y97.452
G1 F2400 E1518.92785
;MESH:NONMESH
G0 F300 X124.218 Y97.452 Z12.2
G0 F9000 X127.618 Y103.813
G0 X127.708 Y104.171
G0 X128.105 Y114.353
G0 X128.059 Y114.721
G0 X127.774 Y115.317
G0 X127.308 Y115.774
G0 X126.473 Y116.187
G0 X125.683 Y116.311
G0 X123.88 Y116.35
;TIME_ELAPSED:1967.593177
;LAYER:60
;TYPE:WALL-INNER
;MESH:1x_1xm_pusher.stl
G1 F2400 E1519.72785
G1 F1223.4 X124.039 Y116.413 E1519.73354
G1 X124.191 Y116.455 E1519.73878
G1 X124.376 Y116.506 E1519.74517
G1 X124.722 Y116.569 E1519.75686
G1 X125.074 Y116.6 E1519.76862
G1 X125.43 Y116.599 E1519.78046
G1 X125.785 Y116.564 E1519.79232
G1 X126.13 Y116.496 E1519.80402
G1 X126.463 Y116.398 E1519.81556
G1 X126.781 Y116.268 E1519.82699
G1 X127.08 Y116.107 E1519.83828
G1 X127.356 Y115.913 E1519.8495
G1 X127.603 Y115.687 E1519.86064
G1 X127.846 Y115.383 E1519.87358
G1 X128.024 Y115.057 E1519.88594
G1 X128.137 Y114.673 E1519.89925
G1 X128.164 Y114.243 E1519.91358
G1 X128.085 Y113.822 E1519.92783
G1 X127.941 Y113.479 E1519.9402
G1 X127.72 Y113.15 E1519.95338
G1 X127.458 Y112.878 E1519.96594
G1 X127.186 Y112.667 E1519.97739
G1 X126.889 Y112.491 E1519.98888
G1 X126.569 Y112.346 E1520.00056
G1 X126.228 Y112.235 E1520.01249
G1 X125.877 Y112.157 E1520.02445
G1 X125.514 Y112.113 E1520.03661
G1 X125.145 Y112.103 E1520.04889
G1 X124.781 Y112.128 E1520.06102
G1 X124.422 Y112.187 E1520.07312
G1 X124.202 Y112.246 E1520.0807
G1 X124.073 Y112.28 E1520.08513
G1 X123.881 Y112.354 E1520.09198
G1 X123.881 Y112.281
G1 X123.881 Y112.147 E1520.09553
G1 X123.881 Y106.587 E1520.28045
G1 X123.881 Y106.558 E1520.28142
G1 X123.88 Y106.484 E1520.28388
G1 X124.228 Y106.557 E1520.29215
G1 X124.256 Y106.56 E1520.29304
G1 X124.579 Y106.597 E1520.30385
G1 X124.933 Y106.606 E1520.31563
G1 X125.289 Y106.582 E1520.3275
G1 X125.636 Y106.525 E1520.33919
G1 X125.976 Y106.437 E1520.35087
G1 X126.299 Y106.316 E1520.36234
G1 X126.605 Y106.165 E1520.37369
G1 X126.888 Y105.981 E1520.38492
G1 X127.145 Y105.765 E1520.39609
G1 X127.399 Y105.475 E1520.40891
G1 X127.594 Y105.155 E1520.42137
G1 X127.73 Y104.784 E1520.43451
G1 X127.781 Y104.357 E1520.44882
G1 X127.73 Y103.932 E1520.46305
G1 X127.602 Y103.575 E1520.47567
G1 X127.4 Y103.24 E1520.48868
G1 X127.151 Y102.955 E1520.50127
G1 X126.889 Y102.734 E1520.51267
G1 X126.601 Y102.548 E1520.52407
G1 X126.287 Y102.392 E1520.53573
G1 X125.952 Y102.27 E1520.54759
G1 X125.601 Y102.181 E1520.55963
G1 X125.241 Y102.128 E1520.57174
G1 X124.877 Y102.108 E1520.58386
G1 X124.51 Y102.12 E1520.59607
G1 X124.222 Y102.159 E1520.60574
G1 X124.148 Y102.169 E1520.60822
G1 X123.881 Y102.232 E1520.61735
G1 X123.881 Y102.169
G1 X123.881 Y102.094 E1520.61954
G1 X123.881 Y97.612 E1520.76861
G1 X123.881 Y97.254 E1520.78051
G1 X123.881 Y97.227 E1520.78141
G1 X123.92 Y97.254 E1520.78194
G1 X124.207 Y97.467 E1520.78902
G1 X124.663 Y97.807 E1520.80794
G1 X125.348 Y98.364 E1520.83731
G1 X126.011 Y98.953 E1520.8668
G1 X126.636 Y99.561 E1520.8958
G1 X127.242 Y100.207 E1520.92526
G1 X127.789 Y100.85 E1520.95334
G1 X128.278 Y101.484 E1520.97997
G1 X128.743 Y102.153 E1521.00707
G1 X129.044 Y102.641 E1521.02614
G1 X129.045 Y127.434 E1521.85076
G1 X129.045 Y127.633 E1521.85738
G1 X128.846 Y127.633 E1521.86166
G1 X123.879 Y127.633 E1522.02686
G1 X123.879 Y126.569 E1522.06225
G1 X123.879 Y126.413 E1522.06744
G1 X123.88 Y126.35 E1522.06954
G1 X124.039 Y126.413 E1522.07254
G1 X124.189 Y126.454 E1522.07648
G1 X124.376 Y126.506 E1522.08293
G1 X124.722 Y126.569 E1522.09463
G1 X125.074 Y126.6 E1522.10638
G1 X125.43 Y126.599 E1522.11822
G1 X125.785 Y126.564 E1522.13009
G1 X126.13 Y126.496 E1522.14178
G1 X126.463 Y126.398 E1522.15333
G1 X126.781 Y126.268 E1522.16476
G1 X127.08 Y126.107 E1522.17605
G1 X127.356 Y125.913 E1522.18727
G1 X127.603 Y125.687 E1522.19841
G1 X127.846 Y125.383 E1522.21135
G1 X128.024 Y125.057 E1522.2237
G1 X128.137 Y124.673 E1522.23702
G1 X128.164 Y124.243 E1522.25135
G1 X128.085 Y123.822 E1522.26559
G1 X127.941 Y123.479 E1522.27797
G1 X127.72 Y123.15 E1522.29115
G1 X127.458 Y122.878 E1522.30371
G1 X127.186 Y122.667 E1522.31516
G1 X126.889 Y122.491 E1522.32664
G1 X126.569 Y122.346 E1522.33833
G1 X126.228 Y122.235 E1522.35026
G1 X125.877 Y122.157 E1522.36221
G1 X125.514 Y122.113 E1522.37438
G1 X125.145 Y122.103 E1522.38665
G1 X124.781 Y122.128 E1522.39879
G1 X124.422 Y122.187 E1522.41089
G1 X124.202 Y122.246 E1522.41847
G1 X124.073 Y122.28 E1522.4229
G1 X123.881 Y122.354 E1522.42975
G1 X123.881 Y122.281
G1 X123.881 Y122.147 E1522.43329
G1 X123.881 Y116.572 E1522.61872
G1 X123.881 Y116.414 E1522.62192
G1 X123.88 Y116.35
G0 F9000 X123.48 Y115.688
;TYPE:WALL-OUTER
G1 F1223.4 X123.622 Y115.785 E1522.62764
G1 X123.811 Y115.883 E1522.63472
G1 X123.884 Y115.921 E1522.63746
G1 X124.167 Y116.033 E1522.64758
G1 X124.465 Y116.116 E1522.65787
G1 X124.775 Y116.172 E1522.66835
G1 X125.091 Y116.2 E1522.6789
G1 X125.41 Y116.199 E1522.68951
G1 X125.727 Y116.168 E1522.7001
G1 X126.035 Y116.107 E1522.71055
G1 X126.331 Y116.02 E1522.72081
G1 X126.61 Y115.906 E1522.73083
G1 X126.87 Y115.766 E1522.74065
G1 X127.105 Y115.601 E1522.7502
G1 X127.31 Y115.413 E1522.75946
G1 X127.512 Y115.161 E1522.7702
G1 X127.652 Y114.903 E1522.77996
G1 X127.741 Y114.603 E1522.79037
G1 X127.762 Y114.268 E1522.80153
G1 X127.7 Y113.938 E1522.8127
G1 X127.587 Y113.67 E1522.82237
G1 X127.407 Y113.402 E1522.83311
G1 X127.19 Y113.176 E1522.84353
G1 X126.961 Y112.998 E1522.85318
G1 X126.704 Y112.846 E1522.86311
G1 X126.424 Y112.719 E1522.87334
G1 X126.123 Y112.621 E1522.88386
G1 X125.809 Y112.552 E1522.89456
G1 X125.484 Y112.512 E1522.90545
G1 X125.154 Y112.503 E1522.91643
G1 X124.828 Y112.526 E1522.9273
G1 X124.506 Y112.579 E1522.93815
G1 X124.197 Y112.661 E1522.94878
G1 X123.904 Y112.774 E1522.95923
G1 X123.814 Y112.821 E1522.96261
G1 X123.634 Y112.914 E1522.96935
G1 X123.481 Y113.017 E1522.97548
G1 X123.481 Y112.915
G1 X123.481 Y112.712 E1522.98046
G1 X123.481 Y106.135 E1523.19921
G1 X123.481 Y106.006 E1523.2035
G1 X123.48 Y105.914 E1523.20656
G1 X123.691 Y106.005 E1523.21075
G1 X123.814 Y106.043 E1523.21421
G1 X123.985 Y106.098 E1523.22019
G1 X124.292 Y106.162 E1523.23062
G1 X124.607 Y106.198 E1523.24116
G1 X124.924 Y106.206 E1523.25171
G1 X125.243 Y106.184 E1523.26235
G1 X125.553 Y106.133 E1523.2728
G1 X125.855 Y106.055 E1523.28317
G1 X126.14 Y105.948 E1523.29329
G1 X126.407 Y105.817 E1523.30319
G1 X126.649 Y105.659 E1523.3128
G1 X126.864 Y105.478 E1523.32215
G1 X127.076 Y105.237 E1523.33282
G1 X127.232 Y104.981 E1523.34279
G1 X127.338 Y104.69 E1523.35309
G1 X127.378 Y104.357 E1523.36425
G1 X127.338 Y104.024 E1523.3754
G1 X127.239 Y103.747 E1523.38519
G1 X127.076 Y103.477 E1523.39568
G1 X126.87 Y103.241 E1523.4061
G1 X126.651 Y103.056 E1523.41563
G1 X126.403 Y102.896 E1523.42545
G1 X126.129 Y102.76 E1523.43562
G1 X125.834 Y102.653 E1523.44606
G1 X125.522 Y102.574 E1523.45676
G1 X125.2 Y102.526 E1523.46759
G1 X124.873 Y102.508 E1523.47849
G1 X124.544 Y102.519 E1523.48943
G1 X124.221 Y102.563 E1523.50028
G1 X123.906 Y102.637 E1523.51104
G1 X123.789 Y102.678 E1523.51516
G1 X123.608 Y102.741 E1523.52154
G1 X123.481 Y102.801 E1523.52621
G1 X123.481 Y102.741
G1 X123.481 Y102.549 E1523.53082
G1 X123.481 Y96.848 E1523.72044
G1 X123.481 Y96.847 E1523.72047
G1 X123.481 Y96.469 E1523.73304
G1 X123.793 Y96.683 E1523.74006
G1 X124.159 Y96.933 E1523.7548
G1 X124.902 Y97.486 E1523.78561
G1 X125.614 Y98.065 E1523.81613
G1 X126.29 Y98.666 E1523.84622
G1 X126.928 Y99.287 E1523.87583
G1 X127.534 Y99.933 E1523.90529
G1 X128.094 Y100.591 E1523.93403
G1 X128.607 Y101.256 E1523.96196
G1 X129.084 Y101.943 E1523.98978
G1 X129.444 Y102.527 E1524.0126
G1 X129.444 Y106.353 E1524.13985
G1 X129.443 Y106.792 E1524.15445
G1 X129.445 Y106.861 E1524.15675
G1 X129.443 Y110.811 E1524.28812
G1 X129.445 Y111.079 E1524.29704
G1 X129.445 Y128.033 E1524.86093
G1 X123.679 Y128.033 E1525.05271
G1 X123.479 Y128.033 E1525.05936
G1 X123.479 Y127.833 E1525.06367
G1 X123.48 Y125.997 E1525.12473
G1 X123.48 Y125.785 E1525.13178
G1 X123.481 Y125.689 E1525.13498
G1 X123.622 Y125.785 E1525.1374
G1 X123.81 Y125.882 E1525.14249
G1 X123.884 Y125.921 E1525.14528
G1 X124.167 Y126.033 E1525.1554
G1 X124.465 Y126.116 E1525.16569
G1 X124.775 Y126.172 E1525.17617
G1 X125.091 Y126.2 E1525.18672
G1 X125.41 Y126.199 E1525.19733
G1 X125.727 Y126.168 E1525.20792
G1 X126.035 Y126.107 E1525.21836
G1 X126.331 Y126.02 E1525.22862
G1 X126.61 Y125.906 E1525.23865
G1 X126.87 Y125.766 E1525.24847
G1 X127.105 Y125.601 E1525.25802
G1 X127.31 Y125.413 E1525.26727
G1 X127.512 Y125.161 E1525.27801
G1 X127.652 Y124.903 E1525.28778
G1 X127.741 Y124.603 E1525.29819
G1 X127.762 Y124.268 E1525.30935
G1 X127.7 Y123.938 E1525.32052
G1 X127.587 Y123.67 E1525.33019
G1 X127.407 Y123.402 E1525.34093
G1 X127.19 Y123.176 E1525.35135
G1 X126.961 Y122.998 E1525.361
G1 X126.704 Y122.846 E1525.37093
G1 X126.424 Y122.719 E1525.38115
G1 X126.123 Y122.621 E1525.39168
G1 X125.809 Y122.552 E1525.40237
G1 X125.484 Y122.512 E1525.41327
G1 X125.154 Y122.503 E1525.42425
G1 X124.828 Y122.526 E1525.43512
G1 X124.506 Y122.579 E1525.44597
G1 X124.197 Y122.661 E1525.4566
G1 X123.904 Y122.774 E1525.46705
G1 X123.814 Y122.821 E1525.47042
G1 X123.634 Y122.914 E1525.47716
G1 X123.481 Y123.017 E1525.4833
G1 X123.481 Y122.915
G1 X123.481 Y122.712 E1525.48827
G1 X123.481 Y115.999 E1525.71155
G1 X123.481 Y115.786 E1525.71664
G1 X123.48 Y115.688
G0 F9000 X123.731 Y116.125
G0 X124.145 Y116.606
;TYPE:FILL
G1 F2446.8 X124.039 Y116.999 E1525.73018
G0 F9000 X126.203 Y116.29
G0 X127.841 Y115.642
G1 F2446.8 X128.884 Y116.685 E1525.77924
G0 F9000 X128.286 Y114.029
G1 F2446.8 X128.883 Y113.869 E1525.79979
G0 F9000 X126.748 Y112.633
G0 X125.392 Y111.95
G1 F2446.8 X126.953 Y106.127 E1526.00031
G0 F9000 X127.572 Y104.746
G0 X127.683 Y103.4
G1 F2446.8 X128.165 Y101.602 E1526.06222
G0 F9000 X128.186 Y101.632
G1 F2446.8 X126.159 Y102.175 E1526.13201
G0 F9000 X127.27 Y103.336
G0 X127.572 Y103.969
G0 X127.619 Y104.357
G0 X127.572 Y104.746
G0 X124.039 Y111.84
G1 F2446.8 X124.261 Y112.062 E1526.14246
G0 F9000 X126.186 Y112.39
G0 X127.096 Y112.799
G0 X127.594 Y113.251
G0 X127.931 Y113.869
G0 X128.883 Y126.292
G1 F2446.8 X124.48 Y127.472 E1526.29407
G0 F9000 X127.256 Y125.788
G0 X127.712 Y125.294
G0 X127.978 Y124.644
G0 X128.002 Y114.254
G0 X127.572 Y103.969
G0 X127.402 Y103.611
G0 X124.191 Y97.887
;TYPE:SKIN
G1 F764.6 X124.055 Y97.751 E1526.29727
G0 F9000 X124.081 Y97.925
G1 F2400 E1525.49727
;MESH:NONMESH
G0 F300 X124.081 Y97.925 Z12.4
G0 F9000 X124.081 Y97.523
;TIME_ELAPSED:1980.076407
;LAYER:61
;TYPE:WALL-INNER
;MESH:1x_1xm_pusher.stl
G1 F2400 E1526.29727
G1 F1139.4 X124.463 Y97.807 E1526.3131
G1 X124.476 Y97.817 E1526.31364
G1 X125.148 Y98.364 E1526.34246
G1 X125.811 Y98.953 E1526.37196
G1 X126.436 Y99.561 E1526.40096
G1 X127.042 Y100.207 E1526.43042
G1 X127.589 Y100.85 E1526.4585
G1 X128.078 Y101.484 E1526.48513
G1 X128.543 Y102.153 E1526.51223
G1 X128.981 Y102.864 E1526.54
G1 X129.244 Y103.345 E1526.55824
G1 X129.245 Y127.434 E1527.35944
G1 X129.245 Y127.633 E1527.36606
G1 X129.046 Y127.633 E1527.37034
G1 X124.079 Y127.633 E1527.53554
G1 X124.079 Y126.684 E1527.56711
G1 X124.079 Y126.508 E1527.57296
G1 X124.08 Y126.48 E1527.57389
G1 X124.183 Y126.508 E1527.57575
G1 X124.356 Y126.539 E1527.57994
G1 X124.531 Y126.571 E1527.58586
G1 X124.883 Y126.6 E1527.5976
G1 X125.238 Y126.598 E1527.60941
G1 X125.592 Y126.563 E1527.62124
G1 X125.937 Y126.495 E1527.63294
G1 X126.271 Y126.396 E1527.64452
G1 X126.589 Y126.265 E1527.65596
G1 X126.886 Y126.103 E1527.66722
G1 X127.16 Y125.91 E1527.67836
G1 X127.408 Y125.683 E1527.68955
G1 X127.648 Y125.382 E1527.70235
G1 X127.826 Y125.051 E1527.71485
G1 X127.937 Y124.673 E1527.72795
G1 X127.964 Y124.243 E1527.74228
G1 X127.885 Y123.822 E1527.75653
G1 X127.738 Y123.473 E1527.76912
G1 X127.519 Y123.149 E1527.78213
G1 X127.253 Y122.874 E1527.79486
G1 X126.98 Y122.663 E1527.80633
G1 X126.682 Y122.487 E1527.81784
G1 X126.362 Y122.343 E1527.82952
G1 X126.02 Y122.232 E1527.84147
G1 X125.668 Y122.156 E1527.85345
G1 X125.306 Y122.112 E1527.86558
G1 X124.937 Y122.104 E1527.87786
G1 X124.575 Y122.129 E1527.88993
G1 X124.369 Y122.164 E1527.89688
G1 X124.215 Y122.189 E1527.90206
G1 X124.081 Y122.225 E1527.90668
G1 X124.081 Y122.19
G1 X124.081 Y122.034 E1527.91056
G1 X124.079 Y118.272 E1528.03568
G1 X124.079 Y116.684 E1528.0885
G1 X124.079 Y116.508 E1528.09435
G1 X124.08 Y116.48 E1528.09529
G1 X124.183 Y116.508 E1528.09715
G1 X124.356 Y116.539 E1528.10133
G1 X124.531 Y116.571 E1528.10725
G1 X124.883 Y116.6 E1528.119
G1 X125.238 Y116.598 E1528.1308
G1 X125.592 Y116.563 E1528.14264
G1 X125.937 Y116.495 E1528.15433
G1 X126.271 Y116.396 E1528.16592
G1 X126.589 Y116.265 E1528.17736
G1 X126.886 Y116.103 E1528.18861
G1 X127.16 Y115.91 E1528.19976
G1 X127.408 Y115.683 E1528.21094
G1 X127.648 Y115.382 E1528.22374
G1 X127.826 Y115.051 E1528.23624
G1 X127.937 Y114.673 E1528.24935
G1 X127.964 Y114.243 E1528.26368
G1 X127.885 Y113.822 E1528.27792
G1 X127.738 Y113.473 E1528.29052
G1 X127.519 Y113.149 E1528.30352
G1 X127.253 Y112.874 E1528.31625
G1 X126.98 Y112.663 E1528.32773
G1 X126.682 Y112.487 E1528.33924
G1 X126.362 Y112.343 E1528.35091
G1 X126.02 Y112.232 E1528.36287
G1 X125.668 Y112.156 E1528.37484
G1 X125.306 Y112.112 E1528.38697
G1 X124.937 Y112.104 E1528.39925
G1 X124.575 Y112.129 E1528.41132
G1 X124.369 Y112.164 E1528.41827
G1 X124.215 Y112.189 E1528.42346
G1 X124.081 Y112.225 E1528.42807
G1 X124.081 Y112.19
G1 X124.081 Y112.034 E1528.43195
G1 X124.081 Y106.699 E1528.60939
G1 X124.081 Y106.588 E1528.61309
G1 X124.08 Y106.56 E1528.61402
G1 X124.268 Y106.587 E1528.61783
G1 X124.379 Y106.592 E1528.62082
G1 X124.624 Y106.606 E1528.62898
G1 X124.978 Y106.592 E1528.64076
G1 X125.327 Y106.546 E1528.65247
G1 X125.671 Y106.469 E1528.66419
G1 X126.002 Y106.356 E1528.67583
G1 X126.312 Y106.215 E1528.68715
G1 X126.602 Y106.041 E1528.6984
G1 X126.867 Y105.836 E1528.70955
G1 X127.132 Y105.563 E1528.7222
G1 X127.347 Y105.246 E1528.73494
G1 X127.499 Y104.894 E1528.74769
G1 X127.574 Y104.524 E1528.76025
G1 X127.568 Y104.141 E1528.77299
G1 X127.483 Y103.771 E1528.78562
G1 X127.32 Y103.421 E1528.79846
G1 X127.1 Y103.113 E1528.81105
G1 X126.859 Y102.871 E1528.82241
G1 X126.591 Y102.664 E1528.83367
G1 X126.292 Y102.488 E1528.84521
G1 X125.969 Y102.345 E1528.85696
G1 X125.63 Y102.234 E1528.86882
G1 X125.275 Y102.158 E1528.8809
G1 X124.913 Y102.115 E1528.89302
G1 X124.546 Y102.108 E1528.90523
G1 X124.341 Y102.123 E1528.91207
G1 X124.181 Y102.133 E1528.9174
G1 X124.081 Y102.15 E1528.92077
G1 X124.081 Y102.133
G1 X124.081 Y101.973 E1528.92464
G1 X124.081 Y97.824 E1529.06264
G1 X124.081 Y97.807
G1 X124.081 Y97.523 E1529.06615
G0 F9000 X123.681 Y96.743
;TYPE:WALL-OUTER
G1 F1139.4 X123.958 Y96.933 E1529.07733
G1 X124.055 Y97.005 E1529.08134
G1 X124.702 Y97.486 E1529.10816
G1 X125.414 Y98.065 E1529.13868
G1 X126.09 Y98.666 E1529.16877
G1 X126.728 Y99.287 E1529.19838
G1 X127.334 Y99.933 E1529.22784
G1 X127.894 Y100.591 E1529.25658
G1 X128.407 Y101.256 E1529.28451
G1 X128.884 Y101.943 E1529.31233
G1 X129.322 Y102.654 E1529.3401
G1 X129.644 Y103.242 E1529.3624
G1 X129.645 Y127.833 E1530.1803
G1 X129.645 Y128.033 E1530.18695
G1 X129.445 Y128.033 E1530.19126
G1 X123.879 Y128.033 E1530.37639
G1 X123.679 Y128.033 E1530.38304
G1 X123.679 Y127.833 E1530.38735
G1 X123.68 Y126.105 E1530.44482
G1 X123.68 Y126.035 E1530.44715
G1 X123.681 Y125.92 E1530.45097
G1 X123.973 Y126.035 E1530.4575
G1 X124.04 Y126.053 E1530.45956
G1 X124.272 Y126.118 E1530.46758
G1 X124.583 Y126.174 E1530.47809
G1 X124.898 Y126.2 E1530.4886
G1 X125.217 Y126.198 E1530.49921
G1 X125.533 Y126.167 E1530.50977
G1 X125.841 Y126.106 E1530.52021
G1 X126.138 Y126.018 E1530.53052
G1 X126.417 Y125.903 E1530.54055
G1 X126.675 Y125.763 E1530.55032
G1 X126.909 Y125.598 E1530.55984
G1 X127.115 Y125.409 E1530.56914
G1 X127.313 Y125.161 E1530.57969
G1 X127.454 Y124.898 E1530.58962
G1 X127.541 Y124.603 E1530.59985
G1 X127.562 Y124.268 E1530.61101
G1 X127.5 Y123.938 E1530.62218
G1 X127.385 Y123.665 E1530.63203
G1 X127.207 Y123.402 E1530.64259
G1 X126.986 Y123.173 E1530.65318
G1 X126.755 Y122.995 E1530.66288
G1 X126.498 Y122.843 E1530.67281
G1 X126.218 Y122.717 E1530.68302
G1 X125.916 Y122.619 E1530.69358
G1 X125.601 Y122.551 E1530.7043
G1 X125.277 Y122.511 E1530.71516
G1 X124.947 Y122.504 E1530.72614
G1 X124.622 Y122.527 E1530.73697
G1 X124.3 Y122.58 E1530.74783
G1 X124.047 Y122.649 E1530.75655
G1 X123.991 Y122.664 E1530.75848
G1 X123.698 Y122.776 E1530.76891
G1 X123.681 Y122.785 E1530.76955
G1 X123.681 Y122.665 E1530.77108
G1 X123.681 Y122.607 E1530.77284
G1 X123.679 Y118.272 E1530.91702
G1 X123.681 Y117.05 E1530.95767
G1 X123.681 Y116.107 E1530.98903
G1 X123.681 Y116.036 E1530.99139
G1 X123.68 Y115.92 E1530.99525
G1 X123.973 Y116.035 E1531.00177
G1 X124.041 Y116.054 E1531.00386
G1 X124.272 Y116.118 E1531.01184
G1 X124.583 Y116.174 E1531.02235
G1 X124.898 Y116.2 E1531.03286
G1 X125.217 Y116.198 E1531.04347
G1 X125.533 Y116.167 E1531.05403
G1 X125.841 Y116.106 E1531.06447
G1 X126.138 Y116.018 E1531.07478
G1 X126.417 Y115.903 E1531.08481
G1 X126.675 Y115.763 E1531.09458
G1 X126.909 Y115.598 E1531.1041
G1 X127.115 Y115.409 E1531.1134
G1 X127.313 Y115.161 E1531.12395
G1 X127.454 Y114.898 E1531.13388
G1 X127.541 Y114.603 E1531.14411
G1 X127.562 Y114.268 E1531.15527
G1 X127.5 Y113.938 E1531.16644
G1 X127.385 Y113.665 E1531.17629
G1 X127.207 Y113.402 E1531.18686
G1 X126.986 Y113.173 E1531.19744
G1 X126.755 Y112.995 E1531.20714
G1 X126.498 Y112.843 E1531.21707
G1 X126.218 Y112.717 E1531.22728
G1 X125.916 Y112.619 E1531.23784
G1 X125.601 Y112.551 E1531.24856
G1 X125.277 Y112.511 E1531.25942
G1 X124.947 Y112.504 E1531.2704
G1 X124.622 Y112.527 E1531.28123
G1 X124.3 Y112.58 E1531.29209
G1 X124.047 Y112.649 E1531.30081
G1 X123.991 Y112.664 E1531.30274
G1 X123.698 Y112.776 E1531.31317
G1 X123.681 Y112.785 E1531.31381
G1 X123.681 Y112.665 E1531.31534
G1 X123.681 Y112.607 E1531.3171
G1 X123.681 Y106.194 E1531.5304
G1 X123.681 Y106.146 E1531.53199
G1 X123.68 Y106.068 E1531.53459
G1 X123.997 Y106.145 E1531.54188
G1 X124.044 Y106.151 E1531.54334
G1 X124.307 Y106.189 E1531.55217
G1 X124.626 Y106.206 E1531.5628
G1 X124.944 Y106.193 E1531.57338
G1 X125.257 Y106.152 E1531.58388
G1 X125.562 Y106.083 E1531.59428
G1 X125.854 Y105.984 E1531.60454
G1 X126.126 Y105.86 E1531.61448
G1 X126.376 Y105.71 E1531.62418
G1 X126.6 Y105.537 E1531.63359
G1 X126.821 Y105.309 E1531.64415
G1 X126.995 Y105.053 E1531.65445
G1 X127.115 Y104.774 E1531.66455
G1 X127.173 Y104.487 E1531.67429
G1 X127.169 Y104.189 E1531.6842
G1 X127.103 Y103.902 E1531.694
G1 X126.973 Y103.624 E1531.7042
G1 X126.793 Y103.372 E1531.7145
G1 X126.594 Y103.172 E1531.72389
G1 X126.366 Y102.996 E1531.73347
G1 X126.109 Y102.844 E1531.7434
G1 X125.826 Y102.719 E1531.75369
G1 X125.526 Y102.621 E1531.76418
G1 X125.21 Y102.553 E1531.77494
G1 X124.885 Y102.515 E1531.78582
G1 X124.556 Y102.508 E1531.79676
G1 X124.228 Y102.531 E1531.8077
G1 X124.008 Y102.568 E1531.81512
G1 X123.908 Y102.585 E1531.81849
G1 X123.681 Y102.647 E1531.82632
G1 X123.681 Y102.585
G1 X123.681 Y102.483 E1531.82916
G1 X123.681 Y97.055 E1532.00969
G1 X123.681 Y96.933 E1532.01143
G1 X123.681 Y96.743 E1532.01264
G0 F9000 X123.925 Y97.214
G0 X126.255 Y102.297
;TYPE:FILL
G1 F2278.9 X128.104 Y101.801 E1532.07631
G0 F9000 X128.003 Y101.657
G1 F2278.9 X127.518 Y103.466 E1532.1386
G0 F9000 X127.363 Y104.707
G0 X126.82 Y106.073
G1 F2278.9 X125.245 Y111.951 E1532.341
G0 F9000 X124.396 Y111.996
G1 F2278.9 X124.239 Y111.839 E1532.34839
G0 F9000 X126.608 Y112.63
G0 X127.146 Y112.995
G0 X128.122 Y114.22
G1 F2278.9 X129.083 Y113.963 E1532.38148
G0 F9000 X127.812 Y115.412
G1 F2278.9 X129.083 Y116.683 E1532.44126
G0 F9000 X129.084 Y126.385
G1 F2278.9 X125.028 Y127.472 E1532.58092
G0 F9000 X127.291 Y125.573
G0 X127.677 Y124.989
G0 X127.778 Y124.644
G0 X127.802 Y114.254
G0 X127.408 Y104.161
G0 X127.224 Y103.629
G0 X124.397 Y98.2
G0 X124.457 Y98.139
;TYPE:SKIN
G1 F712.1 X124.309 Y98.004 E1532.5863
G0 F9000 X124.281 Y98.224
G1 F2400 E1531.7863
;MESH:NONMESH
G0 F300 X124.281 Y98.224 Z12.6
G0 F9000 X124.281 Y97.821
;TIME_ELAPSED:1992.206918
;LAYER:62
;TYPE:WALL-INNER
;MESH:1x_1xm_pusher.stl
G1 F2400 E1532.5863
G1 F1092.2 X124.605 Y98.085 E1532.6002
G1 X124.948 Y98.364 E1532.61491
G1 X125.611 Y98.953 E1532.64441
G1 X126.236 Y99.561 E1532.67341
G1 X126.842 Y100.207 E1532.70287
G1 X127.389 Y100.85 E1532.73095
G1 X127.878 Y101.484 E1532.75758
G1 X128.343 Y102.153 E1532.78467
G1 X128.781 Y102.864 E1532.81245
G1 X129.156 Y103.55 E1532.83845
G1 X129.444 Y104.157 E1532.8608
G1 X129.445 Y127.434 E1533.63499
G1 X129.445 Y127.633 E1533.64161
G1 X129.246 Y127.633 E1533.64589
G1 X124.478 Y127.633 E1533.80448
G1 X124.279 Y127.633 E1533.8111
G1 X124.279 Y127.434 E1533.81538
G1 X124.28 Y126.701 E1533.83976
G1 X124.28 Y126.585 E1533.84362
G1 X124.281 Y126.56 E1533.84445
G1 X124.456 Y126.585 E1533.84797
G1 X124.572 Y126.59 E1533.85106
G1 X124.808 Y126.602 E1533.85892
G1 X125.163 Y126.59 E1533.87073
G1 X125.516 Y126.543 E1533.88258
G1 X125.859 Y126.463 E1533.89429
G1 X126.185 Y126.352 E1533.90575
G1 X126.497 Y126.211 E1533.91713
G1 X126.787 Y126.038 E1533.92836
G1 X127.053 Y125.831 E1533.93957
G1 X127.319 Y125.558 E1533.95225
G1 X127.533 Y125.24 E1533.965
G1 X127.683 Y124.89 E1533.97767
G1 X127.759 Y124.522 E1533.99016
G1 X127.753 Y124.136 E1534.003
G1 X127.667 Y123.769 E1534.01554
G1 X127.506 Y123.418 E1534.02838
G1 X127.285 Y123.109 E1534.04102
G1 X127.045 Y122.866 E1534.05238
G1 X126.774 Y122.66 E1534.0637
G1 X126.477 Y122.484 E1534.07518
G1 X126.155 Y122.341 E1534.0869
G1 X125.814 Y122.23 E1534.09883
G1 X125.461 Y122.154 E1534.11084
G1 X125.098 Y122.111 E1534.123
G1 X124.73 Y122.104 E1534.13524
G1 X124.534 Y122.118 E1534.14178
G1 X124.367 Y122.129 E1534.14734
G1 X124.281 Y122.144 E1534.15025
G1 X124.281 Y122.13
G1 X124.281 Y121.963 E1534.15421
G1 X124.281 Y116.703 E1534.32916
G1 X124.281 Y116.586 E1534.33305
G1 X124.28 Y116.56 E1534.33391
G1 X124.456 Y116.585 E1534.33743
G1 X124.573 Y116.59 E1534.34053
G1 X124.808 Y116.602 E1534.34836
G1 X125.163 Y116.59 E1534.36017
G1 X125.516 Y116.543 E1534.37202
G1 X125.859 Y116.463 E1534.38373
G1 X126.185 Y116.352 E1534.39519
G1 X126.497 Y116.211 E1534.40657
G1 X126.787 Y116.038 E1534.4178
G1 X127.053 Y115.831 E1534.42901
G1 X127.319 Y115.558 E1534.44169
G1 X127.533 Y115.24 E1534.45444
G1 X127.683 Y114.89 E1534.46711
G1 X127.759 Y114.522 E1534.4796
G1 X127.753 Y114.136 E1534.49244
G1 X127.667 Y113.769 E1534.50498
G1 X127.506 Y113.418 E1534.51782
G1 X127.285 Y113.109 E1534.53046
G1 X127.045 Y112.866 E1534.54182
G1 X126.774 Y112.66 E1534.55314
G1 X126.477 Y112.484 E1534.56462
G1 X126.155 Y112.341 E1534.57634
G1 X125.814 Y112.23 E1534.58827
G1 X125.461 Y112.154 E1534.60028
G1 X125.098 Y112.111 E1534.61244
G1 X124.73 Y112.104 E1534.62468
G1 X124.534 Y112.118 E1534.63122
G1 X124.367 Y112.129 E1534.63678
G1 X124.281 Y112.144 E1534.63969
G1 X124.281 Y112.13
G1 X124.281 Y111.963 E1534.64365
G1 X124.28 Y106.601 E1534.82199
G1 X124.549 Y106.606 E1534.83094
G1 X124.904 Y106.58 E1534.84278
G1 X125.25 Y106.523 E1534.85444
G1 X125.591 Y106.432 E1534.86618
G1 X125.912 Y106.31 E1534.8776
G1 X126.217 Y106.158 E1534.88893
G1 X126.5 Y105.971 E1534.90022
G1 X126.754 Y105.756 E1534.91128
G1 X127 Y105.474 E1534.92373
G1 X127.199 Y105.144 E1534.93655
G1 X127.327 Y104.788 E1534.94913
G1 X127.38 Y104.41 E1534.96183
G1 X127.35 Y104.031 E1534.97447
G1 X127.242 Y103.665 E1534.98716
G1 X127.062 Y103.326 E1534.99993
G1 X126.819 Y103.025 E1535.0128
G1 X126.569 Y102.796 E1535.02407
G1 X126.288 Y102.598 E1535.03551
G1 X125.98 Y102.433 E1535.04713
G1 X125.651 Y102.301 E1535.05892
G1 X125.304 Y102.204 E1535.0709
G1 X124.947 Y102.139 E1535.08297
G1 X124.582 Y102.109 E1535.09515
G1 X124.28 Y102.111 E1535.1052
G1 X124.281 Y98.24 E1535.23395
G1 X124.281 Y98.238 E1535.23401
G1 X124.281 Y97.821 E1535.24161
G0 F9000 X123.881 Y97.024
;TYPE:WALL-OUTER
G1 F1092.2 X124.199 Y97.26 E1535.25478
G1 X124.502 Y97.486 E1535.26736
G1 X125.214 Y98.065 E1535.29788
G1 X125.89 Y98.666 E1535.32796
G1 X126.528 Y99.287 E1535.35758
G1 X127.134 Y99.933 E1535.38704
G1 X127.694 Y100.591 E1535.41577
G1 X128.207 Y101.256 E1535.44371
G1 X128.684 Y101.943 E1535.47153
G1 X129.122 Y102.654 E1535.4993
G1 X129.507 Y103.358 E1535.52599
G1 X129.844 Y104.067 E1535.5521
G1 X129.845 Y127.833 E1536.34256
G1 X129.845 Y128.033 E1536.34921
G1 X129.645 Y128.033 E1536.35352
G1 X124.079 Y128.033 E1536.53864
G1 X123.879 Y128.033 E1536.5453
G1 X123.879 Y127.833 E1536.5496
G1 X123.88 Y126.199 E1536.60395
G1 X123.88 Y126.142 E1536.60585
G1 X123.881 Y126.069 E1536.60827
G1 X124.18 Y126.142 E1536.61506
G1 X124.236 Y126.149 E1536.61676
G1 X124.494 Y126.186 E1536.62543
G1 X124.811 Y126.202 E1536.63599
G1 X125.13 Y126.191 E1536.6466
G1 X125.444 Y126.149 E1536.65714
G1 X125.749 Y126.078 E1536.66756
G1 X126.038 Y125.98 E1536.67771
G1 X126.311 Y125.856 E1536.68768
G1 X126.561 Y125.707 E1536.69736
G1 X126.786 Y125.532 E1536.70684
G1 X127.007 Y125.305 E1536.71738
G1 X127.18 Y125.048 E1536.72768
G1 X127.299 Y124.77 E1536.73774
G1 X127.358 Y124.484 E1536.74745
G1 X127.354 Y124.185 E1536.7574
G1 X127.287 Y123.899 E1536.76717
G1 X127.159 Y123.62 E1536.77738
G1 X126.978 Y123.368 E1536.7877
G1 X126.78 Y123.167 E1536.79708
G1 X126.55 Y122.992 E1536.80669
G1 X126.293 Y122.84 E1536.81662
G1 X126.012 Y122.715 E1536.82685
G1 X125.71 Y122.617 E1536.83741
G1 X125.395 Y122.549 E1536.84813
G1 X125.07 Y122.511 E1536.85901
G1 X124.74 Y122.504 E1536.86999
G1 X124.414 Y122.527 E1536.88086
G1 X124.201 Y122.563 E1536.88805
G1 X124.092 Y122.581 E1536.89172
G1 X123.881 Y122.639 E1536.899
G1 X123.881 Y122.582
G1 X123.881 Y122.471 E1536.90203
G1 X123.881 Y116.201 E1537.11057
G1 X123.881 Y116.143 E1537.1125
G1 X123.88 Y116.068 E1537.115
G1 X124.18 Y116.142 E1537.12177
G1 X124.237 Y116.15 E1537.1235
G1 X124.494 Y116.186 E1537.13213
G1 X124.811 Y116.202 E1537.14269
G1 X125.13 Y116.191 E1537.15331
G1 X125.444 Y116.149 E1537.16384
G1 X125.749 Y116.078 E1537.17426
G1 X126.038 Y115.98 E1537.18441
G1 X126.311 Y115.856 E1537.19438
G1 X126.561 Y115.707 E1537.20406
G1 X126.786 Y115.532 E1537.21354
G1 X127.007 Y115.305 E1537.22408
G1 X127.18 Y115.048 E1537.23438
G1 X127.299 Y114.77 E1537.24444
G1 X127.358 Y114.484 E1537.25415
G1 X127.354 Y114.185 E1537.2641
G1 X127.287 Y113.899 E1537.27387
G1 X127.159 Y113.62 E1537.28408
G1 X126.978 Y113.368 E1537.2944
G1 X126.78 Y113.167 E1537.30378
G1 X126.55 Y112.992 E1537.3134
G1 X126.293 Y112.84 E1537.32333
G1 X126.012 Y112.715 E1537.33356
G1 X125.71 Y112.617 E1537.34412
G1 X125.395 Y112.549 E1537.35483
G1 X125.07 Y112.511 E1537.36572
G1 X124.74 Y112.504 E1537.3767
G1 X124.414 Y112.527 E1537.38757
G1 X124.201 Y112.563 E1537.39475
G1 X124.092 Y112.581 E1537.39842
G1 X123.881 Y112.639 E1537.4057
G1 X123.881 Y112.582
G1 X123.881 Y112.471 E1537.40873
G1 X123.881 Y106.231 E1537.61628
G1 X123.881 Y106.2 E1537.61731
G1 X123.88 Y106.159 E1537.61867
G1 X123.905 Y106.164 E1537.61869
G1 X124.22 Y106.199 E1537.62627
G1 X124.251 Y106.199 E1537.6273
G1 X124.538 Y106.206 E1537.63685
G1 X124.856 Y106.182 E1537.64746
G1 X125.166 Y106.131 E1537.65791
G1 X125.468 Y106.051 E1537.6683
G1 X125.751 Y105.943 E1537.67838
G1 X126.017 Y105.811 E1537.68825
G1 X126.259 Y105.651 E1537.6979
G1 X126.472 Y105.47 E1537.7072
G1 X126.676 Y105.237 E1537.7175
G1 X126.836 Y104.971 E1537.72782
G1 X126.937 Y104.691 E1537.73772
G1 X126.978 Y104.398 E1537.74756
G1 X126.955 Y104.104 E1537.75737
G1 X126.87 Y103.817 E1537.76733
G1 X126.727 Y103.548 E1537.77746
G1 X126.526 Y103.299 E1537.7881
G1 X126.318 Y103.108 E1537.79749
G1 X126.078 Y102.939 E1537.80726
G1 X125.811 Y102.796 E1537.81733
G1 X125.522 Y102.68 E1537.82769
G1 X125.214 Y102.594 E1537.83833
G1 X124.895 Y102.536 E1537.84911
G1 X124.567 Y102.509 E1537.86006
G1 X124.259 Y102.512 E1537.8703
G1 X124.239 Y102.512 E1537.87097
G1 X123.914 Y102.547 E1537.88184
G1 X123.88 Y102.554 E1537.88299
G1 X123.88 Y102.512
G1 X123.88 Y102.492 E1537.88363
G1 X123.881 Y97.421 E1538.0523
G1 X123.881 Y97.42 E1538.05233
G1 X123.881 Y97.024 E1538.05962
G0 F9000 X124.125 Y97.51
G0 X126.311 Y102.428
;TYPE:FILL
G1 F2184.4 X128.021 Y101.97 E1538.1185
G0 F9000 X127.842 Y101.713
G1 F2184.4 X127.354 Y103.535 E1538.18124
G0 F9000 X127.189 Y104.626
G0 X126.689 Y106.019
G1 F2184.4 X125.099 Y111.95 E1538.38547
G0 F9000 X124.555 Y111.956
G1 F2184.4 X124.439 Y111.84 E1538.39092
G0 F9000 X126.403 Y112.627
G0 X126.938 Y112.986
G0 X127.18 Y113.275
G0 X127.917 Y114.421
G1 F2184.4 X129.282 Y114.055 E1538.43793
G0 F9000 X127.745 Y115.146
G1 F2184.4 X129.284 Y116.685 E1538.51032
G0 F9000 X129.284 Y126.478
G1 F2184.4 X125.575 Y127.472 E1538.63803
G0 F9000 X127.391 Y125.163
G0 X127.597 Y124.506
G0 X127.593 Y114.157
G0 X127.192 Y104.06
G0 X127.043 Y103.695
G0 X124.561 Y98.54
G0 X124.508 Y98.486
;TYPE:SKIN
G1 F682.6 X124.711 Y98.406 E1538.64261
G0 F9000 X124.74 Y98.451
G1 F2400 E1537.84261
;MESH:NONMESH
G0 F300 X124.74 Y98.451 Z12.8
G0 F9000 X124.48 Y98.147
;TIME_ELAPSED:2004.274701
;LAYER:63
;TYPE:WALL-INNER
;MESH:1x_1xm_pusher.stl
G1 F2400 E1538.64261
G1 F1049.5 X124.756 Y98.371 E1538.65443
G1 X124.859 Y98.462 E1538.659
G1 X125.411 Y98.953 E1538.68358
G1 X126.036 Y99.561 E1538.71258
G1 X126.642 Y100.207 E1538.74204
G1 X127.189 Y100.85 E1538.77011
G1 X127.678 Y101.484 E1538.79675
G1 X128.143 Y102.153 E1538.82384
G1 X128.581 Y102.864 E1538.85162
G1 X128.956 Y103.55 E1538.87762
G1 X129.29 Y104.253 E1538.90351
G1 X129.579 Y104.957 E1538.92882
G1 X129.643 Y105.145 E1538.93542
G1 X129.645 Y105.481 E1538.9466
G1 X129.645 Y127.633 E1539.68338
G1 X124.678 Y127.633 E1539.84858
G1 X124.479 Y127.633 E1539.8552
G1 X124.479 Y127.434 E1539.85948
G1 X124.481 Y126.599 E1539.88726
G1 X124.852 Y126.598 E1539.89959
G1 X125.207 Y126.561 E1539.91147
G1 X125.552 Y126.491 E1539.92317
G1 X125.885 Y126.39 E1539.93475
G1 X126.201 Y126.259 E1539.94613
G1 X126.5 Y126.096 E1539.95745
G1 X126.772 Y125.9 E1539.9686
G1 X127.016 Y125.674 E1539.97967
G1 X127.249 Y125.38 E1539.99214
G1 X127.429 Y125.041 E1540.00491
G1 X127.537 Y124.677 E1540.01754
G1 X127.566 Y124.297 E1540.03021
G1 X127.512 Y123.92 E1540.04288
G1 X127.383 Y123.561 E1540.05557
G1 X127.185 Y123.235 E1540.06825
G1 X126.927 Y122.94 E1540.08129
G1 X126.661 Y122.72 E1540.09277
G1 X126.373 Y122.535 E1540.10415
G1 X126.058 Y122.383 E1540.11579
G1 X125.722 Y122.261 E1540.12768
G1 X125.371 Y122.175 E1540.1397
G1 X125.012 Y122.122 E1540.15177
G1 X124.645 Y122.103 E1540.16399
G1 X124.481 Y122.11 E1540.16945
G1 X124.48 Y116.598 E1540.35278
G1 X124.735 Y116.602 E1540.36126
G1 X125.09 Y116.577 E1540.3731
G1 X125.437 Y116.518 E1540.3848
G1 X125.776 Y116.428 E1540.39647
G1 X126.097 Y116.306 E1540.40789
G1 X126.403 Y116.154 E1540.41926
G1 X126.684 Y115.968 E1540.43046
G1 X126.939 Y115.752 E1540.44158
G1 X127.185 Y115.471 E1540.454
G1 X127.386 Y115.139 E1540.46691
G1 X127.512 Y114.783 E1540.47947
G1 X127.566 Y114.407 E1540.4921
G1 X127.536 Y114.026 E1540.50481
G1 X127.427 Y113.661 E1540.51748
G1 X127.249 Y113.326 E1540.5301
G1 X127.006 Y113.021 E1540.54307
G1 X126.752 Y112.789 E1540.55451
G1 X126.471 Y112.593 E1540.56591
G1 X126.166 Y112.43 E1540.57741
G1 X125.836 Y112.297 E1540.58924
G1 X125.489 Y112.2 E1540.60123
G1 X125.133 Y112.135 E1540.61326
G1 X124.768 Y112.105 E1540.62544
G1 X124.481 Y112.107 E1540.63499
G1 X124.48 Y106.6 E1540.81815
G1 X124.828 Y106.563 E1540.82979
G1 X125.174 Y106.493 E1540.84154
G1 X125.506 Y106.392 E1540.85308
G1 X125.823 Y106.26 E1540.8645
G1 X126.121 Y106.095 E1540.87583
G1 X126.394 Y105.898 E1540.88703
G1 X126.661 Y105.644 E1540.89928
G1 X126.898 Y105.329 E1540.91239
G1 X127.063 Y104.995 E1540.92478
G1 X127.162 Y104.618 E1540.93775
G1 X127.175 Y104.193 E1540.95189
G1 X127.098 Y103.816 E1540.96469
G1 X126.942 Y103.46 E1540.97762
G1 X126.731 Y103.151 E1540.99006
G1 X126.453 Y102.865 E1541.00333
G1 X126.178 Y102.656 E1541.01481
G1 X125.879 Y102.482 E1541.02632
G1 X125.557 Y102.34 E1541.03803
G1 X125.215 Y102.23 E1541.04997
G1 X124.86 Y102.156 E1541.06204
G1 X124.497 Y102.114 E1541.07419
G1 X124.481 Y102.114 E1541.07472
G1 X124.481 Y98.51 E1541.19459
G1 X124.481 Y98.372 E1541.19698
G1 X124.48 Y98.147 E1541.19872
G0 F9000 X124.08 Y97.322
;TYPE:WALL-OUTER
G1 F1049.5 X124.307 Y97.491 E1541.20813
G1 X124.448 Y97.605 E1541.21416
G1 X125.014 Y98.065 E1541.23842
G1 X125.69 Y98.666 E1541.2685
G1 X126.328 Y99.287 E1541.29812
G1 X126.934 Y99.933 E1541.32758
G1 X127.494 Y100.591 E1541.35631
G1 X128.007 Y101.256 E1541.38425
G1 X128.484 Y101.943 E1541.41207
G1 X128.922 Y102.654 E1541.43984
G1 X129.307 Y103.358 E1541.46653
G1 X129.657 Y104.093 E1541.4936
G1 X129.958 Y104.828 E1541.52002
G1 X130.043 Y105.077 E1541.52877
G1 X130.045 Y105.481 E1541.54221
G1 X130.045 Y128.033 E1542.29229
G1 X124.279 Y128.033 E1542.48407
G1 X124.079 Y128.033 E1542.49072
G1 X124.079 Y127.833 E1542.49503
G1 X124.08 Y126.329 E1542.54505
G1 X124.08 Y126.176 E1542.55014
G1 X124.081 Y126.155 E1542.55084
G1 X124.195 Y126.176 E1542.55297
G1 X124.348 Y126.187 E1542.55675
G1 X124.511 Y126.2 E1542.56218
G1 X124.83 Y126.198 E1542.57279
G1 X125.147 Y126.165 E1542.58339
G1 X125.454 Y126.103 E1542.59381
G1 X125.75 Y126.013 E1542.6041
G1 X126.028 Y125.898 E1542.61411
G1 X126.286 Y125.757 E1542.62389
G1 X126.518 Y125.59 E1542.63339
G1 X126.722 Y125.401 E1542.64264
G1 X126.913 Y125.16 E1542.65287
G1 X127.057 Y124.889 E1542.66308
G1 X127.141 Y124.604 E1542.67296
G1 X127.164 Y124.31 E1542.68277
G1 X127.122 Y124.017 E1542.69261
G1 X127.02 Y123.734 E1542.70262
G1 X126.861 Y123.472 E1542.71281
G1 X126.647 Y123.228 E1542.72361
G1 X126.425 Y123.044 E1542.7332
G1 X126.177 Y122.885 E1542.743
G1 X125.902 Y122.752 E1542.75316
G1 X125.606 Y122.644 E1542.76364
G1 X125.294 Y122.568 E1542.77432
G1 X124.972 Y122.52 E1542.78514
G1 X124.643 Y122.503 E1542.7961
G1 X124.401 Y122.514 E1542.80416
G1 X124.315 Y122.517 E1542.80702
G1 X124.081 Y122.549 E1542.81488
G1 X124.081 Y122.518
G1 X124.081 Y122.432 E1542.81731
G1 X124.081 Y116.235 E1543.02342
G1 X124.081 Y116.197 E1543.02469
G1 X124.08 Y116.159 E1543.02595
G1 X124.406 Y116.196 E1543.03356
G1 X124.444 Y116.196 E1543.03482
G1 X124.724 Y116.202 E1543.04414
G1 X125.042 Y116.179 E1543.05474
G1 X125.352 Y116.127 E1543.06519
G1 X125.653 Y116.047 E1543.07555
G1 X125.937 Y115.939 E1543.08566
G1 X126.203 Y115.807 E1543.09554
G1 X126.443 Y115.648 E1543.10511
G1 X126.658 Y115.466 E1543.11448
G1 X126.861 Y115.234 E1543.12473
G1 X127.023 Y114.967 E1543.13512
G1 X127.122 Y114.687 E1543.145
G1 X127.164 Y114.394 E1543.15484
G1 X127.141 Y114.1 E1543.16465
G1 X127.055 Y113.814 E1543.17459
G1 X126.913 Y113.546 E1543.18467
G1 X126.713 Y113.295 E1543.19535
G1 X126.502 Y113.102 E1543.20486
G1 X126.262 Y112.935 E1543.21458
G1 X125.996 Y112.793 E1543.22461
G1 X125.707 Y112.676 E1543.23498
G1 X125.399 Y112.59 E1543.24562
G1 X125.081 Y112.532 E1543.25637
G1 X124.753 Y112.505 E1543.26732
G1 X124.452 Y112.508 E1543.27733
G1 X124.424 Y112.508 E1543.27826
G1 X124.1 Y112.543 E1543.2891
G1 X124.081 Y112.547 E1543.28974
G1 X124.081 Y112.509
G1 X124.081 Y112.481 E1543.29063
G1 X124.08 Y106.201 E1543.4995
G1 X124.134 Y106.205 E1543.5013
G1 X124.451 Y106.201 E1543.51185
G1 X124.767 Y106.167 E1543.52242
G1 X125.076 Y106.105 E1543.5329
G1 X125.37 Y106.015 E1543.54313
G1 X125.649 Y105.899 E1543.55318
G1 X125.906 Y105.757 E1543.56294
G1 X126.138 Y105.589 E1543.57247
G1 X126.362 Y105.377 E1543.58273
G1 X126.556 Y105.119 E1543.59346
G1 X126.686 Y104.854 E1543.60328
G1 X126.764 Y104.56 E1543.6134
G1 X126.774 Y104.227 E1543.62448
G1 X126.715 Y103.938 E1543.63429
G1 X126.591 Y103.655 E1543.64457
G1 X126.42 Y103.405 E1543.65464
G1 X126.187 Y103.165 E1543.66576
G1 X125.956 Y102.989 E1543.67542
G1 X125.697 Y102.839 E1543.68538
G1 X125.414 Y102.714 E1543.69567
G1 X125.113 Y102.617 E1543.70619
G1 X124.796 Y102.551 E1543.71696
G1 X124.471 Y102.514 E1543.72784
G1 X124.144 Y102.508 E1543.73871
G1 X124.081 Y102.513 E1543.74082
G1 X124.081 Y97.674 E1543.90176
G1 X124.081 Y97.492 E1543.90544
G1 X124.08 Y97.322 E1543.90622
G0 F9000 X124.322 Y97.816
G0 X126.327 Y102.57
;TYPE:FILL
G1 F2098.9 X127.938 Y102.138 E1543.9617
G0 F9000 X127.681 Y101.77
G1 F2098.9 X127.186 Y103.617 E1544.0253
G0 F9000 X126.964 Y104.686
G0 X126.558 Y105.96
G1 F2098.9 X124.951 Y111.959 E1544.23186
G0 F9000 X124.74 Y111.941
G1 F2098.9 X124.639 Y111.84 E1544.23661
G0 F9000 X126.651 Y112.914
G0 X127.067 Y113.364
G0 X127.694 Y114.626
G1 F2098.9 X129.483 Y114.147 E1544.29821
G0 F9000 X127.653 Y114.855
G1 F2098.9 X129.484 Y116.686 E1544.38433
G0 F9000 X129.484 Y126.57
G1 F2098.9 X126.118 Y127.472 E1544.50024
G0 F9000 X127.28 Y124.98
G0 X127.404 Y124.303
G0 X127.378 Y114.056
G0 X127.014 Y104.207
G0 X126.895 Y103.829
G0 X124.892 Y98.835
G0 X124.921 Y98.806
;TYPE:SKIN
G1 F655.9 X124.727 Y98.717 E1544.50505
G0 F9000 X124.681 Y98.929
G1 F2400 E1543.70505
;MESH:NONMESH
G0 F300 X124.681 Y98.929 Z13
G0 F9000 X124.68 Y98.481
;TIME_ELAPSED:2016.249505
;LAYER:64
;TYPE:WALL-INNER
;MESH:1x_1xm_pusher.stl
G1 F2400 E1544.50505
G1 F1013 X125.012 Y98.776 E1544.51983
G1 X125.211 Y98.953 E1544.52868
G1 X125.836 Y99.561 E1544.55768
G1 X126.442 Y100.207 E1544.58715
G1 X126.989 Y100.85 E1544.61522
G1 X127.478 Y101.484 E1544.64185
G1 X127.943 Y102.153 E1544.66895
G1 X128.381 Y102.864 E1544.69673
G1 X128.756 Y103.55 E1544.72273
G1 X129.09 Y104.253 E1544.74862
G1 X129.388 Y104.98 E1544.77475
G1 X129.626 Y105.676 E1544.79921
G1 X129.833 Y106.415 E1544.82474
G1 X129.844 Y106.465 E1544.82644
G1 X129.845 Y127.434 E1545.52387
G1 X129.845 Y127.633 E1545.53049
G1 X129.646 Y127.633 E1545.53477
G1 X124.878 Y127.633 E1545.69336
G1 X124.679 Y127.633 E1545.69998
G1 X124.679 Y127.434 E1545.70426
G1 X124.681 Y126.592 E1545.73227
G1 X124.778 Y126.588 E1545.73549
G1 X125.13 Y126.541 E1545.74731
G1 X125.473 Y126.459 E1545.75904
G1 X125.798 Y126.348 E1545.77046
G1 X126.11 Y126.205 E1545.78187
G1 X126.399 Y126.03 E1545.79311
G1 X126.663 Y125.823 E1545.80427
G1 X126.919 Y125.557 E1545.81655
G1 X127.14 Y125.231 E1545.82965
G1 X127.283 Y124.887 E1545.84204
G1 X127.361 Y124.507 E1545.85494
G1 X127.346 Y124.072 E1545.86942
G1 X127.227 Y123.657 E1545.88378
G1 X127.047 Y123.323 E1545.8964
G1 X126.801 Y123.017 E1545.90945
G1 X126.548 Y122.786 E1545.92085
G1 X126.267 Y122.59 E1545.93224
G1 X125.958 Y122.425 E1545.94389
G1 X125.628 Y122.294 E1545.9557
G1 X125.282 Y122.198 E1545.96765
G1 X124.925 Y122.134 E1545.97971
G1 X124.681 Y122.115 E1545.98785
G1 X124.68 Y116.592 E1546.17155
G1 X124.778 Y116.588 E1546.17481
G1 X125.13 Y116.541 E1546.18662
G1 X125.473 Y116.459 E1546.19835
G1 X125.798 Y116.348 E1546.20977
G1 X126.11 Y116.205 E1546.22119
G1 X126.399 Y116.03 E1546.23242
G1 X126.663 Y115.823 E1546.24358
G1 X126.919 Y115.557 E1546.25586
G1 X127.14 Y115.231 E1546.26896
G1 X127.283 Y114.887 E1546.28135
G1 X127.361 Y114.507 E1546.29425
G1 X127.346 Y114.072 E1546.30873
G1 X127.227 Y113.657 E1546.32309
G1 X127.047 Y113.323 E1546.33571
G1 X126.801 Y113.017 E1546.34877
G1 X126.548 Y112.786 E1546.36016
G1 X126.267 Y112.59 E1546.37156
G1 X125.958 Y112.425 E1546.38321
G1 X125.628 Y112.294 E1546.39502
G1 X125.282 Y112.198 E1546.40696
G1 X124.925 Y112.134 E1546.41902
G1 X124.681 Y112.115 E1546.42716
G1 X124.679 Y106.553 E1546.61216
G1 X124.751 Y106.543 E1546.61457
G1 X125.094 Y106.462 E1546.6263
G1 X125.42 Y106.349 E1546.63777
G1 X125.731 Y106.206 E1546.64916
G1 X126.021 Y106.029 E1546.66046
G1 X126.283 Y105.822 E1546.67156
G1 X126.533 Y105.56 E1546.68361
G1 X126.759 Y105.227 E1546.69699
G1 X126.921 Y104.824 E1546.71144
G1 X126.982 Y104.395 E1546.72585
G1 X126.939 Y103.964 E1546.74026
G1 X126.793 Y103.554 E1546.75473
G1 X126.598 Y103.237 E1546.76711
G1 X126.332 Y102.936 E1546.78047
G1 X126.066 Y102.718 E1546.79191
G1 X125.776 Y102.533 E1546.80335
G1 X125.459 Y102.38 E1546.81506
G1 X125.123 Y102.26 E1546.82692
G1 X124.771 Y102.175 E1546.83897
G1 X124.68 Y102.162 E1546.84203
G1 X124.68 Y98.925 E1546.94969
G1 X124.68 Y98.481 E1546.95772
G0 F9000 X124.28 Y97.631
;TYPE:WALL-OUTER
G1 F1013 X124.605 Y97.895 E1546.97165
G1 X124.814 Y98.065 E1546.98061
G1 X125.49 Y98.666 E1547.01069
G1 X126.128 Y99.287 E1547.04031
G1 X126.734 Y99.933 E1547.06977
G1 X127.294 Y100.591 E1547.0985
G1 X127.807 Y101.256 E1547.12644
G1 X128.284 Y101.943 E1547.15426
G1 X128.722 Y102.654 E1547.18203
G1 X129.107 Y103.358 E1547.20872
G1 X129.457 Y104.093 E1547.2358
G1 X129.758 Y104.828 E1547.26221
G1 X130.009 Y105.559 E1547.28792
G1 X130.222 Y106.32 E1547.3142
G1 X130.244 Y106.423 E1547.31771
G1 X130.245 Y127.833 E1548.0298
G1 X130.245 Y128.033 E1548.03646
G1 X130.045 Y128.033 E1548.04076
G1 X124.279 Y128.033 E1548.23254
G1 X124.281 Y126.196 E1548.29364
G1 X124.424 Y126.203 E1548.2984
G1 X124.743 Y126.189 E1548.30902
G1 X125.057 Y126.147 E1548.31956
G1 X125.362 Y126.074 E1548.32999
G1 X125.65 Y125.976 E1548.34011
G1 X125.922 Y125.851 E1548.35007
G1 X126.171 Y125.7 E1548.35975
G1 X126.394 Y125.525 E1548.36918
G1 X126.607 Y125.304 E1548.37939
G1 X126.786 Y125.04 E1548.39
G1 X126.899 Y124.769 E1548.39976
G1 X126.96 Y124.473 E1548.40981
G1 X126.948 Y124.135 E1548.42106
G1 X126.854 Y123.809 E1548.43235
G1 X126.712 Y123.545 E1548.44232
G1 X126.508 Y123.291 E1548.45315
G1 X126.298 Y123.099 E1548.46262
G1 X126.058 Y122.932 E1548.47234
G1 X125.79 Y122.789 E1548.48245
G1 X125.5 Y122.674 E1548.49282
G1 X125.193 Y122.588 E1548.50343
G1 X124.874 Y122.531 E1548.5142
G1 X124.547 Y122.505 E1548.52511
G1 X124.281 Y122.508 E1548.53396
G1 X124.28 Y116.195 E1548.74393
G1 X124.424 Y116.203 E1548.74873
G1 X124.743 Y116.189 E1548.75935
G1 X125.057 Y116.147 E1548.76989
G1 X125.362 Y116.074 E1548.78032
G1 X125.65 Y115.976 E1548.79044
G1 X125.922 Y115.851 E1548.80039
G1 X126.171 Y115.7 E1548.81008
G1 X126.394 Y115.525 E1548.81951
G1 X126.607 Y115.304 E1548.82971
G1 X126.786 Y115.04 E1548.84032
G1 X126.899 Y114.769 E1548.85009
G1 X126.96 Y114.473 E1548.86014
G1 X126.948 Y114.135 E1548.87139
G1 X126.854 Y113.809 E1548.88267
G1 X126.712 Y113.545 E1548.89264
G1 X126.508 Y113.291 E1548.90348
G1 X126.298 Y113.099 E1548.91294
G1 X126.058 Y112.932 E1548.92267
G1 X125.79 Y112.789 E1548.93277
G1 X125.5 Y112.674 E1548.94315
G1 X125.193 Y112.588 E1548.95375
G1 X124.874 Y112.531 E1548.96453
G1 X124.547 Y112.505 E1548.97544
G1 X124.281 Y112.508 E1548.98429
G1 X124.279 Y106.197 E1549.19419
G1 X124.365 Y106.192 E1549.19706
G1 X124.678 Y106.149 E1549.20757
G1 X124.982 Y106.077 E1549.21796
G1 X125.271 Y105.977 E1549.22813
G1 X125.543 Y105.852 E1549.23808
G1 X125.792 Y105.7 E1549.24779
G1 X126.013 Y105.525 E1549.25716
G1 X126.221 Y105.308 E1549.26716
G1 X126.404 Y105.038 E1549.27801
G1 X126.532 Y104.72 E1549.28941
G1 X126.579 Y104.387 E1549.3006
G1 X126.546 Y104.052 E1549.31179
G1 X126.43 Y103.728 E1549.32324
G1 X126.275 Y103.476 E1549.33308
G1 X126.053 Y103.225 E1549.34422
G1 X125.831 Y103.042 E1549.35379
G1 X125.581 Y102.883 E1549.36365
G1 X125.305 Y102.75 E1549.37384
G1 X125.008 Y102.644 E1549.38433
G1 X124.696 Y102.568 E1549.39501
G1 X124.374 Y102.523 E1549.40582
G1 X124.28 Y102.518 E1549.40895
G1 X124.28 Y98.051 E1549.55752
G1 X124.28 Y98.049 E1549.55759
G1 X124.28 Y97.631 E1549.56522
G0 F9000 X124.522 Y98.141
G0 X127.519 Y101.825
;TYPE:FILL
G1 F2026 X127.016 Y103.704 E1549.62991
G0 F9000 X126.317 Y102.719
G1 F2026 X127.849 Y102.309 E1549.68266
G0 F9000 X126.428 Y105.898
G1 F2026 X124.84 Y111.823 E1549.88668
G0 F9000 X124.839 Y111.84
G1 F2026 X124.979 Y111.98 E1549.89327
G0 F9000 X126.448 Y112.911
G0 X126.823 Y113.316
G0 X127.52 Y114.52
G1 F2026 X129.684 Y116.684 E1549.99505
G0 F9000 X129.683 Y114.241
G1 F2026 X127.456 Y114.837 E1550.07173
G0 F9000 X129.684 Y126.664
G1 F2026 X126.666 Y127.472 E1550.17565
G0 F9000 X127.2 Y124.493
G0 X127.186 Y114.097
G0 X126.782 Y104
G0 X124.987 Y99.248
;TYPE:SKIN
G1 F633.1 X124.853 Y99.115 E1550.17879
G0 F9000 X124.88 Y99.309
G1 F2400 E1549.37879
;MESH:NONMESH
G0 F300 X124.88 Y99.309 Z13.2
G0 F9000 X124.88 Y98.838
;TIME_ELAPSED:2028.232142
;LAYER:65
;TYPE:WALL-INNER
;MESH:1x_1xm_pusher.stl
G1 F2400 E1550.17879
G1 F972.3 X125.023 Y98.965 E1550.18515
G1 X125.241 Y99.177 E1550.19526
G1 X125.636 Y99.561 E1550.21358
G1 X126.242 Y100.207 E1550.24304
G1 X126.789 Y100.85 E1550.27112
G1 X127.278 Y101.484 E1550.29775
G1 X127.743 Y102.153 E1550.32485
G1 X128.181 Y102.864 E1550.35262
G1 X128.556 Y103.55 E1550.37863
G1 X128.89 Y104.253 E1550.40451
G1 X129.188 Y104.98 E1550.43065
G1 X129.426 Y105.676 E1550.45511
G1 X129.633 Y106.415 E1550.48064
G1 X129.789 Y107.138 E1550.50524
G1 X129.905 Y107.887 E1550.53045
G1 X129.97 Y108.596 E1550.55413
G1 X129.994 Y109.353 E1550.57932
G1 X129.994 Y127.633 E1551.18731
G1 X124.88 Y127.633 E1551.35741
G1 X124.88 Y126.548 E1551.39349
G1 X124.937 Y126.54 E1551.39541
G1 X125.28 Y126.458 E1551.40714
G1 X125.607 Y126.346 E1551.41863
G1 X125.917 Y126.201 E1551.43002
G1 X126.204 Y126.026 E1551.4412
G1 X126.469 Y125.819 E1551.45238
G1 X126.72 Y125.556 E1551.46447
G1 X126.945 Y125.222 E1551.47787
G1 X127.104 Y124.822 E1551.49218
G1 X127.169 Y124.393 E1551.50661
G1 X127.123 Y123.956 E1551.52123
G1 X126.978 Y123.551 E1551.53554
G1 X126.783 Y123.233 E1551.54794
G1 X126.517 Y122.932 E1551.5613
G1 X126.25 Y122.712 E1551.57281
G1 X125.96 Y122.529 E1551.58422
G1 X125.645 Y122.377 E1551.59585
G1 X125.309 Y122.256 E1551.60773
G1 X124.956 Y122.171 E1551.6198
G1 X124.881 Y122.16 E1551.62232
G1 X124.88 Y116.548 E1551.80898
G1 X124.937 Y116.54 E1551.81089
G1 X125.28 Y116.458 E1551.82262
G1 X125.607 Y116.346 E1551.83412
G1 X125.917 Y116.201 E1551.8455
G1 X126.204 Y116.026 E1551.85668
G1 X126.469 Y115.819 E1551.86787
G1 X126.72 Y115.556 E1551.87996
G1 X126.945 Y115.222 E1551.89335
G1 X127.104 Y114.822 E1551.90767
G1 X127.169 Y114.393 E1551.9221
G1 X127.123 Y113.956 E1551.93672
G1 X126.978 Y113.551 E1551.95103
G1 X126.783 Y113.233 E1551.96343
G1 X126.517 Y112.932 E1551.97679
G1 X126.25 Y112.712 E1551.9883
G1 X125.96 Y112.529 E1551.9997
G1 X125.645 Y112.377 E1552.01134
G1 X125.309 Y112.256 E1552.02322
G1 X124.956 Y112.171 E1552.03529
G1 X124.881 Y112.16 E1552.03781
G1 X124.88 Y106.461 E1552.22736
G1 X125.01 Y106.426 E1552.23184
G1 X125.332 Y106.302 E1552.24332
G1 X125.635 Y106.148 E1552.25462
G1 X125.917 Y105.96 E1552.26589
G1 X126.168 Y105.742 E1552.27695
G1 X126.402 Y105.471 E1552.28886
G1 X126.61 Y105.123 E1552.30234
G1 X126.746 Y104.713 E1552.31671
G1 X126.781 Y104.282 E1552.33109
G1 X126.71 Y103.851 E1552.34562
G1 X126.539 Y103.452 E1552.36006
G1 X126.33 Y103.149 E1552.3723
G1 X126.044 Y102.857 E1552.3859
G1 X125.768 Y102.648 E1552.39741
G1 X125.465 Y102.474 E1552.40903
G1 X125.141 Y102.334 E1552.42077
G1 X124.881 Y102.251 E1552.42985
G1 X124.881 Y99.27 E1552.529
G1 X124.881 Y98.966 E1552.53611
G1 X124.88 Y98.838 E1552.53638
G0 F9000 X124.48 Y97.957
;TYPE:WALL-OUTER
G1 F972.3 X124.613 Y98.066 E1552.5421
G1 X124.836 Y98.263 E1552.55199
G1 X125.297 Y98.673 E1552.57251
G1 X125.928 Y99.287 E1552.6018
G1 X126.534 Y99.933 E1552.63126
G1 X127.094 Y100.591 E1552.65999
G1 X127.607 Y101.256 E1552.68793
G1 X128.084 Y101.943 E1552.71575
G1 X128.522 Y102.654 E1552.74352
G1 X128.907 Y103.358 E1552.77021
G1 X129.257 Y104.093 E1552.79728
G1 X129.558 Y104.828 E1552.8237
G1 X129.809 Y105.559 E1552.84941
G1 X130.022 Y106.32 E1552.87569
G1 X130.182 Y107.064 E1552.901
G1 X130.302 Y107.835 E1552.92696
G1 X130.37 Y108.584 E1552.95197
G1 X130.394 Y109.353 E1552.97756
G1 X130.394 Y128.033 E1553.59886
G1 X124.48 Y128.033 E1553.79556
G1 X124.48 Y126.193 E1553.85676
G1 X124.55 Y126.189 E1553.85909
G1 X124.863 Y126.146 E1553.8696
G1 X125.168 Y126.073 E1553.88003
G1 X125.457 Y125.974 E1553.89019
G1 X125.728 Y125.848 E1553.90013
G1 X125.976 Y125.697 E1553.90979
G1 X126.199 Y125.522 E1553.91921
G1 X126.407 Y125.304 E1553.92924
G1 X126.589 Y125.034 E1553.94007
G1 X126.715 Y124.717 E1553.95141
G1 X126.766 Y124.384 E1553.96262
G1 X126.73 Y124.046 E1553.97392
G1 X126.615 Y123.725 E1553.98526
G1 X126.46 Y123.472 E1553.99513
G1 X126.238 Y123.221 E1554.00628
G1 X126.015 Y123.037 E1554.01589
G1 X125.765 Y122.879 E1554.02573
G1 X125.49 Y122.746 E1554.03589
G1 X125.194 Y122.64 E1554.04635
G1 X124.881 Y122.564 E1554.05706
G1 X124.558 Y122.519 E1554.06791
G1 X124.481 Y122.515 E1554.07047
G1 X124.48 Y116.192 E1554.28077
G1 X124.55 Y116.189 E1554.2831
G1 X124.863 Y116.146 E1554.29361
G1 X125.168 Y116.073 E1554.30404
G1 X125.457 Y115.974 E1554.3142
G1 X125.728 Y115.848 E1554.32414
G1 X125.976 Y115.697 E1554.3338
G1 X126.199 Y115.522 E1554.34323
G1 X126.407 Y115.304 E1554.35325
G1 X126.589 Y115.034 E1554.36408
G1 X126.715 Y114.717 E1554.37543
G1 X126.766 Y114.384 E1554.38663
G1 X126.73 Y114.046 E1554.39794
G1 X126.615 Y113.725 E1554.40928
G1 X126.46 Y113.472 E1554.41915
G1 X126.238 Y113.221 E1554.43029
G1 X126.015 Y113.037 E1554.43991
G1 X125.765 Y112.879 E1554.44974
G1 X125.49 Y112.746 E1554.4599
G1 X125.194 Y112.64 E1554.47036
G1 X124.881 Y112.564 E1554.48107
G1 X124.558 Y112.519 E1554.49192
G1 X124.481 Y112.515 E1554.49449
G1 X124.48 Y106.145 E1554.70635
G1 X124.585 Y106.126 E1554.7099
G1 X124.886 Y106.045 E1554.72027
G1 X125.169 Y105.936 E1554.73036
G1 X125.433 Y105.802 E1554.7402
G1 X125.674 Y105.641 E1554.74984
G1 X125.884 Y105.459 E1554.75909
G1 X126.077 Y105.236 E1554.76889
G1 X126.244 Y104.956 E1554.77974
G1 X126.351 Y104.633 E1554.79106
G1 X126.378 Y104.299 E1554.8022
G1 X126.323 Y103.964 E1554.81349
G1 X126.187 Y103.646 E1554.825
G1 X126.02 Y103.404 E1554.83477
G1 X125.779 Y103.158 E1554.84623
G1 X125.547 Y102.982 E1554.85591
G1 X125.286 Y102.832 E1554.86593
G1 X125.001 Y102.709 E1554.87625
G1 X124.701 Y102.614 E1554.88672
G1 X124.481 Y102.569 E1554.89419
G1 X124.481 Y98.365 E1555.03401
G1 X124.481 Y98.067 E1555.0409
G1 X124.48 Y97.957 E1555.04101
G0 F9000 X124.72 Y98.485
G0 X127.358 Y101.881
;TYPE:FILL
G1 F1944.5 X126.851 Y103.775 E1555.10622
G0 F9000 X126.283 Y102.874
G1 F1944.5 X127.756 Y102.48 E1555.15693
G0 F9000 X126.299 Y105.833
G1 F1944.5 X125.04 Y110.532 E1555.31874
G0 F9000 X125.039 Y111.84
G1 F1944.5 X125.284 Y112.085 E1555.33026
G0 F9000 X126.191 Y112.865
G0 X127.297 Y114.098
G1 F1944.5 X129.833 Y116.634 E1555.44955
G0 F9000 X129.833 Y114.346
G1 F1944.5 X127.182 Y115.057 E1555.54083
G0 F9000 X129.832 Y126.77
G1 F1944.5 X127.211 Y127.472 E1555.63108
G0 F9000 X126.964 Y113.993
G0 X126.618 Y104.29
G0 X125.246 Y99.612
G0 X125.293 Y99.565
;TYPE:SKIN
G1 F607.7 X125.125 Y99.45 E1555.63672
G0 F9000 X125.081 Y99.684
G1 F2400 E1554.83672
;MESH:NONMESH
G0 F300 X125.081 Y99.684 Z13.4
G0 F9000 X125.081 Y99.216
;TIME_ELAPSED:2040.179825
;LAYER:66
;TYPE:WALL-INNER
;MESH:1x_1xm_pusher.stl
G1 F2400 E1555.63672
G1 F960 X125.436 Y99.561 E1555.65318
G1 X125.472 Y99.6 E1555.65495
G1 X126.042 Y100.207 E1555.68264
G1 X126.589 Y100.85 E1555.71072
G1 X127.078 Y101.484 E1555.73735
G1 X127.543 Y102.153 E1555.76445
G1 X127.981 Y102.864 E1555.79223
G1 X128.356 Y103.55 E1555.81823
G1 X128.69 Y104.253 E1555.84412
G1 X128.988 Y104.98 E1555.87025
G1 X129.226 Y105.676 E1555.89471
G1 X129.433 Y106.415 E1555.92024
G1 X129.589 Y107.138 E1555.94484
G1 X129.705 Y107.887 E1555.97005
G1 X129.77 Y108.596 E1555.99373
G1 X129.794 Y109.353 E1556.01892
G1 X129.794 Y127.633 E1556.62691
G1 X125.08 Y127.633 E1556.7837
G1 X125.08 Y126.453 E1556.82295
G1 X125.195 Y126.422 E1556.82691
G1 X125.518 Y126.298 E1556.83842
G1 X125.821 Y126.144 E1556.84972
G1 X126.1 Y125.957 E1556.86089
G1 X126.354 Y125.738 E1556.87205
G1 X126.587 Y125.468 E1556.88391
G1 X126.796 Y125.12 E1556.89741
G1 X126.932 Y124.709 E1556.91181
G1 X126.967 Y124.276 E1556.92626
G1 X126.893 Y123.845 E1556.9408
G1 X126.724 Y123.449 E1556.95512
G1 X126.516 Y123.146 E1556.96735
G1 X126.228 Y122.851 E1556.98106
G1 X125.949 Y122.643 E1556.99264
G1 X125.651 Y122.47 E1557.0041
G1 X125.327 Y122.33 E1557.01584
G1 X125.081 Y122.252 E1557.02442
G1 X125.081 Y116.453 E1557.21729
G1 X125.195 Y116.422 E1557.22122
G1 X125.518 Y116.298 E1557.23273
G1 X125.821 Y116.144 E1557.24404
G1 X126.1 Y115.957 E1557.25521
G1 X126.354 Y115.738 E1557.26636
G1 X126.587 Y115.468 E1557.27822
G1 X126.796 Y115.12 E1557.29172
G1 X126.932 Y114.709 E1557.30612
G1 X126.967 Y114.276 E1557.32057
G1 X126.893 Y113.845 E1557.33512
G1 X126.724 Y113.449 E1557.34944
G1 X126.516 Y113.146 E1557.36166
G1 X126.228 Y112.851 E1557.37537
G1 X125.949 Y112.643 E1557.38695
G1 X125.651 Y112.47 E1557.39841
G1 X125.327 Y112.33 E1557.41015
G1 X125.081 Y112.252 E1557.41873
G1 X125.081 Y106.319 E1557.61606
G1 X125.243 Y106.251 E1557.62191
G1 X125.54 Y106.084 E1557.63324
G1 X125.809 Y105.885 E1557.64437
G1 X126.062 Y105.642 E1557.65604
G1 X126.31 Y105.312 E1557.66977
G1 X126.494 Y104.918 E1557.68423
G1 X126.578 Y104.49 E1557.69874
G1 X126.557 Y104.056 E1557.71319
G1 X126.432 Y103.636 E1557.72776
G1 X126.215 Y103.26 E1557.7422
G1 X125.984 Y102.989 E1557.75405
G1 X125.734 Y102.768 E1557.76514
G1 X125.462 Y102.582 E1557.7761
G1 X125.153 Y102.421 E1557.78769
G1 X125.08 Y102.393 E1557.79029
G1 X125.08 Y99.615 E1557.88269
G1 X125.08 Y99.561 E1557.88349
G1 X125.081 Y99.216 E1557.88782
G0 F9000 X124.681 Y98.304
;TYPE:WALL-OUTER
G1 F960 X125.013 Y98.598 E1557.90257
G1 X125.097 Y98.673 E1557.90632
G1 X125.728 Y99.287 E1557.9356
G1 X126.334 Y99.933 E1557.96506
G1 X126.894 Y100.591 E1557.9938
G1 X127.407 Y101.256 E1558.02173
G1 X127.884 Y101.943 E1558.04955
G1 X128.322 Y102.654 E1558.07732
G1 X128.707 Y103.358 E1558.10401
G1 X129.057 Y104.093 E1558.13109
G1 X129.358 Y104.828 E1558.15751
G1 X129.609 Y105.559 E1558.18321
G1 X129.822 Y106.32 E1558.2095
G1 X129.982 Y107.064 E1558.23481
G1 X130.102 Y107.835 E1558.26076
G1 X130.17 Y108.584 E1558.28577
G1 X130.194 Y109.353 E1558.31136
G1 X130.194 Y128.033 E1558.93266
G1 X124.68 Y128.033 E1559.11606
G1 X124.68 Y126.139 E1559.17905
G1 X124.772 Y126.122 E1559.18217
G1 X125.071 Y126.041 E1559.19247
G1 X125.355 Y125.932 E1559.20259
G1 X125.618 Y125.798 E1559.2124
G1 X125.857 Y125.638 E1559.22197
G1 X126.071 Y125.454 E1559.23136
G1 X126.262 Y125.233 E1559.24107
G1 X126.43 Y124.952 E1559.25196
G1 X126.537 Y124.629 E1559.26328
G1 X126.564 Y124.294 E1559.27446
G1 X126.507 Y123.959 E1559.28576
G1 X126.372 Y123.643 E1559.29719
G1 X126.206 Y123.401 E1559.30695
G1 X125.964 Y123.153 E1559.31847
G1 X125.729 Y122.978 E1559.32822
G1 X125.47 Y122.828 E1559.33817
G1 X125.187 Y122.705 E1559.34844
G1 X124.885 Y122.61 E1559.35897
G1 X124.681 Y122.568 E1559.36589
G1 X124.681 Y116.138 E1559.57976
G1 X124.772 Y116.122 E1559.58283
G1 X125.071 Y116.041 E1559.59313
G1 X125.355 Y115.932 E1559.60325
G1 X125.618 Y115.798 E1559.61307
G1 X125.857 Y115.638 E1559.62263
G1 X126.071 Y115.454 E1559.63202
G1 X126.262 Y115.233 E1559.64174
G1 X126.43 Y114.952 E1559.65263
G1 X126.537 Y114.629 E1559.66394
G1 X126.564 Y114.294 E1559.67512
G1 X126.507 Y113.959 E1559.68642
G1 X126.372 Y113.643 E1559.69785
G1 X126.206 Y113.401 E1559.70761
G1 X125.964 Y113.153 E1559.71914
G1 X125.729 Y112.978 E1559.72888
G1 X125.47 Y112.828 E1559.73884
G1 X125.187 Y112.705 E1559.7491
G1 X124.885 Y112.61 E1559.75963
G1 X124.681 Y112.568 E1559.76656
G1 X124.681 Y106.043 E1559.98358
G1 X124.79 Y106.008 E1559.98739
G1 X125.066 Y105.891 E1559.99736
G1 X125.322 Y105.747 E1560.00713
G1 X125.551 Y105.578 E1560.01659
G1 X125.762 Y105.376 E1560.02631
G1 X125.965 Y105.105 E1560.03757
G1 X126.111 Y104.793 E1560.04903
G1 X126.176 Y104.461 E1560.06028
G1 X126.16 Y104.124 E1560.0715
G1 X126.062 Y103.795 E1560.08292
G1 X125.887 Y103.492 E1560.09456
G1 X125.698 Y103.27 E1560.10425
G1 X125.488 Y103.084 E1560.11359
G1 X125.256 Y102.926 E1560.12292
G1 X124.987 Y102.786 E1560.13301
G1 X124.699 Y102.673 E1560.1433
G1 X124.681 Y102.668 E1560.14392
G1 X124.679 Y101.768 E1560.17385
G1 X124.681 Y100.796 E1560.20618
G1 X124.681 Y98.748 E1560.2743
G1 X124.681 Y98.747 E1560.27433
G1 X124.681 Y98.304 E1560.28235
G0 F9000 X124.921 Y98.84
G0 X127.197 Y101.936
;TYPE:FILL
G1 F1920 X126.673 Y103.888 E1560.34957
G0 F9000 X126.233 Y103.035
G1 F1920 X127.662 Y102.652 E1560.39878
G0 F9000 X126.174 Y105.753
G1 F1920 X125.241 Y109.235 E1560.51867
G0 F9000 X125.239 Y111.84
G1 F1920 X125.732 Y112.332 E1560.54184
G0 F9000 X126.931 Y113.531
G1 F1920 X129.633 Y116.234 E1560.66896
G0 F9000 X129.633 Y114.547
G1 F1920 X126.884 Y115.284 E1560.76362
G0 F9000 X129.632 Y126.971
G1 F1920 X127.76 Y127.472 E1560.82807
G0 F9000 X126.398 Y104.084
G0 X125.478 Y100.022
;TYPE:SKIN
G1 F600 X125.255 Y99.799 E1560.83332
G0 F9000 X125.281 Y100.049
G1 F2400 E1560.03332
;MESH:NONMESH
G0 F300 X125.281 Y100.049 Z13.6
G0 F9000 X125.281 Y99.609
;TIME_ELAPSED:2051.727903
;LAYER:67
;TYPE:WALL-INNER
;MESH:1x_1xm_pusher.stl
G1 F2400 E1560.83332
G1 F960 X125.495 Y99.837 E1560.84372
G1 X125.583 Y99.931 E1560.848
G1 X125.842 Y100.207 E1560.86059
G1 X126.389 Y100.85 E1560.88867
G1 X126.878 Y101.484 E1560.9153
G1 X127.343 Y102.153 E1560.94239
G1 X127.781 Y102.864 E1560.97017
G1 X128.156 Y103.55 E1560.99617
G1 X128.49 Y104.253 E1561.02206
G1 X128.788 Y104.98 E1561.04819
G1 X129.026 Y105.676 E1561.07266
G1 X129.233 Y106.415 E1561.09818
G1 X129.389 Y107.138 E1561.12278
G1 X129.505 Y107.887 E1561.14799
G1 X129.57 Y108.596 E1561.17167
G1 X129.594 Y109.353 E1561.19686
G1 X129.594 Y127.633 E1561.80486
G1 X125.28 Y127.633 E1561.94834
G1 X125.28 Y126.312 E1561.99228
G1 X125.53 Y126.194 E1562.00147
G1 X125.816 Y126.018 E1562.01264
G1 X126.078 Y125.81 E1562.02377
G1 X126.322 Y125.553 E1562.03556
G1 X126.549 Y125.21 E1562.04924
G1 X126.708 Y124.809 E1562.06358
G1 X126.769 Y124.379 E1562.07803
G1 X126.72 Y123.944 E1562.09259
G1 X126.573 Y123.541 E1562.10686
G1 X126.382 Y123.232 E1562.11894
G1 X126.108 Y122.922 E1562.1327
G1 X125.838 Y122.704 E1562.14424
G1 X125.548 Y122.521 E1562.15565
G1 X125.281 Y122.394 E1562.16548
G1 X125.28 Y116.312 E1562.36777
G1 X125.53 Y116.194 E1562.37696
G1 X125.816 Y116.018 E1562.38813
G1 X126.078 Y115.81 E1562.39926
G1 X126.322 Y115.553 E1562.41104
G1 X126.549 Y115.21 E1562.42473
G1 X126.708 Y114.809 E1562.43907
G1 X126.769 Y114.379 E1562.45352
G1 X126.72 Y113.944 E1562.46808
G1 X126.573 Y113.541 E1562.48235
G1 X126.382 Y113.232 E1562.49443
G1 X126.108 Y112.922 E1562.50819
G1 X125.838 Y112.704 E1562.51973
G1 X125.548 Y112.521 E1562.53114
G1 X125.281 Y112.394 E1562.54097
G1 X125.28 Y106.119 E1562.74968
G1 X125.528 Y105.951 E1562.75964
G1 X125.779 Y105.732 E1562.77072
G1 X126.002 Y105.469 E1562.78219
G1 X126.214 Y105.114 E1562.79594
G1 X126.349 Y104.701 E1562.81039
G1 X126.38 Y104.268 E1562.82483
G1 X126.306 Y103.837 E1562.83938
G1 X126.13 Y103.435 E1562.85397
G1 X125.875 Y103.083 E1562.86843
G1 X125.628 Y102.843 E1562.87988
G1 X125.355 Y102.64 E1562.8912
G1 X125.281 Y102.598 E1562.89403
G1 X125.279 Y100.17 E1562.97478
G1 X125.279 Y100.041 E1562.97857
G1 X125.281 Y99.609 E1562.9857
G0 F9000 X125.119 Y99.224
G0 X124.88 Y98.658
;TYPE:WALL-OUTER
G1 F960 X125.219 Y98.987 E1563.00141
G1 X125.528 Y99.287 E1563.01574
G1 X126.134 Y99.933 E1563.0452
G1 X126.694 Y100.591 E1563.07393
G1 X127.207 Y101.256 E1563.10187
G1 X127.684 Y101.943 E1563.12969
G1 X128.122 Y102.654 E1563.15746
G1 X128.507 Y103.358 E1563.18415
G1 X128.857 Y104.093 E1563.21122
G1 X129.158 Y104.828 E1563.23764
G1 X129.409 Y105.559 E1563.26335
G1 X129.622 Y106.32 E1563.28963
G1 X129.782 Y107.064 E1563.31494
G1 X129.902 Y107.835 E1563.3409
G1 X129.97 Y108.584 E1563.36591
G1 X129.994 Y109.353 E1563.3915
G1 X129.994 Y128.033 E1564.0128
G1 X124.88 Y128.033 E1564.18289
G1 X124.88 Y126.033 E1564.24941
G1 X125.068 Y125.97 E1564.25601
G1 X125.339 Y125.842 E1564.26597
G1 X125.586 Y125.69 E1564.27562
G1 X125.807 Y125.514 E1564.28502
G1 X126.008 Y125.303 E1564.29471
G1 X126.193 Y125.024 E1564.30584
G1 X126.319 Y124.706 E1564.31722
G1 X126.366 Y124.373 E1564.32841
G1 X126.328 Y124.036 E1564.33969
G1 X126.211 Y123.716 E1564.35102
G1 X126.06 Y123.471 E1564.36059
G1 X125.831 Y123.212 E1564.37209
G1 X125.605 Y123.03 E1564.38174
G1 X125.355 Y122.872 E1564.39158
G1 X125.079 Y122.741 E1564.40174
G1 X124.881 Y122.671 E1564.40872
G1 X124.88 Y116.033 E1564.6295
G1 X125.068 Y115.97 E1564.6361
G1 X125.339 Y115.842 E1564.64607
G1 X125.586 Y115.69 E1564.65571
G1 X125.807 Y115.514 E1564.66511
G1 X126.008 Y115.303 E1564.6748
G1 X126.193 Y115.024 E1564.68594
G1 X126.319 Y114.706 E1564.69731
G1 X126.366 Y114.373 E1564.7085
G1 X126.328 Y114.036 E1564.71978
G1 X126.211 Y113.716 E1564.73111
G1 X126.06 Y113.471 E1564.74068
G1 X125.831 Y113.212 E1564.75218
G1 X125.605 Y113.03 E1564.76183
G1 X125.355 Y112.872 E1564.77167
G1 X125.079 Y112.741 E1564.78183
G1 X124.881 Y112.671 E1564.78881
G1 X124.88 Y105.911 E1565.01365
G1 X124.884 Y105.877 E1565.01479
G1 X125.044 Y105.796 E1565.02076
G1 X125.283 Y105.634 E1565.03036
G1 X125.493 Y105.45 E1565.03965
G1 X125.676 Y105.235 E1565.04904
G1 X125.848 Y104.947 E1565.06019
G1 X125.954 Y104.623 E1565.07153
G1 X125.978 Y104.288 E1565.0827
G1 X125.92 Y103.953 E1565.09401
G1 X125.781 Y103.635 E1565.10555
G1 X125.571 Y103.346 E1565.11744
G1 X125.368 Y103.148 E1565.12687
G1 X125.136 Y102.975 E1565.13649
G1 X124.881 Y102.83 E1565.14625
G1 X124.879 Y100.039 E1565.23908
G1 X124.881 Y99.583 E1565.25425
G1 X124.88 Y99.131 E1565.26928
G1 X124.88 Y99.13 E1565.26931
G1 X124.88 Y98.658 E1565.27779
G0 F9000 X125.119 Y99.224
G0 X127.036 Y101.992
;TYPE:FILL
G1 F1920 X126.497 Y104.003 E1565.34703
G0 F9000 X126.158 Y103.201
G1 F1920 X127.568 Y102.823 E1565.39558
G0 F9000 X126.056 Y105.649
G1 F1920 X125.44 Y107.948 E1565.47475
G0 F9000 X125.439 Y111.84
G1 F1920 X129.433 Y115.834 E1565.66261
G0 F9000 X129.433 Y114.747
G1 F1920 X126.531 Y115.524 E1565.76253
G0 F9000 X129.433 Y127.17
G1 F1920 X128.305 Y127.472 E1565.80137
G0 F9000 X126.151 Y103.884
G0 X125.453 Y100.537
G0 X125.571 Y100.418
;TYPE:SKIN
G1 F600 X125.502 Y100.205 E1565.8093
G0 F9000 X125.48 Y100.499
G1 F2400 E1565.0093
;MESH:NONMESH
G0 F300 X125.48 Y100.499 Z13.8
G0 F9000 X125.481 Y100.035
;TIME_ELAPSED:2062.714050
;LAYER:68
;TYPE:WALL-INNER
;MESH:1x_1xm_pusher.stl
G1 F2400 E1565.8093
G1 F960 X125.642 Y100.207 E1565.81714
G1 X125.85 Y100.452 E1565.82783
G1 X126.189 Y100.85 E1565.84522
G1 X126.678 Y101.484 E1565.87185
G1 X127.143 Y102.153 E1565.89895
G1 X127.581 Y102.864 E1565.92672
G1 X127.956 Y103.55 E1565.95272
G1 X128.29 Y104.253 E1565.97861
G1 X128.588 Y104.98 E1566.00474
G1 X128.826 Y105.676 E1566.02921
G1 X129.033 Y106.415 E1566.05473
G1 X129.189 Y107.138 E1566.07933
G1 X129.305 Y107.887 E1566.10454
G1 X129.37 Y108.596 E1566.12822
G1 X129.394 Y109.353 E1566.15341
G1 X129.394 Y127.633 E1566.76141
G1 X125.481 Y127.633 E1566.89156
G1 X125.48 Y126.104 E1566.94241
G1 X125.711 Y125.949 E1566.95166
G1 X125.963 Y125.728 E1566.96281
G1 X126.188 Y125.466 E1566.9743
G1 X126.4 Y125.109 E1566.98811
G1 X126.535 Y124.697 E1567.00253
G1 X126.567 Y124.26 E1567.0171
G1 X126.49 Y123.834 E1567.0315
G1 X126.317 Y123.432 E1567.04606
G1 X126.06 Y123.079 E1567.06058
G1 X125.814 Y122.839 E1567.07201
G1 X125.537 Y122.635 E1567.08345
G1 X125.481 Y122.603 E1567.0856
G1 X125.479 Y119.442 E1567.19073
G1 X125.481 Y116.104 E1567.30175
G1 X125.712 Y115.948 E1567.31102
G1 X125.963 Y115.728 E1567.32213
G1 X126.188 Y115.466 E1567.33361
G1 X126.4 Y115.109 E1567.34742
G1 X126.535 Y114.697 E1567.36184
G1 X126.567 Y114.26 E1567.37642
G1 X126.49 Y113.834 E1567.39081
G1 X126.317 Y113.432 E1567.40537
G1 X126.06 Y113.079 E1567.41989
G1 X125.814 Y112.839 E1567.43132
G1 X125.537 Y112.635 E1567.44277
G1 X125.479 Y112.602 E1567.44499
G1 X125.481 Y105.822 E1567.67049
G1 X125.507 Y105.801 E1567.6716
G1 X125.796 Y105.481 E1567.68594
G1 X126.018 Y105.108 E1567.70038
G1 X126.151 Y104.693 E1567.71487
G1 X126.179 Y104.261 E1567.72927
G1 X126.105 Y103.829 E1567.74385
G1 X125.925 Y103.429 E1567.75844
G1 X125.671 Y103.079 E1567.77282
G1 X125.48 Y102.894 E1567.78167
G1 X125.48 Y100.529 E1567.86033
G1 X125.48 Y100.207 E1567.86806
G1 X125.481 Y100.035 E1567.86876
G0 F9000 X125.317 Y99.623
G0 X125.081 Y99.047
;TYPE:WALL-OUTER
G1 F960 X125.327 Y99.287 E1567.88019
G1 X125.459 Y99.427 E1567.88659
G1 X125.934 Y99.933 E1567.90967
G1 X126.494 Y100.591 E1567.93841
G1 X127.007 Y101.256 E1567.96634
G1 X127.484 Y101.943 E1567.99416
G1 X127.922 Y102.654 E1568.02193
G1 X128.307 Y103.358 E1568.04862
G1 X128.657 Y104.093 E1568.0757
G1 X128.958 Y104.828 E1568.10212
G1 X129.209 Y105.559 E1568.12782
G1 X129.422 Y106.32 E1568.15411
G1 X129.582 Y107.064 E1568.17942
G1 X129.702 Y107.835 E1568.20537
G1 X129.77 Y108.584 E1568.23038
G1 X129.794 Y109.353 E1568.25597
G1 X129.794 Y128.033 E1568.87727
G1 X125.081 Y128.033 E1569.03403
G1 X125.08 Y125.868 E1569.10604
G1 X125.229 Y125.791 E1569.11161
G1 X125.467 Y125.631 E1569.12115
G1 X125.678 Y125.446 E1569.13049
G1 X125.862 Y125.232 E1569.13987
G1 X126.034 Y124.943 E1569.15106
G1 X126.14 Y124.619 E1569.1624
G1 X126.164 Y124.282 E1569.17363
G1 X126.104 Y123.95 E1569.18485
G1 X125.967 Y123.631 E1569.1964
G1 X125.756 Y123.342 E1569.2083
G1 X125.554 Y123.144 E1569.21771
G1 X125.319 Y122.971 E1569.22742
G1 X125.081 Y122.836 E1569.23652
G1 X125.079 Y119.442 E1569.3494
G1 X125.081 Y115.867 E1569.46831
G1 X125.229 Y115.792 E1569.47383
G1 X125.467 Y115.631 E1569.48338
G1 X125.678 Y115.446 E1569.49272
G1 X125.862 Y115.232 E1569.5021
G1 X126.034 Y114.943 E1569.51329
G1 X126.14 Y114.619 E1569.52463
G1 X126.164 Y114.282 E1569.53586
G1 X126.104 Y113.95 E1569.54709
G1 X125.967 Y113.631 E1569.55863
G1 X125.756 Y113.342 E1569.57053
G1 X125.554 Y113.144 E1569.57994
G1 X125.319 Y112.971 E1569.58965
G1 X125.079 Y112.835 E1569.59882
G1 X125.081 Y105.63 E1569.83846
G1 X125.232 Y105.509 E1569.8449
G1 X125.473 Y105.242 E1569.85686
G1 X125.651 Y104.943 E1569.86843
G1 X125.755 Y104.618 E1569.87978
G1 X125.777 Y104.282 E1569.89098
G1 X125.719 Y103.947 E1569.90229
G1 X125.577 Y103.63 E1569.91384
G1 X125.368 Y103.342 E1569.92568
G1 X125.165 Y103.146 E1569.93506
G1 X125.08 Y103.081 E1569.93862
G1 X125.08 Y99.48 E1570.05839
G1 X125.08 Y99.287 E1570.06258
G1 X125.081 Y99.047 E1570.06438
G0 F9000 X125.317 Y99.623
G0 X126.873 Y102.048
;TYPE:FILL
G1 F1920 X126.318 Y104.121 E1570.13576
G0 F9000 X126.075 Y103.37
G1 F1920 X127.47 Y102.996 E1570.18379
G0 F9000 X125.931 Y105.564
G1 F1920 X125.64 Y106.653 E1570.22128
G0 F9000 X125.638 Y111.838
G1 F1920 X129.233 Y115.433 E1570.39038
G0 F9000 X129.233 Y114.947
G1 F1920 X126.129 Y115.779 E1570.49726
G0 F9000 X129.233 Y127.37
G1 F1920 X128.854 Y127.472 E1570.51032
G0 F9000 X125.839 Y100.949
;TYPE:SKIN
G1 F600 X125.654 Y100.764 E1570.51467
G0 F9000 X125.68 Y100.925
G1 F2400 E1569.71467
;MESH:NONMESH
G0 F300 X125.68 Y100.925 Z14
G0 F9000 X125.681 Y100.488
;TIME_ELAPSED:2073.197211
;LAYER:69
;TYPE:WALL-INNER
;MESH:1x_1xm_pusher.stl
G1 F2400 E1570.51467
G1 F960 X125.989 Y100.85 E1570.53048
G1 X126.07 Y100.955 E1570.53489
G1 X126.478 Y101.484 E1570.55711
G1 X126.943 Y102.153 E1570.58421
G1 X127.381 Y102.864 E1570.61198
G1 X127.756 Y103.55 E1570.63798
G1 X128.09 Y104.253 E1570.66387
G1 X128.388 Y104.98 E1570.69
G1 X128.626 Y105.676 E1570.71447
G1 X128.833 Y106.415 E1570.73999
G1 X128.989 Y107.138 E1570.76459
G1 X129.105 Y107.887 E1570.7898
G1 X129.17 Y108.596 E1570.81348
G1 X129.194 Y109.353 E1570.83867
G1 X129.194 Y127.633 E1571.44667
G1 X125.681 Y127.633 E1571.56351
G1 X125.681 Y125.806 E1571.62428
G1 X125.694 Y125.795 E1571.62485
G1 X125.982 Y125.477 E1571.63912
G1 X126.204 Y125.103 E1571.65358
G1 X126.337 Y124.689 E1571.66804
G1 X126.365 Y124.255 E1571.68251
G1 X126.288 Y123.826 E1571.69701
G1 X126.112 Y123.427 E1571.71151
G1 X125.857 Y123.074 E1571.72599
G1 X125.681 Y122.904 E1571.73413
G1 X125.681 Y115.806 E1571.97021
G1 X125.694 Y115.795 E1571.97078
G1 X125.982 Y115.477 E1571.98505
G1 X126.204 Y115.103 E1571.99951
G1 X126.337 Y114.689 E1572.01398
G1 X126.365 Y114.255 E1572.02844
G1 X126.288 Y113.826 E1572.04294
G1 X126.112 Y113.427 E1572.05744
G1 X125.857 Y113.074 E1572.07193
G1 X125.681 Y112.904 E1572.08007
G1 X125.68 Y105.342 E1572.33158
G1 X125.775 Y105.196 E1572.33737
G1 X125.928 Y104.792 E1572.35174
G1 X125.982 Y104.364 E1572.36609
G1 X125.932 Y103.93 E1572.38062
G1 X125.778 Y103.521 E1572.39515
G1 X125.681 Y103.373 E1572.40104
G1 X125.681 Y100.983 E1572.48053
G1 X125.681 Y100.85 E1572.48369
G1 X125.681 Y100.488 E1572.4877
G0 F9000 X125.517 Y100.049
G0 X125.281 Y99.45
;TYPE:WALL-OUTER
G1 F960 X125.626 Y99.818 E1572.50448
G1 X125.734 Y99.933 E1572.50973
G1 X126.294 Y100.591 E1572.53847
G1 X126.807 Y101.256 E1572.5664
G1 X127.284 Y101.943 E1572.59422
G1 X127.722 Y102.654 E1572.62199
G1 X128.107 Y103.358 E1572.64868
G1 X128.457 Y104.093 E1572.67576
G1 X128.758 Y104.828 E1572.70217
G1 X129.009 Y105.559 E1572.72788
G1 X129.222 Y106.32 E1572.75416
G1 X129.382 Y107.064 E1572.77947
G1 X129.502 Y107.835 E1572.80543
G1 X129.57 Y108.584 E1572.83044
G1 X129.594 Y109.353 E1572.85603
G1 X129.594 Y128.033 E1573.47733
G1 X125.281 Y128.033 E1573.62078
G1 X125.281 Y125.616 E1573.70117
G1 X125.418 Y125.504 E1573.70706
G1 X125.659 Y125.238 E1573.71899
G1 X125.837 Y124.938 E1573.7306
G1 X125.941 Y124.614 E1573.74191
G1 X125.963 Y124.278 E1573.75311
G1 X125.903 Y123.944 E1573.7644
G1 X125.763 Y123.627 E1573.77593
G1 X125.553 Y123.337 E1573.78784
G1 X125.351 Y123.141 E1573.7972
G1 X125.281 Y123.088 E1573.80012
G1 X125.281 Y115.616 E1574.04864
G1 X125.418 Y115.504 E1574.05452
G1 X125.659 Y115.238 E1574.06646
G1 X125.837 Y114.938 E1574.07806
G1 X125.941 Y114.614 E1574.08938
G1 X125.963 Y114.278 E1574.10058
G1 X125.903 Y113.944 E1574.11187
G1 X125.763 Y113.627 E1574.12339
G1 X125.553 Y113.337 E1574.1353
G1 X125.351 Y113.141 E1574.14466
G1 X125.281 Y113.088 E1574.14758
G1 X125.28 Y105.224 E1574.40914
G1 X125.416 Y105.014 E1574.41746
G1 X125.537 Y104.695 E1574.42881
G1 X125.579 Y104.362 E1574.43997
G1 X125.54 Y104.025 E1574.45126
G1 X125.419 Y103.703 E1574.4627
G1 X125.281 Y103.491 E1574.47111
G1 X125.281 Y99.955 E1574.58872
G1 X125.281 Y99.954 E1574.58875
G1 X125.281 Y99.45 E1574.59772
G0 F9000 X125.517 Y100.049
G0 X126.713 Y102.103
;TYPE:FILL
G1 F1920 X126.132 Y104.272 E1574.67241
G0 F9000 X125.959 Y103.547
G1 F1920 X127.366 Y103.17 E1574.72086
G0 F9000 X125.839 Y111.84
G1 F1920 X129.033 Y115.034 E1574.87109
G0 F9000 X129.033 Y115.147
G1 F1920 X125.84 Y116.002 E1574.98103
G0 F9000 X126.178 Y114.659
G0 X125.882 Y101.522
G0 X125.996 Y101.408
;TYPE:SKIN
G1 F600 X125.921 Y101.2 E1574.98945
G0 F9000 X125.881 Y101.392
G1 F2400 E1574.18945
;MESH:NONMESH
G0 F300 X125.881 Y101.392 Z14.2
G0 F9000 X125.881 Y100.97
;TIME_ELAPSED:2082.691800
;LAYER:70
;TYPE:WALL-INNER
;MESH:1x_1xm_pusher.stl
G1 F2400 E1574.98945
G1 F960 X126.278 Y101.484 E1575.01105
G1 X126.279 Y101.486 E1575.01113
G1 X126.743 Y102.153 E1575.03815
G1 X127.181 Y102.864 E1575.06593
G1 X127.556 Y103.55 E1575.09193
G1 X127.89 Y104.253 E1575.11782
G1 X128.188 Y104.98 E1575.14395
G1 X128.426 Y105.676 E1575.16842
G1 X128.633 Y106.415 E1575.19394
G1 X128.789 Y107.138 E1575.21854
G1 X128.905 Y107.887 E1575.24375
G1 X128.97 Y108.596 E1575.26743
G1 X128.994 Y109.353 E1575.29262
G1 X128.994 Y127.633 E1575.90062
G1 X125.881 Y127.633 E1576.00415
G1 X125.88 Y125.316 E1576.08122
G1 X125.961 Y125.19 E1576.0862
G1 X126.113 Y124.789 E1576.10046
G1 X126.169 Y124.359 E1576.11489
G1 X126.116 Y123.925 E1576.12943
G1 X125.964 Y123.521 E1576.14379
G1 X125.881 Y123.39 E1576.14894
G1 X125.88 Y115.317 E1576.41745
G1 X125.961 Y115.19 E1576.42246
G1 X126.113 Y114.789 E1576.43673
G1 X126.169 Y114.359 E1576.45115
G1 X126.116 Y113.925 E1576.46569
G1 X125.964 Y113.521 E1576.48005
G1 X125.881 Y113.39 E1576.4852
G1 X125.879 Y104.65 E1576.7759
G1 X125.881 Y104.276 E1576.78834
G1 X125.879 Y103.163 E1576.82536
G1 X125.881 Y102.87 E1576.8351
G1 X125.881 Y101.487 E1576.8811
G1 X125.881 Y101.484 E1576.8812
G1 X125.881 Y100.97 E1576.8891
G0 F9000 X125.715 Y100.508
G0 X125.481 Y99.877
;TYPE:WALL-OUTER
G1 F960 X125.533 Y99.933 E1576.89164
G1 X125.839 Y100.292 E1576.90733
G1 X126.094 Y100.591 E1576.9204
G1 X126.607 Y101.256 E1576.94833
G1 X127.084 Y101.943 E1576.97615
G1 X127.522 Y102.654 E1577.00392
G1 X127.907 Y103.358 E1577.03061
G1 X128.257 Y104.093 E1577.05769
G1 X128.558 Y104.828 E1577.0841
G1 X128.809 Y105.559 E1577.10981
G1 X129.022 Y106.32 E1577.13609
G1 X129.182 Y107.064 E1577.16141
G1 X129.302 Y107.835 E1577.18736
G1 X129.37 Y108.584 E1577.21237
G1 X129.394 Y109.353 E1577.23796
G1 X129.394 Y128.033 E1577.85926
G1 X125.481 Y128.033 E1577.98941
G1 X125.48 Y125.199 E1578.08367
G1 X125.602 Y125.009 E1578.09118
G1 X125.722 Y124.691 E1578.10248
G1 X125.766 Y124.357 E1578.11369
G1 X125.725 Y124.021 E1578.12495
G1 X125.604 Y123.701 E1578.13632
G1 X125.481 Y123.507 E1578.14396
G1 X125.48 Y115.199 E1578.42029
G1 X125.602 Y115.009 E1578.4278
G1 X125.722 Y114.691 E1578.4391
G1 X125.766 Y114.357 E1578.45031
G1 X125.725 Y114.021 E1578.46157
G1 X125.604 Y113.701 E1578.47295
G1 X125.481 Y113.507 E1578.48059
G1 X125.479 Y104.648 E1578.77524
G1 X125.481 Y104.275 E1578.78764
G1 X125.479 Y103.16 E1578.82473
G1 X125.481 Y102.869 E1578.83441
G1 X125.481 Y100.405 E1578.91636
G1 X125.481 Y99.933 E1578.92566
G1 X125.481 Y99.877
G0 F9000 X125.715 Y100.508
G0 X126.552 Y102.159
;TYPE:FILL
G1 F1920 X126.039 Y104.071 E1578.9915
G0 F9000 X126.039 Y103.672
G1 F1920 X127.261 Y103.344 E1579.03358
G0 F9000 X126.039 Y111.84
G1 F1920 X128.833 Y114.634 E1579.165
G0 F9000 X128.832 Y115.346
G1 F1920 X126.04 Y116.095 E1579.26115
G0 F9000 X126.113 Y102.071
G0 X126.084 Y102.042
;TYPE:SKIN
G1 F600 X126.191 Y101.867 E1579.26894
G0 F9000 X126.081 Y101.922
G1 F2400 E1578.46894
;MESH:NONMESH
G0 F300 X126.081 Y101.922 Z14.4
G0 F9000 X126.081 Y101.489
;TIME_ELAPSED:2091.833404
;LAYER:71
;TYPE:WALL-INNER
;MESH:1x_1xm_pusher.stl
G1 F2400 E1579.26894
G1 F960 X126.444 Y102.011 E1579.29008
G1 X126.543 Y102.153 E1579.29584
G1 X126.981 Y102.864 E1579.32362
G1 X127.356 Y103.55 E1579.34962
G1 X127.69 Y104.253 E1579.37551
G1 X127.988 Y104.98 E1579.40164
G1 X128.226 Y105.676 E1579.4261
G1 X128.433 Y106.415 E1579.45163
G1 X128.589 Y107.138 E1579.47623
G1 X128.705 Y107.887 E1579.50144
G1 X128.77 Y108.596 E1579.52512
G1 X128.794 Y109.353 E1579.55031
G1 X128.794 Y127.633 E1580.1583
G1 X126.081 Y127.633 E1580.24854
G1 X126.081 Y102.125 E1581.09694
G1 X126.081 Y102.124 E1581.09697
G1 X126.081 Y101.489 E1581.10801
G0 F9000 X125.913 Y100.996
G0 X125.681 Y100.34
;TYPE:WALL-OUTER
G1 F960 X125.887 Y100.583 E1581.11861
G1 X126.06 Y100.807 E1581.12802
G1 X126.407 Y101.256 E1581.1469
G1 X126.884 Y101.943 E1581.17472
G1 X127.322 Y102.654 E1581.20249
G1 X127.707 Y103.358 E1581.22918
G1 X128.057 Y104.093 E1581.25625
G1 X128.358 Y104.828 E1581.28267
G1 X128.609 Y105.559 E1581.30838
G1 X128.822 Y106.32 E1581.33466
G1 X128.982 Y107.064 E1581.35997
G1 X129.102 Y107.835 E1581.38592
G1 X129.17 Y108.584 E1581.41094
G1 X129.194 Y109.353 E1581.43653
G1 X129.194 Y128.033 E1582.05783
G1 X125.681 Y128.033 E1582.17467
G1 X125.681 Y100.867 E1583.07822
G1 X125.681 Y100.583 E1583.08534
G1 X125.681 Y100.34 E1583.08692
G0 F9000 X125.913 Y100.996
G0 X126.281 Y102.622
;TYPE:FILL
G1 F1920 X126.24 Y102.773 E1583.09212
G0 F9000 X126.24 Y103.765
G1 F1920 X127.156 Y103.519 E1583.12367
G0 F9000 X126.239 Y111.84
G1 F1920 X128.633 Y114.233 E1583.23625
G0 F9000 X128.632 Y115.547
G1 F1920 X126.241 Y116.188 E1583.31858
G0 F9000 X126.441 Y102.661
G0 X126.505 Y102.596
;TYPE:SKIN
G1 F600 X126.358 Y102.46 E1583.32338
G1 X126.303 Y102.233 E1583.32897
G0 F9000 X126.477 Y102.424
G1 F2400 E1582.52897
;MESH:NONMESH
G0 F300 X126.477 Y102.424 Z14.6
G0 F9000 X126.281 Y102.064
;TIME_ELAPSED:2100.699122
;LAYER:72
;TYPE:WALL-INNER
;MESH:1x_1xm_pusher.stl
G1 F2400 E1583.32897
G1 F960 X126.343 Y102.153 E1583.33258
G1 X126.654 Y102.658 E1583.3523
G1 X126.781 Y102.864 E1583.36035
G1 X127.156 Y103.55 E1583.38636
G1 X127.49 Y104.253 E1583.41224
G1 X127.788 Y104.98 E1583.43838
G1 X128.026 Y105.676 E1583.46284
G1 X128.233 Y106.415 E1583.48837
G1 X128.389 Y107.138 E1583.51297
G1 X128.505 Y107.887 E1583.53818
G1 X128.57 Y108.596 E1583.56186
G1 X128.594 Y109.353 E1583.58705
G1 X128.594 Y127.633 E1584.19504
G1 X126.281 Y127.633 E1584.27197
G1 X126.281 Y102.747 E1585.09968
G1 X126.281 Y102.153 E1585.11142
G1 X126.281 Y102.064 E1585.1115
G0 F9000 X126.11 Y101.52
G0 X125.881 Y100.834
;TYPE:WALL-OUTER
G1 F960 X126.207 Y101.256 E1585.12923
G1 X126.274 Y101.352 E1585.13313
G1 X126.684 Y101.943 E1585.15705
G1 X127.122 Y102.654 E1585.18483
G1 X127.507 Y103.358 E1585.21151
G1 X127.857 Y104.093 E1585.23859
G1 X128.158 Y104.828 E1585.26501
G1 X128.409 Y105.559 E1585.29071
G1 X128.622 Y106.32 E1585.317
G1 X128.782 Y107.064 E1585.34231
G1 X128.902 Y107.835 E1585.36826
G1 X128.97 Y108.584 E1585.39328
G1 X128.994 Y109.353 E1585.41886
G1 X128.994 Y128.033 E1586.04016
G1 X125.881 Y128.033 E1586.1437
G1 X125.881 Y101.374 E1587.03038
G1 X125.881 Y101.256 E1587.03396
G1 X125.881 Y100.834 E1587.03909
G0 F9000 X126.11 Y101.52
G0 X126.441 Y103.857
;TYPE:FILL
G1 F1920 X127.048 Y103.694 E1587.06
G0 F9000 X126.439 Y111.84
G1 F1920 X128.433 Y113.834 E1587.15379
G0 F9000 X128.432 Y115.747
G1 F1920 X126.441 Y116.28 E1587.22234
G0 F9000 X126.569 Y103.376
G0 X126.512 Y103.319
;TYPE:SKIN
G1 F600 X126.625 Y103.149 E1587.23304
G0 F9000 X126.796 Y103.32
G1 F2400 E1586.43304
;MESH:NONMESH
G0 F300 X126.796 Y103.32 Z14.8
G0 F9000 X126.48 Y102.7
;TIME_ELAPSED:2109.256015
;LAYER:73
;TYPE:WALL-INNER
;MESH:1x_1xm_pusher.stl
G1 F2400 E1587.23304
G1 F960 X126.581 Y102.864 E1587.23945
G1 X126.861 Y103.377 E1587.25889
G1 X126.956 Y103.55 E1587.26545
G1 X127.29 Y104.253 E1587.29134
G1 X127.588 Y104.98 E1587.31747
G1 X127.826 Y105.676 E1587.34194
G1 X128.033 Y106.415 E1587.36746
G1 X128.189 Y107.138 E1587.39206
G1 X128.305 Y107.887 E1587.41727
G1 X128.37 Y108.596 E1587.44095
G1 X128.394 Y109.353 E1587.46614
G1 X128.394 Y127.633 E1588.07414
G1 X126.481 Y127.633 E1588.13776
G1 X126.481 Y103.45 E1588.94209
G1 X126.481 Y102.865 E1588.95449
G1 X126.48 Y102.7 E1588.95497
G0 F9000 X126.308 Y102.095
G0 X126.08 Y101.362
;TYPE:WALL-OUTER
G1 F960 X126.444 Y101.885 E1588.97617
G1 X126.484 Y101.943 E1588.97851
G1 X126.922 Y102.654 E1589.00629
G1 X127.307 Y103.358 E1589.03297
G1 X127.657 Y104.093 E1589.06005
G1 X127.958 Y104.828 E1589.08647
G1 X128.209 Y105.559 E1589.11217
G1 X128.422 Y106.32 E1589.13846
G1 X128.582 Y107.064 E1589.16377
G1 X128.702 Y107.835 E1589.18972
G1 X128.77 Y108.584 E1589.21473
G1 X128.794 Y109.353 E1589.24032
G1 X128.794 Y128.033 E1589.86162
G1 X126.081 Y128.033 E1589.95186
G1 X126.08 Y101.999 E1590.81775
G1 X126.08 Y101.362 E1590.82884
G0 F9000 X126.308 Y102.095
G0 X126.639 Y111.839
;TYPE:FILL
G1 F1920 X128.233 Y113.434 E1590.90384
G0 F9000 X128.232 Y115.947
G1 F1920 X126.641 Y116.374 E1590.95863
G0 F9000 X126.654 Y104.144
G0 X126.786 Y104.012
;TYPE:SKIN
G1 F600 X126.972 Y104.108 E1590.96252
G1 X126.691 Y103.541 E1590.97429
G0 F9000 X126.835 Y103.762
G1 F2400 E1590.17429
;MESH:NONMESH
G0 F300 X126.835 Y103.762 Z15
G0 F9000 X126.681 Y103.413
;TIME_ELAPSED:2117.481260
;LAYER:74
;TYPE:WALL-INNER
;MESH:1x_1xm_pusher.stl
G1 F2400 E1590.97429
G1 F960 X126.756 Y103.55 E1590.97948
G1 X126.764 Y103.568 E1590.98014
G1 X127.054 Y104.177 E1591.00257
G1 X127.09 Y104.253 E1591.00537
G1 X127.388 Y104.98 E1591.0315
G1 X127.626 Y105.676 E1591.05597
G1 X127.833 Y106.415 E1591.08149
G1 X127.989 Y107.138 E1591.10609
G1 X128.105 Y107.887 E1591.1313
G1 X128.17 Y108.596 E1591.15498
G1 X128.194 Y109.353 E1591.18017
G1 X128.194 Y127.633 E1591.78817
G1 X126.681 Y127.633 E1591.83849
G1 X126.679 Y104.284 E1592.61508
G1 X126.679 Y103.609 E1592.62917
G1 X126.679 Y103.55 E1592.62923
G1 X126.681 Y103.413 E1592.62954
G0 F9000 X126.506 Y102.739
G0 X126.28 Y101.939
;TYPE:WALL-OUTER
G1 F960 X126.65 Y102.538 E1592.65295
G1 X126.722 Y102.654 E1592.65749
G1 X127.107 Y103.358 E1592.68418
G1 X127.457 Y104.093 E1592.71126
G1 X127.758 Y104.828 E1592.73767
G1 X128.009 Y105.559 E1592.76338
G1 X128.222 Y106.32 E1592.78966
G1 X128.382 Y107.064 E1592.81498
G1 X128.502 Y107.835 E1592.84093
G1 X128.57 Y108.584 E1592.86594
G1 X128.594 Y109.353 E1592.89153
G1 X128.594 Y128.033 E1593.51283
G1 X126.281 Y128.033 E1593.58976
G1 X126.279 Y103.603 E1594.40231
G1 X126.281 Y103.479 E1594.40643
G1 X126.28 Y102.643 E1594.43424
G1 X126.28 Y101.939 E1594.44639
G0 F9000 X126.506 Y102.739
G0 X126.839 Y111.84
;TYPE:FILL
G1 F1920 X128.033 Y113.034 E1594.50256
G0 F9000 X128.032 Y116.147
G1 F1920 X126.839 Y116.466 E1594.54363
G0 F9000 X126.949 Y105.17
G0 X126.9 Y105.121
;TYPE:SKIN
G1 F600 X127.021 Y104.96 E1594.55002
G1 X126.981 Y104.637 E1594.56034
G0 F9000 X126.88 Y104.641
G1 F2400 E1593.76034
;MESH:NONMESH
G0 F300 X126.88 Y104.641 Z15.2
G0 F9000 X126.879 Y104.229
;TIME_ELAPSED:2125.397796
;LAYER:75
;TYPE:WALL-INNER
;MESH:1x_1xm_pusher.stl
G1 F2400 E1594.56034
G1 F960 X127.188 Y104.98 E1594.58735
G1 X127.276 Y105.238 E1594.59641
G1 X127.426 Y105.676 E1594.61181
G1 X127.633 Y106.415 E1594.63734
G1 X127.789 Y107.138 E1594.66194
G1 X127.905 Y107.887 E1594.68715
G1 X127.97 Y108.596 E1594.71083
G1 X127.994 Y109.353 E1594.73602
G1 X127.994 Y127.633 E1595.34401
G1 X126.881 Y127.633 E1595.38103
G1 X126.88 Y105.254 E1596.12536
G1 X126.88 Y104.981 E1596.13342
G1 X126.879 Y104.229 E1596.14277
G0 F9000 X126.704 Y103.458
G0 X126.481 Y102.589
;TYPE:WALL-OUTER
G1 F960 X126.521 Y102.654 E1596.1453
G1 X126.83 Y103.219 E1596.16672
G1 X126.831 Y103.221 E1596.1668
G1 X126.907 Y103.358 E1596.17201
G1 X127.257 Y104.093 E1596.19908
G1 X127.558 Y104.828 E1596.2255
G1 X127.809 Y105.559 E1596.25121
G1 X128.022 Y106.32 E1596.27749
G1 X128.182 Y107.064 E1596.3028
G1 X128.302 Y107.835 E1596.32876
G1 X128.37 Y108.584 E1596.35377
G1 X128.394 Y109.353 E1596.37936
G1 X128.394 Y128.033 E1597.00066
G1 X126.481 Y128.033 E1597.06429
G1 X126.479 Y103.496 E1597.88039
G1 X126.481 Y103.414 E1597.88312
G1 X126.481 Y103.411 E1597.88322
G1 X126.481 Y102.654 E1597.89818
G1 X126.481 Y102.589 E1597.8982
G0 F9000 X126.704 Y103.458
G0 X127.038 Y111.838
;TYPE:FILL
G1 F1920 X127.833 Y112.633 E1597.93559
G0 F9000 X127.832 Y116.347
G1 F1920 X127.039 Y116.56 E1597.9629
G0 F9000 X127.099 Y106.528
G0 X127.248 Y106.379
;TYPE:SKIN
G1 F600 X127.437 Y106.473 E1597.96719
G1 X127.194 Y106.15 E1597.9754
G1 X127.092 Y105.403 E1597.99071
G0 F9000 X127.202 Y105.638
G1 F2400 E1597.19071
;MESH:NONMESH
G0 F300 X127.202 Y105.638 Z15.4
G0 F9000 X127.081 Y105.252
;TIME_ELAPSED:2133.129735
;LAYER:76
;TYPE:WALL-INNER
;MESH:1x_1xm_pusher.stl
G1 F2400 E1597.99071
G1 F960 X127.226 Y105.676 E1598.00562
G1 X127.433 Y106.415 E1598.03114
G1 X127.479 Y106.63 E1598.03846
G1 X127.589 Y107.138 E1598.05574
G1 X127.705 Y107.887 E1598.08095
G1 X127.77 Y108.596 E1598.10463
G1 X127.794 Y109.353 E1598.12982
G1 X127.794 Y127.633 E1598.73782
G1 X127.081 Y127.633 E1598.76153
G1 X127.081 Y106.635 E1599.45993
G1 X127.081 Y106.415 E1599.46682
G1 X127.081 Y105.676 E1599.48204
G1 X127.081 Y105.252 E1599.48444
G0 F9000 X126.9 Y104.289
G0 X126.681 Y103.31
;TYPE:WALL-OUTER
G1 F960 X126.707 Y103.358 E1599.48625
G1 X127.057 Y104.093 E1599.51333
G1 X127.079 Y104.148 E1599.5153
G1 X127.358 Y104.828 E1599.53975
G1 X127.609 Y105.559 E1599.56545
G1 X127.822 Y106.32 E1599.59174
G1 X127.982 Y107.064 E1599.61705
G1 X128.102 Y107.835 E1599.643
G1 X128.17 Y108.584 E1599.66802
G1 X128.194 Y109.353 E1599.69361
G1 X128.194 Y128.033 E1600.3149
G1 X126.681 Y128.033 E1600.36523
G1 X126.681 Y104.153 E1601.15948
G1 X126.681 Y104.093 E1601.16142
G1 X126.681 Y103.358 E1601.17336
G1 X126.681 Y103.31 E1601.17337
G0 F9000 X126.9 Y104.289
G0 X127.191 Y106.875
G0 X127.24 Y106.875
;TYPE:SKIN
G1 F600 X127.402 Y107.037 E1601.18099
G0 F9000 X127.24 Y107.441
G1 F600 X127.516 Y107.717 E1601.19397
G0 F9000 X127.24 Y108.007
G1 F600 X127.587 Y108.354 E1601.21029
G0 F9000 X127.24 Y108.572
G1 F600 X127.62 Y108.953 E1601.22819
G0 F9000 X127.24 Y109.138
G1 F600 X127.633 Y109.531 E1601.24667
G0 F9000 X127.24 Y109.704
G1 F600 X127.633 Y110.097 E1601.26516
G0 F9000 X127.24 Y110.269
G1 F600 X127.633 Y110.662 E1601.28364
G0 F9000 X127.24 Y110.835
G1 F600 X127.633 Y111.228 E1601.30213
G0 F9000 X127.24 Y111.401
G1 F600 X127.633 Y111.794 E1601.32061
G0 F9000 X127.24 Y111.966
G1 F600 X127.633 Y112.359 E1601.3391
G0 F9000 X127.24 Y112.532
G1 F600 X127.633 Y112.925 E1601.35759
G0 F9000 X127.24 Y113.098
G1 F600 X127.633 Y113.491 E1601.37607
G0 F9000 X127.24 Y113.663
G1 F600 X127.633 Y114.057 E1601.39458
G0 F9000 X127.24 Y114.229
G1 F600 X127.633 Y114.622 E1601.41307
G0 F9000 X127.24 Y114.795
G1 F600 X127.633 Y115.188 E1601.43155
G0 F9000 X127.24 Y115.36
G1 F600 X127.633 Y115.754 E1601.45006
G0 F9000 X127.24 Y115.926
G1 F600 X127.633 Y116.319 E1601.46855
G0 F9000 X127.24 Y116.492
G1 F600 X127.633 Y116.885 E1601.48703
G0 F9000 X127.24 Y117.057
G1 F600 X127.633 Y117.451 E1601.50554
G0 F9000 X127.24 Y117.623
G1 F600 X127.633 Y118.016 E1601.52403
G0 F9000 X127.24 Y118.189
G1 F600 X127.633 Y118.582 E1601.54251
G0 F9000 X127.24 Y118.755
G1 F600 X127.633 Y119.148 E1601.561
G0 F9000 X127.24 Y119.32
G1 F600 X127.633 Y119.713 E1601.57948
G0 F9000 X127.24 Y119.886
G1 F600 X127.633 Y120.279 E1601.59797
G0 F9000 X127.24 Y120.452
G1 F600 X127.633 Y120.845 E1601.61645
G0 F9000 X127.24 Y121.017
G1 F600 X127.633 Y121.41 E1601.63494
G0 F9000 X127.24 Y121.583
G1 F600 X127.633 Y121.976 E1601.65342
G0 F9000 X127.24 Y122.149
G1 F600 X127.633 Y122.542 E1601.67191
G0 F9000 X127.24 Y122.714
G1 F600 X127.633 Y123.107 E1601.6904
G0 F9000 X127.24 Y123.28
G1 F600 X127.633 Y123.673 E1601.70888
G0 F9000 X127.24 Y123.846
G1 F600 X127.633 Y124.239 E1601.72737
G0 F9000 X127.24 Y124.411
G1 F600 X127.633 Y124.805 E1601.74588
G0 F9000 X127.24 Y124.977
G1 F600 X127.633 Y125.37 E1601.76436
G0 F9000 X127.24 Y125.543
G1 F600 X127.633 Y125.936 E1601.78285
G0 F9000 X127.24 Y126.108
G1 F600 X127.633 Y126.502 E1601.80136
G0 F9000 X127.24 Y126.674
G1 F600 X127.633 Y127.067 E1601.81984
G0 F9000 X127.24 Y127.24
G1 F600 X127.472 Y127.472 E1601.83075
G0 F9000 X127.472 Y127.433
G1 F2400 E1601.03075
;MESH:NONMESH
G0 F300 X127.472 Y127.433 Z15.6
G0 F9000 X127.472 Y127.523
G0 X127.281 Y106.637
;TIME_ELAPSED:2144.015587
;LAYER:77
;TYPE:WALL-INNER
;MESH:1x_1xm_pusher.stl
G1 F2400 E1601.83075
G1 F600 X127.389 Y107.138 E1601.8478
G1 X127.505 Y107.887 E1601.87301
G1 X127.57 Y108.596 E1601.89669
G1 X127.594 Y109.353 E1601.92188
G1 X127.594 Y127.633 E1602.52987
G1 X127.281 Y127.633 E1602.54029
G1 X127.281 Y109.353 E1603.01723
G1 X127.281 Y108.596 E1603.03623
G1 X127.281 Y107.887 E1603.05138
G1 X127.281 Y107.138 E1603.06171
G1 X127.281 Y106.637 E1603.06389
G0 F9000 X127.097 Y105.317
G0 X126.881 Y104.151
;TYPE:WALL-OUTER
G1 F600 X127.158 Y104.828 E1603.08822
G1 X127.277 Y105.176 E1603.10045
G1 X127.409 Y105.559 E1603.11393
G1 X127.622 Y106.32 E1603.14021
G1 X127.782 Y107.064 E1603.16552
G1 X127.902 Y107.835 E1603.19147
G1 X127.97 Y108.584 E1603.21649
G1 X127.994 Y109.353 E1603.24208
G1 X127.994 Y128.033 E1603.86338
G1 X126.881 Y128.033 E1603.90039
G1 X126.881 Y105.196 E1604.65996
G1 X126.881 Y104.828 E1604.67034
G1 X126.881 Y104.151 E1604.67783
G1 F2400 E1603.87783
;MESH:NONMESH
G0 F300 X126.881 Y104.151 Z15.8
G0 F9000 X127.097 Y105.317
G0 X127.081 Y105.188
;TIME_ELAPSED:2153.610039
;LAYER:78
;TYPE:WALL-OUTER
;MESH:1x_1xm_pusher.stl
G1 F2400 E1604.67783
G1 F960 X127.209 Y105.559 E1604.69089
G1 X127.422 Y106.32 E1604.71717
G1 X127.48 Y106.59 E1604.72636
G1 X127.582 Y107.064 E1604.74248
G1 X127.702 Y107.835 E1604.76844
G1 X127.77 Y108.584 E1604.79345
G1 X127.794 Y109.353 E1604.81904
G1 X127.794 Y128.033 E1605.44034
G1 X127.081 Y128.033 E1605.46405
G1 X127.081 Y106.597 E1606.17702
G1 X127.081 Y106.32 E1606.18556
G1 X127.081 Y105.559 E1606.2003
G1 X127.081 Y105.188 E1606.20213
G0 F9000 X127.194 Y105.928
G0 X127.281 Y106.891
G0 X127.325 Y106.96
;TYPE:SKIN
G1 F600 X127.353 Y107.272 E1606.21134
G1 X127.434 Y109.05 E1606.26366
G1 X127.436 Y115.557 E1606.45493
G1 X127.437 Y122.629 E1606.6628
G1 X127.437 Y127.437 E1606.80413
G1 X127.273 Y127.838 E1606.81687
G0 F9000 X127.581 Y127.533
G1 F2400 E1606.01687
;MESH:NONMESH
G0 F300 X127.581 Y127.533 Z16
G0 F9000 X127.276 Y106.59
G0 X127.28 Y106.59
;TIME_ELAPSED:2159.400812
;LAYER:79
;TYPE:WALL-OUTER
;MESH:1x_1xm_pusher.stl
G1 F2400 E1606.81687
G1 F600 X127.382 Y107.064 E1606.83299
G1 X127.502 Y107.835 E1606.85895
G1 X127.57 Y108.584 E1606.88396
G1 X127.594 Y109.353 E1606.90955
G1 X127.594 Y128.033 E1607.53085
G1 X127.281 Y128.033 E1607.54126
G1 X127.281 Y109.353 E1608.02743
G1 X127.281 Y108.584 E1608.04667
G1 X127.281 Y107.835 E1608.06255
G1 X127.281 Y107.065 E1608.07281
G1 X127.28 Y106.59 E1608.07474
;TIME_ELAPSED:2163.816911
G1 F2400 E1607.27474
M140 S0
M107
G91 ;Relative positionning
G1 E-2 F2700 ;Retract a bit
G1 E-2 Z0.2 F2400 ;Retract and raise Z
G1 X5 Y5 F3000 ;Wipe out
G1 Z10 ;Raise Z more
G90 ;Absolute positionning

G1 X0 Y0 ;Present print
M106 S0 ;Turn-off fan
M104 S0 ;Turn-off hotend
M140 S0 ;Turn-off bed

M84 X Y E ;Disable all steppers but Z

M82 ;absolute extrusion mode
M104 S0
;End of Gcode
